(Index),idx,text,startSec,endSec,durationSec,gapToPrevSec,nearestSilenceEndSec,smearSec
0,0,Some,0.16,0.28,0.12,,,
1,1,places,0.28,0.71,0.43,0,,
2,2,in,0.71,0.85,0.14,0,,
3,3,the,0.85,1.08,0.23,0,,
4,4,41,1.08,1.49,0.41,0,,
5,5,st,1.49,1.7,0.21,0,,
6,6,millenn,1.7,2.13,0.43,0,,
7,7,ium,2.13,2.38,0.25,0,,
8,8,don,2.38,2.63,0.25,0,,
9,9,t,2.63,2.66,0.03,0,,
10,10,just,2.66,2.89,0.23,0,,
11,11,kill,2.89,3.23,0.34,0,,
12,12,soldiers,3.23,3.58,0.35,0,,
13,13,They,4.36,4.44,0.08,0.78,4.36,0
14,14,take,4.44,4.52,0.08,0,4.36,0.08
15,15,apart,4.52,4.9,0.38,0,4.36,0.16
16,16,the,4.9,5.1,0.2,0,4.36,0.54
17,17,conditions,5.1,6.06,0.96,0,4.36,0.74
18,18,under,6.06,6.29,0.23,0,4.36,1.7
19,19,which,6.29,6.58,0.29,0,4.36,1.93
20,20,a,6.58,6.64,0.06,0,4.36,2.22
21,21,soldier,6.64,7.1,0.46,0,4.36,2.28
22,22,can,7.1,7.29,0.19,0,4.36,2.74
23,23,function,7.29,7.82,0.53,0,4.36,2.93
24,24,in,7.82,7.93,0.11,0,4.36,3.46
25,25,the,7.93,8.1,0.17,0,4.36,3.57
26,26,first,8.1,8.66,0.56,0,4.36,3.74
27,27,place,8.66,8.73,0.07,0,4.36,4.3
28,28,Training,9.36,9.52,0.16,0.63,9.36,0
29,29,equipment,9.59,10.25,0.66,0.07,9.36,0.23
30,30,formation,10.44,11.06,0.62,0.19,9.36,1.08
31,31,doctrine,11.19,11.78,0.59,0.13,11.5,-0.31
32,32,gone,11.99,12.24,0.25,0.21,12.54,-0.55
33,33,before,12.24,12.59,0.35,0,12.54,-0.3
34,34,the,12.59,12.78,0.19,0,12.54,0.05
35,35,first,12.78,13.1,0.32,0,12.54,0.24
36,36,contact,13.1,13.73,0.63,0,12.54,0.56
37,37,report,13.73,13.96,0.23,0,12.54,1.19
38,38,These,14.64,14.72,0.08,0.68,14.66,-0.02
39,39,aren,14.72,14.8,0.08,0,14.66,0.06
40,40,t,14.8,14.84,0.04,0,14.66,0.14
41,41,the,14.84,15.03,0.19,0,14.66,0.18
42,42,worst,15.03,15.33,0.3,0,14.66,0.37
43,43,battlefield,15.33,16.04,0.71,0,14.66,0.67
44,44,s,16.04,16.1,0.06,0,14.66,1.38
45,45,because,16.1,16.57,0.47,0,16.64,-0.54
46,46,of,16.57,16.66,0.09,0,16.64,-0.07
47,47,the,16.66,16.85,0.19,0,16.64,0.02
48,48,numbers,16.85,17.29,0.44,0,16.64,0.21
49,49,re,18.1,18.21,0.11,0.81,18.08,0.02
50,50,the,18.21,18.26,0.05,0,18.08,0.13
51,51,worst,18.26,18.64,0.38,0,18.7,-0.44
52,52,because,18.64,19.02,0.38,0,18.7,-0.06
53,53,the,19.02,19.22,0.2,0,18.7,0.32
54,54,environment,19.22,20.03,0.81,0,18.7,0.52
55,55,was,20.03,20.17,0.14,0,18.7,1.33
56,56,already,20.17,20.73,0.56,0,18.7,1.47
57,57,doing,20.73,20.98,0.25,0,18.7,2.03
58,58,the,20.98,21.33,0.35,0,18.7,2.28
59,59,killing,21.33,21.72,0.39,0,18.7,2.63
60,60,before,21.72,22.04,0.32,0,18.7,3.02
61,61,the,22.04,22.47,0.43,0,18.7,3.34
62,62,enemy,22.47,22.49,0.02,0,18.7,3.77
63,63,showed,22.49,22.78,0.29,0,18.7,3.79
64,64,up,22.78,22.93,0.15,0,18.7,4.08
65,65,6,23.42,23.59,0.17,0.49,23.38,0.04
66,66,Cat,24.04,24.32,0.28,0.45,23.38,0.66
67,67,ac,24.32,24.49,0.17,0,23.38,0.94
68,68,an,24.49,24.7,0.21,0,23.38,1.11
69,69,Before,24.7,25.24,0.54,0,25.14,-0.44
70,70,Cat,25.24,25.37,0.13,0,25.14,0.1
71,71,ac,25.37,25.52,0.15,0,25.14,0.23
72,72,an,25.52,25.67,0.15,0,25.14,0.38
73,73,produced,25.67,26.27,0.6,0,25.14,0.53
74,74,the,26.27,26.49,0.22,0,25.14,1.13
75,75,Imper,26.49,26.86,0.37,0,25.14,1.35
76,76,ium,26.86,27.08,0.22,0,25.14,1.72
77,77,s,27.08,27.33,0.25,0,25.14,1.94
78,78,most,27.33,27.58,0.25,0,25.14,2.19
79,79,capable,27.58,28.05,0.47,0,25.14,2.44
80,80,baseline,28.05,28.64,0.59,0,25.14,2.91
81,81,human,28.64,29.09,0.45,0,25.14,3.5
82,82,soldiers,29.09,29.66,0.57,0,25.14,3.95
83,83,the,30.16,30.2,0.04,0.5,30.34,-0.18
84,84,planet,30.2,30.6,0.4,0,30.34,-0.14
85,85,had,30.6,30.8,0.2,0,30.34,0.26
86,86,a,30.8,30.86,0.06,0,30.34,0.46
87,87,simpler,30.86,31.37,0.51,0,30.34,0.52
88,88,reputation,31.37,32,0.63,0,30.34,1.03
89,89,It,32.88,32.94,0.06,0.88,32.88,0
90,90,killed,32.94,33.04,0.1,0,32.88,0.06
91,91,everything,33.04,33.82,0.78,0,32.88,0.16
92,92,on,33.82,33.99,0.17,0,32.88,0.94
93,93,it,33.99,34.25,0.26,0,32.88,1.11
94,94,The,34.8,34.96,0.16,0.55,34.82,-0.02
95,95,jungle,34.96,35.06,0.1,0,34.82,0.14
96,96,didn,35.06,35.34,0.28,0,34.82,0.24
97,97,t,35.34,35.46,0.12,0,35.62,-0.28
98,98,evolve,35.46,35.88,0.42,0,35.62,-0.16
99,99,around,35.88,36.26,0.38,0,35.62,0.26
100,100,human,36.26,36.59,0.33,0,35.62,0.64
101,101,warfare,36.59,37.06,0.47,0,35.62,0.97
102,102,spent,37.94,38.1,0.16,0.88,37.94,0
103,103,millions,38.1,38.61,0.51,0,38.64,-0.54
104,104,of,38.61,38.78,0.17,0,38.64,-0.03
105,105,years,38.78,39.31,0.53,0,38.64,0.14
106,106,optimizing,39.31,40.09,0.78,0,40.08,-0.77
107,107,toward,40.09,40.61,0.52,0,40.08,0.01
108,108,a,40.61,40.69,0.08,0,40.08,0.53
109,109,single,40.69,41.21,0.52,0,40.08,0.61
110,110,outcome,41.21,41.88,0.67,0,40.08,1.13
111,111,and,42.2,42.36,0.16,0.32,42.48,-0.28
112,112,anything,42.36,42.58,0.22,0,42.48,-0.12
113,113,with,42.58,42.83,0.25,0,42.48,0.1
114,114,a,42.83,42.89,0.06,0,42.48,0.35
115,115,nervous,42.89,43.33,0.44,0,42.48,0.41
116,116,system,43.33,43.71,0.38,0,42.48,0.85
117,117,is,43.71,43.9,0.19,0,42.48,1.23
118,118,on,43.9,43.95,0.05,0,42.48,1.42
119,119,the,43.95,44.14,0.19,0,42.48,1.47
120,120,wrong,44.14,44.46,0.32,0,42.48,1.66
121,121,side,44.46,44.83,0.37,0,42.48,1.98
122,122,that,44.83,45.08,0.25,0,42.48,2.35
123,123,outcome,45.08,45.52,0.44,0,42.48,2.6
124,124,Hum,46.26,46.41,0.15,0.74,46.28,-0.02
125,125,idity,46.41,46.44,0.03,0,46.28,0.13
126,126,wre,46.44,46.68,0.24,0,46.28,0.16
127,127,cks,46.68,46.92,0.24,0,46.28,0.4
128,128,un,46.92,47.08,0.16,0,46.28,0.64
129,129,prot,47.08,47.4,0.32,0,46.28,0.8
130,130,ected,47.4,47.8,0.4,0,46.28,1.12
131,131,electronics,47.8,48.68,0.88,0,46.28,1.52
132,132,inside,48.68,49.17,0.49,0,46.28,2.4
133,133,a,49.17,49.25,0.08,0,46.28,2.89
134,134,few,49.25,49.49,0.24,0,46.28,2.97
135,135,hours,49.49,49.89,0.4,0,46.28,3.21
136,136,Lost,50.66,50.82,0.16,0.77,50.62,0.04
137,137,charge,50.82,50.9,0.08,0,50.62,0.2
138,138,packs,50.9,51.26,0.36,0,50.62,0.28
139,139,corro,51.26,51.61,0.35,0,50.62,0.64
140,140,de,51.61,51.76,0.15,0,50.62,0.99
141,141,Opt,52,52.2,0.2,0.24,52.38,-0.38
142,142,ical,52.2,52.54,0.34,0,52.38,-0.18
143,143,sc,52.54,52.6,0.06,0,52.38,0.16
144,144,opes,52.6,52.87,0.27,0,52.38,0.22
145,145,fog,52.87,53.08,0.21,0,52.38,0.49
146,146,permanently,53.08,53.81,0.73,0,52.38,0.7
147,147,The,54.56,54.72,0.16,0.75,54.52,0.04
148,148,canopy,54.72,54.8,0.08,0,54.52,0.2
149,149,generates,54.8,55.56,0.76,0,54.52,0.28
150,150,a,55.56,55.64,0.08,0,54.52,1.04
151,151,biological,55.64,56.49,0.85,0,54.52,1.12
152,152,electrical,56.49,57.34,0.85,0,54.52,1.97
153,153,field,57.34,57.79,0.45,0,54.52,2.82
154,154,that,57.79,58.1,0.31,0,54.52,3.27
155,155,j,58.1,58.18,0.08,0,54.52,3.58
156,156,ams,58.18,58.43,0.25,0,54.52,3.66
157,157,vo,58.43,58.68,0.25,0,54.52,3.91
158,158,x,58.68,58.93,0.25,0,54.52,4.16
159,159,cas,58.93,58.95,0.02,0,54.52,4.41
160,160,ters,58.95,59.34,0.39,0,54.52,4.43
161,161,something,59.93,60.3,0.37,0.59,54.52,5.41
162,162,the,60.3,60.47,0.17,0,54.52,5.78
163,163,Mechan,60.47,60.83,0.36,0,54.52,5.95
164,164,icus,60.83,61.13,0.3,0,54.52,6.31
165,165,has,61.13,61.26,0.13,0,54.52,6.61
166,166,catalog,61.26,61.69,0.43,0,54.52,6.74
167,167,ed,61.69,61.8,0.11,0,62.18,-0.49
168,168,and,61.8,61.98,0.18,0,62.18,-0.38
169,169,never,61.98,62.39,0.41,0,62.18,-0.2
170,170,adequately,62.39,62.99,0.6,0,62.18,0.21
171,171,explained,62.99,63.42,0.43,0,62.18,0.81
172,172,That,64.04,64.12,0.08,0.62,64.12,-0.08
173,173,s,64.12,64.21,0.09,0,64.12,0
174,174,before,64.21,64.6,0.39,0,64.12,0.09
175,175,anything,64.6,65.24,0.64,0,65.28,-0.68
176,176,in,65.24,65.41,0.17,0,65.28,-0.04
177,177,the,65.41,65.74,0.33,0,65.28,0.13
178,178,jungle,65.74,66.12,0.38,0,65.28,0.46
179,179,decides,66.12,66.68,0.56,0,65.28,0.84
180,180,to,66.68,66.84,0.16,0,65.28,1.4
181,181,engage,66.84,67.32,0.48,0,65.28,1.56
182,182,ac,68.12,68.28,0.16,0.8,68.08,0.04
183,183,an,68.28,68.32,0.04,0,68.08,0.2
184,184,devil,68.32,68.84,0.52,0,68.08,0.24
185,185,ants,68.98,69.27,0.29,0.14,69.3,-0.32
186,186,dissolve,69.27,69.85,0.58,0,69.3,-0.03
187,187,flesh,69.85,70.21,0.36,0,69.3,0.55
188,188,faster,70.21,70.75,0.54,0,69.3,0.91
189,189,than,70.75,70.94,0.19,0,69.3,1.45
190,190,combat,70.94,71.38,0.44,0,69.3,1.64
191,191,grade,71.45,71.8,0.35,0.07,69.3,2.15
192,192,acid,71.8,72.1,0.3,0,69.3,2.5
193,193,Cat,72.86,73,0.14,0.76,72.88,-0.02
194,194,ac,73,73.03,0.03,0,72.88,0.12
195,195,an,73.03,73.16,0.13,0,72.88,0.15
196,196,devil,73.16,73.56,0.4,0,72.88,0.28
197,197,itself,73.56,74.03,0.47,0,72.88,0.68
198,198,six,74.23,74.57,0.34,0.2,74.64,-0.41
199,199,limbs,74.57,75.16,0.59,0,74.64,-0.07
200,200,ch,75.49,75.54,0.05,0.33,75.82,-0.33
201,201,it,75.54,75.68,0.14,0,75.82,-0.28
202,202,in,75.68,75.82,0.14,0,75.82,-0.14
203,203,thick,75.82,76.18,0.36,0,75.82,0
204,204,enough,76.18,76.61,0.43,0,75.82,0.36
205,205,to,76.61,76.75,0.14,0,75.82,0.79
206,206,deflect,76.75,77.25,0.5,0,75.82,0.93
207,207,small,77.25,77.61,0.36,0,75.82,1.43
208,208,arms,77.61,77.89,0.28,0,75.82,1.79
209,209,fire,77.89,78.17,0.28,0,75.82,2.07
210,210,ts,78.7,78.78,0.08,0.53,75.82,2.88
211,211,by,78.78,78.86,0.08,0,75.82,2.96
212,212,thermal,78.86,79.24,0.38,0,75.82,3.04
213,213,signature,79.24,79.77,0.53,0,75.82,3.42
214,214,ang,80.56,80.65,0.09,0.79,80.52,0.04
215,215,ler,80.65,80.73,0.08,0,80.52,0.13
216,216,plants,80.73,81.12,0.39,0,80.52,0.21
217,217,drop,81.12,81.43,0.31,0,80.52,0.6
218,218,tend,81.43,81.74,0.31,0,80.52,0.91
219,219,rils,81.74,82.05,0.31,0,80.52,1.22
220,220,that,82.05,82.36,0.31,0,80.52,1.53
221,221,sever,82.36,82.75,0.39,0,82.88,-0.52
222,222,limbs,82.75,83.19,0.44,0,82.88,-0.13
223,223,before,83.19,83.61,0.42,0,82.88,0.31
224,224,the,83.61,83.84,0.23,0,82.88,0.73
225,225,soldier,83.84,84.39,0.55,0,82.88,0.96
226,226,registers,84.39,85.16,0.77,0,82.88,1.51
227,227,contact,85.16,85.65,0.49,0,82.88,2.28
228,228,My,86.62,86.64,0.02,0.97,86.44,0.18
229,229,ra,86.64,86.76,0.12,0,86.44,0.2
230,230,land,86.76,87.04,0.28,0,86.44,0.32
231,231,sharks,87.04,87.44,0.4,0,86.44,0.6
232,232,track,87.44,87.85,0.41,0,86.44,1
233,233,ground,87.85,88.23,0.38,0,86.44,1.41
234,234,vibration,88.23,88.86,0.63,0,86.44,1.79
235,235,Every,89.7,89.86,0.16,0.84,89.68,0.02
236,236,shadow,89.86,89.98,0.12,0,89.68,0.18
237,237,has,89.98,90.24,0.26,0,89.68,0.3
238,238,been,90.24,90.55,0.31,0,89.68,0.56
239,239,occup,90.55,91.07,0.52,0,89.68,0.87
240,240,ying,91.07,91.28,0.21,0,89.68,1.39
241,241,it,91.28,91.44,0.16,0,89.68,1.6
242,242,longer,91.44,91.93,0.49,0,89.68,1.76
243,243,than,91.93,92.33,0.4,0,89.68,2.25
244,244,any,92.33,92.5,0.17,0,89.68,2.65
245,245,patrol,92.5,92.99,0.49,0,92.82,-0.32
246,246,has,92.99,93.23,0.24,0,92.82,0.17
247,247,been,93.23,93.56,0.33,0,92.82,0.41
248,248,searching,93.56,94.3,0.74,0,92.82,0.74
249,249,it,94.3,94.53,0.23,0,92.82,1.48
250,250,Forces,94.84,95.38,0.54,0.31,95.22,-0.38
251,251,without,95.38,95.85,0.47,0,95.22,0.16
252,252,Cat,95.85,96.21,0.36,0,95.22,0.63
253,253,ac,96.21,96.27,0.06,0,95.22,0.99
254,254,an,96.27,96.51,0.24,0,95.22,1.05
255,255,born,96.54,96.84,0.3,0.03,95.22,1.32
256,256,soldiers,96.84,97.51,0.67,0,97.82,-0.98
257,257,operate,97.51,98.09,0.58,0,97.82,-0.31
258,258,at,98.09,98.25,0.16,0,97.82,0.27
259,259,a,98.25,98.32,0.07,0,97.82,0.43
260,260,deficit,98.32,99.21,0.89,0,99.4,-1.08
261,261,that,99.21,99.24,0.03,0,99.4,-0.19
262,262,no,99.24,99.44,0.2,0,99.4,-0.16
263,263,amount,99.44,99.86,0.42,0,99.4,0.04
264,264,of,99.86,99.89,0.03,0,99.4,0.46
265,265,preparation,99.89,100.62,0.73,0,99.4,0.49
266,266,closes,100.62,101.05,0.43,0,99.4,1.22
267,267,The,101.84,101.88,0.04,0.79,101.86,-0.02
268,268,jungle,101.88,102,0.12,0,101.86,0.02
269,269,doesn,102,102.24,0.24,0,101.86,0.14
270,270,t,102.24,102.38,0.14,0,101.86,0.38
271,271,tele,102.38,102.67,0.29,0,101.86,0.52
272,272,graph,102.67,103.03,0.36,0,101.86,0.81
273,273,its,103.03,103.24,0.21,0,101.86,1.17
274,274,threats,103.24,103.77,0.53,0,101.86,1.38
275,275,It,104.48,104.64,0.16,0.71,104.54,-0.06
276,276,withhold,104.64,104.71,0.07,0,104.54,0.1
277,277,s,104.71,104.78,0.07,0,104.54,0.17
278,278,them,104.78,105.07,0.29,0,104.54,0.24
279,279,until,105.07,105.42,0.35,0,104.54,0.53
280,280,they,105.42,105.85,0.43,0,104.54,0.88
281,281,re,105.85,105.93,0.08,0,104.54,1.31
282,282,already,105.93,106.43,0.5,0,106.7,-0.77
283,283,past,106.43,106.72,0.29,0,106.7,-0.27
284,284,the,106.72,106.93,0.21,0,106.7,0.02
285,285,point,106.93,107.36,0.43,0,106.7,0.23
286,286,of,107.36,107.43,0.07,0,106.7,0.66
287,287,response,107.43,108,0.57,0,106.7,0.73
288,288,Cat,108.93,108.94,0.01,0.93,108.76,0.17
289,289,ac,108.94,109.04,0.1,0,108.76,0.18
290,290,an,109.04,109.14,0.1,0,108.76,0.28
291,291,reg,109.14,109.32,0.18,0,108.76,0.38
292,292,iments,109.32,109.62,0.3,0,108.76,0.56
293,293,work,109.62,109.85,0.23,0,108.76,0.86
294,294,in,109.85,109.93,0.08,0,108.76,1.09
295,295,that,109.93,110.15,0.22,0,108.76,1.17
296,296,environment,110.15,110.76,0.61,0,108.76,1.39
297,297,because,110.76,111.17,0.41,0,108.76,2
298,298,they,111.17,111.41,0.24,0,108.76,2.41
299,299,grew,111.41,111.66,0.25,0,108.76,2.65
300,300,up,111.66,111.74,0.08,0,108.76,2.9
301,301,treating,111.74,112.21,0.47,0,108.76,2.98
302,302,survival,112.21,112.72,0.51,0,108.76,3.45
303,303,as,112.72,112.97,0.25,0,108.76,3.96
304,304,a,112.97,113.16,0.19,0,108.76,4.21
305,305,practical,113.16,113.8,0.64,0,108.76,4.4
306,306,discipline,113.8,114.72,0.92,0,114.26,-0.46
307,307,rather,114.72,115.17,0.45,0,115.2,-0.48
308,308,than,115.17,115.47,0.3,0,115.2,-0.03
309,309,an,115.47,115.62,0.15,0,115.2,0.27
310,310,expected,115.62,116.3,0.68,0,115.2,0.42
311,311,outcome,116.3,116.74,0.44,0,115.2,1.1
312,312,For,116.98,117.2,0.22,0.24,117.46,-0.48
313,313,everyone,117.2,117.81,0.61,0,117.46,-0.26
314,314,else,117.81,118.11,0.3,0,117.46,0.35
315,315,the,118.35,118.55,0.2,0.24,118.62,-0.27
316,316,mission,118.55,119.18,0.63,0,118.62,-0.07
317,317,doesn,119.18,119.63,0.45,0,118.62,0.56
318,318,t,119.63,119.86,0.23,0,118.62,1.01
319,319,fail,119.86,120.21,0.35,0,120.42,-0.56
320,320,on,120.21,120.35,0.14,0,120.42,-0.21
321,321,Cat,120.35,120.62,0.27,0,120.42,-0.07
322,322,ac,120.62,120.8,0.18,0,120.42,0.2
323,323,an,120.8,121.26,0.46,0,120.42,0.38
324,324,The,121.6,121.76,0.16,0.34,121.66,-0.06
325,325,jungle,121.76,121.9,0.14,0,121.66,0.1
326,326,absorbs,121.9,122.4,0.5,0,121.66,0.24
327,327,it,122.4,122.54,0.14,0,121.66,0.74
328,328,and,122.54,122.75,0.21,0,121.66,0.88
329,329,moves,122.75,123.11,0.36,0,121.66,1.09
330,330,on,123.11,123.3,0.19,0,121.66,1.45
331,331,Number,123.94,124.1,0.16,0.64,123.9,0.04
332,332,five,124.1,124.36,0.26,0,123.9,0.2
333,333,space,124.53,124.96,0.43,0.17,123.9,0.63
334,334,h,124.96,125.04,0.08,0,123.9,1.06
335,335,ul,125.04,125.31,0.27,0,123.9,1.14
336,336,ks,125.31,125.38,0.07,0,123.9,1.41
337,337,A,126.21,126.3,0.09,0.83,126.14,0.07
338,338,space,126.3,126.65,0.35,0,126.14,0.16
339,339,h,126.65,126.68,0.03,0,126.14,0.51
340,340,ulk,126.68,126.87,0.19,0,127.14,-0.46
341,341,is,126.87,127.02,0.15,0,127.14,-0.27
342,342,centuries,127.02,127.7,0.68,0,127.14,-0.12
343,343,of,127.7,127.85,0.15,0,127.14,0.56
344,344,accumulated,127.85,128.77,0.92,0,127.14,0.71
345,345,ships,128.77,129.05,0.28,0,127.14,1.63
346,346,stations,129.37,129.8,0.43,0.32,127.14,2.23
347,347,and,129.94,130.5,0.56,0.14,127.14,2.8
348,348,debris,130.5,130.74,0.24,0,127.14,3.36
349,349,f,130.86,130.97,0.11,0.12,131.42,-0.56
350,350,used,130.97,131.31,0.34,0,131.42,-0.45
351,351,by,131.31,131.48,0.17,0,131.42,-0.11
352,352,warp,131.48,131.85,0.37,0,131.42,0.06
353,353,transit,131.85,132.48,0.63,0,131.42,0.43
354,354,into,132.48,132.84,0.36,0,131.42,1.06
355,355,a,132.84,132.93,0.09,0,131.42,1.42
356,356,structure,132.93,133.74,0.81,0,131.42,1.51
357,357,too,133.74,134.01,0.27,0,131.42,2.32
358,358,massive,134.01,134.68,0.67,0,131.42,2.59
359,359,to,134.68,134.82,0.14,0,131.42,3.26
360,360,ignore,134.82,135.49,0.67,0,131.42,3.4
361,361,and,135.49,135.58,0.09,0,135.86,-0.37
362,362,too,135.58,135.78,0.2,0,135.86,-0.28
363,363,unstable,135.78,136.37,0.59,0,135.86,-0.08
364,364,for,136.37,136.71,0.34,0,135.86,0.51
365,365,any,136.71,136.73,0.02,0,135.86,0.85
366,366,chart,136.73,137.07,0.34,0,135.86,0.87
367,367,to,137.07,137.2,0.13,0,135.86,1.21
368,368,stay,137.2,137.64,0.44,0,135.86,1.34
369,369,current,137.64,137.95,0.31,0,135.86,1.78
370,370,on,137.95,138.08,0.13,0,135.86,2.09
371,371,Board,138.74,138.9,0.16,0.66,138.74,0
372,372,ing,138.9,138.95,0.05,0,138.74,0.16
373,373,one,138.95,139.28,0.33,0,138.74,0.21
374,374,isn,139.28,139.39,0.11,0,138.74,0.54
375,375,t,139.39,139.52,0.13,0,138.74,0.65
376,376,a,139.52,139.6,0.08,0,138.74,0.78
377,377,tactical,139.6,140.19,0.59,0,138.74,0.86
378,378,challenge,140.19,140.85,0.66,0,138.74,1.45
379,379,a,141.54,141.71,0.17,0.69,141.6,-0.06
380,380,structural,141.71,142.08,0.37,0,141.6,0.11
381,381,imposs,142.08,142.48,0.4,0,141.6,0.48
382,382,ibility,142.48,142.94,0.46,0,141.6,0.88
383,383,that,142.94,143.24,0.3,0,141.6,1.34
384,384,command,143.24,143.66,0.42,0,141.6,1.64
385,385,has,143.66,143.86,0.2,0,141.6,2.06
386,386,decided,143.86,144.32,0.46,0,141.6,2.26
387,387,cannot,144.32,144.77,0.45,0,141.6,2.72
388,388,be,144.77,144.85,0.08,0,141.6,3.17
389,389,avoided,144.85,145.31,0.46,0,141.6,3.25
390,390,The,145.74,145.77,0.03,0.43,146.12,-0.38
391,391,corridors,145.77,146.35,0.58,0,146.12,-0.35
392,392,weren,146.35,146.68,0.33,0,146.12,0.23
393,393,t,146.68,146.95,0.27,0,146.12,0.56
394,394,built,146.95,147.13,0.18,0,146.12,0.83
395,395,They,147.84,147.88,0.04,0.71,147.84,0
396,396,re,147.88,148,0.12,0,147.84,0.04
397,397,the,148,148.11,0.11,0,147.84,0.16
398,398,overlapping,148.11,148.95,0.84,0,147.84,0.27
399,399,inter,148.95,149.33,0.38,0,147.84,1.11
400,400,iors,149.33,149.63,0.3,0,147.84,1.49
401,401,of,149.63,149.78,0.15,0,147.84,1.79
402,402,vessels,149.78,150.47,0.69,0,147.84,1.94
403,403,that,150.47,150.61,0.14,0,147.84,2.63
404,404,were,150.61,151.07,0.46,0,147.84,2.77
405,405,never,151.07,151.29,0.22,0,147.84,3.23
406,406,designed,151.29,152.05,0.76,0,147.84,3.45
407,407,to,152.05,152.22,0.17,0,147.84,4.21
408,408,share,152.22,152.44,0.22,0,152.78,-0.56
409,409,a,152.44,152.5,0.06,0,152.78,-0.34
410,410,wall,152.5,152.86,0.36,0,152.78,-0.28
411,411,smashed,152.95,153.49,0.54,0.09,152.78,0.17
412,412,into,153.49,153.78,0.29,0,152.78,0.71
413,413,adjac,153.78,154.16,0.38,0,152.78,1
414,414,ency,154.16,154.46,0.3,0,152.78,1.38
415,415,by,154.46,154.61,0.15,0,152.78,1.68
416,416,warp,154.61,154.91,0.3,0,152.78,1.83
417,417,physics,154.91,155.44,0.53,0,152.78,2.13
418,418,ors,156.36,156.52,0.16,0.92,156.34,0.02
419,419,become,156.52,156.73,0.21,0,156.34,0.18
420,420,ce,156.73,156.9,0.17,0,156.34,0.39
421,421,il,156.9,157.03,0.13,0,156.34,0.56
422,422,ings,157.03,157.32,0.29,0,156.34,0.69
423,423,two,157.32,157.57,0.25,0,156.34,0.98
424,424,jun,157.57,157.8,0.23,0,156.34,1.23
425,425,ctions,157.8,158.29,0.49,0,156.34,1.46
426,426,in,158.29,158.42,0.13,0,156.34,1.95
427,427,Gravity,159.2,159.36,0.16,0.78,159.18,0.02
428,428,plates,159.36,159.74,0.38,0,159.18,0.18
429,429,from,159.74,159.97,0.23,0,159.18,0.56
430,430,different,159.97,160.66,0.69,0,159.18,0.79
431,431,ships,160.66,161.03,0.37,0,159.18,1.48
432,432,pull,161.03,161.33,0.3,0,161.46,-0.43
433,433,in,161.33,161.48,0.15,0,161.46,-0.13
434,434,competing,161.48,162.15,0.67,0,161.46,0.02
435,435,directions,162.15,162.89,0.74,0,161.46,0.69
436,436,in,162.89,163.05,0.16,0,161.46,1.43
437,437,rooms,163.05,163.57,0.52,0,161.46,1.59
438,438,separated,163.57,164.22,0.65,0,161.46,2.11
439,439,by,164.22,164.24,0.02,0,161.46,2.76
440,440,a,164.24,164.31,0.07,0,161.46,2.78
441,441,single,164.31,164.76,0.45,0,161.46,2.85
442,442,bulk,164.76,165.06,0.3,0,161.46,3.3
443,443,head,165.06,165.41,0.35,0,161.46,3.6
444,444,ions,166.18,166.34,0.16,0.77,166.12,0.06
445,445,press,166.34,166.51,0.17,0,166.12,0.22
446,446,ur,166.51,166.72,0.21,0,166.12,0.39
447,447,ize,166.72,166.84,0.12,0,166.12,0.6
448,448,and,166.84,167.04,0.2,0,166.12,0.72
449,449,vent,167.04,167.3,0.26,0,166.12,0.92
450,450,without,167.3,167.76,0.46,0,166.12,1.18
451,451,warning,167.76,168.22,0.46,0,166.12,1.64
452,452,when,168.22,168.48,0.26,0,166.12,2.1
453,453,something,168.48,169.08,0.6,0,166.12,2.36
454,454,fails,169.08,169.41,0.33,0,166.12,2.96
455,455,The,169.84,169.91,0.07,0.43,170.2,-0.36
456,456,atmosphere,169.91,170.68,0.77,0,170.2,-0.29
457,457,where,170.83,171.21,0.38,0.15,170.2,0.63
458,458,it,171.21,171.38,0.17,0,170.2,1.01
459,459,exists,171.38,171.82,0.44,0,170.2,1.18
460,460,at,171.82,171.97,0.15,0,170.2,1.62
461,461,all,171.97,172.31,0.34,0,170.2,1.77
462,462,is,172.35,172.56,0.21,0.04,170.2,2.15
463,463,a,172.56,172.57,0.01,0,170.2,2.36
464,464,chemical,172.57,173.18,0.61,0,173.12,-0.55
465,465,residue,173.18,173.87,0.69,0,173.12,0.06
466,466,of,173.87,174.06,0.19,0,173.12,0.75
467,467,whatever,174.06,174.51,0.45,0,173.12,0.94
468,468,the,174.51,174.71,0.2,0,174.96,-0.45
469,469,last,174.71,175.02,0.31,0,174.96,-0.25
470,470,crew,175.02,175.33,0.31,0,174.96,0.06
471,471,left,175.33,175.64,0.31,0,174.96,0.37
472,472,behind,175.64,176.1,0.46,0,174.96,0.68
473,473,which,176.28,176.63,0.35,0.18,174.96,1.32
474,474,includes,176.63,177.24,0.61,0,177.5,-0.87
475,475,whatever,177.24,177.85,0.61,0,177.5,-0.26
476,476,finished,177.85,178.46,0.61,0,177.5,0.35
477,477,them,178.46,179.03,0.57,0,177.5,0.96
478,478,Gen,179.56,179.68,0.12,0.53,179.54,0.02
479,479,este,179.68,179.72,0.04,0,179.54,0.14
480,480,el,179.72,179.83,0.11,0,179.54,0.18
481,481,ers,179.83,180.1,0.27,0,179.54,0.29
482,482,are,180.1,180.29,0.19,0,179.54,0.56
483,483,adapted,180.29,180.93,0.64,0,179.54,0.75
484,484,to,180.93,180.99,0.06,0,179.54,1.39
485,485,this,180.99,181.3,0.31,0,179.54,1.45
486,486,geometry,181.3,181.92,0.62,0,179.54,1.76
487,487,in,181.92,182.19,0.27,0,182.56,-0.64
488,488,ways,182.19,182.38,0.19,0,182.56,-0.37
489,489,that,182.38,182.79,0.41,0,182.56,-0.18
490,490,standard,182.79,183.31,0.52,0,182.56,0.23
491,491,assault,183.31,183.94,0.63,0,182.56,0.75
492,492,doctrine,183.94,184.58,0.64,0,182.56,1.38
493,493,isn,184.58,184.71,0.13,0,182.56,2.02
494,494,t,184.71,184.88,0.17,0,182.56,2.15
495,495,They,185.52,185.55,0.03,0.64,185.6,-0.08
496,496,don,185.55,185.65,0.1,0,185.6,-0.05
497,497,t,185.65,185.68,0.03,0,185.6,0.05
498,498,need,185.68,185.85,0.17,0,185.6,0.08
499,499,consistent,185.85,186.35,0.5,0,185.6,0.25
500,500,gravity,186.35,186.7,0.35,0,185.6,0.75
501,501,move,187.48,187.64,0.16,0.78,187.48,0
502,502,through,187.64,187.8,0.16,0,187.48,0.16
503,503,ventilation,187.8,188.5,0.7,0,187.48,0.32
504,504,shaft,188.5,188.85,0.35,0,187.48,1.02
505,505,s,188.85,188.87,0.02,0,187.48,1.37
506,506,with,188.87,189.18,0.31,0,187.48,1.39
507,507,the,189.18,189.31,0.13,0,187.48,1.7
508,508,velocity,189.31,189.82,0.51,0,187.48,1.83
509,509,of,189.82,189.93,0.11,0,187.48,2.34
510,510,a,189.93,190.11,0.18,0,187.48,2.45
511,511,launched,190.11,190.51,0.4,0,187.48,2.63
512,512,round,190.51,190.82,0.31,0,187.48,3.03
513,513,and,190.82,191.01,0.19,0,187.48,3.34
514,514,the,191.01,191.2,0.19,0,187.48,3.53
515,515,acoustic,191.2,191.86,0.66,0,187.48,3.72
516,516,signature,191.86,192.31,0.45,0,187.48,4.38
517,517,of,192.31,192.46,0.15,0,187.48,4.83
518,518,a,192.46,192.5,0.04,0,187.48,4.98
519,519,maintenance,192.5,193.16,0.66,0,187.48,5.02
520,520,fault,193.16,193.47,0.31,0,187.48,5.68
521,521,Squad,194.12,194.32,0.2,0.65,194.22,-0.1
522,522,formations,194.32,195.04,0.72,0,194.22,0.1
523,523,built,195.04,195.41,0.37,0,194.22,0.82
524,524,around,195.41,195.89,0.48,0,194.22,1.19
525,525,structured,195.89,196.59,0.7,0,194.22,1.67
526,526,corridors,196.59,197.24,0.65,0,194.22,2.37
527,527,collapse,197.24,197.81,0.57,0,194.22,3.02
528,528,because,197.81,198.35,0.54,0,194.22,3.59
529,529,line,198.35,198.62,0.27,0,194.22,4.13
530,530,of,198.62,198.79,0.17,0,194.22,4.4
531,531,sight,198.79,199.12,0.33,0,194.22,4.57
532,532,inside,199.12,199.56,0.44,0,194.22,4.9
533,533,a,199.56,199.63,0.07,0,194.22,5.34
534,534,h,199.63,199.7,0.07,0,194.22,5.41
535,535,ulk,199.7,199.92,0.22,0,194.22,5.48
536,536,rarely,199.92,200.36,0.44,0,194.22,5.7
537,537,extends,200.36,200.87,0.51,0,194.22,6.14
538,538,six,200.87,201.09,0.22,0,194.22,6.65
539,539,meters,201.09,201.6,0.51,0,194.22,6.87
540,540,fl,202.14,202.21,0.07,0.54,194.22,7.92
541,541,anking,202.21,202.3,0.09,0,194.22,7.99
542,542,acqu,202.3,202.43,0.13,0,194.22,8.08
543,543,ires,202.43,202.68,0.25,0,194.22,8.21
544,544,a,202.68,202.69,0.01,0,194.22,8.46
545,545,third,202.69,202.96,0.27,0,194.22,8.47
546,546,dimension,202.96,203.51,0.55,0,194.22,8.74
547,547,when,203.51,203.67,0.16,0,194.22,9.29
548,548,the,203.67,203.84,0.17,0,194.22,9.45
549,549,threat,203.84,204.16,0.32,0,194.22,9.62
550,550,can,204.16,204.32,0.16,0,194.22,9.94
551,551,arrive,204.32,204.77,0.45,0,194.22,10.1
552,552,from,204.77,204.87,0.1,0,194.22,10.55
553,553,overhead,204.87,205.37,0.5,0,194.22,10.65
554,554,or,205.37,205.42,0.05,0,194.22,11.15
555,555,through,205.42,205.8,0.38,0,194.22,11.2
556,556,the,205.8,205.96,0.16,0,194.22,11.58
557,557,wall,205.96,206.5,0.54,0,194.22,11.74
558,558,itself,206.5,206.53,0.03,0,194.22,12.28
559,559,Term,207.22,207.38,0.16,0.69,207.22,0
560,560,inator,207.38,207.47,0.09,0,207.22,0.16
561,561,armor,207.47,207.84,0.37,0,207.22,0.25
562,562,was,207.84,208.06,0.22,0,207.22,0.62
563,563,developed,208.06,208.73,0.67,0,207.22,0.84
564,564,for,208.73,208.95,0.22,0,207.22,1.51
565,565,this,208.95,209.24,0.29,0,207.22,1.73
566,566,specific,209.24,209.85,0.61,0,207.22,2.02
567,567,operational,209.85,210.65,0.8,0,210.26,-0.41
568,568,context,210.65,211.16,0.51,0,210.26,0.39
569,569,still,211.92,212.08,0.16,0.76,211.92,0
570,570,doesn,212.08,212.23,0.15,0,211.92,0.16
571,571,t,212.23,212.46,0.23,0,211.92,0.31
572,572,make,212.46,212.63,0.17,0,211.92,0.54
573,573,the,212.63,212.81,0.18,0,211.92,0.71
574,574,casual,212.81,213.29,0.48,0,211.92,0.89
575,575,ty,213.29,213.33,0.04,0,211.92,1.37
576,576,rates,213.33,213.66,0.33,0,211.92,1.41
577,577,acceptable,213.66,214.32,0.66,0,211.92,1.74
578,578,makes,215.12,215.27,0.15,0.8,215.18,-0.06
579,579,them,215.27,215.29,0.02,0,215.18,0.09
580,580,surviv,215.29,215.69,0.4,0,215.18,0.11
581,581,able,215.69,215.96,0.27,0,215.18,0.51
582,582,for,215.96,216.19,0.23,0,215.18,0.78
583,583,a,216.19,216.22,0.03,0,215.18,1.01
584,584,fraction,216.22,216.82,0.6,0,215.18,1.04
585,585,of,216.82,216.89,0.07,0,215.18,1.64
586,586,the,216.89,217.09,0.2,0,215.18,1.71
587,587,boarding,217.09,217.75,0.66,0,215.18,1.91
588,588,party,217.75,218,0.25,0,215.18,2.57
589,589,s,218.66,218.8,0.14,0.66,218.68,-0.02
590,590,the,218.8,218.82,0.02,0,218.68,0.12
591,591,best,218.82,219.07,0.25,0,218.68,0.14
592,592,available,219.07,219.74,0.67,0,218.68,0.39
593,593,outcome,219.74,220.14,0.4,0,218.68,1.06
594,594,and,220.36,220.47,0.11,0.22,220.84,-0.48
595,595,everyone,220.47,221,0.53,0,220.84,-0.37
596,596,going,221,221.33,0.33,0,220.84,0.16
597,597,and,221.33,221.54,0.21,0,220.84,0.49
598,598,knows,221.54,221.89,0.35,0,220.84,0.7
599,599,it,221.89,221.99,0.1,0,220.84,1.05
600,600,Number,222.26,222.8,0.54,0.27,222.62,-0.36
601,601,four,222.8,223.14,0.34,0,222.62,0.18
602,602,V,223.33,223.39,0.06,0.19,222.62,0.71
603,603,RA,223.39,223.63,0.24,0,222.62,0.77
604,604,X,223.63,223.68,0.05,0,222.62,1.01
605,605,Sev,224.12,224.15,0.03,0.44,224.18,-0.06
606,606,enteen,224.15,224.54,0.39,0,224.18,-0.03
607,607,years,224.54,224.86,0.32,0,224.18,0.36
608,608,That,225.52,225.68,0.16,0.66,225.56,-0.04
609,609,number,225.68,225.73,0.05,0,225.56,0.12
610,610,starts,225.73,226.12,0.39,0,225.56,0.17
611,611,making,226.12,226.5,0.38,0,225.56,0.56
612,612,sense,226.5,226.89,0.39,0,225.56,0.94
613,613,once,226.89,227.1,0.21,0,225.56,1.33
614,614,you,227.1,227.29,0.19,0,225.56,1.54
615,615,understand,227.29,227.95,0.66,0,225.56,1.73
616,616,what,227.95,228.21,0.26,0,225.56,2.39
617,617,the,228.21,228.4,0.19,0,225.56,2.65
618,618,terrain,228.4,228.86,0.46,0,225.56,2.84
619,619,did,228.86,229.05,0.19,0,225.56,3.3
620,620,to,229.05,229.18,0.13,0,225.56,3.49
621,621,every,229.18,229.88,0.7,0,225.56,3.62
622,622,assault,229.88,229.97,0.09,0,225.56,4.32
623,623,the,229.97,230.16,0.19,0,225.56,4.41
624,624,Imper,230.16,230.54,0.38,0,225.56,4.6
625,625,ium,230.54,230.68,0.14,0,225.56,4.98
626,626,attempted,230.68,231.27,0.59,0,225.56,5.12
627,627,X,232.1,232.14,0.04,0.83,232.12,-0.02
628,628,was,232.14,232.26,0.12,0,232.12,0.02
629,629,an,232.26,232.3,0.04,0,232.12,0.14
630,630,arm,232.3,232.64,0.34,0,232.12,0.18
631,631,ory,232.64,232.78,0.14,0,232.12,0.52
632,632,world,232.78,233.18,0.4,0,232.12,0.66
633,633,built,233.18,233.58,0.4,0,232.12,1.06
634,634,for,233.58,233.82,0.24,0,234.1,-0.52
635,635,storage,233.82,234.38,0.56,0,234.1,-0.28
636,636,and,234.38,234.73,0.35,0,234.1,0.28
637,637,protection,234.73,235.43,0.7,0,234.1,0.63
638,638,rather,235.43,235.9,0.47,0,234.1,1.33
639,639,than,235.9,236.47,0.57,0,236.32,-0.42
640,640,hab,236.47,236.49,0.02,0,236.32,0.15
641,641,itation,236.49,237.12,0.63,0,236.32,0.17
642,642,ick,237.9,238,0.1,0.78,237.92,-0.02
643,643,rock,238,238.05,0.05,0,237.92,0.08
644,644,c,238.05,238.07,0.02,0,237.92,0.13
645,645,rete,238.07,238.44,0.37,0,237.92,0.15
646,646,everywhere,238.44,239.1,0.66,0,237.92,0.52
647,647,Deep,239.96,240.1,0.14,0.86,239.96,0
648,648,vault,240.1,240.12,0.02,0,239.96,0.14
649,649,s,240.12,240.18,0.06,0,239.96,0.16
650,650,below,240.18,240.59,0.41,0,239.96,0.22
651,651,it,240.59,240.73,0.14,0,239.96,0.63
652,652,Def,241.4,241.56,0.16,0.67,241.4,0
653,653,ensive,241.56,241.62,0.06,0,241.4,0.16
654,654,lines,241.62,241.95,0.33,0,241.4,0.22
655,655,pred,241.95,242.22,0.27,0,241.4,0.55
656,656,ating,242.22,242.55,0.33,0,241.4,0.82
657,657,the,242.55,242.77,0.22,0,241.4,1.15
658,658,siege,242.77,243.1,0.33,0,241.4,1.37
659,659,by,243.1,243.21,0.11,0,241.4,1.7
660,660,centuries,243.21,243.81,0.6,0,241.4,1.81
661,661,constructed,243.81,244.61,0.8,0,241.4,2.41
662,662,specifically,244.61,245.34,0.73,0,241.4,3.21
663,663,to,245.34,245.76,0.42,0,241.4,3.94
664,664,resist,245.76,245.88,0.12,0,241.4,4.36
665,665,the,245.88,246.08,0.2,0,241.4,4.48
666,666,type,246.08,246.42,0.34,0,241.4,4.68
667,667,of,246.42,246.48,0.06,0,241.4,5.02
668,668,assault,246.48,246.95,0.47,0,241.4,5.08
669,669,being,246.95,247.28,0.33,0,241.4,5.55
670,670,attempted,247.28,247.88,0.6,0,241.4,5.88
671,671,against,247.88,248.35,0.47,0,241.4,6.48
672,672,them,248.35,248.69,0.34,0,241.4,6.95
673,673,The,249.08,249.12,0.04,0.39,249.34,-0.26
674,674,attacking,249.12,249.74,0.62,0,249.34,-0.22
675,675,forces,249.74,250.29,0.55,0,249.34,0.4
676,676,had,250.29,250.35,0.06,0,249.34,0.95
677,677,to,250.35,250.48,0.13,0,249.34,1.01
678,678,advance,250.48,250.96,0.48,0,249.34,1.14
679,679,into,250.96,251.23,0.27,0,249.34,1.62
680,680,ground,251.23,251.64,0.41,0,249.34,1.89
681,681,that,251.64,251.91,0.27,0,249.34,2.3
682,682,had,251.91,252.15,0.24,0,249.34,2.57
683,683,been,252.15,252.38,0.23,0,249.34,2.81
684,684,engineered,252.38,253.29,0.91,0,253.48,-1.1
685,685,decades,253.29,253.54,0.25,0,253.48,-0.19
686,686,before,253.54,253.95,0.41,0,253.48,0.06
687,687,they,253.95,254.24,0.29,0,253.48,0.47
688,688,arrived,254.24,254.7,0.46,0,253.48,0.76
689,689,to,254.7,254.83,0.13,0,253.48,1.22
690,690,stop,254.83,255.13,0.3,0,253.48,1.35
691,691,exactly,255.13,255.58,0.45,0,253.48,1.65
692,692,them,255.58,255.85,0.27,0,253.48,2.1
693,693,ren,256.54,256.7,0.16,0.69,256.54,0
694,694,ches,256.7,256.77,0.07,0,256.54,0.16
695,695,funnel,256.77,257.24,0.47,0,256.54,0.23
696,696,movement,257.24,257.91,0.67,0,258.2,-0.96
697,697,and,257.91,258.09,0.18,0,258.2,-0.29
698,698,eliminate,258.09,258.79,0.7,0,258.2,-0.11
699,699,fl,258.79,258.94,0.15,0,258.2,0.59
700,700,anking,258.94,259.42,0.48,0,258.2,0.74
701,701,at,259.42,259.55,0.13,0,258.2,1.22
702,702,the,259.55,259.78,0.23,0,258.2,1.35
703,703,squad,259.78,260.17,0.39,0,258.2,1.58
704,704,level,260.17,260.86,0.69,0,258.2,1.97
705,705,The,261.02,261.06,0.04,0.16,261.32,-0.3
706,706,chaos,261.06,261.4,0.34,0,261.32,-0.26
707,707,al,261.45,261.57,0.12,0.05,261.32,0.13
708,708,igned,261.57,261.94,0.37,0,261.32,0.25
709,709,defenders,261.94,262.56,0.62,0,261.32,0.62
710,710,added,262.56,262.84,0.28,0,261.32,1.24
711,711,persistent,262.84,263.51,0.67,0,261.32,1.52
712,712,acidic,263.51,264.09,0.58,0,261.32,2.19
713,713,chemical,264.09,264.45,0.36,0,261.32,2.77
714,714,compounds,264.45,265.18,0.73,0,261.32,3.13
715,715,to,265.18,265.25,0.07,0,261.32,3.86
716,716,that,265.25,265.46,0.21,0,261.32,3.93
717,717,problem,265.46,265.92,0.46,0,261.32,4.14
718,718,ents,266.74,266.9,0.16,0.82,266.74,0
719,719,that,266.9,267.05,0.15,0,266.74,0.16
720,720,pool,267.05,267.39,0.34,0,266.74,0.31
721,721,ed,267.39,267.56,0.17,0,266.74,0.65
722,722,in,267.56,267.72,0.16,0,266.74,0.82
723,723,low,267.72,268.11,0.39,0,266.74,0.98
724,724,ground,268.11,268.49,0.38,0,266.74,1.37
725,725,degrad,268.49,269,0.51,0,266.74,1.75
726,726,ed,269,269.17,0.17,0,269.5,-0.5
727,727,respir,269.17,269.68,0.51,0,269.5,-0.33
728,728,ator,269.68,270.02,0.34,0,269.5,0.18
729,729,seals,270.02,270.42,0.4,0,269.5,0.52
730,730,over,270.42,271.11,0.69,0,269.5,0.92
731,731,extended,271.11,271.46,0.35,0,269.5,1.61
732,732,exposure,271.46,272.2,0.74,0,269.5,1.96
733,733,and,272.2,272.39,0.19,0,269.5,2.7
734,734,corrupted,272.39,272.96,0.57,0,269.5,2.89
735,735,the,272.96,273.15,0.19,0,269.5,3.46
736,736,soil,273.15,273.4,0.25,0,269.5,3.65
737,737,chemistry,273.4,274.03,0.63,0,269.5,3.9
738,738,across,274.03,274.35,0.32,0,269.5,4.53
739,739,entire,274.35,274.81,0.46,0,269.5,4.85
740,740,operating,274.81,275.28,0.47,0,269.5,5.31
741,741,sectors,275.28,275.98,0.7,0,269.5,5.78
742,742,Ground,276.14,276.52,0.38,0.16,276.48,-0.34
743,743,that,276.52,276.69,0.17,0,276.48,0.04
744,744,should,276.69,277.12,0.43,0,276.48,0.21
745,745,have,277.12,277.4,0.28,0,276.48,0.64
746,746,been,277.4,277.68,0.28,0,276.48,0.92
747,747,travers,277.68,278.18,0.5,0,276.48,1.2
748,748,able,278.18,278.61,0.43,0,276.48,1.7
749,749,became,278.61,278.89,0.28,0,276.48,2.13
750,750,toxic,278.89,279.24,0.35,0,276.48,2.41
751,751,inside,279.24,279.67,0.43,0,276.48,2.76
752,752,two,279.67,279.87,0.2,0,276.48,3.19
753,753,weeks,279.87,280.35,0.48,0,280.18,-0.31
754,754,of,280.35,280.37,0.02,0,280.18,0.17
755,755,sustained,280.37,281.01,0.64,0,280.18,0.19
756,756,fighting,281.01,281.63,0.62,0,280.18,0.83
757,757,Sold,282.36,282.48,0.12,0.73,282.32,0.04
758,758,iers,282.48,282.52,0.04,0,282.32,0.16
759,759,who,282.52,282.71,0.19,0,282.32,0.2
760,760,crossed,282.71,283.25,0.54,0,282.32,0.39
761,761,contaminated,283.25,284.18,0.93,0,282.32,0.93
762,762,sections,284.18,284.79,0.61,0,282.32,1.86
763,763,arrived,284.79,285.34,0.55,0,282.32,2.47
764,764,at,285.34,285.59,0.25,0,282.32,3.02
765,765,their,285.59,285.88,0.29,0,282.32,3.27
766,766,objectives,285.88,286.74,0.86,0,287.14,-1.26
767,767,already,286.74,287.2,0.46,0,287.14,-0.4
768,768,in,287.2,287.38,0.18,0,287.14,0.06
769,769,physiological,287.38,288.36,0.98,0,287.14,0.24
770,770,decline,288.36,288.9,0.54,0,287.14,1.22
771,771,before,288.9,289.35,0.45,0,289.5,-0.6
772,772,any,289.35,289.65,0.3,0,289.5,-0.15
773,773,contact,289.65,290.13,0.48,0,289.5,0.15
774,774,occurred,290.13,290.75,0.62,0,289.5,0.63
775,775,After,291.26,291.45,0.19,0.51,291.58,-0.32
776,776,seventeen,291.45,292.06,0.61,0,291.58,-0.13
777,777,years,292.06,292.47,0.41,0,291.58,0.48
778,778,of,292.47,292.57,0.1,0,291.58,0.89
779,779,that,292.57,292.85,0.28,0,291.58,0.99
780,780,the,293.03,293.2,0.17,0.18,293.16,-0.13
781,781,battlefield,293.2,293.98,0.78,0,293.16,0.04
782,782,substrate,293.98,294.6,0.62,0,293.16,0.82
783,783,changed,294.6,295.06,0.46,0,293.16,1.44
784,784,The,295.74,295.83,0.09,0.68,295.76,-0.02
785,785,soil,295.83,295.9,0.07,0,295.76,0.07
786,786,ch,295.9,295.97,0.07,0,295.76,0.14
787,787,urn,295.97,296.28,0.31,0,295.76,0.21
788,788,ed,296.28,296.32,0.04,0,295.76,0.52
789,789,Cont,296.96,296.99,0.03,0.64,296.92,0.04
790,790,am,296.99,297.12,0.13,0,296.92,0.07
791,791,inated,297.12,297.5,0.38,0,296.92,0.2
792,792,zones,297.5,297.78,0.28,0,296.92,0.58
793,793,developed,297.78,298.43,0.65,0,296.92,0.86
794,794,biological,298.43,299.16,0.73,0,296.92,1.51
795,795,properties,299.16,299.89,0.73,0,296.92,2.24
796,796,that,299.89,300.19,0.3,0,296.92,2.97
797,797,had,300.19,300.39,0.2,0,296.92,3.27
798,798,no,300.39,300.53,0.14,0,296.92,3.47
799,799,business,300.53,301.32,0.79,0,296.92,3.61
800,800,being,301.32,301.56,0.24,0,296.92,4.4
801,801,there,301.56,301.83,0.27,0,296.92,4.64
802,802,In,302.12,302.28,0.16,0.29,302.6,-0.48
803,803,the,302.28,302.44,0.16,0,302.6,-0.32
804,804,worst,302.44,302.77,0.33,0,302.6,-0.16
805,805,sectors,302.77,303.23,0.46,0,302.6,0.17
806,806,the,303.49,303.55,0.06,0.26,302.6,0.89
807,807,distinction,303.55,304.27,0.72,0,302.6,0.95
808,808,between,304.27,304.75,0.48,0,302.6,1.67
809,809,a,304.75,304.79,0.04,0,302.6,2.15
810,810,mine,304.79,305.05,0.26,0,302.6,2.19
811,811,field,305.05,305.37,0.32,0,302.6,2.45
812,812,and,305.37,305.56,0.19,0,302.6,2.77
813,813,clear,305.56,305.89,0.33,0,302.6,2.96
814,814,ground,305.89,306.49,0.6,0,302.6,3.29
815,815,stopped,306.49,306.74,0.25,0,302.6,3.89
816,816,mat,306.74,306.95,0.21,0,302.6,4.14
817,817,uring,306.95,307.25,0.3,0,302.6,4.35
818,818,operation,307.25,307.84,0.59,0,302.6,4.65
819,819,ally,307.84,308.33,0.49,0,308.58,-0.74
820,820,because,308.33,308.58,0.25,0,308.58,-0.25
821,821,the,308.58,308.74,0.16,0,308.58,0
822,822,outcomes,308.74,309.18,0.44,0,308.58,0.16
823,823,were,309.18,309.41,0.23,0,308.58,0.6
824,824,roughly,309.41,309.78,0.37,0,308.58,0.83
825,825,comparable,309.78,310.33,0.55,0,308.58,1.2
826,826,either,310.33,310.66,0.33,0,308.58,1.75
827,827,way,310.66,310.82,0.16,0,308.58,2.08
828,828,Four,311.52,311.68,0.16,0.7,311.5,0.02
829,829,teen,311.68,311.72,0.04,0,311.5,0.18
830,830,million,311.72,312.32,0.6,0,311.5,0.22
831,831,C,312.32,312.4,0.08,0,311.5,0.82
832,832,ree,312.4,312.66,0.26,0,311.5,0.9
833,833,guards,312.66,313.22,0.56,0,311.5,1.16
834,834,men,313.22,313.45,0.23,0,311.5,1.72
835,835,died,313.45,313.78,0.33,0,311.5,1.95
836,836,at,313.78,313.95,0.17,0,311.5,2.28
837,837,V,313.95,314.15,0.2,0,311.5,2.45
838,838,RA,314.15,314.2,0.05,0,311.5,2.65
839,839,X,314.2,314.28,0.08,0,311.5,2.7
840,840,The,314.95,314.97,0.02,0.67,315.08,-0.13
841,841,environment,314.97,315.61,0.64,0,315.08,-0.11
842,842,wasn,315.61,315.87,0.26,0,315.08,0.53
843,843,t,315.87,315.95,0.08,0,315.08,0.79
844,844,incident,315.95,316.5,0.55,0,315.08,0.87
845,845,al,316.5,316.52,0.02,0,315.08,1.42
846,846,to,316.52,316.63,0.11,0,315.08,1.44
847,847,that,316.63,316.86,0.23,0,315.08,1.55
848,848,number,316.86,317.2,0.34,0,315.08,1.78
849,849,It,317.42,317.58,0.16,0.22,318,-0.58
850,850,was,317.58,317.79,0.21,0,318,-0.42
851,851,built,317.79,318.16,0.37,0,318,-0.21
852,852,into,318.16,318.49,0.33,0,318,0.16
853,853,the,318.49,318.79,0.3,0,318,0.49
854,854,calculation,318.79,319.49,0.7,0,318,0.79
855,855,from,319.49,319.78,0.29,0,318,1.49
856,856,the,319.78,320.05,0.27,0,318,1.78
857,857,start,320.05,320.37,0.32,0,318,2.05
858,858,Number,321.14,321.31,0.17,0.77,321.06,0.08
859,859,three,321.31,321.69,0.38,0,321.06,0.25
860,860,Ne,321.88,322.07,0.19,0.19,322.08,-0.2
861,861,c,322.07,322.15,0.08,0,322.08,-0.01
862,862,ron,322.15,322.51,0.36,0,322.08,0.07
863,863,Tomb,322.51,322.84,0.33,0,322.08,0.43
864,864,Complex,322.84,323.49,0.65,0,322.08,0.76
865,865,es,323.49,323.72,0.23,0,322.08,1.41
866,866,c,324.12,324.27,0.15,0.4,324.12,0
867,867,ron,324.27,324.28,0.01,0,324.12,0.15
868,868,Tomb,324.28,324.66,0.38,0,324.12,0.16
869,869,world,324.66,325,0.34,0,324.12,0.54
870,870,has,325,325.24,0.24,0,324.12,0.88
871,871,been,325.24,325.56,0.32,0,324.12,1.12
872,872,a,325.56,325.64,0.08,0,324.12,1.44
873,873,trap,325.64,325.96,0.32,0,324.12,1.52
874,874,for,325.96,326.2,0.24,0,324.12,1.84
875,875,several,326.2,326.77,0.57,0,326.76,-0.56
876,876,million,326.77,327.35,0.58,0,326.76,0.01
877,877,years,327.35,327.74,0.39,0,326.76,0.59
878,878,The,328.56,328.72,0.16,0.82,328.56,0
879,879,exterior,328.72,328.84,0.12,0,328.56,0.16
880,880,looks,328.84,329.2,0.36,0,328.56,0.28
881,881,like,329.2,329.48,0.28,0,328.56,0.64
882,882,a,329.48,329.64,0.16,0,328.56,0.92
883,883,planet,329.64,329.98,0.34,0,328.56,1.08
884,884,s,330.78,330.93,0.15,0.8,330.8,-0.02
885,885,where,330.93,330.96,0.03,0,330.8,0.13
886,886,the,330.96,331.16,0.2,0,330.8,0.16
887,887,familiar,331.16,331.71,0.55,0,330.8,0.36
888,888,part,331.71,331.98,0.27,0,330.8,0.91
889,889,ends,331.98,332.25,0.27,0,330.8,1.18
890,890,Tomb,333.06,333.22,0.16,0.81,332.98,0.08
891,891,complexes,333.22,333.38,0.16,0,332.98,0.24
892,892,extend,333.38,333.77,0.39,0,332.98,0.4
893,893,kilometers,333.77,334.46,0.69,0,332.98,0.79
894,894,below,334.46,334.8,0.34,0,332.98,1.48
895,895,the,334.8,335,0.2,0,332.98,1.82
896,896,surface,335,335.47,0.47,0,332.98,2.02
897,897,through,335.47,335.94,0.47,0,332.98,2.49
898,898,dimension,335.94,336.55,0.61,0,332.98,2.96
899,899,ally,336.55,336.82,0.27,0,332.98,3.57
900,900,compressed,336.82,337.5,0.68,0,332.98,3.84
901,901,architecture,337.5,338.38,0.88,0,332.98,4.52
902,902,Ro,339.41,339.46,0.05,1.03,339.26,0.15
903,903,oms,339.46,339.58,0.12,0,339.26,0.2
904,904,that,339.58,339.84,0.26,0,339.26,0.32
905,905,register,339.84,340.26,0.42,0,339.26,0.58
906,906,on,340.26,340.37,0.11,0,339.26,1
907,907,Aus,340.37,340.67,0.3,0,339.26,1.11
908,908,pex,340.67,340.72,0.05,0,339.26,1.41
909,909,scans,340.72,341.01,0.29,0,339.26,1.46
910,910,as,341.01,341.12,0.11,0,339.26,1.75
911,911,physically,341.12,341.7,0.58,0,339.26,1.86
912,912,larger,341.7,342.04,0.34,0,339.26,2.44
913,913,than,342.04,342.27,0.23,0,339.26,2.78
914,914,the,342.27,342.53,0.26,0,339.26,3.01
915,915,ge,342.53,342.55,0.02,0,339.26,3.27
916,916,ological,342.55,343,0.45,0,339.26,3.29
917,917,formation,343,343.67,0.67,0,339.26,3.74
918,918,around,343.67,343.9,0.23,0,339.26,4.41
919,919,them,343.9,344.13,0.23,0,339.26,4.64
920,920,should,344.13,344.44,0.31,0,339.26,4.87
921,921,permit,344.44,344.78,0.34,0,339.26,5.18
922,922,Whether,345.06,345.6,0.54,0.28,345.58,-0.52
923,923,that,345.6,345.89,0.29,0,345.58,0.02
924,924,s,345.89,346.04,0.15,0,345.58,0.31
925,925,a,346.04,346.14,0.1,0,345.58,0.46
926,926,sensor,346.14,346.56,0.42,0,345.58,0.56
927,927,artifact,346.56,347.16,0.6,0,345.58,0.98
928,928,or,347.16,347.31,0.15,0,345.58,1.58
929,929,accurate,347.31,347.94,0.63,0,345.58,1.73
930,930,data,347.94,348.29,0.35,0,345.58,2.36
931,931,is,348.29,348.36,0.07,0,345.58,2.71
932,932,not,348.36,348.58,0.22,0,345.58,2.78
933,933,a,348.58,348.65,0.07,0,345.58,3
934,934,question,348.65,349.44,0.79,0,345.58,3.07
935,935,anyone,349.44,349.7,0.26,0,345.58,3.86
936,936,fighting,349.7,350.38,0.68,0,345.58,4.12
937,937,inside,350.38,350.75,0.37,0,345.58,4.8
938,938,has,350.75,350.97,0.22,0,345.58,5.17
939,939,time,350.97,351.27,0.3,0,345.58,5.39
940,940,to,351.27,351.42,0.15,0,345.58,5.69
941,941,settle,351.42,351.87,0.45,0,345.58,5.84
942,942,The,352.72,352.88,0.16,0.85,352.7,0.02
943,943,defenders,352.88,353.08,0.2,0,352.7,0.18
944,944,re,353.08,353.26,0.18,0,352.7,0.38
945,945,assemble,353.26,353.8,0.54,0,352.7,0.56
946,946,after,353.8,354.16,0.36,0,352.7,1.1
947,947,being,354.16,354.52,0.36,0,352.7,1.46
948,948,destroyed,354.52,355.35,0.83,0,352.7,1.82
949,949,That,355.98,356.14,0.16,0.63,355.96,0.02
950,950,single,356.14,356.17,0.03,0,355.96,0.18
951,951,feature,356.17,356.69,0.52,0,355.96,0.21
952,952,separates,356.69,357.38,0.69,0,355.96,0.73
953,953,this,357.38,357.68,0.3,0,355.96,1.42
954,954,from,357.68,357.98,0.3,0,355.96,1.72
955,955,every,357.98,358.36,0.38,0,355.96,2.02
956,956,other,358.36,358.74,0.38,0,355.96,2.4
957,957,hostile,358.74,359.27,0.53,0,355.96,2.78
958,958,environment,359.27,360.26,0.99,0,355.96,3.31
959,959,on,360.26,360.36,0.1,0,355.96,4.3
960,960,this,360.36,360.58,0.22,0,355.96,4.4
961,961,list,360.58,360.86,0.28,0,355.96,4.62
962,962,A,361.58,361.61,0.03,0.72,361.58,0
963,963,fire,361.61,361.74,0.13,0,361.58,0.03
964,964,lane,361.74,361.97,0.23,0,361.58,0.16
965,965,is,361.97,362.15,0.18,0,361.58,0.39
966,966,cleared,362.15,362.79,0.64,0,361.58,0.57
967,967,Warriors,363.58,363.77,0.19,0.79,363.54,0.04
968,968,go,363.77,363.93,0.16,0,363.54,0.23
969,969,down,363.93,364.26,0.33,0,363.54,0.39
970,970,Twenty,364.96,365.13,0.17,0.7,364.96,0
971,971,minutes,365.13,365.5,0.37,0,364.96,0.17
972,972,later,365.5,365.85,0.35,0,365.9,-0.4
973,973,they,365.85,366.14,0.29,0,365.9,-0.05
974,974,ve,366.14,366.36,0.22,0,365.9,0.24
975,975,partially,366.36,367.02,0.66,0,365.9,0.46
976,976,rebuilt,367.02,367.59,0.57,0,367.88,-0.86
977,977,and,367.59,367.75,0.16,0,367.88,-0.29
978,978,res,367.75,367.97,0.22,0,367.88,-0.13
979,979,umed,367.97,368.26,0.29,0,367.88,0.09
980,980,patrol,368.26,368.7,0.44,0,367.88,0.38
981,981,Progress,369.46,369.84,0.38,0.76,369.52,-0.06
982,982,measured,369.84,370.31,0.47,0,369.52,0.32
983,983,in,370.31,370.44,0.13,0,369.52,0.79
984,984,confirmed,370.44,371.01,0.57,0,369.52,0.92
985,985,elimination,371.01,371.71,0.7,0,369.52,1.49
986,986,stops,371.71,372.02,0.31,0,369.52,2.19
987,987,being,372.02,372.33,0.31,0,369.52,2.5
988,988,meaningful,372.33,372.96,0.63,0,369.52,2.81
989,989,The,373.76,373.92,0.16,0.8,373.76,0
990,990,structure,373.92,373.97,0.05,0,373.76,0.16
991,991,itself,373.97,374.36,0.39,0,373.76,0.21
992,992,continuously,374.36,375.14,0.78,0,373.76,0.6
993,993,recon,375.14,375.46,0.32,0,373.76,1.38
994,994,fig,375.46,375.69,0.23,0,373.76,1.7
995,995,ures,375.69,375.91,0.22,0,373.76,1.93
996,996,around,375.91,376.39,0.48,0,373.76,2.15
997,997,the,376.39,376.49,0.1,0,373.76,2.63
998,998,intr,376.49,376.75,0.26,0,373.76,2.73
999,999,usion,376.75,377.07,0.32,0,373.76,2.99
,,,,,,,,
,,,,,,,,
"[Log] [inspector] ""Heading Skip + They’re The Worst Bugs"" — 2082 raw tokens (246 dropped), 1836 kept, 237 silences detected, audioDuration=709.01s (App.tsx, line 2518)",,,,,,,,
"[Log] [inspector] smear — pause-following tokens: 1823, median=0.760s, p95=4.787s, negative=281 (15.4%) (App.tsx, line 2529)",,,,,,,,
"[Log] [inspector] malformed-token drop breakdown: – {non-finite: 0, negative-start: 0, inverted-or-zero-duration: 54, …} (App.tsx, line 2530)",,,,,,,,
"{non-finite: 0, negative-start: 0, inverted-or-zero-duration: 54, past-audio-end: 0, empty-text: 192}Object",,,,,,,,
"[Log] [inspector] CSV (copy below): (App.tsx, line 2531)",,,,,,,,
"[Log] index,text,startSec,endSec,durationSec,gapToPrevTokenSec,nearestPrecedingSilenceEndSec,smearSec (App.tsx, line 2532)",,,,,,,,
"0,Some,0.160,0.280,0.120,,,",,,,,,,,
"1,places,0.280,0.710,0.430,0.000,,",,,,,,,,
"2,in,0.710,0.850,0.140,0.000,,",,,,,,,,
"3,the,0.850,1.080,0.230,0.000,,",,,,,,,,
"4,41,1.080,1.490,0.410,0.000,,",,,,,,,,
"5,st,1.490,1.700,0.210,0.000,,",,,,,,,,
"6,millenn,1.700,2.130,0.430,0.000,,",,,,,,,,
"7,ium,2.130,2.380,0.250,0.000,,",,,,,,,,
"8,don,2.380,2.630,0.250,0.000,,",,,,,,,,
"9,'t,2.630,2.660,0.030,0.000,,",,,,,,,,
"10,just,2.660,2.890,0.230,0.000,,",,,,,,,,
"11,kill,2.890,3.230,0.340,0.000,,",,,,,,,,
"12,soldiers,3.230,3.580,0.350,0.000,,",,,,,,,,
"13,They,4.360,4.440,0.080,0.780,4.360,0.000",,,,,,,,
"14,take,4.440,4.520,0.080,0.000,4.360,0.080",,,,,,,,
"15,apart,4.520,4.900,0.380,0.000,4.360,0.160",,,,,,,,
"16,the,4.900,5.100,0.200,0.000,4.360,0.540",,,,,,,,
"17,conditions,5.100,6.060,0.960,0.000,4.360,0.740",,,,,,,,
"18,under,6.060,6.290,0.230,0.000,4.360,1.700",,,,,,,,
"19,which,6.290,6.580,0.290,0.000,4.360,1.930",,,,,,,,
"20,a,6.580,6.640,0.060,0.000,4.360,2.220",,,,,,,,
"21,soldier,6.640,7.100,0.460,0.000,4.360,2.280",,,,,,,,
"22,can,7.100,7.290,0.190,0.000,4.360,2.740",,,,,,,,
"23,function,7.290,7.820,0.530,0.000,4.360,2.930",,,,,,,,
"24,in,7.820,7.930,0.110,0.000,4.360,3.460",,,,,,,,
"25,the,7.930,8.100,0.170,0.000,4.360,3.570",,,,,,,,
"26,first,8.100,8.660,0.560,0.000,4.360,3.740",,,,,,,,
"27,place,8.660,8.730,0.070,0.000,4.360,4.300",,,,,,,,
"28,Training,9.360,9.520,0.160,0.630,9.360,0.000",,,,,,,,
"29,equipment,9.590,10.250,0.660,0.070,9.360,0.230",,,,,,,,
"30,formation,10.440,11.060,0.620,0.190,9.360,1.080",,,,,,,,
"31,doctrine,11.190,11.780,0.590,0.130,11.500,-0.310",,,,,,,,
"32,gone,11.990,12.240,0.250,0.210,12.540,-0.550",,,,,,,,
"33,before,12.240,12.590,0.350,0.000,12.540,-0.300",,,,,,,,
"34,the,12.590,12.780,0.190,0.000,12.540,0.050",,,,,,,,
"35,first,12.780,13.100,0.320,0.000,12.540,0.240",,,,,,,,
"36,contact,13.100,13.730,0.630,0.000,12.540,0.560",,,,,,,,
"37,report,13.730,13.960,0.230,0.000,12.540,1.190",,,,,,,,
"38,These,14.640,14.720,0.080,0.680,14.660,-0.020",,,,,,,,
"39,aren,14.720,14.800,0.080,0.000,14.660,0.060",,,,,,,,
"40,'t,14.800,14.840,0.040,0.000,14.660,0.140",,,,,,,,
"41,the,14.840,15.030,0.190,0.000,14.660,0.180",,,,,,,,
"42,worst,15.030,15.330,0.300,0.000,14.660,0.370",,,,,,,,
"43,battlefield,15.330,16.040,0.710,0.000,14.660,0.670",,,,,,,,
"44,s,16.040,16.100,0.060,0.000,14.660,1.380",,,,,,,,
"45,because,16.100,16.570,0.470,0.000,16.640,-0.540",,,,,,,,
"46,of,16.570,16.660,0.090,0.000,16.640,-0.070",,,,,,,,
"47,the,16.660,16.850,0.190,0.000,16.640,0.020",,,,,,,,
"48,numbers,16.850,17.290,0.440,0.000,16.640,0.210",,,,,,,,
"49,'re,18.100,18.210,0.110,0.810,18.080,0.020",,,,,,,,
"50,the,18.210,18.260,0.050,0.000,18.080,0.130",,,,,,,,
"51,worst,18.260,18.640,0.380,0.000,18.700,-0.440",,,,,,,,
"52,because,18.640,19.020,0.380,0.000,18.700,-0.060",,,,,,,,
"53,the,19.020,19.220,0.200,0.000,18.700,0.320",,,,,,,,
"54,environment,19.220,20.030,0.810,0.000,18.700,0.520",,,,,,,,
"55,was,20.030,20.170,0.140,0.000,18.700,1.330",,,,,,,,
"56,already,20.170,20.730,0.560,0.000,18.700,1.470",,,,,,,,
"57,doing,20.730,20.980,0.250,0.000,18.700,2.030",,,,,,,,
"58,the,20.980,21.330,0.350,0.000,18.700,2.280",,,,,,,,
"59,killing,21.330,21.720,0.390,0.000,18.700,2.630",,,,,,,,
"60,before,21.720,22.040,0.320,0.000,18.700,3.020",,,,,,,,
"61,the,22.040,22.470,0.430,0.000,18.700,3.340",,,,,,,,
"62,enemy,22.470,22.490,0.020,0.000,18.700,3.770",,,,,,,,
"63,showed,22.490,22.780,0.290,0.000,18.700,3.790",,,,,,,,
"64,up,22.780,22.930,0.150,0.000,18.700,4.080",,,,,,,,
"65,6,23.420,23.590,0.170,0.490,23.380,0.040",,,,,,,,
"66,Cat,24.040,24.320,0.280,0.450,23.380,0.660",,,,,,,,
"67,ac,24.320,24.490,0.170,0.000,23.380,0.940",,,,,,,,
"68,an,24.490,24.700,0.210,0.000,23.380,1.110",,,,,,,,
"69,Before,24.700,25.240,0.540,0.000,25.140,-0.440",,,,,,,,
"70,Cat,25.240,25.370,0.130,0.000,25.140,0.100",,,,,,,,
"71,ac,25.370,25.520,0.150,0.000,25.140,0.230",,,,,,,,
"72,an,25.520,25.670,0.150,0.000,25.140,0.380",,,,,,,,
"73,produced,25.670,26.270,0.600,0.000,25.140,0.530",,,,,,,,
"74,the,26.270,26.490,0.220,0.000,25.140,1.130",,,,,,,,
"75,Imper,26.490,26.860,0.370,0.000,25.140,1.350",,,,,,,,
"76,ium,26.860,27.080,0.220,0.000,25.140,1.720",,,,,,,,
"77,'s,27.080,27.330,0.250,0.000,25.140,1.940",,,,,,,,
"78,most,27.330,27.580,0.250,0.000,25.140,2.190",,,,,,,,
"79,capable,27.580,28.050,0.470,0.000,25.140,2.440",,,,,,,,
"80,baseline,28.050,28.640,0.590,0.000,25.140,2.910",,,,,,,,
"81,human,28.640,29.090,0.450,0.000,25.140,3.500",,,,,,,,
"82,soldiers,29.090,29.660,0.570,0.000,25.140,3.950",,,,,,,,
"83,the,30.160,30.200,0.040,0.500,30.340,-0.180",,,,,,,,
"84,planet,30.200,30.600,0.400,0.000,30.340,-0.140",,,,,,,,
"85,had,30.600,30.800,0.200,0.000,30.340,0.260",,,,,,,,
"86,a,30.800,30.860,0.060,0.000,30.340,0.460",,,,,,,,
"87,simpler,30.860,31.370,0.510,0.000,30.340,0.520",,,,,,,,
"88,reputation,31.370,32.000,0.630,0.000,30.340,1.030",,,,,,,,
"89,It,32.880,32.940,0.060,0.880,32.880,0.000",,,,,,,,
"90,killed,32.940,33.040,0.100,0.000,32.880,0.060",,,,,,,,
"91,everything,33.040,33.820,0.780,0.000,32.880,0.160",,,,,,,,
"92,on,33.820,33.990,0.170,0.000,32.880,0.940",,,,,,,,
"93,it,33.990,34.250,0.260,0.000,32.880,1.110",,,,,,,,
"94,The,34.800,34.960,0.160,0.550,34.820,-0.020",,,,,,,,
"95,jungle,34.960,35.060,0.100,0.000,34.820,0.140",,,,,,,,
"96,didn,35.060,35.340,0.280,0.000,34.820,0.240",,,,,,,,
"97,'t,35.340,35.460,0.120,0.000,35.620,-0.280",,,,,,,,
"98,evolve,35.460,35.880,0.420,0.000,35.620,-0.160",,,,,,,,
"99,around,35.880,36.260,0.380,0.000,35.620,0.260",,,,,,,,
"100,human,36.260,36.590,0.330,0.000,35.620,0.640",,,,,,,,
"101,warfare,36.590,37.060,0.470,0.000,35.620,0.970",,,,,,,,
"102,spent,37.940,38.100,0.160,0.880,37.940,0.000",,,,,,,,
"103,millions,38.100,38.610,0.510,0.000,38.640,-0.540",,,,,,,,
"104,of,38.610,38.780,0.170,0.000,38.640,-0.030",,,,,,,,
"105,years,38.780,39.310,0.530,0.000,38.640,0.140",,,,,,,,
"106,optimizing,39.310,40.090,0.780,0.000,40.080,-0.770",,,,,,,,
"107,toward,40.090,40.610,0.520,0.000,40.080,0.010",,,,,,,,
"108,a,40.610,40.690,0.080,0.000,40.080,0.530",,,,,,,,
"109,single,40.690,41.210,0.520,0.000,40.080,0.610",,,,,,,,
"110,outcome,41.210,41.880,0.670,0.000,40.080,1.130",,,,,,,,
"111,and,42.200,42.360,0.160,0.320,42.480,-0.280",,,,,,,,
"112,anything,42.360,42.580,0.220,0.000,42.480,-0.120",,,,,,,,
"113,with,42.580,42.830,0.250,0.000,42.480,0.100",,,,,,,,
"114,a,42.830,42.890,0.060,0.000,42.480,0.350",,,,,,,,
"115,nervous,42.890,43.330,0.440,0.000,42.480,0.410",,,,,,,,
"116,system,43.330,43.710,0.380,0.000,42.480,0.850",,,,,,,,
"117,is,43.710,43.900,0.190,0.000,42.480,1.230",,,,,,,,
"118,on,43.900,43.950,0.050,0.000,42.480,1.420",,,,,,,,
"119,the,43.950,44.140,0.190,0.000,42.480,1.470",,,,,,,,
"120,wrong,44.140,44.460,0.320,0.000,42.480,1.660",,,,,,,,
"121,side,44.460,44.830,0.370,0.000,42.480,1.980",,,,,,,,
"122,that,44.830,45.080,0.250,0.000,42.480,2.350",,,,,,,,
"123,outcome,45.080,45.520,0.440,0.000,42.480,2.600",,,,,,,,
"124,Hum,46.260,46.410,0.150,0.740,46.280,-0.020",,,,,,,,
"125,idity,46.410,46.440,0.030,0.000,46.280,0.130",,,,,,,,
"126,wre,46.440,46.680,0.240,0.000,46.280,0.160",,,,,,,,
"127,cks,46.680,46.920,0.240,0.000,46.280,0.400",,,,,,,,
"128,un,46.920,47.080,0.160,0.000,46.280,0.640",,,,,,,,
"129,prot,47.080,47.400,0.320,0.000,46.280,0.800",,,,,,,,
"130,ected,47.400,47.800,0.400,0.000,46.280,1.120",,,,,,,,
"131,electronics,47.800,48.680,0.880,0.000,46.280,1.520",,,,,,,,
"132,inside,48.680,49.170,0.490,0.000,46.280,2.400",,,,,,,,
"133,a,49.170,49.250,0.080,0.000,46.280,2.890",,,,,,,,
"134,few,49.250,49.490,0.240,0.000,46.280,2.970",,,,,,,,
"135,hours,49.490,49.890,0.400,0.000,46.280,3.210",,,,,,,,
"136,Lost,50.660,50.820,0.160,0.770,50.620,0.040",,,,,,,,
"137,charge,50.820,50.900,0.080,0.000,50.620,0.200",,,,,,,,
"138,packs,50.900,51.260,0.360,0.000,50.620,0.280",,,,,,,,
"139,corro,51.260,51.610,0.350,0.000,50.620,0.640",,,,,,,,
"140,de,51.610,51.760,0.150,0.000,50.620,0.990",,,,,,,,
"141,Opt,52.000,52.200,0.200,0.240,52.380,-0.380",,,,,,,,
"142,ical,52.200,52.540,0.340,0.000,52.380,-0.180",,,,,,,,
"143,sc,52.540,52.600,0.060,0.000,52.380,0.160",,,,,,,,
"144,opes,52.600,52.870,0.270,0.000,52.380,0.220",,,,,,,,
"145,fog,52.870,53.080,0.210,0.000,52.380,0.490",,,,,,,,
"146,permanently,53.080,53.810,0.730,0.000,52.380,0.700",,,,,,,,
"147,The,54.560,54.720,0.160,0.750,54.520,0.040",,,,,,,,
"148,canopy,54.720,54.800,0.080,0.000,54.520,0.200",,,,,,,,
"149,generates,54.800,55.560,0.760,0.000,54.520,0.280",,,,,,,,
"150,a,55.560,55.640,0.080,0.000,54.520,1.040",,,,,,,,
"151,biological,55.640,56.490,0.850,0.000,54.520,1.120",,,,,,,,
"152,electrical,56.490,57.340,0.850,0.000,54.520,1.970",,,,,,,,
"153,field,57.340,57.790,0.450,0.000,54.520,2.820",,,,,,,,
"154,that,57.790,58.100,0.310,0.000,54.520,3.270",,,,,,,,
"155,j,58.100,58.180,0.080,0.000,54.520,3.580",,,,,,,,
"156,ams,58.180,58.430,0.250,0.000,54.520,3.660",,,,,,,,
"157,vo,58.430,58.680,0.250,0.000,54.520,3.910",,,,,,,,
"158,x,58.680,58.930,0.250,0.000,54.520,4.160",,,,,,,,
"159,cas,58.930,58.950,0.020,0.000,54.520,4.410",,,,,,,,
"160,ters,58.950,59.340,0.390,0.000,54.520,4.430",,,,,,,,
"161,something,59.930,60.300,0.370,0.590,54.520,5.410",,,,,,,,
"162,the,60.300,60.470,0.170,0.000,54.520,5.780",,,,,,,,
"163,Mechan,60.470,60.830,0.360,0.000,54.520,5.950",,,,,,,,
"164,icus,60.830,61.130,0.300,0.000,54.520,6.310",,,,,,,,
"165,has,61.130,61.260,0.130,0.000,54.520,6.610",,,,,,,,
"166,catalog,61.260,61.690,0.430,0.000,54.520,6.740",,,,,,,,
"167,ed,61.690,61.800,0.110,0.000,62.180,-0.490",,,,,,,,
"168,and,61.800,61.980,0.180,0.000,62.180,-0.380",,,,,,,,
"169,never,61.980,62.390,0.410,0.000,62.180,-0.200",,,,,,,,
"170,adequately,62.390,62.990,0.600,0.000,62.180,0.210",,,,,,,,
"171,explained,62.990,63.420,0.430,0.000,62.180,0.810",,,,,,,,
"172,That,64.040,64.120,0.080,0.620,64.120,-0.080",,,,,,,,
"173,'s,64.120,64.210,0.090,0.000,64.120,0.000",,,,,,,,
"174,before,64.210,64.600,0.390,0.000,64.120,0.090",,,,,,,,
"175,anything,64.600,65.240,0.640,0.000,65.280,-0.680",,,,,,,,
"176,in,65.240,65.410,0.170,0.000,65.280,-0.040",,,,,,,,
"177,the,65.410,65.740,0.330,0.000,65.280,0.130",,,,,,,,
"178,jungle,65.740,66.120,0.380,0.000,65.280,0.460",,,,,,,,
"179,decides,66.120,66.680,0.560,0.000,65.280,0.840",,,,,,,,
"180,to,66.680,66.840,0.160,0.000,65.280,1.400",,,,,,,,
"181,engage,66.840,67.320,0.480,0.000,65.280,1.560",,,,,,,,
"182,ac,68.120,68.280,0.160,0.800,68.080,0.040",,,,,,,,
"183,an,68.280,68.320,0.040,0.000,68.080,0.200",,,,,,,,
"184,devil,68.320,68.840,0.520,0.000,68.080,0.240",,,,,,,,
"185,ants,68.980,69.270,0.290,0.140,69.300,-0.320",,,,,,,,
"186,dissolve,69.270,69.850,0.580,0.000,69.300,-0.030",,,,,,,,
"187,flesh,69.850,70.210,0.360,0.000,69.300,0.550",,,,,,,,
"188,faster,70.210,70.750,0.540,0.000,69.300,0.910",,,,,,,,
"189,than,70.750,70.940,0.190,0.000,69.300,1.450",,,,,,,,
"190,combat,70.940,71.380,0.440,0.000,69.300,1.640",,,,,,,,
"191,grade,71.450,71.800,0.350,0.070,69.300,2.150",,,,,,,,
"192,acid,71.800,72.100,0.300,0.000,69.300,2.500",,,,,,,,
"193,Cat,72.860,73.000,0.140,0.760,72.880,-0.020",,,,,,,,
"194,ac,73.000,73.030,0.030,0.000,72.880,0.120",,,,,,,,
"195,an,73.030,73.160,0.130,0.000,72.880,0.150",,,,,,,,
"196,devil,73.160,73.560,0.400,0.000,72.880,0.280",,,,,,,,
"197,itself,73.560,74.030,0.470,0.000,72.880,0.680",,,,,,,,
"198,six,74.230,74.570,0.340,0.200,74.640,-0.410",,,,,,,,
"199,limbs,74.570,75.160,0.590,0.000,74.640,-0.070",,,,,,,,
"200,ch,75.490,75.540,0.050,0.330,75.820,-0.330",,,,,,,,
"201,it,75.540,75.680,0.140,0.000,75.820,-0.280",,,,,,,,
"202,in,75.680,75.820,0.140,0.000,75.820,-0.140",,,,,,,,
"203,thick,75.820,76.180,0.360,0.000,75.820,0.000",,,,,,,,
"204,enough,76.180,76.610,0.430,0.000,75.820,0.360",,,,,,,,
"205,to,76.610,76.750,0.140,0.000,75.820,0.790",,,,,,,,
"206,deflect,76.750,77.250,0.500,0.000,75.820,0.930",,,,,,,,
"207,small,77.250,77.610,0.360,0.000,75.820,1.430",,,,,,,,
"208,arms,77.610,77.890,0.280,0.000,75.820,1.790",,,,,,,,
"209,fire,77.890,78.170,0.280,0.000,75.820,2.070",,,,,,,,
"210,ts,78.700,78.780,0.080,0.530,75.820,2.880",,,,,,,,
"211,by,78.780,78.860,0.080,0.000,75.820,2.960",,,,,,,,
"212,thermal,78.860,79.240,0.380,0.000,75.820,3.040",,,,,,,,
"213,signature,79.240,79.770,0.530,0.000,75.820,3.420",,,,,,,,
"214,ang,80.560,80.650,0.090,0.790,80.520,0.040",,,,,,,,
"215,ler,80.650,80.730,0.080,0.000,80.520,0.130",,,,,,,,
"216,plants,80.730,81.120,0.390,0.000,80.520,0.210",,,,,,,,
"217,drop,81.120,81.430,0.310,0.000,80.520,0.600",,,,,,,,
"218,tend,81.430,81.740,0.310,0.000,80.520,0.910",,,,,,,,
"219,rils,81.740,82.050,0.310,0.000,80.520,1.220",,,,,,,,
"220,that,82.050,82.360,0.310,0.000,80.520,1.530",,,,,,,,
"221,sever,82.360,82.750,0.390,0.000,82.880,-0.520",,,,,,,,
"222,limbs,82.750,83.190,0.440,0.000,82.880,-0.130",,,,,,,,
"223,before,83.190,83.610,0.420,0.000,82.880,0.310",,,,,,,,
"224,the,83.610,83.840,0.230,0.000,82.880,0.730",,,,,,,,
"225,soldier,83.840,84.390,0.550,0.000,82.880,0.960",,,,,,,,
"226,registers,84.390,85.160,0.770,0.000,82.880,1.510",,,,,,,,
"227,contact,85.160,85.650,0.490,0.000,82.880,2.280",,,,,,,,
"228,My,86.620,86.640,0.020,0.970,86.440,0.180",,,,,,,,
"229,ra,86.640,86.760,0.120,0.000,86.440,0.200",,,,,,,,
"230,land,86.760,87.040,0.280,0.000,86.440,0.320",,,,,,,,
"231,sharks,87.040,87.440,0.400,0.000,86.440,0.600",,,,,,,,
"232,track,87.440,87.850,0.410,0.000,86.440,1.000",,,,,,,,
"233,ground,87.850,88.230,0.380,0.000,86.440,1.410",,,,,,,,
"234,vibration,88.230,88.860,0.630,0.000,86.440,1.790",,,,,,,,
"235,Every,89.700,89.860,0.160,0.840,89.680,0.020",,,,,,,,
"236,shadow,89.860,89.980,0.120,0.000,89.680,0.180",,,,,,,,
"237,has,89.980,90.240,0.260,0.000,89.680,0.300",,,,,,,,
"238,been,90.240,90.550,0.310,0.000,89.680,0.560",,,,,,,,
"239,occup,90.550,91.070,0.520,0.000,89.680,0.870",,,,,,,,
"240,ying,91.070,91.280,0.210,0.000,89.680,1.390",,,,,,,,
"241,it,91.280,91.440,0.160,0.000,89.680,1.600",,,,,,,,
"242,longer,91.440,91.930,0.490,0.000,89.680,1.760",,,,,,,,
"243,than,91.930,92.330,0.400,0.000,89.680,2.250",,,,,,,,
"244,any,92.330,92.500,0.170,0.000,89.680,2.650",,,,,,,,
"245,patrol,92.500,92.990,0.490,0.000,92.820,-0.320",,,,,,,,
"246,has,92.990,93.230,0.240,0.000,92.820,0.170",,,,,,,,
"247,been,93.230,93.560,0.330,0.000,92.820,0.410",,,,,,,,
"248,searching,93.560,94.300,0.740,0.000,92.820,0.740",,,,,,,,
"249,it,94.300,94.530,0.230,0.000,92.820,1.480",,,,,,,,
"250,Forces,94.840,95.380,0.540,0.310,95.220,-0.380",,,,,,,,
"251,without,95.380,95.850,0.470,0.000,95.220,0.160",,,,,,,,
"252,Cat,95.850,96.210,0.360,0.000,95.220,0.630",,,,,,,,
"253,ac,96.210,96.270,0.060,0.000,95.220,0.990",,,,,,,,
"254,an,96.270,96.510,0.240,0.000,95.220,1.050",,,,,,,,
"255,born,96.540,96.840,0.300,0.030,95.220,1.320",,,,,,,,
"256,soldiers,96.840,97.510,0.670,0.000,97.820,-0.980",,,,,,,,
"257,operate,97.510,98.090,0.580,0.000,97.820,-0.310",,,,,,,,
"258,at,98.090,98.250,0.160,0.000,97.820,0.270",,,,,,,,
"259,a,98.250,98.320,0.070,0.000,97.820,0.430",,,,,,,,
"260,deficit,98.320,99.210,0.890,0.000,99.400,-1.080",,,,,,,,
"261,that,99.210,99.240,0.030,0.000,99.400,-0.190",,,,,,,,
"262,no,99.240,99.440,0.200,0.000,99.400,-0.160",,,,,,,,
"263,amount,99.440,99.860,0.420,0.000,99.400,0.040",,,,,,,,
"264,of,99.860,99.890,0.030,0.000,99.400,0.460",,,,,,,,
"265,preparation,99.890,100.620,0.730,0.000,99.400,0.490",,,,,,,,
"266,closes,100.620,101.050,0.430,0.000,99.400,1.220",,,,,,,,
"267,The,101.840,101.880,0.040,0.790,101.860,-0.020",,,,,,,,
"268,jungle,101.880,102.000,0.120,0.000,101.860,0.020",,,,,,,,
"269,doesn,102.000,102.240,0.240,0.000,101.860,0.140",,,,,,,,
"270,'t,102.240,102.380,0.140,0.000,101.860,0.380",,,,,,,,
"271,tele,102.380,102.670,0.290,0.000,101.860,0.520",,,,,,,,
"272,graph,102.670,103.030,0.360,0.000,101.860,0.810",,,,,,,,
"273,its,103.030,103.240,0.210,0.000,101.860,1.170",,,,,,,,
"274,threats,103.240,103.770,0.530,0.000,101.860,1.380",,,,,,,,
"275,It,104.480,104.640,0.160,0.710,104.540,-0.060",,,,,,,,
"276,withhold,104.640,104.710,0.070,0.000,104.540,0.100",,,,,,,,
"277,s,104.710,104.780,0.070,0.000,104.540,0.170",,,,,,,,
"278,them,104.780,105.070,0.290,0.000,104.540,0.240",,,,,,,,
"279,until,105.070,105.420,0.350,0.000,104.540,0.530",,,,,,,,
"280,they,105.420,105.850,0.430,0.000,104.540,0.880",,,,,,,,
"281,'re,105.850,105.930,0.080,0.000,104.540,1.310",,,,,,,,
"282,already,105.930,106.430,0.500,0.000,106.700,-0.770",,,,,,,,
"283,past,106.430,106.720,0.290,0.000,106.700,-0.270",,,,,,,,
"284,the,106.720,106.930,0.210,0.000,106.700,0.020",,,,,,,,
"285,point,106.930,107.360,0.430,0.000,106.700,0.230",,,,,,,,
"286,of,107.360,107.430,0.070,0.000,106.700,0.660",,,,,,,,
"287,response,107.430,108.000,0.570,0.000,106.700,0.730",,,,,,,,
"288,Cat,108.930,108.940,0.010,0.930,108.760,0.170",,,,,,,,
"289,ac,108.940,109.040,0.100,0.000,108.760,0.180",,,,,,,,
"290,an,109.040,109.140,0.100,0.000,108.760,0.280",,,,,,,,
"291,reg,109.140,109.320,0.180,0.000,108.760,0.380",,,,,,,,
"292,iments,109.320,109.620,0.300,0.000,108.760,0.560",,,,,,,,
"293,work,109.620,109.850,0.230,0.000,108.760,0.860",,,,,,,,
"294,in,109.850,109.930,0.080,0.000,108.760,1.090",,,,,,,,
"295,that,109.930,110.150,0.220,0.000,108.760,1.170",,,,,,,,
"296,environment,110.150,110.760,0.610,0.000,108.760,1.390",,,,,,,,
"297,because,110.760,111.170,0.410,0.000,108.760,2.000",,,,,,,,
"298,they,111.170,111.410,0.240,0.000,108.760,2.410",,,,,,,,
"299,grew,111.410,111.660,0.250,0.000,108.760,2.650",,,,,,,,
"300,up,111.660,111.740,0.080,0.000,108.760,2.900",,,,,,,,
"301,treating,111.740,112.210,0.470,0.000,108.760,2.980",,,,,,,,
"302,survival,112.210,112.720,0.510,0.000,108.760,3.450",,,,,,,,
"303,as,112.720,112.970,0.250,0.000,108.760,3.960",,,,,,,,
"304,a,112.970,113.160,0.190,0.000,108.760,4.210",,,,,,,,
"305,practical,113.160,113.800,0.640,0.000,108.760,4.400",,,,,,,,
"306,discipline,113.800,114.720,0.920,0.000,114.260,-0.460",,,,,,,,
"307,rather,114.720,115.170,0.450,0.000,115.200,-0.480",,,,,,,,
"308,than,115.170,115.470,0.300,0.000,115.200,-0.030",,,,,,,,
"309,an,115.470,115.620,0.150,0.000,115.200,0.270",,,,,,,,
"310,expected,115.620,116.300,0.680,0.000,115.200,0.420",,,,,,,,
"311,outcome,116.300,116.740,0.440,0.000,115.200,1.100",,,,,,,,
"312,For,116.980,117.200,0.220,0.240,117.460,-0.480",,,,,,,,
"313,everyone,117.200,117.810,0.610,0.000,117.460,-0.260",,,,,,,,
"314,else,117.810,118.110,0.300,0.000,117.460,0.350",,,,,,,,
"315,the,118.350,118.550,0.200,0.240,118.620,-0.270",,,,,,,,
"316,mission,118.550,119.180,0.630,0.000,118.620,-0.070",,,,,,,,
"317,doesn,119.180,119.630,0.450,0.000,118.620,0.560",,,,,,,,
"318,'t,119.630,119.860,0.230,0.000,118.620,1.010",,,,,,,,
"319,fail,119.860,120.210,0.350,0.000,120.420,-0.560",,,,,,,,
"320,on,120.210,120.350,0.140,0.000,120.420,-0.210",,,,,,,,
"321,Cat,120.350,120.620,0.270,0.000,120.420,-0.070",,,,,,,,
"322,ac,120.620,120.800,0.180,0.000,120.420,0.200",,,,,,,,
"323,an,120.800,121.260,0.460,0.000,120.420,0.380",,,,,,,,
"324,The,121.600,121.760,0.160,0.340,121.660,-0.060",,,,,,,,
"325,jungle,121.760,121.900,0.140,0.000,121.660,0.100",,,,,,,,
"326,absorbs,121.900,122.400,0.500,0.000,121.660,0.240",,,,,,,,
"327,it,122.400,122.540,0.140,0.000,121.660,0.740",,,,,,,,
"328,and,122.540,122.750,0.210,0.000,121.660,0.880",,,,,,,,
"329,moves,122.750,123.110,0.360,0.000,121.660,1.090",,,,,,,,
"330,on,123.110,123.300,0.190,0.000,121.660,1.450",,,,,,,,
"331,Number,123.940,124.100,0.160,0.640,123.900,0.040",,,,,,,,
"332,five,124.100,124.360,0.260,0.000,123.900,0.200",,,,,,,,
"333,space,124.530,124.960,0.430,0.170,123.900,0.630",,,,,,,,
"334,h,124.960,125.040,0.080,0.000,123.900,1.060",,,,,,,,
"335,ul,125.040,125.310,0.270,0.000,123.900,1.140",,,,,,,,
"336,ks,125.310,125.380,0.070,0.000,123.900,1.410",,,,,,,,
"337,A,126.210,126.300,0.090,0.830,126.140,0.070",,,,,,,,
"338,space,126.300,126.650,0.350,0.000,126.140,0.160",,,,,,,,
"339,h,126.650,126.680,0.030,0.000,126.140,0.510",,,,,,,,
"340,ulk,126.680,126.870,0.190,0.000,127.140,-0.460",,,,,,,,
"341,is,126.870,127.020,0.150,0.000,127.140,-0.270",,,,,,,,
"342,centuries,127.020,127.700,0.680,0.000,127.140,-0.120",,,,,,,,
"343,of,127.700,127.850,0.150,0.000,127.140,0.560",,,,,,,,
"344,accumulated,127.850,128.770,0.920,0.000,127.140,0.710",,,,,,,,
"345,ships,128.770,129.050,0.280,0.000,127.140,1.630",,,,,,,,
"346,stations,129.370,129.800,0.430,0.320,127.140,2.230",,,,,,,,
"347,and,129.940,130.500,0.560,0.140,127.140,2.800",,,,,,,,
"348,debris,130.500,130.740,0.240,0.000,127.140,3.360",,,,,,,,
"349,f,130.860,130.970,0.110,0.120,131.420,-0.560",,,,,,,,
"350,used,130.970,131.310,0.340,0.000,131.420,-0.450",,,,,,,,
"351,by,131.310,131.480,0.170,0.000,131.420,-0.110",,,,,,,,
"352,warp,131.480,131.850,0.370,0.000,131.420,0.060",,,,,,,,
"353,transit,131.850,132.480,0.630,0.000,131.420,0.430",,,,,,,,
"354,into,132.480,132.840,0.360,0.000,131.420,1.060",,,,,,,,
"355,a,132.840,132.930,0.090,0.000,131.420,1.420",,,,,,,,
"356,structure,132.930,133.740,0.810,0.000,131.420,1.510",,,,,,,,
"357,too,133.740,134.010,0.270,0.000,131.420,2.320",,,,,,,,
"358,massive,134.010,134.680,0.670,0.000,131.420,2.590",,,,,,,,
"359,to,134.680,134.820,0.140,0.000,131.420,3.260",,,,,,,,
"360,ignore,134.820,135.490,0.670,0.000,131.420,3.400",,,,,,,,
"361,and,135.490,135.580,0.090,0.000,135.860,-0.370",,,,,,,,
"362,too,135.580,135.780,0.200,0.000,135.860,-0.280",,,,,,,,
"363,unstable,135.780,136.370,0.590,0.000,135.860,-0.080",,,,,,,,
"364,for,136.370,136.710,0.340,0.000,135.860,0.510",,,,,,,,
"365,any,136.710,136.730,0.020,0.000,135.860,0.850",,,,,,,,
"366,chart,136.730,137.070,0.340,0.000,135.860,0.870",,,,,,,,
"367,to,137.070,137.200,0.130,0.000,135.860,1.210",,,,,,,,
"368,stay,137.200,137.640,0.440,0.000,135.860,1.340",,,,,,,,
"369,current,137.640,137.950,0.310,0.000,135.860,1.780",,,,,,,,
"370,on,137.950,138.080,0.130,0.000,135.860,2.090",,,,,,,,
"371,Board,138.740,138.900,0.160,0.660,138.740,0.000",,,,,,,,
"372,ing,138.900,138.950,0.050,0.000,138.740,0.160",,,,,,,,
"373,one,138.950,139.280,0.330,0.000,138.740,0.210",,,,,,,,
"374,isn,139.280,139.390,0.110,0.000,138.740,0.540",,,,,,,,
"375,'t,139.390,139.520,0.130,0.000,138.740,0.650",,,,,,,,
"376,a,139.520,139.600,0.080,0.000,138.740,0.780",,,,,,,,
"377,tactical,139.600,140.190,0.590,0.000,138.740,0.860",,,,,,,,
"378,challenge,140.190,140.850,0.660,0.000,138.740,1.450",,,,,,,,
"379,a,141.540,141.710,0.170,0.690,141.600,-0.060",,,,,,,,
"380,structural,141.710,142.080,0.370,0.000,141.600,0.110",,,,,,,,
"381,imposs,142.080,142.480,0.400,0.000,141.600,0.480",,,,,,,,
"382,ibility,142.480,142.940,0.460,0.000,141.600,0.880",,,,,,,,
"383,that,142.940,143.240,0.300,0.000,141.600,1.340",,,,,,,,
"384,command,143.240,143.660,0.420,0.000,141.600,1.640",,,,,,,,
"385,has,143.660,143.860,0.200,0.000,141.600,2.060",,,,,,,,
"386,decided,143.860,144.320,0.460,0.000,141.600,2.260",,,,,,,,
"387,cannot,144.320,144.770,0.450,0.000,141.600,2.720",,,,,,,,
"388,be,144.770,144.850,0.080,0.000,141.600,3.170",,,,,,,,
"389,avoided,144.850,145.310,0.460,0.000,141.600,3.250",,,,,,,,
"390,The,145.740,145.770,0.030,0.430,146.120,-0.380",,,,,,,,
"391,corridors,145.770,146.350,0.580,0.000,146.120,-0.350",,,,,,,,
"392,weren,146.350,146.680,0.330,0.000,146.120,0.230",,,,,,,,
"393,'t,146.680,146.950,0.270,0.000,146.120,0.560",,,,,,,,
"394,built,146.950,147.130,0.180,0.000,146.120,0.830",,,,,,,,
"395,They,147.840,147.880,0.040,0.710,147.840,0.000",,,,,,,,
"396,'re,147.880,148.000,0.120,0.000,147.840,0.040",,,,,,,,
"397,the,148.000,148.110,0.110,0.000,147.840,0.160",,,,,,,,
"398,overlapping,148.110,148.950,0.840,0.000,147.840,0.270",,,,,,,,
"399,inter,148.950,149.330,0.380,0.000,147.840,1.110",,,,,,,,
"400,iors,149.330,149.630,0.300,0.000,147.840,1.490",,,,,,,,
"401,of,149.630,149.780,0.150,0.000,147.840,1.790",,,,,,,,
"402,vessels,149.780,150.470,0.690,0.000,147.840,1.940",,,,,,,,
"403,that,150.470,150.610,0.140,0.000,147.840,2.630",,,,,,,,
"404,were,150.610,151.070,0.460,0.000,147.840,2.770",,,,,,,,
"405,never,151.070,151.290,0.220,0.000,147.840,3.230",,,,,,,,
"406,designed,151.290,152.050,0.760,0.000,147.840,3.450",,,,,,,,
"407,to,152.050,152.220,0.170,0.000,147.840,4.210",,,,,,,,
"408,share,152.220,152.440,0.220,0.000,152.780,-0.560",,,,,,,,
"409,a,152.440,152.500,0.060,0.000,152.780,-0.340",,,,,,,,
"410,wall,152.500,152.860,0.360,0.000,152.780,-0.280",,,,,,,,
"411,smashed,152.950,153.490,0.540,0.090,152.780,0.170",,,,,,,,
"412,into,153.490,153.780,0.290,0.000,152.780,0.710",,,,,,,,
"413,adjac,153.780,154.160,0.380,0.000,152.780,1.000",,,,,,,,
"414,ency,154.160,154.460,0.300,0.000,152.780,1.380",,,,,,,,
"415,by,154.460,154.610,0.150,0.000,152.780,1.680",,,,,,,,
"416,warp,154.610,154.910,0.300,0.000,152.780,1.830",,,,,,,,
"417,physics,154.910,155.440,0.530,0.000,152.780,2.130",,,,,,,,
"418,ors,156.360,156.520,0.160,0.920,156.340,0.020",,,,,,,,
"419,become,156.520,156.730,0.210,0.000,156.340,0.180",,,,,,,,
"420,ce,156.730,156.900,0.170,0.000,156.340,0.390",,,,,,,,
"421,il,156.900,157.030,0.130,0.000,156.340,0.560",,,,,,,,
"422,ings,157.030,157.320,0.290,0.000,156.340,0.690",,,,,,,,
"423,two,157.320,157.570,0.250,0.000,156.340,0.980",,,,,,,,
"424,jun,157.570,157.800,0.230,0.000,156.340,1.230",,,,,,,,
"425,ctions,157.800,158.290,0.490,0.000,156.340,1.460",,,,,,,,
"426,in,158.290,158.420,0.130,0.000,156.340,1.950",,,,,,,,
"427,Gravity,159.200,159.360,0.160,0.780,159.180,0.020",,,,,,,,
"428,plates,159.360,159.740,0.380,0.000,159.180,0.180",,,,,,,,
"429,from,159.740,159.970,0.230,0.000,159.180,0.560",,,,,,,,
"430,different,159.970,160.660,0.690,0.000,159.180,0.790",,,,,,,,
"431,ships,160.660,161.030,0.370,0.000,159.180,1.480",,,,,,,,
"432,pull,161.030,161.330,0.300,0.000,161.460,-0.430",,,,,,,,
"433,in,161.330,161.480,0.150,0.000,161.460,-0.130",,,,,,,,
"434,competing,161.480,162.150,0.670,0.000,161.460,0.020",,,,,,,,
"435,directions,162.150,162.890,0.740,0.000,161.460,0.690",,,,,,,,
"436,in,162.890,163.050,0.160,0.000,161.460,1.430",,,,,,,,
"437,rooms,163.050,163.570,0.520,0.000,161.460,1.590",,,,,,,,
"438,separated,163.570,164.220,0.650,0.000,161.460,2.110",,,,,,,,
"439,by,164.220,164.240,0.020,0.000,161.460,2.760",,,,,,,,
"440,a,164.240,164.310,0.070,0.000,161.460,2.780",,,,,,,,
"441,single,164.310,164.760,0.450,0.000,161.460,2.850",,,,,,,,
"442,bulk,164.760,165.060,0.300,0.000,161.460,3.300",,,,,,,,
"443,head,165.060,165.410,0.350,0.000,161.460,3.600",,,,,,,,
"444,ions,166.180,166.340,0.160,0.770,166.120,0.060",,,,,,,,
"445,press,166.340,166.510,0.170,0.000,166.120,0.220",,,,,,,,
"446,ur,166.510,166.720,0.210,0.000,166.120,0.390",,,,,,,,
"447,ize,166.720,166.840,0.120,0.000,166.120,0.600",,,,,,,,
"448,and,166.840,167.040,0.200,0.000,166.120,0.720",,,,,,,,
"449,vent,167.040,167.300,0.260,0.000,166.120,0.920",,,,,,,,
"450,without,167.300,167.760,0.460,0.000,166.120,1.180",,,,,,,,
"451,warning,167.760,168.220,0.460,0.000,166.120,1.640",,,,,,,,
"452,when,168.220,168.480,0.260,0.000,166.120,2.100",,,,,,,,
"453,something,168.480,169.080,0.600,0.000,166.120,2.360",,,,,,,,
"454,fails,169.080,169.410,0.330,0.000,166.120,2.960",,,,,,,,
"455,The,169.840,169.910,0.070,0.430,170.200,-0.360",,,,,,,,
"456,atmosphere,169.910,170.680,0.770,0.000,170.200,-0.290",,,,,,,,
"457,where,170.830,171.210,0.380,0.150,170.200,0.630",,,,,,,,
"458,it,171.210,171.380,0.170,0.000,170.200,1.010",,,,,,,,
"459,exists,171.380,171.820,0.440,0.000,170.200,1.180",,,,,,,,
"460,at,171.820,171.970,0.150,0.000,170.200,1.620",,,,,,,,
"461,all,171.970,172.310,0.340,0.000,170.200,1.770",,,,,,,,
"462,is,172.350,172.560,0.210,0.040,170.200,2.150",,,,,,,,
"463,a,172.560,172.570,0.010,0.000,170.200,2.360",,,,,,,,
"464,chemical,172.570,173.180,0.610,0.000,173.120,-0.550",,,,,,,,
"465,residue,173.180,173.870,0.690,0.000,173.120,0.060",,,,,,,,
"466,of,173.870,174.060,0.190,0.000,173.120,0.750",,,,,,,,
"467,whatever,174.060,174.510,0.450,0.000,173.120,0.940",,,,,,,,
"468,the,174.510,174.710,0.200,0.000,174.960,-0.450",,,,,,,,
"469,last,174.710,175.020,0.310,0.000,174.960,-0.250",,,,,,,,
"470,crew,175.020,175.330,0.310,0.000,174.960,0.060",,,,,,,,
"471,left,175.330,175.640,0.310,0.000,174.960,0.370",,,,,,,,
"472,behind,175.640,176.100,0.460,0.000,174.960,0.680",,,,,,,,
"473,which,176.280,176.630,0.350,0.180,174.960,1.320",,,,,,,,
"474,includes,176.630,177.240,0.610,0.000,177.500,-0.870",,,,,,,,
"475,whatever,177.240,177.850,0.610,0.000,177.500,-0.260",,,,,,,,
"476,finished,177.850,178.460,0.610,0.000,177.500,0.350",,,,,,,,
"477,them,178.460,179.030,0.570,0.000,177.500,0.960",,,,,,,,
"478,Gen,179.560,179.680,0.120,0.530,179.540,0.020",,,,,,,,
"479,este,179.680,179.720,0.040,0.000,179.540,0.140",,,,,,,,
"480,el,179.720,179.830,0.110,0.000,179.540,0.180",,,,,,,,
"481,ers,179.830,180.100,0.270,0.000,179.540,0.290",,,,,,,,
"482,are,180.100,180.290,0.190,0.000,179.540,0.560",,,,,,,,
"483,adapted,180.290,180.930,0.640,0.000,179.540,0.750",,,,,,,,
"484,to,180.930,180.990,0.060,0.000,179.540,1.390",,,,,,,,
"485,this,180.990,181.300,0.310,0.000,179.540,1.450",,,,,,,,
"486,geometry,181.300,181.920,0.620,0.000,179.540,1.760",,,,,,,,
"487,in,181.920,182.190,0.270,0.000,182.560,-0.640",,,,,,,,
"488,ways,182.190,182.380,0.190,0.000,182.560,-0.370",,,,,,,,
"489,that,182.380,182.790,0.410,0.000,182.560,-0.180",,,,,,,,
"490,standard,182.790,183.310,0.520,0.000,182.560,0.230",,,,,,,,
"491,assault,183.310,183.940,0.630,0.000,182.560,0.750",,,,,,,,
"492,doctrine,183.940,184.580,0.640,0.000,182.560,1.380",,,,,,,,
"493,isn,184.580,184.710,0.130,0.000,182.560,2.020",,,,,,,,
"494,'t,184.710,184.880,0.170,0.000,182.560,2.150",,,,,,,,
"495,They,185.520,185.550,0.030,0.640,185.600,-0.080",,,,,,,,
"496,don,185.550,185.650,0.100,0.000,185.600,-0.050",,,,,,,,
"497,'t,185.650,185.680,0.030,0.000,185.600,0.050",,,,,,,,
"498,need,185.680,185.850,0.170,0.000,185.600,0.080",,,,,,,,
"499,consistent,185.850,186.350,0.500,0.000,185.600,0.250",,,,,,,,
"500,gravity,186.350,186.700,0.350,0.000,185.600,0.750",,,,,,,,
"501,move,187.480,187.640,0.160,0.780,187.480,0.000",,,,,,,,
"502,through,187.640,187.800,0.160,0.000,187.480,0.160",,,,,,,,
"503,ventilation,187.800,188.500,0.700,0.000,187.480,0.320",,,,,,,,
"504,shaft,188.500,188.850,0.350,0.000,187.480,1.020",,,,,,,,
"505,s,188.850,188.870,0.020,0.000,187.480,1.370",,,,,,,,
"506,with,188.870,189.180,0.310,0.000,187.480,1.390",,,,,,,,
"507,the,189.180,189.310,0.130,0.000,187.480,1.700",,,,,,,,
"508,velocity,189.310,189.820,0.510,0.000,187.480,1.830",,,,,,,,
"509,of,189.820,189.930,0.110,0.000,187.480,2.340",,,,,,,,
"510,a,189.930,190.110,0.180,0.000,187.480,2.450",,,,,,,,
"511,launched,190.110,190.510,0.400,0.000,187.480,2.630",,,,,,,,
"512,round,190.510,190.820,0.310,0.000,187.480,3.030",,,,,,,,
"513,and,190.820,191.010,0.190,0.000,187.480,3.340",,,,,,,,
"514,the,191.010,191.200,0.190,0.000,187.480,3.530",,,,,,,,
"515,acoustic,191.200,191.860,0.660,0.000,187.480,3.720",,,,,,,,
"516,signature,191.860,192.310,0.450,0.000,187.480,4.380",,,,,,,,
"517,of,192.310,192.460,0.150,0.000,187.480,4.830",,,,,,,,
"518,a,192.460,192.500,0.040,0.000,187.480,4.980",,,,,,,,
"519,maintenance,192.500,193.160,0.660,0.000,187.480,5.020",,,,,,,,
"520,fault,193.160,193.470,0.310,0.000,187.480,5.680",,,,,,,,
"521,Squad,194.120,194.320,0.200,0.650,194.220,-0.100",,,,,,,,
"522,formations,194.320,195.040,0.720,0.000,194.220,0.100",,,,,,,,
"523,built,195.040,195.410,0.370,0.000,194.220,0.820",,,,,,,,
"524,around,195.410,195.890,0.480,0.000,194.220,1.190",,,,,,,,
"525,structured,195.890,196.590,0.700,0.000,194.220,1.670",,,,,,,,
"526,corridors,196.590,197.240,0.650,0.000,194.220,2.370",,,,,,,,
"527,collapse,197.240,197.810,0.570,0.000,194.220,3.020",,,,,,,,
"528,because,197.810,198.350,0.540,0.000,194.220,3.590",,,,,,,,
"529,line,198.350,198.620,0.270,0.000,194.220,4.130",,,,,,,,
"530,of,198.620,198.790,0.170,0.000,194.220,4.400",,,,,,,,
"531,sight,198.790,199.120,0.330,0.000,194.220,4.570",,,,,,,,
"532,inside,199.120,199.560,0.440,0.000,194.220,4.900",,,,,,,,
"533,a,199.560,199.630,0.070,0.000,194.220,5.340",,,,,,,,
"534,h,199.630,199.700,0.070,0.000,194.220,5.410",,,,,,,,
"535,ulk,199.700,199.920,0.220,0.000,194.220,5.480",,,,,,,,
"536,rarely,199.920,200.360,0.440,0.000,194.220,5.700",,,,,,,,
"537,extends,200.360,200.870,0.510,0.000,194.220,6.140",,,,,,,,
"538,six,200.870,201.090,0.220,0.000,194.220,6.650",,,,,,,,
"539,meters,201.090,201.600,0.510,0.000,194.220,6.870",,,,,,,,
"540,fl,202.140,202.210,0.070,0.540,194.220,7.920",,,,,,,,
"541,anking,202.210,202.300,0.090,0.000,194.220,7.990",,,,,,,,
"542,acqu,202.300,202.430,0.130,0.000,194.220,8.080",,,,,,,,
"543,ires,202.430,202.680,0.250,0.000,194.220,8.210",,,,,,,,
"544,a,202.680,202.690,0.010,0.000,194.220,8.460",,,,,,,,
"545,third,202.690,202.960,0.270,0.000,194.220,8.470",,,,,,,,
"546,dimension,202.960,203.510,0.550,0.000,194.220,8.740",,,,,,,,
"547,when,203.510,203.670,0.160,0.000,194.220,9.290",,,,,,,,
"548,the,203.670,203.840,0.170,0.000,194.220,9.450",,,,,,,,
"549,threat,203.840,204.160,0.320,0.000,194.220,9.620",,,,,,,,
"550,can,204.160,204.320,0.160,0.000,194.220,9.940",,,,,,,,
"551,arrive,204.320,204.770,0.450,0.000,194.220,10.100",,,,,,,,
"552,from,204.770,204.870,0.100,0.000,194.220,10.550",,,,,,,,
"553,overhead,204.870,205.370,0.500,0.000,194.220,10.650",,,,,,,,
"554,or,205.370,205.420,0.050,0.000,194.220,11.150",,,,,,,,
"555,through,205.420,205.800,0.380,0.000,194.220,11.200",,,,,,,,
"556,the,205.800,205.960,0.160,0.000,194.220,11.580",,,,,,,,
"557,wall,205.960,206.500,0.540,0.000,194.220,11.740",,,,,,,,
"558,itself,206.500,206.530,0.030,0.000,194.220,12.280",,,,,,,,
"559,Term,207.220,207.380,0.160,0.690,207.220,0.000",,,,,,,,
"560,inator,207.380,207.470,0.090,0.000,207.220,0.160",,,,,,,,
"561,armor,207.470,207.840,0.370,0.000,207.220,0.250",,,,,,,,
"562,was,207.840,208.060,0.220,0.000,207.220,0.620",,,,,,,,
"563,developed,208.060,208.730,0.670,0.000,207.220,0.840",,,,,,,,
"564,for,208.730,208.950,0.220,0.000,207.220,1.510",,,,,,,,
"565,this,208.950,209.240,0.290,0.000,207.220,1.730",,,,,,,,
"566,specific,209.240,209.850,0.610,0.000,207.220,2.020",,,,,,,,
"567,operational,209.850,210.650,0.800,0.000,210.260,-0.410",,,,,,,,
"568,context,210.650,211.160,0.510,0.000,210.260,0.390",,,,,,,,
"569,still,211.920,212.080,0.160,0.760,211.920,0.000",,,,,,,,
"570,doesn,212.080,212.230,0.150,0.000,211.920,0.160",,,,,,,,
"571,'t,212.230,212.460,0.230,0.000,211.920,0.310",,,,,,,,
"572,make,212.460,212.630,0.170,0.000,211.920,0.540",,,,,,,,
"573,the,212.630,212.810,0.180,0.000,211.920,0.710",,,,,,,,
"574,casual,212.810,213.290,0.480,0.000,211.920,0.890",,,,,,,,
"575,ty,213.290,213.330,0.040,0.000,211.920,1.370",,,,,,,,
"576,rates,213.330,213.660,0.330,0.000,211.920,1.410",,,,,,,,
"577,acceptable,213.660,214.320,0.660,0.000,211.920,1.740",,,,,,,,
"578,makes,215.120,215.270,0.150,0.800,215.180,-0.060",,,,,,,,
"579,them,215.270,215.290,0.020,0.000,215.180,0.090",,,,,,,,
"580,surviv,215.290,215.690,0.400,0.000,215.180,0.110",,,,,,,,
"581,able,215.690,215.960,0.270,0.000,215.180,0.510",,,,,,,,
"582,for,215.960,216.190,0.230,0.000,215.180,0.780",,,,,,,,
"583,a,216.190,216.220,0.030,0.000,215.180,1.010",,,,,,,,
"584,fraction,216.220,216.820,0.600,0.000,215.180,1.040",,,,,,,,
"585,of,216.820,216.890,0.070,0.000,215.180,1.640",,,,,,,,
"586,the,216.890,217.090,0.200,0.000,215.180,1.710",,,,,,,,
"587,boarding,217.090,217.750,0.660,0.000,215.180,1.910",,,,,,,,
"588,party,217.750,218.000,0.250,0.000,215.180,2.570",,,,,,,,
"589,'s,218.660,218.800,0.140,0.660,218.680,-0.020",,,,,,,,
"590,the,218.800,218.820,0.020,0.000,218.680,0.120",,,,,,,,
"591,best,218.820,219.070,0.250,0.000,218.680,0.140",,,,,,,,
"592,available,219.070,219.740,0.670,0.000,218.680,0.390",,,,,,,,
"593,outcome,219.740,220.140,0.400,0.000,218.680,1.060",,,,,,,,
"594,and,220.360,220.470,0.110,0.220,220.840,-0.480",,,,,,,,
"595,everyone,220.470,221.000,0.530,0.000,220.840,-0.370",,,,,,,,
"596,going,221.000,221.330,0.330,0.000,220.840,0.160",,,,,,,,
"597,and,221.330,221.540,0.210,0.000,220.840,0.490",,,,,,,,
"598,knows,221.540,221.890,0.350,0.000,220.840,0.700",,,,,,,,
"599,it,221.890,221.990,0.100,0.000,220.840,1.050",,,,,,,,
"600,Number,222.260,222.800,0.540,0.270,222.620,-0.360",,,,,,,,
"601,four,222.800,223.140,0.340,0.000,222.620,0.180",,,,,,,,
"602,V,223.330,223.390,0.060,0.190,222.620,0.710",,,,,,,,
"603,RA,223.390,223.630,0.240,0.000,222.620,0.770",,,,,,,,
"604,X,223.630,223.680,0.050,0.000,222.620,1.010",,,,,,,,
"605,Sev,224.120,224.150,0.030,0.440,224.180,-0.060",,,,,,,,
"606,enteen,224.150,224.540,0.390,0.000,224.180,-0.030",,,,,,,,
"607,years,224.540,224.860,0.320,0.000,224.180,0.360",,,,,,,,
"608,That,225.520,225.680,0.160,0.660,225.560,-0.040",,,,,,,,
"609,number,225.680,225.730,0.050,0.000,225.560,0.120",,,,,,,,
"610,starts,225.730,226.120,0.390,0.000,225.560,0.170",,,,,,,,
"611,making,226.120,226.500,0.380,0.000,225.560,0.560",,,,,,,,
"612,sense,226.500,226.890,0.390,0.000,225.560,0.940",,,,,,,,
"613,once,226.890,227.100,0.210,0.000,225.560,1.330",,,,,,,,
"614,you,227.100,227.290,0.190,0.000,225.560,1.540",,,,,,,,
"615,understand,227.290,227.950,0.660,0.000,225.560,1.730",,,,,,,,
"616,what,227.950,228.210,0.260,0.000,225.560,2.390",,,,,,,,
"617,the,228.210,228.400,0.190,0.000,225.560,2.650",,,,,,,,
"618,terrain,228.400,228.860,0.460,0.000,225.560,2.840",,,,,,,,
"619,did,228.860,229.050,0.190,0.000,225.560,3.300",,,,,,,,
"620,to,229.050,229.180,0.130,0.000,225.560,3.490",,,,,,,,
"621,every,229.180,229.880,0.700,0.000,225.560,3.620",,,,,,,,
"622,assault,229.880,229.970,0.090,0.000,225.560,4.320",,,,,,,,
"623,the,229.970,230.160,0.190,0.000,225.560,4.410",,,,,,,,
"624,Imper,230.160,230.540,0.380,0.000,225.560,4.600",,,,,,,,
"625,ium,230.540,230.680,0.140,0.000,225.560,4.980",,,,,,,,
"626,attempted,230.680,231.270,0.590,0.000,225.560,5.120",,,,,,,,
"627,X,232.100,232.140,0.040,0.830,232.120,-0.020",,,,,,,,
"628,was,232.140,232.260,0.120,0.000,232.120,0.020",,,,,,,,
"629,an,232.260,232.300,0.040,0.000,232.120,0.140",,,,,,,,
"630,arm,232.300,232.640,0.340,0.000,232.120,0.180",,,,,,,,
"631,ory,232.640,232.780,0.140,0.000,232.120,0.520",,,,,,,,
"632,world,232.780,233.180,0.400,0.000,232.120,0.660",,,,,,,,
"633,built,233.180,233.580,0.400,0.000,232.120,1.060",,,,,,,,
"634,for,233.580,233.820,0.240,0.000,234.100,-0.520",,,,,,,,
"635,storage,233.820,234.380,0.560,0.000,234.100,-0.280",,,,,,,,
"636,and,234.380,234.730,0.350,0.000,234.100,0.280",,,,,,,,
"637,protection,234.730,235.430,0.700,0.000,234.100,0.630",,,,,,,,
"638,rather,235.430,235.900,0.470,0.000,234.100,1.330",,,,,,,,
"639,than,235.900,236.470,0.570,0.000,236.320,-0.420",,,,,,,,
"640,hab,236.470,236.490,0.020,0.000,236.320,0.150",,,,,,,,
"641,itation,236.490,237.120,0.630,0.000,236.320,0.170",,,,,,,,
"642,ick,237.900,238.000,0.100,0.780,237.920,-0.020",,,,,,,,
"643,rock,238.000,238.050,0.050,0.000,237.920,0.080",,,,,,,,
"644,c,238.050,238.070,0.020,0.000,237.920,0.130",,,,,,,,
"645,rete,238.070,238.440,0.370,0.000,237.920,0.150",,,,,,,,
"646,everywhere,238.440,239.100,0.660,0.000,237.920,0.520",,,,,,,,
"647,Deep,239.960,240.100,0.140,0.860,239.960,0.000",,,,,,,,
"648,vault,240.100,240.120,0.020,0.000,239.960,0.140",,,,,,,,
"649,s,240.120,240.180,0.060,0.000,239.960,0.160",,,,,,,,
"650,below,240.180,240.590,0.410,0.000,239.960,0.220",,,,,,,,
"651,it,240.590,240.730,0.140,0.000,239.960,0.630",,,,,,,,
"652,Def,241.400,241.560,0.160,0.670,241.400,0.000",,,,,,,,
"653,ensive,241.560,241.620,0.060,0.000,241.400,0.160",,,,,,,,
"654,lines,241.620,241.950,0.330,0.000,241.400,0.220",,,,,,,,
"655,pred,241.950,242.220,0.270,0.000,241.400,0.550",,,,,,,,
"656,ating,242.220,242.550,0.330,0.000,241.400,0.820",,,,,,,,
"657,the,242.550,242.770,0.220,0.000,241.400,1.150",,,,,,,,
"658,siege,242.770,243.100,0.330,0.000,241.400,1.370",,,,,,,,
"659,by,243.100,243.210,0.110,0.000,241.400,1.700",,,,,,,,
"660,centuries,243.210,243.810,0.600,0.000,241.400,1.810",,,,,,,,
"661,constructed,243.810,244.610,0.800,0.000,241.400,2.410",,,,,,,,
"662,specifically,244.610,245.340,0.730,0.000,241.400,3.210",,,,,,,,
"663,to,245.340,245.760,0.420,0.000,241.400,3.940",,,,,,,,
"664,resist,245.760,245.880,0.120,0.000,241.400,4.360",,,,,,,,
"665,the,245.880,246.080,0.200,0.000,241.400,4.480",,,,,,,,
"666,type,246.080,246.420,0.340,0.000,241.400,4.680",,,,,,,,
"667,of,246.420,246.480,0.060,0.000,241.400,5.020",,,,,,,,
"668,assault,246.480,246.950,0.470,0.000,241.400,5.080",,,,,,,,
"669,being,246.950,247.280,0.330,0.000,241.400,5.550",,,,,,,,
"670,attempted,247.280,247.880,0.600,0.000,241.400,5.880",,,,,,,,
"671,against,247.880,248.350,0.470,0.000,241.400,6.480",,,,,,,,
"672,them,248.350,248.690,0.340,0.000,241.400,6.950",,,,,,,,
"673,The,249.080,249.120,0.040,0.390,249.340,-0.260",,,,,,,,
"674,attacking,249.120,249.740,0.620,0.000,249.340,-0.220",,,,,,,,
"675,forces,249.740,250.290,0.550,0.000,249.340,0.400",,,,,,,,
"676,had,250.290,250.350,0.060,0.000,249.340,0.950",,,,,,,,
"677,to,250.350,250.480,0.130,0.000,249.340,1.010",,,,,,,,
"678,advance,250.480,250.960,0.480,0.000,249.340,1.140",,,,,,,,
"679,into,250.960,251.230,0.270,0.000,249.340,1.620",,,,,,,,
"680,ground,251.230,251.640,0.410,0.000,249.340,1.890",,,,,,,,
"681,that,251.640,251.910,0.270,0.000,249.340,2.300",,,,,,,,
"682,had,251.910,252.150,0.240,0.000,249.340,2.570",,,,,,,,
"683,been,252.150,252.380,0.230,0.000,249.340,2.810",,,,,,,,
"684,engineered,252.380,253.290,0.910,0.000,253.480,-1.100",,,,,,,,
"685,decades,253.290,253.540,0.250,0.000,253.480,-0.190",,,,,,,,
"686,before,253.540,253.950,0.410,0.000,253.480,0.060",,,,,,,,
"687,they,253.950,254.240,0.290,0.000,253.480,0.470",,,,,,,,
"688,arrived,254.240,254.700,0.460,0.000,253.480,0.760",,,,,,,,
"689,to,254.700,254.830,0.130,0.000,253.480,1.220",,,,,,,,
"690,stop,254.830,255.130,0.300,0.000,253.480,1.350",,,,,,,,
"691,exactly,255.130,255.580,0.450,0.000,253.480,1.650",,,,,,,,
"692,them,255.580,255.850,0.270,0.000,253.480,2.100",,,,,,,,
"693,ren,256.540,256.700,0.160,0.690,256.540,0.000",,,,,,,,
"694,ches,256.700,256.770,0.070,0.000,256.540,0.160",,,,,,,,
"695,funnel,256.770,257.240,0.470,0.000,256.540,0.230",,,,,,,,
"696,movement,257.240,257.910,0.670,0.000,258.200,-0.960",,,,,,,,
"697,and,257.910,258.090,0.180,0.000,258.200,-0.290",,,,,,,,
"698,eliminate,258.090,258.790,0.700,0.000,258.200,-0.110",,,,,,,,
"699,fl,258.790,258.940,0.150,0.000,258.200,0.590",,,,,,,,
"700,anking,258.940,259.420,0.480,0.000,258.200,0.740",,,,,,,,
"701,at,259.420,259.550,0.130,0.000,258.200,1.220",,,,,,,,
"702,the,259.550,259.780,0.230,0.000,258.200,1.350",,,,,,,,
"703,squad,259.780,260.170,0.390,0.000,258.200,1.580",,,,,,,,
"704,level,260.170,260.860,0.690,0.000,258.200,1.970",,,,,,,,
"705,The,261.020,261.060,0.040,0.160,261.320,-0.300",,,,,,,,
"706,chaos,261.060,261.400,0.340,0.000,261.320,-0.260",,,,,,,,
"707,al,261.450,261.570,0.120,0.050,261.320,0.130",,,,,,,,
"708,igned,261.570,261.940,0.370,0.000,261.320,0.250",,,,,,,,
"709,defenders,261.940,262.560,0.620,0.000,261.320,0.620",,,,,,,,
"710,added,262.560,262.840,0.280,0.000,261.320,1.240",,,,,,,,
"711,persistent,262.840,263.510,0.670,0.000,261.320,1.520",,,,,,,,
"712,acidic,263.510,264.090,0.580,0.000,261.320,2.190",,,,,,,,
"713,chemical,264.090,264.450,0.360,0.000,261.320,2.770",,,,,,,,
"714,compounds,264.450,265.180,0.730,0.000,261.320,3.130",,,,,,,,
"715,to,265.180,265.250,0.070,0.000,261.320,3.860",,,,,,,,
"716,that,265.250,265.460,0.210,0.000,261.320,3.930",,,,,,,,
"717,problem,265.460,265.920,0.460,0.000,261.320,4.140",,,,,,,,
"718,ents,266.740,266.900,0.160,0.820,266.740,0.000",,,,,,,,
"719,that,266.900,267.050,0.150,0.000,266.740,0.160",,,,,,,,
"720,pool,267.050,267.390,0.340,0.000,266.740,0.310",,,,,,,,
"721,ed,267.390,267.560,0.170,0.000,266.740,0.650",,,,,,,,
"722,in,267.560,267.720,0.160,0.000,266.740,0.820",,,,,,,,
"723,low,267.720,268.110,0.390,0.000,266.740,0.980",,,,,,,,
"724,ground,268.110,268.490,0.380,0.000,266.740,1.370",,,,,,,,
"725,degrad,268.490,269.000,0.510,0.000,266.740,1.750",,,,,,,,
"726,ed,269.000,269.170,0.170,0.000,269.500,-0.500",,,,,,,,
"727,respir,269.170,269.680,0.510,0.000,269.500,-0.330",,,,,,,,
"728,ator,269.680,270.020,0.340,0.000,269.500,0.180",,,,,,,,
"729,seals,270.020,270.420,0.400,0.000,269.500,0.520",,,,,,,,
"730,over,270.420,271.110,0.690,0.000,269.500,0.920",,,,,,,,
"731,extended,271.110,271.460,0.350,0.000,269.500,1.610",,,,,,,,
"732,exposure,271.460,272.200,0.740,0.000,269.500,1.960",,,,,,,,
"733,and,272.200,272.390,0.190,0.000,269.500,2.700",,,,,,,,
"734,corrupted,272.390,272.960,0.570,0.000,269.500,2.890",,,,,,,,
"735,the,272.960,273.150,0.190,0.000,269.500,3.460",,,,,,,,
"736,soil,273.150,273.400,0.250,0.000,269.500,3.650",,,,,,,,
"737,chemistry,273.400,274.030,0.630,0.000,269.500,3.900",,,,,,,,
"738,across,274.030,274.350,0.320,0.000,269.500,4.530",,,,,,,,
"739,entire,274.350,274.810,0.460,0.000,269.500,4.850",,,,,,,,
"740,operating,274.810,275.280,0.470,0.000,269.500,5.310",,,,,,,,
"741,sectors,275.280,275.980,0.700,0.000,269.500,5.780",,,,,,,,
"742,Ground,276.140,276.520,0.380,0.160,276.480,-0.340",,,,,,,,
"743,that,276.520,276.690,0.170,0.000,276.480,0.040",,,,,,,,
"744,should,276.690,277.120,0.430,0.000,276.480,0.210",,,,,,,,
"745,have,277.120,277.400,0.280,0.000,276.480,0.640",,,,,,,,
"746,been,277.400,277.680,0.280,0.000,276.480,0.920",,,,,,,,
"747,travers,277.680,278.180,0.500,0.000,276.480,1.200",,,,,,,,
"748,able,278.180,278.610,0.430,0.000,276.480,1.700",,,,,,,,
"749,became,278.610,278.890,0.280,0.000,276.480,2.130",,,,,,,,
"750,toxic,278.890,279.240,0.350,0.000,276.480,2.410",,,,,,,,
"751,inside,279.240,279.670,0.430,0.000,276.480,2.760",,,,,,,,
"752,two,279.670,279.870,0.200,0.000,276.480,3.190",,,,,,,,
"753,weeks,279.870,280.350,0.480,0.000,280.180,-0.310",,,,,,,,
"754,of,280.350,280.370,0.020,0.000,280.180,0.170",,,,,,,,
"755,sustained,280.370,281.010,0.640,0.000,280.180,0.190",,,,,,,,
"756,fighting,281.010,281.630,0.620,0.000,280.180,0.830",,,,,,,,
"757,Sold,282.360,282.480,0.120,0.730,282.320,0.040",,,,,,,,
"758,iers,282.480,282.520,0.040,0.000,282.320,0.160",,,,,,,,
"759,who,282.520,282.710,0.190,0.000,282.320,0.200",,,,,,,,
"760,crossed,282.710,283.250,0.540,0.000,282.320,0.390",,,,,,,,
"761,contaminated,283.250,284.180,0.930,0.000,282.320,0.930",,,,,,,,
"762,sections,284.180,284.790,0.610,0.000,282.320,1.860",,,,,,,,
"763,arrived,284.790,285.340,0.550,0.000,282.320,2.470",,,,,,,,
"764,at,285.340,285.590,0.250,0.000,282.320,3.020",,,,,,,,
"765,their,285.590,285.880,0.290,0.000,282.320,3.270",,,,,,,,
"766,objectives,285.880,286.740,0.860,0.000,287.140,-1.260",,,,,,,,
"767,already,286.740,287.200,0.460,0.000,287.140,-0.400",,,,,,,,
"768,in,287.200,287.380,0.180,0.000,287.140,0.060",,,,,,,,
"769,physiological,287.380,288.360,0.980,0.000,287.140,0.240",,,,,,,,
"770,decline,288.360,288.900,0.540,0.000,287.140,1.220",,,,,,,,
"771,before,288.900,289.350,0.450,0.000,289.500,-0.600",,,,,,,,
"772,any,289.350,289.650,0.300,0.000,289.500,-0.150",,,,,,,,
"773,contact,289.650,290.130,0.480,0.000,289.500,0.150",,,,,,,,
"774,occurred,290.130,290.750,0.620,0.000,289.500,0.630",,,,,,,,
"775,After,291.260,291.450,0.190,0.510,291.580,-0.320",,,,,,,,
"776,seventeen,291.450,292.060,0.610,0.000,291.580,-0.130",,,,,,,,
"777,years,292.060,292.470,0.410,0.000,291.580,0.480",,,,,,,,
"778,of,292.470,292.570,0.100,0.000,291.580,0.890",,,,,,,,
"779,that,292.570,292.850,0.280,0.000,291.580,0.990",,,,,,,,
"780,the,293.030,293.200,0.170,0.180,293.160,-0.130",,,,,,,,
"781,battlefield,293.200,293.980,0.780,0.000,293.160,0.040",,,,,,,,
"782,substrate,293.980,294.600,0.620,0.000,293.160,0.820",,,,,,,,
"783,changed,294.600,295.060,0.460,0.000,293.160,1.440",,,,,,,,
"784,The,295.740,295.830,0.090,0.680,295.760,-0.020",,,,,,,,
"785,soil,295.830,295.900,0.070,0.000,295.760,0.070",,,,,,,,
"786,ch,295.900,295.970,0.070,0.000,295.760,0.140",,,,,,,,
"787,urn,295.970,296.280,0.310,0.000,295.760,0.210",,,,,,,,
"788,ed,296.280,296.320,0.040,0.000,295.760,0.520",,,,,,,,
"789,Cont,296.960,296.990,0.030,0.640,296.920,0.040",,,,,,,,
"790,am,296.990,297.120,0.130,0.000,296.920,0.070",,,,,,,,
"791,inated,297.120,297.500,0.380,0.000,296.920,0.200",,,,,,,,
"792,zones,297.500,297.780,0.280,0.000,296.920,0.580",,,,,,,,
"793,developed,297.780,298.430,0.650,0.000,296.920,0.860",,,,,,,,
"794,biological,298.430,299.160,0.730,0.000,296.920,1.510",,,,,,,,
"795,properties,299.160,299.890,0.730,0.000,296.920,2.240",,,,,,,,
"796,that,299.890,300.190,0.300,0.000,296.920,2.970",,,,,,,,
"797,had,300.190,300.390,0.200,0.000,296.920,3.270",,,,,,,,
"798,no,300.390,300.530,0.140,0.000,296.920,3.470",,,,,,,,
"799,business,300.530,301.320,0.790,0.000,296.920,3.610",,,,,,,,
"800,being,301.320,301.560,0.240,0.000,296.920,4.400",,,,,,,,
"801,there,301.560,301.830,0.270,0.000,296.920,4.640",,,,,,,,
"802,In,302.120,302.280,0.160,0.290,302.600,-0.480",,,,,,,,
"803,the,302.280,302.440,0.160,0.000,302.600,-0.320",,,,,,,,
"804,worst,302.440,302.770,0.330,0.000,302.600,-0.160",,,,,,,,
"805,sectors,302.770,303.230,0.460,0.000,302.600,0.170",,,,,,,,
"806,the,303.490,303.550,0.060,0.260,302.600,0.890",,,,,,,,
"807,distinction,303.550,304.270,0.720,0.000,302.600,0.950",,,,,,,,
"808,between,304.270,304.750,0.480,0.000,302.600,1.670",,,,,,,,
"809,a,304.750,304.790,0.040,0.000,302.600,2.150",,,,,,,,
"810,mine,304.790,305.050,0.260,0.000,302.600,2.190",,,,,,,,
"811,field,305.050,305.370,0.320,0.000,302.600,2.450",,,,,,,,
"812,and,305.370,305.560,0.190,0.000,302.600,2.770",,,,,,,,
"813,clear,305.560,305.890,0.330,0.000,302.600,2.960",,,,,,,,
"814,ground,305.890,306.490,0.600,0.000,302.600,3.290",,,,,,,,
"815,stopped,306.490,306.740,0.250,0.000,302.600,3.890",,,,,,,,
"816,mat,306.740,306.950,0.210,0.000,302.600,4.140",,,,,,,,
"817,uring,306.950,307.250,0.300,0.000,302.600,4.350",,,,,,,,
"818,operation,307.250,307.840,0.590,0.000,302.600,4.650",,,,,,,,
"819,ally,307.840,308.330,0.490,0.000,308.580,-0.740",,,,,,,,
"820,because,308.330,308.580,0.250,0.000,308.580,-0.250",,,,,,,,
"821,the,308.580,308.740,0.160,0.000,308.580,0.000",,,,,,,,
"822,outcomes,308.740,309.180,0.440,0.000,308.580,0.160",,,,,,,,
"823,were,309.180,309.410,0.230,0.000,308.580,0.600",,,,,,,,
"824,roughly,309.410,309.780,0.370,0.000,308.580,0.830",,,,,,,,
"825,comparable,309.780,310.330,0.550,0.000,308.580,1.200",,,,,,,,
"826,either,310.330,310.660,0.330,0.000,308.580,1.750",,,,,,,,
"827,way,310.660,310.820,0.160,0.000,308.580,2.080",,,,,,,,
"828,Four,311.520,311.680,0.160,0.700,311.500,0.020",,,,,,,,
"829,teen,311.680,311.720,0.040,0.000,311.500,0.180",,,,,,,,
"830,million,311.720,312.320,0.600,0.000,311.500,0.220",,,,,,,,
"831,C,312.320,312.400,0.080,0.000,311.500,0.820",,,,,,,,
"832,ree,312.400,312.660,0.260,0.000,311.500,0.900",,,,,,,,
"833,guards,312.660,313.220,0.560,0.000,311.500,1.160",,,,,,,,
"834,men,313.220,313.450,0.230,0.000,311.500,1.720",,,,,,,,
"835,died,313.450,313.780,0.330,0.000,311.500,1.950",,,,,,,,
"836,at,313.780,313.950,0.170,0.000,311.500,2.280",,,,,,,,
"837,V,313.950,314.150,0.200,0.000,311.500,2.450",,,,,,,,
"838,RA,314.150,314.200,0.050,0.000,311.500,2.650",,,,,,,,
"839,X,314.200,314.280,0.080,0.000,311.500,2.700",,,,,,,,
"840,The,314.950,314.970,0.020,0.670,315.080,-0.130",,,,,,,,
"841,environment,314.970,315.610,0.640,0.000,315.080,-0.110",,,,,,,,
"842,wasn,315.610,315.870,0.260,0.000,315.080,0.530",,,,,,,,
"843,'t,315.870,315.950,0.080,0.000,315.080,0.790",,,,,,,,
"844,incident,315.950,316.500,0.550,0.000,315.080,0.870",,,,,,,,
"845,al,316.500,316.520,0.020,0.000,315.080,1.420",,,,,,,,
"846,to,316.520,316.630,0.110,0.000,315.080,1.440",,,,,,,,
"847,that,316.630,316.860,0.230,0.000,315.080,1.550",,,,,,,,
"848,number,316.860,317.200,0.340,0.000,315.080,1.780",,,,,,,,
"849,It,317.420,317.580,0.160,0.220,318.000,-0.580",,,,,,,,
"850,was,317.580,317.790,0.210,0.000,318.000,-0.420",,,,,,,,
"851,built,317.790,318.160,0.370,0.000,318.000,-0.210",,,,,,,,
"852,into,318.160,318.490,0.330,0.000,318.000,0.160",,,,,,,,
"853,the,318.490,318.790,0.300,0.000,318.000,0.490",,,,,,,,
"854,calculation,318.790,319.490,0.700,0.000,318.000,0.790",,,,,,,,
"855,from,319.490,319.780,0.290,0.000,318.000,1.490",,,,,,,,
"856,the,319.780,320.050,0.270,0.000,318.000,1.780",,,,,,,,
"857,start,320.050,320.370,0.320,0.000,318.000,2.050",,,,,,,,
"858,Number,321.140,321.310,0.170,0.770,321.060,0.080",,,,,,,,
"859,three,321.310,321.690,0.380,0.000,321.060,0.250",,,,,,,,
"860,Ne,321.880,322.070,0.190,0.190,322.080,-0.200",,,,,,,,
"861,c,322.070,322.150,0.080,0.000,322.080,-0.010",,,,,,,,
"862,ron,322.150,322.510,0.360,0.000,322.080,0.070",,,,,,,,
"863,Tomb,322.510,322.840,0.330,0.000,322.080,0.430",,,,,,,,
"864,Complex,322.840,323.490,0.650,0.000,322.080,0.760",,,,,,,,
"865,es,323.490,323.720,0.230,0.000,322.080,1.410",,,,,,,,
"866,c,324.120,324.270,0.150,0.400,324.120,0.000",,,,,,,,
"867,ron,324.270,324.280,0.010,0.000,324.120,0.150",,,,,,,,
"868,Tomb,324.280,324.660,0.380,0.000,324.120,0.160",,,,,,,,
"869,world,324.660,325.000,0.340,0.000,324.120,0.540",,,,,,,,
"870,has,325.000,325.240,0.240,0.000,324.120,0.880",,,,,,,,
"871,been,325.240,325.560,0.320,0.000,324.120,1.120",,,,,,,,
"872,a,325.560,325.640,0.080,0.000,324.120,1.440",,,,,,,,
"873,trap,325.640,325.960,0.320,0.000,324.120,1.520",,,,,,,,
"874,for,325.960,326.200,0.240,0.000,324.120,1.840",,,,,,,,
"875,several,326.200,326.770,0.570,0.000,326.760,-0.560",,,,,,,,
"876,million,326.770,327.350,0.580,0.000,326.760,0.010",,,,,,,,
"877,years,327.350,327.740,0.390,0.000,326.760,0.590",,,,,,,,
"878,The,328.560,328.720,0.160,0.820,328.560,0.000",,,,,,,,
"879,exterior,328.720,328.840,0.120,0.000,328.560,0.160",,,,,,,,
"880,looks,328.840,329.200,0.360,0.000,328.560,0.280",,,,,,,,
"881,like,329.200,329.480,0.280,0.000,328.560,0.640",,,,,,,,
"882,a,329.480,329.640,0.160,0.000,328.560,0.920",,,,,,,,
"883,planet,329.640,329.980,0.340,0.000,328.560,1.080",,,,,,,,
"884,'s,330.780,330.930,0.150,0.800,330.800,-0.020",,,,,,,,
"885,where,330.930,330.960,0.030,0.000,330.800,0.130",,,,,,,,
"886,the,330.960,331.160,0.200,0.000,330.800,0.160",,,,,,,,
"887,familiar,331.160,331.710,0.550,0.000,330.800,0.360",,,,,,,,
"888,part,331.710,331.980,0.270,0.000,330.800,0.910",,,,,,,,
"889,ends,331.980,332.250,0.270,0.000,330.800,1.180",,,,,,,,
"890,Tomb,333.060,333.220,0.160,0.810,332.980,0.080",,,,,,,,
"891,complexes,333.220,333.380,0.160,0.000,332.980,0.240",,,,,,,,
"892,extend,333.380,333.770,0.390,0.000,332.980,0.400",,,,,,,,
"893,kilometers,333.770,334.460,0.690,0.000,332.980,0.790",,,,,,,,
"894,below,334.460,334.800,0.340,0.000,332.980,1.480",,,,,,,,
"895,the,334.800,335.000,0.200,0.000,332.980,1.820",,,,,,,,
"896,surface,335.000,335.470,0.470,0.000,332.980,2.020",,,,,,,,
"897,through,335.470,335.940,0.470,0.000,332.980,2.490",,,,,,,,
"898,dimension,335.940,336.550,0.610,0.000,332.980,2.960",,,,,,,,
"899,ally,336.550,336.820,0.270,0.000,332.980,3.570",,,,,,,,
"900,compressed,336.820,337.500,0.680,0.000,332.980,3.840",,,,,,,,
"901,architecture,337.500,338.380,0.880,0.000,332.980,4.520",,,,,,,,
"902,Ro,339.410,339.460,0.050,1.030,339.260,0.150",,,,,,,,
"903,oms,339.460,339.580,0.120,0.000,339.260,0.200",,,,,,,,
"904,that,339.580,339.840,0.260,0.000,339.260,0.320",,,,,,,,
"905,register,339.840,340.260,0.420,0.000,339.260,0.580",,,,,,,,
"906,on,340.260,340.370,0.110,0.000,339.260,1.000",,,,,,,,
"907,Aus,340.370,340.670,0.300,0.000,339.260,1.110",,,,,,,,
"908,pex,340.670,340.720,0.050,0.000,339.260,1.410",,,,,,,,
"909,scans,340.720,341.010,0.290,0.000,339.260,1.460",,,,,,,,
"910,as,341.010,341.120,0.110,0.000,339.260,1.750",,,,,,,,
"911,physically,341.120,341.700,0.580,0.000,339.260,1.860",,,,,,,,
"912,larger,341.700,342.040,0.340,0.000,339.260,2.440",,,,,,,,
"913,than,342.040,342.270,0.230,0.000,339.260,2.780",,,,,,,,
"914,the,342.270,342.530,0.260,0.000,339.260,3.010",,,,,,,,
"915,ge,342.530,342.550,0.020,0.000,339.260,3.270",,,,,,,,
"916,ological,342.550,343.000,0.450,0.000,339.260,3.290",,,,,,,,
"917,formation,343.000,343.670,0.670,0.000,339.260,3.740",,,,,,,,
"918,around,343.670,343.900,0.230,0.000,339.260,4.410",,,,,,,,
"919,them,343.900,344.130,0.230,0.000,339.260,4.640",,,,,,,,
"920,should,344.130,344.440,0.310,0.000,339.260,4.870",,,,,,,,
"921,permit,344.440,344.780,0.340,0.000,339.260,5.180",,,,,,,,
"922,Whether,345.060,345.600,0.540,0.280,345.580,-0.520",,,,,,,,
"923,that,345.600,345.890,0.290,0.000,345.580,0.020",,,,,,,,
"924,'s,345.890,346.040,0.150,0.000,345.580,0.310",,,,,,,,
"925,a,346.040,346.140,0.100,0.000,345.580,0.460",,,,,,,,
"926,sensor,346.140,346.560,0.420,0.000,345.580,0.560",,,,,,,,
"927,artifact,346.560,347.160,0.600,0.000,345.580,0.980",,,,,,,,
"928,or,347.160,347.310,0.150,0.000,345.580,1.580",,,,,,,,
"929,accurate,347.310,347.940,0.630,0.000,345.580,1.730",,,,,,,,
"930,data,347.940,348.290,0.350,0.000,345.580,2.360",,,,,,,,
"931,is,348.290,348.360,0.070,0.000,345.580,2.710",,,,,,,,
"932,not,348.360,348.580,0.220,0.000,345.580,2.780",,,,,,,,
"933,a,348.580,348.650,0.070,0.000,345.580,3.000",,,,,,,,
"934,question,348.650,349.440,0.790,0.000,345.580,3.070",,,,,,,,
"935,anyone,349.440,349.700,0.260,0.000,345.580,3.860",,,,,,,,
"936,fighting,349.700,350.380,0.680,0.000,345.580,4.120",,,,,,,,
"937,inside,350.380,350.750,0.370,0.000,345.580,4.800",,,,,,,,
"938,has,350.750,350.970,0.220,0.000,345.580,5.170",,,,,,,,
"939,time,350.970,351.270,0.300,0.000,345.580,5.390",,,,,,,,
"940,to,351.270,351.420,0.150,0.000,345.580,5.690",,,,,,,,
"941,settle,351.420,351.870,0.450,0.000,345.580,5.840",,,,,,,,
"942,The,352.720,352.880,0.160,0.850,352.700,0.020",,,,,,,,
"943,defenders,352.880,353.080,0.200,0.000,352.700,0.180",,,,,,,,
"944,re,353.080,353.260,0.180,0.000,352.700,0.380",,,,,,,,
"945,assemble,353.260,353.800,0.540,0.000,352.700,0.560",,,,,,,,
"946,after,353.800,354.160,0.360,0.000,352.700,1.100",,,,,,,,
"947,being,354.160,354.520,0.360,0.000,352.700,1.460",,,,,,,,
"948,destroyed,354.520,355.350,0.830,0.000,352.700,1.820",,,,,,,,
"949,That,355.980,356.140,0.160,0.630,355.960,0.020",,,,,,,,
"950,single,356.140,356.170,0.030,0.000,355.960,0.180",,,,,,,,
"951,feature,356.170,356.690,0.520,0.000,355.960,0.210",,,,,,,,
"952,separates,356.690,357.380,0.690,0.000,355.960,0.730",,,,,,,,
"953,this,357.380,357.680,0.300,0.000,355.960,1.420",,,,,,,,
"954,from,357.680,357.980,0.300,0.000,355.960,1.720",,,,,,,,
"955,every,357.980,358.360,0.380,0.000,355.960,2.020",,,,,,,,
"956,other,358.360,358.740,0.380,0.000,355.960,2.400",,,,,,,,
"957,hostile,358.740,359.270,0.530,0.000,355.960,2.780",,,,,,,,
"958,environment,359.270,360.260,0.990,0.000,355.960,3.310",,,,,,,,
"959,on,360.260,360.360,0.100,0.000,355.960,4.300",,,,,,,,
"960,this,360.360,360.580,0.220,0.000,355.960,4.400",,,,,,,,
"961,list,360.580,360.860,0.280,0.000,355.960,4.620",,,,,,,,
"962,A,361.580,361.610,0.030,0.720,361.580,0.000",,,,,,,,
"963,fire,361.610,361.740,0.130,0.000,361.580,0.030",,,,,,,,
"964,lane,361.740,361.970,0.230,0.000,361.580,0.160",,,,,,,,
"965,is,361.970,362.150,0.180,0.000,361.580,0.390",,,,,,,,
"966,cleared,362.150,362.790,0.640,0.000,361.580,0.570",,,,,,,,
"967,Warriors,363.580,363.770,0.190,0.790,363.540,0.040",,,,,,,,
"968,go,363.770,363.930,0.160,0.000,363.540,0.230",,,,,,,,
"969,down,363.930,364.260,0.330,0.000,363.540,0.390",,,,,,,,
"970,Twenty,364.960,365.130,0.170,0.700,364.960,0.000",,,,,,,,
"971,minutes,365.130,365.500,0.370,0.000,364.960,0.170",,,,,,,,
"972,later,365.500,365.850,0.350,0.000,365.900,-0.400",,,,,,,,
"973,they,365.850,366.140,0.290,0.000,365.900,-0.050",,,,,,,,
"974,'ve,366.140,366.360,0.220,0.000,365.900,0.240",,,,,,,,
"975,partially,366.360,367.020,0.660,0.000,365.900,0.460",,,,,,,,
"976,rebuilt,367.020,367.590,0.570,0.000,367.880,-0.860",,,,,,,,
"977,and,367.590,367.750,0.160,0.000,367.880,-0.290",,,,,,,,
"978,res,367.750,367.970,0.220,0.000,367.880,-0.130",,,,,,,,
"979,umed,367.970,368.260,0.290,0.000,367.880,0.090",,,,,,,,
"980,patrol,368.260,368.700,0.440,0.000,367.880,0.380",,,,,,,,
"981,Progress,369.460,369.840,0.380,0.760,369.520,-0.060",,,,,,,,
"982,measured,369.840,370.310,0.470,0.000,369.520,0.320",,,,,,,,
"983,in,370.310,370.440,0.130,0.000,369.520,0.790",,,,,,,,
"984,confirmed,370.440,371.010,0.570,0.000,369.520,0.920",,,,,,,,
"985,elimination,371.010,371.710,0.700,0.000,369.520,1.490",,,,,,,,
"986,stops,371.710,372.020,0.310,0.000,369.520,2.190",,,,,,,,
"987,being,372.020,372.330,0.310,0.000,369.520,2.500",,,,,,,,
"988,meaningful,372.330,372.960,0.630,0.000,369.520,2.810",,,,,,,,
"989,The,373.760,373.920,0.160,0.800,373.760,0.000",,,,,,,,
"990,structure,373.920,373.970,0.050,0.000,373.760,0.160",,,,,,,,
"991,itself,373.970,374.360,0.390,0.000,373.760,0.210",,,,,,,,
"992,continuously,374.360,375.140,0.780,0.000,373.760,0.600",,,,,,,,
"993,recon,375.140,375.460,0.320,0.000,373.760,1.380",,,,,,,,
"994,fig,375.460,375.690,0.230,0.000,373.760,1.700",,,,,,,,
"995,ures,375.690,375.910,0.220,0.000,373.760,1.930",,,,,,,,
"996,around,375.910,376.390,0.480,0.000,373.760,2.150",,,,,,,,
"997,the,376.390,376.490,0.100,0.000,373.760,2.630",,,,,,,,
"998,intr,376.490,376.750,0.260,0.000,373.760,2.730",,,,,,,,
"999,usion,376.750,377.070,0.320,0.000,373.760,2.990",,,,,,,,
"1000,sealing,377.260,378.130,0.870,0.190,377.720,-0.460",,,,,,,,
"1001,corridors,378.130,378.520,0.390,0.000,377.720,0.410",,,,,,,,
"1002,shifting,378.740,379.290,0.550,0.220,379.200,-0.460",,,,,,,,
"1003,gravity,379.290,379.820,0.530,0.000,379.200,0.090",,,,,,,,
"1004,orient,379.820,380.270,0.450,0.000,379.200,0.620",,,,,,,,
"1005,ations,380.270,380.720,0.450,0.000,379.200,1.070",,,,,,,,
"1006,cycling,381.480,381.640,0.160,0.760,381.420,0.060",,,,,,,,
"1007,through,381.640,381.900,0.260,0.000,381.420,0.220",,,,,,,,
"1008,defensive,381.900,382.560,0.660,0.000,381.420,0.480",,,,,,,,
"1009,responses,382.560,383.200,0.640,0.000,381.420,1.140",,,,,,,,
"1010,the,383.200,383.410,0.210,0.000,381.420,1.780",,,,,,,,
"1011,way,383.410,383.620,0.210,0.000,381.420,1.990",,,,,,,,
"1012,a,383.620,383.690,0.070,0.000,381.420,2.200",,,,,,,,
"1013,biological,383.690,384.410,0.720,0.000,381.420,2.270",,,,,,,,
"1014,organism,384.410,384.990,0.580,0.000,381.420,2.990",,,,,,,,
"1015,cycles,384.990,385.840,0.850,0.000,381.420,3.570",,,,,,,,
"1016,through,385.840,385.920,0.080,0.000,381.420,4.420",,,,,,,,
"1017,immune,385.920,386.310,0.390,0.000,381.420,4.500",,,,,,,,
"1018,responses,386.310,386.930,0.620,0.000,381.420,4.890",,,,,,,,
"1019,automatic,386.930,387.440,0.510,0.000,381.420,5.510",,,,,,,,
"1020,tire,387.690,387.810,0.120,0.250,381.420,6.270",,,,,,,,
"1021,less,387.810,388.070,0.260,0.000,381.420,6.390",,,,,,,,
"1022,and,388.180,388.370,0.190,0.110,381.420,6.760",,,,,,,,
"1023,scaling,388.370,388.810,0.440,0.000,381.420,6.950",,,,,,,,
"1024,up,388.810,389.000,0.190,0.000,381.420,7.390",,,,,,,,
"1025,The,389.520,389.600,0.080,0.520,389.580,-0.060",,,,,,,,
"1026,ast,389.600,389.680,0.080,0.000,389.580,0.020",,,,,,,,
"1027,ral,389.680,389.810,0.130,0.000,389.580,0.100",,,,,,,,
"1028,knights,389.810,390.320,0.510,0.000,389.580,0.230",,,,,,,,
"1029,found,390.320,390.680,0.360,0.000,390.820,-0.500",,,,,,,,
"1030,this,390.680,390.970,0.290,0.000,390.820,-0.140",,,,,,,,
"1031,out,390.970,391.220,0.250,0.000,390.820,0.150",,,,,,,,
"1032,aboard,391.220,391.610,0.390,0.000,390.820,0.400",,,,,,,,
"1033,the,391.610,391.820,0.210,0.000,390.820,0.790",,,,,,,,
"1034,world,391.820,392.180,0.360,0.000,390.820,1.000",,,,,,,,
"1035,engine,392.180,392.750,0.570,0.000,390.820,1.360",,,,,,,,
"1036,The,393.060,393.120,0.060,0.310,393.380,-0.320",,,,,,,,
"1037,only,393.120,393.440,0.320,0.000,393.380,-0.260",,,,,,,,
"1038,thing,393.440,393.770,0.330,0.000,393.380,0.060",,,,,,,,
"1039,that,393.770,394.060,0.290,0.000,393.380,0.390",,,,,,,,
"1040,worked,394.060,394.490,0.430,0.000,393.380,0.680",,,,,,,,
"1041,was,394.490,394.710,0.220,0.000,393.380,1.110",,,,,,,,
"1042,abandon,394.710,395.220,0.510,0.000,393.380,1.330",,,,,,,,
"1043,ing,395.220,395.530,0.310,0.000,393.380,1.840",,,,,,,,
"1044,the,395.530,395.650,0.120,0.000,393.380,2.150",,,,,,,,
"1045,model,395.650,396.130,0.480,0.000,393.380,2.270",,,,,,,,
"1046,of,396.130,396.150,0.020,0.000,393.380,2.750",,,,,,,,
"1047,fighting,396.150,396.720,0.570,0.000,393.380,2.770",,,,,,,,
"1048,through,396.720,397.270,0.550,0.000,393.380,3.340",,,,,,,,
"1049,an,397.270,397.380,0.110,0.000,393.380,3.890",,,,,,,,
"1050,enemy,397.380,397.740,0.360,0.000,393.380,4.000",,,,,,,,
"1051,position,397.740,398.350,0.610,0.000,393.380,4.360",,,,,,,,
"1052,entirely,398.350,399.020,0.670,0.000,393.380,4.970",,,,,,,,
"1053,and,399.020,399.190,0.170,0.000,393.380,5.640",,,,,,,,
"1054,treating,399.190,399.760,0.570,0.000,393.380,5.810",,,,,,,,
"1055,the,399.760,399.970,0.210,0.000,393.380,6.380",,,,,,,,
"1056,structure,399.970,400.610,0.640,0.000,393.380,6.590",,,,,,,,
"1057,as,400.610,400.750,0.140,0.000,401.060,-0.450",,,,,,,,
"1058,a,400.750,400.820,0.070,0.000,401.060,-0.310",,,,,,,,
"1059,demol,400.820,401.210,0.390,0.000,401.060,-0.240",,,,,,,,
"1060,ition,401.210,401.520,0.310,0.000,401.060,0.150",,,,,,,,
"1061,target,401.520,402.250,0.730,0.000,401.060,0.460",,,,,,,,
"1062,instead,402.250,402.450,0.200,0.000,401.060,1.190",,,,,,,,
"1063,The,403.320,403.480,0.160,0.870,403.340,-0.020",,,,,,,,
"1064,environment,403.480,403.630,0.150,0.000,403.340,0.140",,,,,,,,
"1065,didn,403.630,403.890,0.260,0.000,403.340,0.290",,,,,,,,
"1066,'t,403.890,404.020,0.130,0.000,403.340,0.550",,,,,,,,
"1067,stop,404.020,404.260,0.240,0.000,403.340,0.680",,,,,,,,
"1068,being,404.260,404.690,0.430,0.000,403.340,0.920",,,,,,,,
"1069,hostile,404.690,405.070,0.380,0.000,403.340,1.350",,,,,,,,
"1070,after,405.070,405.400,0.330,0.000,405.580,-0.510",,,,,,,,
"1071,that,405.400,405.660,0.260,0.000,405.580,-0.180",,,,,,,,
"1072,decision,405.660,406.200,0.540,0.000,405.580,0.080",,,,,,,,
"1073,just,406.900,407.060,0.160,0.700,406.980,-0.080",,,,,,,,
"1074,became,407.060,407.300,0.240,0.000,406.980,0.080",,,,,,,,
"1075,a,407.300,407.440,0.140,0.000,406.980,0.320",,,,,,,,
"1076,problem,407.440,407.860,0.420,0.000,406.980,0.460",,,,,,,,
"1077,with,407.860,408.250,0.390,0.000,406.980,0.880",,,,,,,,
"1078,a,408.250,408.270,0.020,0.000,406.980,1.270",,,,,,,,
"1079,physical,408.270,408.840,0.570,0.000,406.980,1.290",,,,,,,,
"1080,solution,408.840,409.530,0.690,0.000,406.980,1.860",,,,,,,,
"1081,rather,409.530,409.870,0.340,0.000,410.060,-0.530",,,,,,,,
"1082,than,409.870,410.160,0.290,0.000,410.060,-0.190",,,,,,,,
"1083,a,410.160,410.230,0.070,0.000,410.060,0.100",,,,,,,,
"1084,tactical,410.230,410.770,0.540,0.000,410.060,0.170",,,,,,,,
"1085,one,410.770,411.260,0.490,0.000,410.060,0.710",,,,,,,,
"1086,Number,411.530,411.900,0.370,0.270,411.780,-0.250",,,,,,,,
"1087,two,411.900,412.140,0.240,0.000,411.780,0.120",,,,,,,,
"1088,Cad,412.320,412.580,0.260,0.180,411.780,0.540",,,,,,,,
"1089,ia,412.580,412.750,0.170,0.000,411.780,0.800",,,,,,,,
"1090,sits,412.750,413.100,0.350,0.000,411.780,0.970",,,,,,,,
"1091,at,413.100,413.290,0.190,0.000,411.780,1.320",,,,,,,,
"1092,the,413.290,413.530,0.240,0.000,413.880,-0.590",,,,,,,,
"1093,edge,413.530,413.990,0.460,0.000,413.880,-0.350",,,,,,,,
"1094,of,413.990,414.050,0.060,0.000,413.880,0.110",,,,,,,,
"1095,a,414.050,414.130,0.080,0.000,413.880,0.170",,,,,,,,
"1096,permanent,414.130,414.920,0.790,0.000,413.880,0.250",,,,,,,,
"1097,spatial,414.920,415.700,0.780,0.000,413.880,1.040",,,,,,,,
"1098,ru,415.700,415.750,0.050,0.000,413.880,1.820",,,,,,,,
"1099,pture,415.750,416.190,0.440,0.000,413.880,1.870",,,,,,,,
"1100,where,416.190,416.680,0.490,0.000,413.880,2.310",,,,,,,,
"1101,the,416.680,416.840,0.160,0.000,413.880,2.800",,,,,,,,
"1102,laws,416.840,417.190,0.350,0.000,417.300,-0.460",,,,,,,,
"1103,governing,417.190,417.980,0.790,0.000,417.300,-0.110",,,,,,,,
"1104,material,417.980,418.680,0.700,0.000,417.300,0.680",,,,,,,,
"1105,reality,418.680,419.440,0.760,0.000,417.300,1.380",,,,,,,,
"1106,are,419.440,419.670,0.230,0.000,420.060,-0.620",,,,,,,,
"1107,contest,419.670,420.150,0.480,0.000,420.060,-0.390",,,,,,,,
"1108,ed,420.150,420.280,0.130,0.000,420.060,0.090",,,,,,,,
"1109,in,420.280,420.710,0.430,0.000,420.060,0.220",,,,,,,,
"1110,ways,420.710,420.720,0.010,0.000,420.060,0.650",,,,,,,,
"1111,standard,420.720,421.400,0.680,0.000,420.060,0.660",,,,,,,,
"1112,military,421.400,421.930,0.530,0.000,420.060,1.340",,,,,,,,
"1113,planning,421.930,422.460,0.530,0.000,420.060,1.870",,,,,,,,
"1114,doesn,422.460,422.870,0.410,0.000,420.060,2.400",,,,,,,,
"1115,'t,422.870,422.960,0.090,0.000,420.060,2.810",,,,,,,,
"1116,account,422.960,423.690,0.730,0.000,420.060,2.900",,,,,,,,
"1117,for,423.690,423.900,0.210,0.000,420.060,3.630",,,,,,,,
"1118,Nav,424.400,424.560,0.160,0.500,424.380,0.020",,,,,,,,
"1119,igation,424.560,424.650,0.090,0.000,424.380,0.180",,,,,,,,
"1120,through,424.650,425.130,0.480,0.000,424.380,0.270",,,,,,,,
"1121,the,425.130,425.340,0.210,0.000,424.380,0.750",,,,,,,,
"1122,outer,425.340,425.770,0.430,0.000,424.380,0.960",,,,,,,,
"1123,reaches,425.770,426.170,0.400,0.000,424.380,1.390",,,,,,,,
"1124,of,426.170,426.330,0.160,0.000,424.380,1.790",,,,,,,,
"1125,the,426.330,426.520,0.190,0.000,424.380,1.950",,,,,,,,
"1126,eye,426.520,426.730,0.210,0.000,424.380,2.140",,,,,,,,
"1127,of,426.730,427.030,0.300,0.000,424.380,2.350",,,,,,,,
"1128,terror,427.030,427.280,0.250,0.000,424.380,2.650",,,,,,,,
"1129,requires,427.280,427.830,0.550,0.000,424.380,2.900",,,,,,,,
"1130,specialized,427.830,428.770,0.940,0.000,424.380,3.450",,,,,,,,
"1131,instruments,428.770,429.420,0.650,0.000,424.380,4.390",,,,,,,,
"1132,that,429.420,429.720,0.300,0.000,424.380,5.040",,,,,,,,
"1133,themselves,429.720,430.320,0.600,0.000,424.380,5.340",,,,,,,,
"1134,de,430.320,430.620,0.300,0.000,424.380,5.940",,,,,,,,
"1135,grade,430.620,430.800,0.180,0.000,424.380,6.240",,,,,,,,
"1136,the,430.800,431.010,0.210,0.000,424.380,6.420",,,,,,,,
"1137,deeper,431.010,431.450,0.440,0.000,424.380,6.630",,,,,,,,
"1138,in,431.450,431.560,0.110,0.000,424.380,7.070",,,,,,,,
"1139,you,431.560,431.770,0.210,0.000,424.380,7.180",,,,,,,,
"1140,go,431.770,431.920,0.150,0.000,424.380,7.390",,,,,,,,
"1141,Hel,432.840,432.900,0.060,0.920,432.660,0.180",,,,,,,,
"1142,ms,432.900,433.040,0.140,0.000,432.660,0.240",,,,,,,,
"1143,men,433.040,433.260,0.220,0.000,432.660,0.380",,,,,,,,
"1144,on,433.260,433.390,0.130,0.000,433.520,-0.260",,,,,,,,
"1145,those,433.390,433.770,0.380,0.000,433.520,-0.130",,,,,,,,
"1146,routes,433.770,434.210,0.440,0.000,433.520,0.250",,,,,,,,
"1147,age,434.210,434.430,0.220,0.000,433.520,0.690",,,,,,,,
"1148,at,434.430,434.610,0.180,0.000,433.520,0.910",,,,,,,,
"1149,accelerated,434.610,435.380,0.770,0.000,433.520,1.090",,,,,,,,
"1150,rates,435.380,435.910,0.530,0.000,433.520,1.860",,,,,,,,
"1151,ips,436.580,436.730,0.150,0.670,436.500,0.080",,,,,,,,
"1152,that,436.730,436.750,0.020,0.000,436.500,0.230",,,,,,,,
"1153,enter,436.750,437.140,0.390,0.000,436.500,0.250",,,,,,,,
"1154,the,437.140,437.380,0.240,0.000,436.500,0.640",,,,,,,,
"1155,inner,437.380,437.780,0.400,0.000,436.500,0.880",,,,,,,,
"1156,eye,437.780,438.020,0.240,0.000,436.500,1.280",,,,,,,,
"1157,on,438.020,438.280,0.260,0.000,436.500,1.520",,,,,,,,
"1158,standard,438.280,438.830,0.550,0.000,436.500,1.780",,,,,,,,
"1159,transit,438.830,439.460,0.630,0.000,436.500,2.330",,,,,,,,
"1160,projections,439.460,440.270,0.810,0.000,436.500,2.960",,,,,,,,
"1161,sometimes,440.270,441.010,0.740,0.000,436.500,3.770",,,,,,,,
"1162,emerge,441.010,441.560,0.550,0.000,436.500,4.510",,,,,,,,
"1163,centuries,441.560,442.230,0.670,0.000,436.500,5.060",,,,,,,,
"1164,off,442.230,442.460,0.230,0.000,436.500,5.730",,,,,,,,
"1165,course,442.460,442.940,0.480,0.000,436.500,5.960",,,,,,,,
"1166,don,443.820,443.950,0.130,0.880,443.780,0.040",,,,,,,,
"1167,'t,443.950,443.990,0.040,0.000,443.780,0.170",,,,,,,,
"1168,emerge,443.990,444.410,0.420,0.000,443.780,0.210",,,,,,,,
"1169,Fore,445.240,445.360,0.120,0.830,445.180,0.060",,,,,,,,
"1170,ground,445.360,445.410,0.050,0.000,445.180,0.180",,,,,,,,
"1171,forces,445.410,445.780,0.370,0.000,445.180,0.230",,,,,,,,
"1172,during,445.780,446.190,0.410,0.000,445.180,0.600",,,,,,,,
"1173,active,446.190,446.620,0.430,0.000,445.180,1.010",,,,,,,,
"1174,inc,446.620,446.940,0.320,0.000,445.180,1.440",,,,,,,,
"1175,urs,446.940,447.040,0.100,0.000,445.180,1.760",,,,,,,,
"1176,ions,447.040,447.320,0.280,0.000,445.180,1.860",,,,,,,,
"1177,The,448.240,448.400,0.160,0.920,448.260,-0.020",,,,,,,,
"1178,problem,448.400,448.440,0.040,0.000,448.260,0.140",,,,,,,,
"1179,is,448.440,448.610,0.170,0.000,448.260,0.180",,,,,,,,
"1180,reality,448.610,449.200,0.590,0.000,448.260,0.350",,,,,,,,
"1181,as,449.200,449.400,0.200,0.000,448.260,0.940",,,,,,,,
"1182,an,449.400,449.610,0.210,0.000,448.260,1.140",,,,,,,,
"1183,unre,449.610,449.940,0.330,0.000,450.020,-0.410",,,,,,,,
"1184,li,449.940,450.090,0.150,0.000,450.020,-0.080",,,,,,,,
"1185,able,450.090,450.440,0.350,0.000,450.020,0.070",,,,,,,,
"1186,physical,450.440,451.150,0.710,0.000,450.020,0.420",,,,,,,,
"1187,substrate,451.150,451.950,0.800,0.000,450.020,1.130",,,,,,,,
"1188,During,452.440,452.820,0.380,0.490,452.840,-0.400",,,,,,,,
"1189,the,452.820,452.950,0.130,0.000,452.840,-0.020",,,,,,,,
"1190,13,452.950,453.400,0.450,0.000,452.840,0.110",,,,,,,,
"1191,th,453.400,453.650,0.250,0.000,452.840,0.560",,,,,,,,
"1192,Black,453.650,453.980,0.330,0.000,452.840,0.810",,,,,,,,
"1193,Crus,453.980,454.210,0.230,0.000,452.840,1.140",,,,,,,,
"1194,ade,454.210,454.430,0.220,0.000,452.840,1.370",,,,,,,,
"1195,corruption,454.570,455.320,0.750,0.140,454.980,-0.410",,,,,,,,
"1196,radi,455.320,455.620,0.300,0.000,454.980,0.340",,,,,,,,
"1197,ating,455.620,455.980,0.360,0.000,454.980,0.640",,,,,,,,
"1198,from,455.980,456.440,0.460,0.000,454.980,1.000",,,,,,,,
"1199,Ab,456.440,456.580,0.140,0.000,454.980,1.460",,,,,,,,
"1200,ad,456.580,456.650,0.070,0.000,454.980,1.600",,,,,,,,
"1201,don,456.650,456.880,0.230,0.000,454.980,1.670",,,,,,,,
"1202,'s,456.880,456.940,0.060,0.000,454.980,1.900",,,,,,,,
"1203,fleet,456.940,457.310,0.370,0.000,457.600,-0.660",,,,,,,,
"1204,dest,457.310,457.610,0.300,0.000,457.600,-0.290",,,,,,,,
"1205,abil,457.610,457.930,0.320,0.000,457.600,0.010",,,,,,,,
"1206,ized,457.930,458.190,0.260,0.000,457.600,0.330",,,,,,,,
"1207,atmospheric,458.190,459.010,0.820,0.000,457.600,0.590",,,,,,,,
"1208,conditions,459.010,459.800,0.790,0.000,457.600,1.410",,,,,,,,
"1209,across,459.800,460.210,0.410,0.000,457.600,2.200",,,,,,,,
"1210,entire,460.210,460.660,0.450,0.000,457.600,2.610",,,,,,,,
"1211,operating,460.660,461.630,0.970,0.000,457.600,3.060",,,,,,,,
"1212,zones,461.630,461.700,0.070,0.000,457.600,4.030",,,,,,,,
"1213,ip,462.580,462.670,0.090,0.880,462.580,0.000",,,,,,,,
"1214,ment,462.670,462.740,0.070,0.000,462.580,0.090",,,,,,,,
"1215,failed,462.740,463.120,0.380,0.000,462.580,0.160",,,,,,,,
"1216,with,463.120,463.360,0.240,0.000,462.580,0.540",,,,,,,,
"1217,no,463.360,463.510,0.150,0.000,462.580,0.780",,,,,,,,
"1218,physical,463.510,464.070,0.560,0.000,462.580,0.930",,,,,,,,
"1219,damage,464.070,464.510,0.440,0.000,462.580,1.490",,,,,,,,
"1220,to,464.510,464.630,0.120,0.000,462.580,1.930",,,,,,,,
"1221,explain,464.630,465.210,0.580,0.000,462.580,2.050",,,,,,,,
"1222,it,465.210,465.260,0.050,0.000,462.580,2.630",,,,,,,,
"1223,Sold,465.960,466.060,0.100,0.700,465.900,0.060",,,,,,,,
"1224,iers,466.060,466.120,0.060,0.000,465.900,0.160",,,,,,,,
"1225,who,466.120,466.270,0.150,0.000,465.900,0.220",,,,,,,,
"1226,spent,466.270,466.620,0.350,0.000,465.900,0.370",,,,,,,,
"1227,extended,466.620,467.180,0.560,0.000,465.900,0.720",,,,,,,,
"1228,time,467.180,467.460,0.280,0.000,465.900,1.280",,,,,,,,
"1229,in,467.460,467.660,0.200,0.000,465.900,1.560",,,,,,,,
"1230,contaminated,467.660,468.590,0.930,0.000,465.900,1.760",,,,,,,,
"1231,sectors,468.590,468.940,0.350,0.000,465.900,2.690",,,,,,,,
"1232,reported,468.940,469.500,0.560,0.000,465.900,3.040",,,,,,,,
"1233,geography,469.500,470.330,0.830,0.000,465.900,3.600",,,,,,,,
"1234,that,470.330,470.410,0.080,0.000,465.900,4.430",,,,,,,,
"1235,didn,470.410,470.690,0.280,0.000,465.900,4.510",,,,,,,,
"1236,'t,470.690,470.830,0.140,0.000,465.900,4.790",,,,,,,,
"1237,match,470.830,471.280,0.450,0.000,465.900,4.930",,,,,,,,
"1238,survey,471.280,471.610,0.330,0.000,465.900,5.380",,,,,,,,
"1239,maps,471.610,471.880,0.270,0.000,465.900,5.710",,,,,,,,
"1240,x,472.460,472.620,0.160,0.580,465.900,6.560",,,,,,,,
"1241,traffic,472.620,472.820,0.200,0.000,465.900,6.720",,,,,,,,
"1242,on,472.820,473.000,0.180,0.000,465.900,6.920",,,,,,,,
"1243,dead,473.000,473.230,0.230,0.000,465.900,7.100",,,,,,,,
"1244,frequencies,473.230,474.160,0.930,0.000,474.640,-1.410",,,,,,,,
"1245,and,474.190,474.410,0.220,0.030,474.640,-0.450",,,,,,,,
"1246,an,474.410,474.550,0.140,0.000,474.640,-0.230",,,,,,,,
"1247,inability,474.550,475.210,0.660,0.000,474.640,-0.090",,,,,,,,
"1248,to,475.210,475.350,0.140,0.000,474.640,0.570",,,,,,,,
"1249,track,475.350,475.710,0.360,0.000,474.640,0.710",,,,,,,,
"1250,time,475.710,476.000,0.290,0.000,474.640,1.070",,,,,,,,
"1251,between,476.000,476.820,0.820,0.000,474.640,1.360",,,,,,,,
"1252,events,476.820,476.950,0.130,0.000,474.640,2.180",,,,,,,,
"1253,These,477.660,477.820,0.160,0.710,477.740,-0.080",,,,,,,,
"1254,were,477.820,477.890,0.070,0.000,477.740,0.080",,,,,,,,
"1255,documented,477.890,478.610,0.720,0.000,477.740,0.150",,,,,,,,
"1256,across,478.610,479.060,0.450,0.000,477.740,0.870",,,,,,,,
"1257,multiple,479.060,479.640,0.580,0.000,477.740,1.320",,,,,,,,
"1258,units,479.640,480.000,0.360,0.000,477.740,1.900",,,,,,,,
"1259,They,480.420,480.490,0.070,0.420,480.820,-0.400",,,,,,,,
"1260,weren,480.490,480.800,0.310,0.000,480.820,-0.330",,,,,,,,
"1261,'t,480.800,480.890,0.090,0.000,480.820,-0.020",,,,,,,,
"1262,morale,480.890,481.230,0.340,0.000,480.820,0.070",,,,,,,,
"1263,failures,481.230,481.700,0.470,0.000,480.820,0.410",,,,,,,,
"1264,were,482.520,482.670,0.150,0.820,482.520,0.000",,,,,,,,
"1265,the,482.670,482.700,0.030,0.000,482.520,0.150",,,,,,,,
"1266,operational,482.700,483.600,0.900,0.000,482.520,0.180",,,,,,,,
"1267,signature,483.600,484.220,0.620,0.000,482.520,1.080",,,,,,,,
"1268,of,484.220,484.340,0.120,0.000,482.520,1.700",,,,,,,,
"1269,the,484.340,484.560,0.220,0.000,484.800,-0.460",,,,,,,,
"1270,eye,484.560,484.780,0.220,0.000,484.800,-0.240",,,,,,,,
"1271,'s,484.780,484.920,0.140,0.000,484.800,-0.020",,,,,,,,
"1272,effect,484.920,485.400,0.480,0.000,484.800,0.120",,,,,,,,
"1273,on,485.400,485.510,0.110,0.000,484.800,0.600",,,,,,,,
"1274,personnel,485.510,486.180,0.670,0.000,484.800,0.710",,,,,,,,
"1275,without,486.180,486.900,0.720,0.000,486.780,-0.600",,,,,,,,
"1276,shield,486.900,487.140,0.240,0.000,486.780,0.120",,,,,,,,
"1277,ing,487.140,487.360,0.220,0.000,486.780,0.360",,,,,,,,
"1278,ian,488.060,488.220,0.160,0.700,488.000,0.060",,,,,,,,
"1279,shock,488.220,488.360,0.140,0.000,488.000,0.220",,,,,,,,
"1280,troops,488.360,488.740,0.380,0.000,488.000,0.360",,,,,,,,
"1281,were,488.740,488.990,0.250,0.000,488.000,0.740",,,,,,,,
"1282,trained,488.990,489.430,0.440,0.000,488.000,0.990",,,,,,,,
"1283,from,489.430,489.760,0.330,0.000,488.000,1.430",,,,,,,,
"1284,the,489.760,489.870,0.110,0.000,488.000,1.760",,,,,,,,
"1285,start,489.870,490.190,0.320,0.000,488.000,1.870",,,,,,,,
"1286,with,490.190,490.440,0.250,0.000,488.000,2.190",,,,,,,,
"1287,all,490.440,490.690,0.250,0.000,488.000,2.440",,,,,,,,
"1288,of,490.690,490.750,0.060,0.000,488.000,2.690",,,,,,,,
"1289,this,490.750,491.000,0.250,0.000,488.000,2.750",,,,,,,,
"1290,as,491.000,491.180,0.180,0.000,488.000,3.000",,,,,,,,
"1291,a,491.180,491.290,0.110,0.000,488.000,3.180",,,,,,,,
"1292,baseline,491.290,491.690,0.400,0.000,488.000,3.290",,,,,,,,
"1293,They,492.560,492.710,0.150,0.870,492.540,0.020",,,,,,,,
"1294,treated,492.710,492.730,0.020,0.000,492.540,0.170",,,,,,,,
"1295,it,492.730,492.870,0.140,0.000,492.540,0.190",,,,,,,,
"1296,as,492.870,493.100,0.230,0.000,492.540,0.330",,,,,,,,
"1297,standard,493.100,493.640,0.540,0.000,492.540,0.560",,,,,,,,
"1298,operating,493.640,494.260,0.620,0.000,492.540,1.100",,,,,,,,
"1299,parameters,494.260,494.900,0.640,0.000,492.540,1.720",,,,,,,,
"1300,rather,494.900,495.320,0.420,0.000,492.540,2.360",,,,,,,,
"1301,than,495.320,495.600,0.280,0.000,492.540,2.780",,,,,,,,
"1302,emergency,495.600,496.220,0.620,0.000,492.540,3.060",,,,,,,,
"1303,conditions,496.220,496.950,0.730,0.000,492.540,3.680",,,,,,,,
"1304,gap,497.680,497.840,0.160,0.730,497.680,0.000",,,,,,,,
"1305,between,497.840,498.090,0.250,0.000,497.680,0.160",,,,,,,,
"1306,a,498.090,498.220,0.130,0.000,497.680,0.410",,,,,,,,
"1307,force,498.220,498.480,0.260,0.000,497.680,0.540",,,,,,,,
"1308,that,498.480,498.750,0.270,0.000,497.680,0.800",,,,,,,,
"1309,had,498.750,499.050,0.300,0.000,497.680,1.070",,,,,,,,
"1310,normalized,499.050,499.610,0.560,0.000,497.680,1.370",,,,,,,,
"1311,the,499.610,499.810,0.200,0.000,497.680,1.930",,,,,,,,
"1312,impossible,499.810,500.560,0.750,0.000,497.680,2.130",,,,,,,,
"1313,and,500.560,500.840,0.280,0.000,501.180,-0.620",,,,,,,,
"1314,a,500.840,500.910,0.070,0.000,501.180,-0.340",,,,,,,,
"1315,force,500.910,501.240,0.330,0.000,501.180,-0.270",,,,,,,,
"1316,meeting,501.240,501.960,0.720,0.000,501.180,0.060",,,,,,,,
"1317,it,501.960,502.050,0.090,0.000,501.180,0.780",,,,,,,,
"1318,for,502.050,502.280,0.230,0.000,501.180,0.870",,,,,,,,
"1319,the,502.280,502.430,0.150,0.000,501.180,1.100",,,,,,,,
"1320,first,502.430,502.840,0.410,0.000,501.180,1.250",,,,,,,,
"1321,time,502.840,503.200,0.360,0.000,501.180,1.660",,,,,,,,
"1322,determined,503.200,503.680,0.480,0.000,501.180,2.020",,,,,,,,
"1323,most,503.680,503.970,0.290,0.000,504.220,-0.540",,,,,,,,
"1324,of,503.970,504.110,0.140,0.000,504.220,-0.250",,,,,,,,
"1325,the,504.110,504.320,0.210,0.000,504.220,-0.110",,,,,,,,
"1326,tactical,504.320,504.970,0.650,0.000,504.220,0.100",,,,,,,,
"1327,results,504.970,505.420,0.450,0.000,504.220,0.750",,,,,,,,
"1328,at,505.420,505.560,0.140,0.000,504.220,1.200",,,,,,,,
"1329,the,505.560,505.780,0.220,0.000,504.220,1.340",,,,,,,,
"1330,Cad,505.780,506.000,0.220,0.000,504.220,1.560",,,,,,,,
"1331,ian,506.000,506.220,0.220,0.000,504.220,1.780",,,,,,,,
"1332,gate,506.220,506.500,0.280,0.000,504.220,2.000",,,,,,,,
"1333,Cad,507.180,507.340,0.160,0.680,507.200,-0.020",,,,,,,,
"1334,ians,507.340,507.400,0.060,0.000,507.200,0.140",,,,,,,,
"1335,died,507.400,507.720,0.320,0.000,507.200,0.200",,,,,,,,
"1336,there,507.720,507.980,0.260,0.000,507.200,0.520",,,,,,,,
"1337,too,508.110,508.300,0.190,0.130,507.200,0.910",,,,,,,,
"1338,They,508.700,508.850,0.150,0.400,509.040,-0.340",,,,,,,,
"1339,just,508.850,509.160,0.310,0.000,509.040,-0.190",,,,,,,,
"1340,had,509.160,509.390,0.230,0.000,509.040,0.120",,,,,,,,
"1341,doctrine,509.390,510.010,0.620,0.000,509.040,0.350",,,,,,,,
"1342,that,510.010,510.320,0.310,0.000,509.040,0.970",,,,,,,,
"1343,already,510.320,510.870,0.550,0.000,510.960,-0.640",,,,,,,,
"1344,had,510.870,511.170,0.300,0.000,510.960,-0.090",,,,,,,,
"1345,line,511.170,511.480,0.310,0.000,510.960,0.210",,,,,,,,
"1346,item,511.480,511.790,0.310,0.000,510.960,0.520",,,,,,,,
"1347,for,511.790,512.020,0.230,0.000,510.960,0.830",,,,,,,,
"1348,it,512.020,512.170,0.150,0.000,510.960,1.060",,,,,,,,
"1349,Number,512.840,513.000,0.160,0.670,512.800,0.040",,,,,,,,
"1350,one,513.000,513.230,0.230,0.000,512.800,0.200",,,,,,,,
"1351,the,513.390,513.640,0.250,0.160,513.920,-0.530",,,,,,,,
"1352,warp,513.640,513.970,0.330,0.000,513.920,-0.280",,,,,,,,
"1353,uncont,513.970,514.540,0.570,0.000,513.920,0.050",,,,,,,,
"1354,rolled,514.540,514.970,0.430,0.000,513.920,0.620",,,,,,,,
"1355,Every,515.740,515.900,0.160,0.770,515.700,0.040",,,,,,,,
"1356,inter,515.900,515.960,0.060,0.000,515.700,0.200",,,,,,,,
"1357,stell,515.960,516.320,0.360,0.000,515.700,0.260",,,,,,,,
"1358,ar,516.320,516.450,0.130,0.000,515.700,0.620",,,,,,,,
"1359,vessel,516.450,516.890,0.440,0.000,515.700,0.750",,,,,,,,
"1360,passes,516.890,517.320,0.430,0.000,515.700,1.190",,,,,,,,
"1361,through,517.320,517.820,0.500,0.000,515.700,1.620",,,,,,,,
"1362,the,517.820,518.030,0.210,0.000,515.700,2.120",,,,,,,,
"1363,warp,518.030,518.370,0.340,0.000,515.700,2.330",,,,,,,,
"1364,to,518.370,518.460,0.090,0.000,518.820,-0.450",,,,,,,,
"1365,reach,518.460,518.970,0.510,0.000,518.820,-0.360",,,,,,,,
"1366,the,518.970,519.030,0.060,0.000,518.820,0.150",,,,,,,,
"1367,next,519.030,519.320,0.290,0.000,518.820,0.210",,,,,,,,
"1368,star,519.320,519.610,0.290,0.000,518.820,0.500",,,,,,,,
"1369,system,519.610,520.130,0.520,0.000,518.820,0.790",,,,,,,,
"1370,Nobody,520.800,520.960,0.160,0.670,520.780,0.020",,,,,,,,
"1371,has,520.960,521.040,0.080,0.000,520.780,0.180",,,,,,,,
"1372,survived,521.040,521.660,0.620,0.000,520.780,0.260",,,,,,,,
"1373,losing,521.660,522.170,0.510,0.000,522.400,-0.740",,,,,,,,
"1374,control,522.170,522.730,0.560,0.000,522.400,-0.230",,,,,,,,
"1375,of,522.730,522.830,0.100,0.000,522.400,0.330",,,,,,,,
"1376,that,522.830,523.140,0.310,0.000,522.400,0.430",,,,,,,,
"1377,crossing,523.140,523.760,0.620,0.000,522.400,0.740",,,,,,,,
"1378,warp,524.540,524.700,0.160,0.780,524.540,0.000",,,,,,,,
"1379,enables,524.700,525.080,0.380,0.000,524.540,0.160",,,,,,,,
"1380,faster,525.080,525.440,0.360,0.000,524.540,0.540",,,,,,,,
"1381,than,525.500,525.860,0.360,0.060,524.540,0.960",,,,,,,,
"1382,light,525.910,526.240,0.330,0.050,524.540,1.370",,,,,,,,
"1383,travel,526.240,526.630,0.390,0.000,524.540,1.700",,,,,,,,
"1384,also,527.440,527.600,0.160,0.810,527.860,-0.420",,,,,,,,
"1385,operates,527.600,527.980,0.380,0.000,527.860,-0.260",,,,,,,,
"1386,under,527.980,528.330,0.350,0.000,527.860,0.120",,,,,,,,
"1387,conditions,528.330,529.140,0.810,0.000,527.860,0.470",,,,,,,,
"1388,where,529.140,529.500,0.360,0.000,527.860,1.280",,,,,,,,
"1389,stable,529.500,530.070,0.570,0.000,527.860,1.640",,,,,,,,
"1390,matter,530.070,530.450,0.380,0.000,527.860,2.210",,,,,,,,
"1391,has,530.450,530.670,0.220,0.000,527.860,2.590",,,,,,,,
"1392,no,530.670,530.820,0.150,0.000,527.860,2.810",,,,,,,,
"1393,particular,530.820,531.810,0.990,0.000,527.860,2.960",,,,,,,,
"1394,standing,531.810,532.270,0.460,0.000,527.860,3.950",,,,,,,,
"1395,A,532.570,532.660,0.090,0.300,532.960,-0.390",,,,,,,,
"1396,ship,532.660,532.870,0.210,0.000,532.960,-0.300",,,,,,,,
"1397,that,532.870,533.170,0.300,0.000,532.960,-0.090",,,,,,,,
"1398,loses,533.170,533.570,0.400,0.000,532.960,0.210",,,,,,,,
"1399,its,533.570,533.830,0.260,0.000,532.960,0.610",,,,,,,,
"1400,G,533.830,533.870,0.040,0.000,532.960,0.870",,,,,,,,
"1401,eller,533.870,534.200,0.330,0.000,532.960,0.910",,,,,,,,
"1402,field,534.200,534.570,0.370,0.000,532.960,1.240",,,,,,,,
"1403,the,534.720,534.940,0.220,0.150,532.960,1.760",,,,,,,,
"1404,containment,534.940,535.760,0.820,0.000,535.260,-0.320",,,,,,,,
"1405,system,535.760,536.200,0.440,0.000,535.260,0.500",,,,,,,,
"1406,maintaining,536.360,537.180,0.820,0.160,535.260,1.100",,,,,,,,
"1407,a,537.180,537.250,0.070,0.000,535.260,1.920",,,,,,,,
"1408,bubble,537.250,537.820,0.570,0.000,535.260,1.990",,,,,,,,
"1409,of,537.820,537.850,0.030,0.000,535.260,2.560",,,,,,,,
"1410,material,537.850,538.450,0.600,0.000,535.260,2.590",,,,,,,,
"1411,reality,538.450,539.040,0.590,0.000,535.260,3.190",,,,,,,,
"1412,coher,539.040,539.310,0.270,0.000,535.260,3.780",,,,,,,,
"1413,ence,539.310,539.520,0.210,0.000,535.260,4.050",,,,,,,,
"1414,around,539.520,539.850,0.330,0.000,535.260,4.260",,,,,,,,
"1415,the,539.850,540.020,0.170,0.000,535.260,4.590",,,,,,,,
"1416,hull,540.020,540.230,0.210,0.000,535.260,4.760",,,,,,,,
"1417,isn,540.360,540.570,0.210,0.130,540.720,-0.360",,,,,,,,
"1418,'t,540.570,540.660,0.090,0.000,540.720,-0.150",,,,,,,,
"1419,a,540.660,540.810,0.150,0.000,540.720,-0.060",,,,,,,,
"1420,vessel,540.810,541.090,0.280,0.000,540.720,0.090",,,,,,,,
"1421,in,541.090,541.210,0.120,0.000,540.720,0.370",,,,,,,,
"1422,a,541.210,541.270,0.060,0.000,540.720,0.490",,,,,,,,
"1423,dangerous,541.270,541.860,0.590,0.000,540.720,0.550",,,,,,,,
"1424,environment,541.860,542.510,0.650,0.000,540.720,1.140",,,,,,,,
"1425,anymore,542.510,543.070,0.560,0.000,540.720,1.790",,,,,,,,
"1426,'s,543.580,543.740,0.160,0.510,543.680,-0.100",,,,,,,,
"1427,matter,543.740,543.800,0.060,0.000,543.680,0.060",,,,,,,,
"1428,trying,543.800,544.180,0.380,0.000,543.680,0.120",,,,,,,,
"1429,to,544.180,544.300,0.120,0.000,543.680,0.500",,,,,,,,
"1430,hold,544.300,544.540,0.240,0.000,543.680,0.620",,,,,,,,
"1431,its,544.540,544.740,0.200,0.000,543.680,0.860",,,,,,,,
"1432,shape,544.740,545.050,0.310,0.000,543.680,1.060",,,,,,,,
"1433,somewhere,545.050,545.620,0.570,0.000,543.680,1.370",,,,,,,,
"1434,that,545.620,545.870,0.250,0.000,543.680,1.940",,,,,,,,
"1435,actively,545.870,546.370,0.500,0.000,543.680,2.190",,,,,,,,
"1436,works,546.370,546.810,0.440,0.000,543.680,2.690",,,,,,,,
"1437,against,546.810,547.120,0.310,0.000,543.680,3.130",,,,,,,,
"1438,the,547.120,547.310,0.190,0.000,543.680,3.440",,,,,,,,
"1439,concept,547.310,547.870,0.560,0.000,543.680,3.630",,,,,,,,
"1440,of,547.870,547.970,0.100,0.000,543.680,4.190",,,,,,,,
"1441,shape,547.970,548.180,0.210,0.000,543.680,4.290",,,,,,,,
"1442,The,548.620,548.710,0.090,0.440,548.900,-0.280",,,,,,,,
"1443,crew,548.710,549.040,0.330,0.000,548.900,-0.190",,,,,,,,
"1444,doesn,549.040,549.440,0.400,0.000,548.900,0.140",,,,,,,,
"1445,'t,549.440,549.610,0.170,0.000,548.900,0.540",,,,,,,,
"1446,die,549.610,549.860,0.250,0.000,548.900,0.710",,,,,,,,
"1447,the,549.860,550.160,0.300,0.000,548.900,0.960",,,,,,,,
"1448,way,550.160,550.390,0.230,0.000,548.900,1.260",,,,,,,,
"1449,crews,550.390,550.770,0.380,0.000,548.900,1.490",,,,,,,,
"1450,die,550.770,551.090,0.320,0.000,548.900,1.870",,,,,,,,
"1451,when,551.090,551.350,0.260,0.000,548.900,2.190",,,,,,,,
"1452,life,551.350,551.690,0.340,0.000,551.880,-0.530",,,,,,,,
"1453,'s,551.690,551.840,0.150,0.000,551.880,-0.190",,,,,,,,
"1454,support,551.840,552.420,0.580,0.000,551.880,-0.040",,,,,,,,
"1455,fails,552.420,552.850,0.430,0.000,551.880,0.540",,,,,,,,
"1456,The,553.140,553.350,0.210,0.290,553.620,-0.480",,,,,,,,
"1457,deterior,553.350,553.910,0.560,0.000,553.620,-0.270",,,,,,,,
"1458,ation,553.910,554.270,0.360,0.000,553.620,0.290",,,,,,,,
"1459,comes,554.270,554.620,0.350,0.000,553.620,0.650",,,,,,,,
"1460,from,554.620,554.900,0.280,0.000,553.620,1.000",,,,,,,,
"1461,outside,554.900,555.400,0.500,0.000,553.620,1.280",,,,,,,,
"1462,in,555.540,555.770,0.230,0.140,553.620,1.920",,,,,,,,
"1463,and,555.820,556.030,0.210,0.050,553.620,2.200",,,,,,,,
"1464,doesn,556.030,556.380,0.350,0.000,556.440,-0.410",,,,,,,,
"1465,'t,556.380,556.520,0.140,0.000,556.440,-0.060",,,,,,,,
"1466,follow,556.520,556.940,0.420,0.000,556.440,0.080",,,,,,,,
"1467,a,556.940,557.020,0.080,0.000,556.440,0.500",,,,,,,,
"1468,sequence,557.020,557.590,0.570,0.000,556.440,0.580",,,,,,,,
"1469,anyone,557.590,558.020,0.430,0.000,556.440,1.150",,,,,,,,
"1470,has,558.020,558.230,0.210,0.000,556.440,1.580",,,,,,,,
"1471,successfully,558.230,559.090,0.860,0.000,556.440,1.790",,,,,,,,
"1472,predicted,559.090,559.740,0.650,0.000,556.440,2.650",,,,,,,,
"1473,What,560.580,560.640,0.060,0.840,560.540,0.040",,,,,,,,
"1474,makes,560.640,560.740,0.100,0.000,560.540,0.100",,,,,,,,
"1475,this,560.740,560.910,0.170,0.000,561.020,-0.280",,,,,,,,
"1476,the,560.910,561.120,0.210,0.000,561.020,-0.110",,,,,,,,
"1477,worst,561.120,561.440,0.320,0.000,561.020,0.100",,,,,,,,
"1478,environment,561.440,562.280,0.840,0.000,561.020,0.420",,,,,,,,
"1479,in,562.280,562.310,0.030,0.000,561.020,1.260",,,,,,,,
"1480,the,562.310,562.510,0.200,0.000,561.020,1.290",,,,,,,,
"1481,setting,562.510,562.980,0.470,0.000,561.020,1.490",,,,,,,,
"1482,is,562.980,563.210,0.230,0.000,561.020,1.960",,,,,,,,
"1483,what,563.210,563.380,0.170,0.000,561.020,2.190",,,,,,,,
"1484,gets,563.380,563.810,0.430,0.000,561.020,2.360",,,,,,,,
"1485,stripped,563.810,564.190,0.380,0.000,561.020,2.790",,,,,,,,
"1486,away,564.190,564.450,0.260,0.000,561.020,3.170",,,,,,,,
"1487,the,564.450,564.940,0.490,0.000,561.020,3.430",,,,,,,,
"1488,moment,564.940,565.060,0.120,0.000,561.020,3.920",,,,,,,,
"1489,control,565.060,565.560,0.500,0.000,561.020,4.040",,,,,,,,
"1490,fails,565.560,565.900,0.340,0.000,561.020,4.540",,,,,,,,
"1491,Nav,566.620,566.780,0.160,0.720,566.620,0.000",,,,,,,,
"1492,igation,566.780,566.850,0.070,0.000,566.620,0.160",,,,,,,,
"1493,stops,566.850,567.210,0.360,0.000,566.620,0.230",,,,,,,,
"1494,working,567.210,567.710,0.500,0.000,566.620,0.590",,,,,,,,
"1495,because,567.710,568.210,0.500,0.000,568.440,-0.730",,,,,,,,
"1496,warp,568.210,568.550,0.340,0.000,568.440,-0.230",,,,,,,,
"1497,currents,568.550,569.250,0.700,0.000,568.440,0.110",,,,,,,,
"1498,have,569.250,569.370,0.120,0.000,568.440,0.810",,,,,,,,
"1499,no,569.370,569.510,0.140,0.000,568.440,0.930",,,,,,,,
"1500,fixed,569.510,569.870,0.360,0.000,568.440,1.070",,,,,,,,
"1501,relationship,569.870,570.880,1.010,0.000,568.440,1.430",,,,,,,,
"1502,to,570.880,571.000,0.120,0.000,568.440,2.440",,,,,,,,
"1503,physical,571.000,571.460,0.460,0.000,568.440,2.560",,,,,,,,
"1504,distances,571.460,572.110,0.650,0.000,568.440,3.020",,,,,,,,
"1505,Time,572.960,573.120,0.160,0.850,573.040,-0.080",,,,,,,,
"1506,becomes,573.120,573.680,0.560,0.000,573.040,0.080",,,,,,,,
"1507,operation,573.680,574.500,0.820,0.000,574.240,-0.560",,,,,,,,
"1508,ally,574.500,574.730,0.230,0.000,574.240,0.260",,,,,,,,
"1509,non,574.730,574.960,0.230,0.000,574.240,0.490",,,,,,,,
"1510,linear,575.040,575.520,0.480,0.080,574.240,0.800",,,,,,,,
"1511,have,576.600,576.680,0.080,1.080,576.540,0.060",,,,,,,,
"1512,ex,576.680,576.760,0.080,0.000,576.540,0.140",,,,,,,,
"1513,ited,576.760,576.950,0.190,0.000,576.540,0.220",,,,,,,,
"1514,transit,576.950,577.430,0.480,0.000,576.540,0.410",,,,,,,,
"1515,weeks,577.430,577.770,0.340,0.000,576.540,0.890",,,,,,,,
"1516,before,577.770,578.180,0.410,0.000,576.540,1.230",,,,,,,,
"1517,they,578.180,578.450,0.270,0.000,576.540,1.640",,,,,,,,
"1518,entered,578.450,578.930,0.480,0.000,576.540,1.910",,,,,,,,
"1519,as,579.200,579.230,0.030,0.270,576.540,2.660",,,,,,,,
"1520,measured,579.230,579.830,0.600,0.000,579.880,-0.650",,,,,,,,
"1521,by,579.830,579.890,0.060,0.000,579.880,-0.050",,,,,,,,
"1522,external,579.890,580.440,0.550,0.000,579.880,0.010",,,,,,,,
"1523,observers,580.440,581.060,0.620,0.000,579.880,0.560",,,,,,,,
"1524,and,581.320,581.620,0.300,0.260,582.040,-0.720",,,,,,,,
"1525,some,581.620,581.920,0.300,0.000,582.040,-0.420",,,,,,,,
"1526,have,581.920,582.170,0.250,0.000,582.040,-0.120",,,,,,,,
"1527,never,582.170,582.560,0.390,0.000,582.040,0.130",,,,,,,,
"1528,ex,582.560,582.810,0.250,0.000,582.040,0.520",,,,,,,,
"1529,ited,582.810,583.020,0.210,0.000,582.040,0.770",,,,,,,,
"1530,despite,583.020,583.570,0.550,0.000,582.040,0.980",,,,,,,,
"1531,correct,583.570,584.120,0.550,0.000,582.040,1.530",,,,,,,,
"1532,departure,584.120,584.820,0.700,0.000,582.040,2.080",,,,,,,,
"1533,coordinates,584.820,585.950,1.130,0.000,582.040,2.780",,,,,,,,
"1534,Crew,586.120,586.280,0.160,0.170,586.480,-0.360",,,,,,,,
"1535,psychological,586.280,587.330,1.050,0.000,586.480,-0.200",,,,,,,,
"1536,integrity,587.330,588.060,0.730,0.000,586.480,0.850",,,,,,,,
"1537,decl,588.060,588.380,0.320,0.000,586.480,1.580",,,,,,,,
"1538,ines,588.380,588.700,0.320,0.000,588.660,-0.280",,,,,,,,
"1539,in,588.700,588.860,0.160,0.000,588.660,0.040",,,,,,,,
"1540,proportion,588.860,589.670,0.810,0.000,588.660,0.200",,,,,,,,
"1541,to,589.670,589.830,0.160,0.000,588.660,1.010",,,,,,,,
"1542,transit,589.830,590.390,0.560,0.000,588.660,1.170",,,,,,,,
"1543,duration,590.390,591.040,0.650,0.000,588.660,1.730",,,,,,,,
"1544,and,591.040,591.280,0.240,0.000,588.660,2.380",,,,,,,,
"1545,proximity,591.280,592.010,0.730,0.000,588.660,2.620",,,,,,,,
"1546,to,592.010,592.170,0.160,0.000,588.660,3.350",,,,,,,,
"1547,warp,592.170,592.490,0.320,0.000,592.480,-0.310",,,,,,,,
"1548,anom,592.490,592.810,0.320,0.000,592.480,0.010",,,,,,,,
"1549,alies,592.810,593.250,0.440,0.000,592.480,0.330",,,,,,,,
"1550,Communication,594.080,594.620,0.540,0.830,594.080,0.000",,,,,,,,
"1551,with,594.620,594.890,0.270,0.000,594.080,0.540",,,,,,,,
"1552,anything,594.890,595.540,0.650,0.000,595.300,-0.410",,,,,,,,
"1553,outside,595.540,596.110,0.570,0.000,595.300,0.240",,,,,,,,
"1554,the,596.110,596.350,0.240,0.000,595.300,0.810",,,,,,,,
"1555,hull,596.350,596.710,0.360,0.000,595.300,1.050",,,,,,,,
"1556,is,596.710,596.830,0.120,0.000,595.300,1.410",,,,,,,,
"1557,sever,596.830,597.310,0.480,0.000,595.300,1.530",,,,,,,,
"1558,ed,597.310,597.390,0.080,0.000,595.300,2.010",,,,,,,,
"1559,ly,598.080,598.240,0.160,0.690,598.040,0.040",,,,,,,,
"1560,lines,598.240,598.360,0.120,0.000,598.040,0.200",,,,,,,,
"1561,reinforce,598.480,599.020,0.540,0.120,598.040,0.440",,,,,,,,
"1562,ments,599.020,599.450,0.430,0.000,598.040,0.980",,,,,,,,
"1563,intelligence,599.470,600.220,0.750,0.020,598.040,1.430",,,,,,,,
"1564,extraction,600.340,600.970,0.630,0.120,598.040,2.300",,,,,,,,
"1565,everything,601.090,601.720,0.630,0.120,598.040,3.050",,,,,,,,
"1566,a,601.720,601.760,0.040,0.000,598.040,3.680",,,,,,,,
"1567,military,601.760,602.450,0.690,0.000,598.040,3.720",,,,,,,,
"1568,force,602.450,602.680,0.230,0.000,598.040,4.410",,,,,,,,
"1569,depends,602.680,603.100,0.420,0.000,598.040,4.640",,,,,,,,
"1570,on,603.100,603.150,0.050,0.000,598.040,5.060",,,,,,,,
"1571,for,603.150,603.400,0.250,0.000,598.040,5.110",,,,,,,,
"1572,sustained,603.400,603.900,0.500,0.000,598.040,5.360",,,,,,,,
"1573,operation,603.900,604.460,0.560,0.000,598.040,5.860",,,,,,,,
"1574,ases,605.340,605.420,0.080,0.880,605.300,0.040",,,,,,,,
"1575,to,605.420,605.510,0.090,0.000,605.300,0.120",,,,,,,,
"1576,function,605.510,606.160,0.650,0.000,605.300,0.210",,,,,,,,
"1577,the,606.160,606.430,0.270,0.000,605.300,0.860",,,,,,,,
"1578,moment,606.430,607.040,0.610,0.000,605.300,1.130",,,,,,,,
"1579,the,607.040,607.270,0.230,0.000,605.300,1.740",,,,,,,,
"1580,G,607.270,607.340,0.070,0.000,605.300,1.970",,,,,,,,
"1581,eller,607.340,607.970,0.630,0.000,605.300,2.040",,,,,,,,
"1582,field,607.970,608.260,0.290,0.000,605.300,2.670",,,,,,,,
"1583,goes,608.260,608.630,0.370,0.000,605.300,2.960",,,,,,,,
"1584,The,609.120,609.210,0.090,0.490,609.440,-0.320",,,,,,,,
"1585,final,609.210,609.630,0.420,0.000,609.440,-0.230",,,,,,,,
"1586,boarding,609.630,610.330,0.700,0.000,609.440,0.190",,,,,,,,
"1587,of,610.330,610.460,0.130,0.000,609.440,0.890",,,,,,,,
"1588,the,610.460,610.710,0.250,0.000,609.440,1.020",,,,,,,,
"1589,venge,610.710,611.130,0.420,0.000,609.440,1.270",,,,,,,,
"1590,ful,611.130,611.380,0.250,0.000,609.440,1.690",,,,,,,,
"1591,spirit,611.380,611.880,0.500,0.000,609.440,1.940",,,,,,,,
"1592,illustrated,611.880,612.790,0.910,0.000,612.700,-0.820",,,,,,,,
"1593,what,612.790,613.330,0.540,0.000,612.700,0.090",,,,,,,,
"1594,even,613.330,613.460,0.130,0.000,612.700,0.630",,,,,,,,
"1595,partial,613.460,614.040,0.580,0.000,612.700,0.760",,,,,,,,
"1596,warp,614.040,614.410,0.370,0.000,612.700,1.340",,,,,,,,
"1597,exposure,614.410,615.180,0.770,0.000,615.520,-1.110",,,,,,,,
"1598,does,615.180,615.370,0.190,0.000,615.520,-0.340",,,,,,,,
"1599,at,615.370,615.560,0.190,0.000,615.520,-0.150",,,,,,,,
"1600,close,615.560,615.950,0.390,0.000,615.520,0.040",,,,,,,,
"1601,range,615.950,616.480,0.530,0.000,615.520,0.430",,,,,,,,
"1602,A,616.700,616.870,0.170,0.220,617.120,-0.420",,,,,,,,
"1603,targeted,616.870,617.280,0.410,0.000,617.120,-0.250",,,,,,,,
"1604,teleport,617.280,617.790,0.510,0.000,617.120,0.160",,,,,,,,
"1605,assault,617.790,618.260,0.470,0.000,617.120,0.670",,,,,,,,
"1606,the,618.400,618.630,0.230,0.140,617.120,1.280",,,,,,,,
"1607,most,618.630,618.840,0.210,0.000,619.100,-0.470",,,,,,,,
"1608,controlled,618.840,619.490,0.650,0.000,619.100,-0.260",,,,,,,,
"1609,form,619.490,619.890,0.400,0.000,619.100,0.390",,,,,,,,
"1610,of,619.890,619.930,0.040,0.000,619.100,0.790",,,,,,,,
"1611,warp,619.930,620.150,0.220,0.000,619.100,0.830",,,,,,,,
"1612,ad,620.210,620.340,0.130,0.060,619.100,1.110",,,,,,,,
"1613,jac,620.340,620.520,0.180,0.000,619.100,1.240",,,,,,,,
"1614,ent,620.520,621.060,0.540,0.000,619.100,1.420",,,,,,,,
"1615,transit,621.060,621.180,0.120,0.000,619.100,1.960",,,,,,,,
"1616,available,621.180,621.770,0.590,0.000,619.100,2.080",,,,,,,,
"1617,was,622.010,622.220,0.210,0.240,622.480,-0.470",,,,,,,,
"1618,used,622.220,622.520,0.300,0.000,622.480,-0.260",,,,,,,,
"1619,as,622.520,622.670,0.150,0.000,622.480,0.040",,,,,,,,
"1620,a,622.670,622.740,0.070,0.000,622.480,0.190",,,,,,,,
"1621,dispers,622.740,623.300,0.560,0.000,622.480,0.260",,,,,,,,
"1622,ion,623.300,623.480,0.180,0.000,622.480,0.820",,,,,,,,
"1623,mechanism,623.480,624.220,0.740,0.000,622.480,1.000",,,,,,,,
"1624,The,624.860,624.880,0.020,0.640,624.880,-0.020",,,,,,,,
"1625,Loy,624.880,625.010,0.130,0.000,624.880,0.000",,,,,,,,
"1626,al,625.010,625.030,0.020,0.000,624.880,0.130",,,,,,,,
"1627,ist,625.030,625.250,0.220,0.000,624.880,0.150",,,,,,,,
"1628,strike,625.250,625.700,0.450,0.000,624.880,0.370",,,,,,,,
"1629,force,625.700,626.080,0.380,0.000,624.880,0.820",,,,,,,,
"1630,scattered,626.080,626.790,0.710,0.000,624.880,1.200",,,,,,,,
"1631,across,626.790,627.210,0.420,0.000,624.880,1.910",,,,,,,,
"1632,a,627.210,627.280,0.070,0.000,624.880,2.330",,,,,,,,
"1633,corrupted,627.280,628.090,0.810,0.000,624.880,2.400",,,,,,,,
"1634,interior,628.090,628.570,0.480,0.000,624.880,3.210",,,,,,,,
"1635,Pocket,629.460,629.620,0.160,0.890,629.440,0.020",,,,,,,,
"1636,inst,629.620,629.670,0.050,0.000,629.440,0.180",,,,,,,,
"1637,abilities,629.670,630.400,0.730,0.000,629.440,0.230",,,,,,,,
"1638,isolated,630.400,631.050,0.650,0.000,631.100,-0.700",,,,,,,,
"1639,individuals,631.050,632.090,1.040,0.000,631.100,-0.050",,,,,,,,
"1640,from,632.090,632.340,0.250,0.000,631.100,0.990",,,,,,,,
"1641,their,632.340,632.690,0.350,0.000,631.100,1.240",,,,,,,,
"1642,units,632.690,633.090,0.400,0.000,631.100,1.590",,,,,,,,
"1643,mid,633.090,633.330,0.240,0.000,631.100,1.990",,,,,,,,
"1644,trans,633.410,633.840,0.430,0.080,631.100,2.310",,,,,,,,
"1645,it,633.840,634.060,0.220,0.000,631.100,2.740",,,,,,,,
"1646,ne,634.680,634.840,0.160,0.620,634.680,0.000",,,,,,,,
"1647,was,634.840,634.870,0.030,0.000,634.680,0.160",,,,,,,,
"1648,displaced,634.870,635.550,0.680,0.000,634.680,0.190",,,,,,,,
"1649,into,635.550,635.850,0.300,0.000,634.680,0.870",,,,,,,,
"1650,a,635.850,636.050,0.200,0.000,634.680,1.170",,,,,,,,
"1651,pocket,636.050,636.380,0.330,0.000,634.680,1.370",,,,,,,,
"1652,dimension,636.380,637.050,0.670,0.000,634.680,1.700",,,,,,,,
"1653,entirely,637.050,637.650,0.600,0.000,634.680,2.370",,,,,,,,
"1654,Cor,638.650,638.680,0.030,1.000,638.480,0.170",,,,,,,,
"1655,rid,638.680,638.860,0.180,0.000,638.480,0.200",,,,,,,,
"1656,ors,638.860,639.040,0.180,0.000,638.480,0.380",,,,,,,,
"1657,changed,639.040,639.450,0.410,0.000,638.480,0.560",,,,,,,,
"1658,geometry,639.450,639.940,0.490,0.000,638.480,0.970",,,,,,,,
"1659,around,639.940,640.300,0.360,0.000,638.480,1.460",,,,,,,,
"1660,active,640.300,640.660,0.360,0.000,638.480,1.820",,,,,,,,
"1661,engagements,640.660,641.380,0.720,0.000,638.480,2.180",,,,,,,,
"1662,That,642.080,642.100,0.020,0.700,642.160,-0.080",,,,,,,,
"1663,was,642.100,642.240,0.140,0.000,642.160,-0.060",,,,,,,,
"1664,one,642.240,642.330,0.090,0.000,642.160,0.080",,,,,,,,
"1665,ship,642.330,642.640,0.310,0.000,642.160,0.170",,,,,,,,
"1666,partially,642.640,643.450,0.810,0.000,643.500,-0.860",,,,,,,,
"1667,dest,643.450,643.660,0.210,0.000,643.500,-0.050",,,,,,,,
"1668,abil,643.660,644.010,0.350,0.000,643.500,0.160",,,,,,,,
"1669,ized,644.010,644.280,0.270,0.000,643.500,0.510",,,,,,,,
"1670,by,644.280,644.430,0.150,0.000,643.500,0.780",,,,,,,,
"1671,prolonged,644.430,645.310,0.880,0.000,643.500,0.930",,,,,,,,
"1672,warp,645.310,645.450,0.140,0.000,643.500,1.810",,,,,,,,
"1673,exposure,645.450,646.400,0.950,0.000,643.500,1.950",,,,,,,,
"1674,The,646.400,646.620,0.220,0.000,646.920,-0.520",,,,,,,,
"1675,open,646.620,646.940,0.320,0.000,646.920,-0.300",,,,,,,,
"1676,warp,646.940,647.220,0.280,0.000,646.920,0.020",,,,,,,,
"1677,produces,647.220,647.820,0.600,0.000,646.920,0.300",,,,,,,,
"1678,those,647.820,648.190,0.370,0.000,646.920,0.900",,,,,,,,
"1679,conditions,648.190,649.030,0.840,0.000,646.920,1.270",,,,,,,,
"1680,as,649.030,649.090,0.060,0.000,646.920,2.110",,,,,,,,
"1681,its,649.090,649.310,0.220,0.000,646.920,2.170",,,,,,,,
"1682,starting,649.310,649.910,0.600,0.000,646.920,2.390",,,,,,,,
"1683,point,649.910,650.270,0.360,0.000,646.920,2.990",,,,,,,,
"1684,not,650.650,650.770,0.120,0.380,650.780,-0.130",,,,,,,,
"1685,its,650.770,650.870,0.100,0.000,650.780,-0.010",,,,,,,,
"1686,worst,650.870,651.240,0.370,0.000,650.780,0.090",,,,,,,,
"1687,case,651.240,651.540,0.300,0.000,650.780,0.460",,,,,,,,
"1688,No,652.360,652.520,0.160,0.820,652.320,0.040",,,,,,,,
"1689,military,652.520,652.570,0.050,0.000,652.320,0.200",,,,,,,,
"1690,force,652.570,652.940,0.370,0.000,652.320,0.250",,,,,,,,
"1691,has,652.940,653.160,0.220,0.000,652.320,0.620",,,,,,,,
"1692,operated,653.160,653.760,0.600,0.000,652.320,0.840",,,,,,,,
"1693,effectively,653.760,654.580,0.820,0.000,652.320,1.440",,,,,,,,
"1694,inside,654.580,655.030,0.450,0.000,652.320,2.260",,,,,,,,
"1695,the,655.030,655.250,0.220,0.000,652.320,2.710",,,,,,,,
"1696,open,655.250,655.590,0.340,0.000,652.320,2.930",,,,,,,,
"1697,warp,655.590,655.840,0.250,0.000,652.320,3.270",,,,,,,,
"1698,without,655.840,656.730,0.890,0.000,652.320,3.520",,,,,,,,
"1699,navigation,656.730,657.190,0.460,0.000,652.320,4.410",,,,,,,,
"1700,The,657.940,657.960,0.020,0.750,657.960,-0.020",,,,,,,,
"1701,ones,657.960,658.100,0.140,0.000,657.960,0.000",,,,,,,,
"1702,that,658.100,658.280,0.180,0.000,657.960,0.140",,,,,,,,
"1703,lost,658.280,658.600,0.320,0.000,657.960,0.320",,,,,,,,
"1704,control,658.600,659.310,0.710,0.000,657.960,0.640",,,,,,,,
"1705,going,659.310,659.640,0.330,0.000,659.980,-0.670",,,,,,,,
"1706,in,659.640,659.730,0.090,0.000,659.980,-0.340",,,,,,,,
"1707,didn,659.730,660.050,0.320,0.000,659.980,-0.250",,,,,,,,
"1708,'t,660.050,660.210,0.160,0.000,659.980,0.070",,,,,,,,
"1709,return,660.210,660.700,0.490,0.000,659.980,0.230",,,,,,,,
"1710,to,660.700,660.860,0.160,0.000,659.980,0.720",,,,,,,,
"1711,write,660.860,661.260,0.400,0.000,659.980,0.880",,,,,,,,
"1712,up,661.260,661.420,0.160,0.000,659.980,1.280",,,,,,,,
"1713,what,661.420,661.730,0.310,0.000,659.980,1.440",,,,,,,,
"1714,happened,661.730,662.390,0.660,0.000,659.980,1.750",,,,,,,,
"1715,The,663.260,663.290,0.030,0.870,663.160,0.100",,,,,,,,
"1716,environment,663.290,664.000,0.710,0.000,663.160,0.130",,,,,,,,
"1717,holds,664.000,664.320,0.320,0.000,663.160,0.840",,,,,,,,
"1718,that,664.320,664.570,0.250,0.000,663.160,1.160",,,,,,,,
"1719,record,664.570,664.950,0.380,0.000,663.160,1.410",,,,,,,,
"1720,not,664.950,665.140,0.190,0.000,663.160,1.790",,,,,,,,
"1721,because,665.140,665.710,0.570,0.000,665.600,-0.460",,,,,,,,
"1722,it,665.710,665.730,0.020,0.000,665.600,0.110",,,,,,,,
"1723,kills,665.730,666.030,0.300,0.000,665.600,0.130",,,,,,,,
"1724,efficiently,666.030,666.740,0.710,0.000,665.600,0.430",,,,,,,,
"1725,but,666.920,667.470,0.550,0.180,667.440,-0.520",,,,,,,,
"1726,because,667.470,667.760,0.290,0.000,667.440,0.030",,,,,,,,
"1727,it,667.760,667.930,0.170,0.000,667.440,0.320",,,,,,,,
"1728,removes,667.930,668.550,0.620,0.000,667.440,0.490",,,,,,,,
"1729,the,668.550,668.800,0.250,0.000,667.440,1.110",,,,,,,,
"1730,prec,668.800,669.060,0.260,0.000,667.440,1.360",,,,,,,,
"1731,ond,669.060,669.310,0.250,0.000,667.440,1.620",,,,,,,,
"1732,itions,669.310,669.640,0.330,0.000,667.440,1.870",,,,,,,,
"1733,for,669.640,669.830,0.190,0.000,667.440,2.200",,,,,,,,
"1734,any,669.830,670.020,0.190,0.000,667.440,2.390",,,,,,,,
"1735,organized,670.020,670.620,0.600,0.000,667.440,2.580",,,,,,,,
"1736,response,670.620,671.180,0.560,0.000,667.440,3.180",,,,,,,,
"1737,You,671.440,671.610,0.170,0.260,671.940,-0.500",,,,,,,,
"1738,cannot,671.610,672.000,0.390,0.000,671.940,-0.330",,,,,,,,
"1739,establish,672.000,672.640,0.640,0.000,671.940,0.060",,,,,,,,
"1740,a,672.640,672.810,0.170,0.000,671.940,0.700",,,,,,,,
"1741,perimeter,672.810,673.370,0.560,0.000,671.940,0.870",,,,,,,,
"1742,You,674.220,674.290,0.070,0.850,674.200,0.020",,,,,,,,
"1743,cannot,674.290,674.380,0.090,0.000,674.200,0.090",,,,,,,,
"1744,hold,674.380,674.590,0.210,0.000,674.200,0.180",,,,,,,,
"1745,ground,674.590,675.050,0.460,0.000,674.200,0.390",,,,,,,,
"1746,You,675.860,675.900,0.040,0.810,675.820,0.040",,,,,,,,
"1747,cannot,675.900,676.020,0.120,0.000,675.820,0.080",,,,,,,,
"1748,advance,676.020,676.400,0.380,0.000,675.820,0.200",,,,,,,,
"1749,on,676.400,676.500,0.100,0.000,675.820,0.580",,,,,,,,
"1750,an,676.500,676.620,0.120,0.000,675.820,0.680",,,,,,,,
"1751,objective,676.620,677.240,0.620,0.000,675.820,0.800",,,,,,,,
"1752,ing,678.180,678.340,0.160,0.940,678.100,0.080",,,,,,,,
"1753,coherent,678.340,678.460,0.120,0.000,678.100,0.240",,,,,,,,
"1754,long,678.460,678.720,0.260,0.000,678.100,0.360",,,,,,,,
"1755,enough,678.720,679.110,0.390,0.000,678.100,0.620",,,,,,,,
"1756,to,679.110,679.260,0.150,0.000,678.100,1.010",,,,,,,,
"1757,matter,679.260,679.630,0.370,0.000,678.100,1.160",,,,,,,,
"1758,is,679.630,679.760,0.130,0.000,678.100,1.530",,,,,,,,
"1759,about,679.760,680.110,0.350,0.000,678.100,1.660",,,,,,,,
"1760,the,680.110,680.280,0.170,0.000,678.100,2.010",,,,,,,,
"1761,best,680.280,680.540,0.260,0.000,678.100,2.180",,,,,,,,
"1762,available,680.540,681.130,0.590,0.000,678.100,2.440",,,,,,,,
"1763,outcome,681.130,681.590,0.460,0.000,678.100,3.030",,,,,,,,
"1764,and,681.720,681.910,0.190,0.130,678.100,3.620",,,,,,,,
"1765,that,681.910,682.160,0.250,0.000,678.100,3.810",,,,,,,,
"1766,'s,682.160,682.490,0.330,0.000,678.100,4.060",,,,,,,,
"1767,not,682.490,682.550,0.060,0.000,678.100,4.390",,,,,,,,
"1768,a,682.550,682.570,0.020,0.000,678.100,4.450",,,,,,,,
"1769,given,682.570,682.880,0.310,0.000,678.100,4.470",,,,,,,,
"1770,Some,683.820,683.880,0.060,0.940,683.760,0.060",,,,,,,,
"1771,environments,683.880,684.560,0.680,0.000,683.760,0.120",,,,,,,,
"1772,kill,684.560,684.780,0.220,0.000,683.760,0.800",,,,,,,,
"1773,soldiers,684.780,685.230,0.450,0.000,683.760,1.020",,,,,,,,
"1774,These,685.920,686.080,0.160,0.690,685.900,0.020",,,,,,,,
"1775,kill,686.080,686.170,0.090,0.000,685.900,0.180",,,,,,,,
"1776,the,686.170,686.460,0.290,0.000,685.900,0.270",,,,,,,,
"1777,structure,686.460,687.290,0.830,0.000,687.080,-0.620",,,,,,,,
"1778,of,687.290,687.350,0.060,0.000,687.080,0.210",,,,,,,,
"1779,a,687.350,687.420,0.070,0.000,687.080,0.270",,,,,,,,
"1780,mission,687.420,688.020,0.600,0.000,687.080,0.340",,,,,,,,
"1781,before,688.020,688.550,0.530,0.000,687.080,0.940",,,,,,,,
"1782,the,688.550,688.800,0.250,0.000,687.080,1.470",,,,,,,,
"1783,First,688.800,689.190,0.390,0.000,687.080,1.720",,,,,,,,
"1784,Order,689.190,689.600,0.410,0.000,687.080,2.110",,,,,,,,
"1785,reaches,689.600,690.310,0.710,0.000,687.080,2.520",,,,,,,,
"1786,anyone,690.310,690.750,0.440,0.000,690.720,-0.410",,,,,,,,
"1787,The,691.540,691.700,0.160,0.790,691.580,-0.040",,,,,,,,
"1788,officers,691.700,691.800,0.100,0.000,691.580,0.120",,,,,,,,
"1789,who,691.800,692.080,0.280,0.000,691.580,0.220",,,,,,,,
"1790,sent,692.080,692.290,0.210,0.000,691.580,0.500",,,,,,,,
"1791,men,692.290,692.480,0.190,0.000,691.580,0.710",,,,,,,,
"1792,into,692.480,692.910,0.430,0.000,691.580,0.900",,,,,,,,
"1793,these,692.910,693.240,0.330,0.000,691.580,1.330",,,,,,,,
"1794,places,693.240,693.560,0.320,0.000,691.580,1.660",,,,,,,,
"1795,had,693.560,693.770,0.210,0.000,691.580,1.980",,,,,,,,
"1796,the,693.770,693.970,0.200,0.000,691.580,2.190",,,,,,,,
"1797,parameters,693.970,694.770,0.800,0.000,691.580,2.390",,,,,,,,
"1798,in,694.770,694.830,0.060,0.000,691.580,3.190",,,,,,,,
"1799,front,694.830,695.180,0.350,0.000,691.580,3.250",,,,,,,,
"1800,of,695.180,695.310,0.130,0.000,691.580,3.600",,,,,,,,
"1801,them,695.310,695.810,0.500,0.000,691.580,3.730",,,,,,,,
"1802,and,695.810,695.910,0.100,0.000,691.580,4.230",,,,,,,,
"1803,sent,695.910,696.140,0.230,0.000,691.580,4.330",,,,,,,,
"1804,them,696.140,696.370,0.230,0.000,691.580,4.560",,,,,,,,
"1805,anyway,696.370,696.860,0.490,0.000,691.580,4.790",,,,,,,,
"1806,The,697.660,697.820,0.160,0.800,697.740,-0.080",,,,,,,,
"1807,calculation,697.820,698.200,0.380,0.000,697.740,0.080",,,,,,,,
"1808,kept,698.200,698.370,0.170,0.000,697.740,0.460",,,,,,,,
"1809,producing,698.370,699.030,0.660,0.000,697.740,0.630",,,,,,,,
"1810,the,699.030,699.190,0.160,0.000,697.740,1.290",,,,,,,,
"1811,same,699.190,699.460,0.270,0.000,697.740,1.450",,,,,,,,
"1812,answer,699.460,699.870,0.410,0.000,697.740,1.720",,,,,,,,
"1813,The,700.660,700.820,0.160,0.790,700.740,-0.080",,,,,,,,
"1814,alternative,700.820,701.200,0.380,0.000,700.740,0.080",,,,,,,,
"1815,cost,701.200,701.420,0.220,0.000,700.740,0.460",,,,,,,,
"1816,more,701.420,701.730,0.310,0.000,700.740,0.680",,,,,,,,
"1817,Usually,702.460,702.620,0.160,0.730,702.460,0.000",,,,,,,,
"1818,it,702.620,702.720,0.100,0.000,702.460,0.160",,,,,,,,
"1819,did,702.720,703.000,0.280,0.000,702.460,0.260",,,,,,,,
"1820,The,703.600,703.740,0.140,0.600,703.680,-0.080",,,,,,,,
"1821,hard,703.740,703.770,0.030,0.000,703.680,0.060",,,,,,,,
"1822,places,703.770,704.190,0.420,0.000,703.680,0.090",,,,,,,,
"1823,stay,704.190,704.480,0.290,0.000,703.680,0.510",,,,,,,,
"1824,hard,704.480,704.770,0.290,0.000,703.680,0.800",,,,,,,,
"1825,The,705.420,705.510,0.090,0.650,705.440,-0.020",,,,,,,,
"1826,wars,705.510,705.580,0.070,0.000,705.440,0.070",,,,,,,,
"1827,don,705.580,705.720,0.140,0.000,705.440,0.140",,,,,,,,
"1828,'t,705.720,705.960,0.240,0.000,705.440,0.280",,,,,,,,
"1829,stop,705.960,706.140,0.180,0.000,705.440,0.520",,,,,,,,
"1830,Somebody,706.960,707.340,0.380,0.820,706.780,0.180",,,,,,,,
"1831,else,707.340,707.470,0.130,0.000,706.780,0.560",,,,,,,,
"1832,gets,707.470,707.690,0.220,0.000,706.780,0.690",,,,,,,,
"1833,the,707.690,707.880,0.190,0.000,706.780,0.910",,,,,,,,
"1834,briefing,707.880,708.310,0.430,0.000,706.780,1.100",,,,,,,,
"1835,next,708.310,708.560,0.250,0.000,706.780,1.530",,,,,,,,