(Index),idx,text,startSec,endSec,durationSec,gapToPrevSec,nearestSilenceEndSec,smearSec
0,0,Level,0.08,0.29,0.21,,,
1,1,one,0.29,0.46,0.17,0,,
2,2,The,0.55,0.66,0.11,0.09,1.42,-0.87
3,3,child,0.66,1.4,0.74,0,1.42,-0.76
4,4,who,1.4,1.44,0.04,0,1.42,-0.02
5,5,does,1.44,1.73,0.29,0,1.42,0.02
6,6,not,1.73,1.95,0.22,0,1.42,0.31
7,7,yet,1.95,2.17,0.22,0,1.42,0.53
8,8,know,2.17,2.46,0.29,0,1.42,0.75
9,9,what,2.46,2.75,0.29,0,1.42,1.04
10,10,dark,2.75,3.04,0.29,0,1.42,1.33
11,11,means,3.04,3.4,0.36,0,1.42,1.62
12,12,you,3.57,3.73,0.16,0.17,4.16,-0.59
13,13,are,3.73,4.15,0.42,0,4.16,-0.43
14,14,seven,4.15,4.43,0.28,0,4.16,-0.01
15,15,years,4.43,4.82,0.39,0,4.16,0.27
16,16,old,4.82,5.05,0.23,0,4.16,0.66
17,17,You,5.29,5.96,0.67,0.24,5.96,-0.67
18,18,live,5.96,6.32,0.36,0,5.96,0
19,19,inside,6.32,6.72,0.4,0,5.96,0.36
20,20,a,6.72,6.78,0.06,0,5.96,0.76
21,21,skin,6.78,7.04,0.26,0,5.96,0.82
22,22,cover,7.04,7.43,0.39,0,5.96,1.08
23,23,ed,7.43,7.74,0.31,0,5.96,1.47
24,24,shelter,7.74,8.03,0.29,0,5.96,1.78
25,25,at,8.03,8.16,0.13,0,5.96,2.07
26,26,the,8.16,8.36,0.2,0,5.96,2.2
27,27,edge,8.36,8.62,0.26,0,5.96,2.4
28,28,of,8.62,8.75,0.13,0,5.96,2.66
29,29,a,8.75,8.81,0.06,0,5.96,2.79
30,30,shallow,8.81,9.36,0.55,0,5.96,2.85
31,31,valley,9.36,9.68,0.32,0,10.24,-0.88
32,32,The,9.88,10.05,0.17,0.2,10.24,-0.36
33,33,fire,10.05,10.47,0.42,0,10.24,-0.19
34,34,your,10.47,10.6,0.13,0,10.24,0.23
35,35,mother,10.6,11.1,0.5,0,10.24,0.36
36,36,tends,11.1,11.49,0.39,0,10.24,0.86
37,37,smells,11.49,11.94,0.45,0,10.24,1.25
38,38,like,11.94,12.22,0.28,0,10.24,1.7
39,39,pine,12.22,12.48,0.26,0,10.24,1.98
40,40,resin,12.48,12.58,0.1,0,10.24,2.24
41,41,and,12.58,13.34,0.76,0,10.24,2.34
42,42,scor,13.34,13.36,0.02,0,10.24,3.1
43,43,ched,13.36,13.62,0.26,0,10.24,3.12
44,44,bone,13.62,13.9,0.28,0,10.24,3.38
45,45,Your,14.11,14.39,0.28,0.21,14.78,-0.67
46,46,grandmother,14.39,15.24,0.85,0,14.78,-0.39
47,47,is,15.24,15.31,0.07,0,14.78,0.46
48,48,asleep,15.31,16.09,0.78,0,14.78,0.53
49,49,against,16.09,16.22,0.13,0,14.78,1.31
50,50,the,16.22,16.51,0.29,0,14.78,1.44
51,51,far,16.51,16.64,0.13,0,14.78,1.73
52,52,wall,16.64,16.91,0.27,0,14.78,1.86
53,53,It,17.18,17.9,0.72,0.27,17.88,-0.7
54,54,is,17.9,18.2,0.3,0,17.88,0.02
55,55,deep,18.2,18.47,0.27,0,17.88,0.32
56,56,in,18.47,18.62,0.15,0,17.88,0.59
57,57,the,18.62,18.72,0.1,0,17.88,0.74
58,58,night,18.72,19.14,0.42,0,19.8,-1.08
59,59,You,19.38,19.44,0.06,0.24,19.8,-0.42
60,60,are,19.44,20.12,0.68,0,19.8,-0.36
61,61,wide,20.12,20.25,0.13,0,19.8,0.32
62,62,awake,20.25,20.67,0.42,0,19.8,0.45
63,63,You,20.89,21.14,0.25,0.22,21.88,-0.99
64,64,can,21.14,21.39,0.25,0,21.88,-0.74
65,65,hear,21.39,21.76,0.37,0,21.88,-0.49
66,66,something,21.76,22.87,1.11,0,21.88,-0.12
67,67,outside,22.87,23.07,0.2,0,21.88,0.99
68,68,You,23.32,23.57,0.25,0.25,23.8,-0.48
69,69,do,23.57,23.72,0.15,0,23.8,-0.23
70,70,not,23.72,23.96,0.24,0,23.8,-0.08
71,71,know,23.96,24.64,0.68,0,23.8,0.16
72,72,what,24.64,24.68,0.04,0,23.8,0.84
73,73,it,24.68,24.8,0.12,0,23.8,0.88
74,74,is,24.8,24.96,0.16,0,25.5,-0.7
75,75,You,25.25,25.46,0.21,0.29,25.5,-0.25
76,76,only,25.46,25.92,0.46,0,25.5,-0.04
77,77,know,25.92,26.12,0.2,0,25.5,0.42
78,78,the,26.2,26.33,0.13,0.08,25.5,0.7
79,79,sound,26.33,26.71,0.38,0,25.5,0.83
80,80,is,26.71,26.86,0.15,0,25.5,1.21
81,81,large,26.86,27.25,0.39,0,27.74,-0.88
82,82,it,27.52,27.55,0.03,0.27,27.74,-0.22
83,83,is,27.55,27.7,0.15,0,27.74,-0.19
84,84,close,27.7,28.08,0.38,0,27.74,-0.04
85,85,and,28.23,28.45,0.22,0.15,27.74,0.49
86,86,the,28.45,28.67,0.22,0,29.2,-0.75
87,87,fire,28.67,28.97,0.3,0,29.2,-0.53
88,88,is,28.97,29.16,0.19,0,29.2,-0.23
89,89,the,29.16,29.42,0.26,0,29.2,-0.04
90,90,only,29.42,29.64,0.22,0,29.2,0.22
91,91,reason,29.64,30.27,0.63,0,29.2,0.44
92,92,you,30.27,30.31,0.04,0,29.2,1.07
93,93,are,30.31,30.53,0.22,0,29.2,1.11
94,94,not,30.53,30.75,0.22,0,29.2,1.33
95,95,screaming,30.75,31.42,0.67,0,29.2,1.55
96,96,The,32.08,32.3,0.22,0.66,32.74,-0.66
97,97,sound,32.3,33.18,0.88,0,32.74,-0.44
98,98,stops,33.18,33.64,0.46,0,32.74,0.44
99,99,The,33.9,34.58,0.68,0.26,34.82,-0.92
100,100,night,34.58,34.71,0.13,0,34.82,-0.24
101,101,goes,34.71,35.02,0.31,0,34.82,-0.11
102,102,quiet,35.02,35.48,0.46,0,34.82,0.2
103,103,Your,35.75,36.22,0.47,0.27,36.76,-1.01
104,104,chest,36.22,36.58,0.36,0,36.76,-0.54
105,105,is,36.58,36.75,0.17,0,36.76,-0.18
106,106,tight,36.75,37.33,0.58,0,36.76,-0.01
107,107,in,37.33,37.4,0.07,0,36.76,0.57
108,108,a,37.4,37.49,0.09,0,36.76,0.64
109,109,way,37.49,37.77,0.28,0,36.76,0.73
110,110,you,37.77,38.05,0.28,0,36.76,1.01
111,111,have,38.05,38.42,0.37,0,36.76,1.29
112,112,no,38.42,38.6,0.18,0,36.76,1.66
113,113,word,38.6,39.14,0.54,0,36.76,1.84
114,114,for,39.14,39.25,0.11,0,40.34,-1.2
115,115,Your,39.52,39.89,0.37,0.27,40.34,-0.82
116,116,mother,39.89,40.45,0.56,0,40.34,-0.45
117,117,does,40.45,40.93,0.48,0,40.34,0.11
118,118,not,40.93,41.14,0.21,0,40.34,0.59
119,119,look,41.14,41.45,0.31,0,40.34,0.8
120,120,up,41.45,41.6,0.15,0,42.34,-0.89
121,121,She,41.83,42.21,0.38,0.23,42.34,-0.51
122,122,feeds,42.21,42.55,0.34,0,42.34,-0.13
123,123,the,42.55,42.69,0.14,0,42.34,0.21
124,124,fire,42.69,42.99,0.3,0,42.34,0.35
125,125,another,42.99,43.54,0.55,0,42.34,0.65
126,126,stick,43.54,43.93,0.39,0,42.34,1.2
127,127,without,43.93,44.48,0.55,0,42.34,1.59
128,128,turning,44.48,45.26,0.78,0,42.34,2.14
129,129,her,45.26,45.29,0.03,0,42.34,2.92
130,130,head,45.29,45.57,0.28,0,46.46,-1.17
131,131,That,45.8,46.1,0.3,0.23,46.46,-0.66
132,132,still,46.1,46.44,0.34,0,46.46,-0.36
133,133,ness,46.44,47.1,0.66,0,46.46,-0.02
134,134,tells,47.1,47.2,0.1,0,46.46,0.64
135,135,you,47.2,47.54,0.34,0,46.46,0.74
136,136,something,47.54,47.78,0.24,0,46.46,1.08
137,137,has,48.66,48.69,0.03,0.88,48.7,-0.04
138,138,been,48.69,48.74,0.05,0,48.7,-0.01
139,139,listening,48.74,49.18,0.44,0,48.7,0.04
140,140,the,49.18,50.06,0.88,0,48.7,0.48
141,141,whole,50.06,50.12,0.06,0,48.7,1.36
142,142,time,50.12,50.45,0.33,0,48.7,1.42
143,143,You,50.7,50.95,0.25,0.25,51.52,-0.82
144,144,watch,50.95,51.37,0.42,0,51.52,-0.57
145,145,her,51.37,51.7,0.33,0,51.52,-0.15
146,146,face,51.7,51.96,0.26,0,51.52,0.18
147,147,and,52.11,52.4,0.29,0.15,51.52,0.59
148,148,you,52.4,52.81,0.41,0,53.02,-0.62
149,149,learn,52.81,53.03,0.22,0,53.02,-0.21
150,150,your,53.03,53.36,0.33,0,53.02,0.01
151,151,first,53.36,53.78,0.42,0,53.02,0.34
152,152,lesson,53.78,54.62,0.84,0,53.02,0.76
153,153,without,54.62,54.84,0.22,0,53.02,1.6
154,154,a,54.89,54.92,0.03,0.05,53.02,1.87
155,155,word,54.92,55.11,0.19,0,53.02,1.9
156,156,being,55.11,55.33,0.22,0,53.02,2.09
157,157,spoken,55.33,55.47,0.14,0,53.02,2.31
158,158,The,56.19,56.26,0.07,0.72,57.1,-0.91
159,159,darkness,56.26,56.96,0.7,0,57.1,-0.84
160,160,past,56.96,57.38,0.42,0,57.1,-0.14
161,161,the,57.38,57.63,0.25,0,57.1,0.28
162,162,fire,57.63,58.01,0.38,0,57.1,0.53
163,163,light,58.01,58.41,0.4,0,57.1,0.91
164,164,is,58.41,58.97,0.56,0,57.1,1.31
165,165,not,58.97,59,0.03,0,57.1,1.87
166,166,empty,59,59.45,0.45,0,60.14,-1.14
167,167,It,59.74,59.93,0.19,0.29,60.14,-0.4
168,168,has,59.93,60.8,0.87,0,60.14,-0.21
169,169,The,61.09,61.37,0.28,0.29,61.38,-0.29
170,170,fire,61.37,61.84,0.47,0,61.38,-0.01
171,171,is,61.84,62.02,0.18,0,61.38,0.46
172,172,the,62.02,62.23,0.21,0,61.38,0.64
173,173,line,62.23,62.4,0.17,0,61.38,0.85
174,174,between,62.4,62.9,0.5,0,61.38,1.02
175,175,you,62.9,63.12,0.22,0,61.38,1.52
176,176,and,63.12,63.8,0.68,0,63.44,-0.32
177,177,whatever,63.8,63.95,0.15,0,63.44,0.36
178,178,lives,63.95,64.35,0.4,0,63.44,0.51
179,179,on,64.35,64.44,0.09,0,63.44,0.91
180,180,the,64.44,64.66,0.22,0,63.44,1
181,181,other,64.66,65.02,0.36,0,63.44,1.22
182,182,side,65.02,65.31,0.29,0,66.44,-1.42
183,183,of,65.31,65.45,0.14,0,66.44,-1.13
184,184,it,65.45,65.7,0.25,0,66.44,-0.99
185,185,You,65.81,66.01,0.2,0.11,66.44,-0.63
186,186,fall,66.01,66.55,0.54,0,66.44,-0.43
187,187,asleep,66.55,66.76,0.21,0,66.44,0.11
188,188,against,66.76,67.27,0.51,0,66.44,0.32
189,189,her,67.27,67.49,0.22,0,66.44,0.83
190,190,side,67.49,67.71,0.22,0,66.44,1.05
191,191,one,68.36,68.55,0.19,0.65,68.58,-0.22
192,192,hand,68.55,69.4,0.85,0,68.58,-0.03
193,193,the,69.4,69.61,0.21,0,68.58,0.82
194,194,warm,69.61,69.89,0.28,0,68.58,1.03
195,195,stones,69.89,70.8,0.91,0,68.58,1.31
196,196,ringing,70.8,70.86,0.06,0,68.58,2.22
197,197,the,70.86,71.08,0.22,0,68.58,2.28
198,198,hear,71.08,71.37,0.29,0,72.5,-1.42
199,199,th,71.37,71.51,0.14,0,72.5,-1.13
200,200,You,71.73,71.95,0.22,0.22,72.5,-0.77
201,201,dream,71.95,72.31,0.36,0,72.5,-0.55
202,202,about,72.31,72.7,0.39,0,72.5,-0.19
203,203,the,72.7,72.89,0.19,0,72.5,0.2
204,204,sound,72.89,73.26,0.37,0,72.5,0.39
205,205,Morning,73.55,73.98,0.43,0.29,74.12,-0.57
206,206,comes,73.98,74.34,0.36,0,74.12,-0.14
207,207,bright,74.34,74.7,0.36,0,74.12,0.22
208,208,and,74.7,75.29,0.59,0,74.12,0.58
209,209,cold,75.29,75.36,0.07,0,74.12,1.17
210,210,and,75.52,75.93,0.41,0.16,75.96,-0.44
211,211,you,75.93,76.4,0.47,0,75.96,-0.03
212,212,run,76.4,76.42,0.02,0,75.96,0.44
213,213,out,76.5,76.62,0.12,0.08,75.96,0.54
214,214,into,76.62,76.89,0.27,0,75.96,0.66
215,215,the,76.89,76.97,0.08,0,75.96,0.93
216,216,frost,76.97,77.43,0.46,0,75.96,1.01
217,217,like,77.43,77.84,0.41,0,75.96,1.47
218,218,nothing,77.84,78.18,0.34,0,79.02,-1.18
219,219,happened,78.18,78.73,0.55,0,79.02,-0.84
220,220,You,78.97,80.57,1.6,0.24,81.26,-2.29
221,221,start,80.57,83.05,2.48,0,84.16,-3.59
222,222,watching,83.05,87.12,4.07,0,87.82,-4.77
223,223,the,87.12,88.67,1.55,0,87.82,-0.7
224,224,older,88.67,88.91,0.24,0,87.82,0.85
225,225,hunters,88.91,89.26,0.35,0,87.82,1.09
226,226,differently,89.26,89.62,0.36,0,87.82,1.44
227,227,You,89.71,90.57,0.86,0.09,90.52,-0.81
228,228,notice,90.57,90.88,0.31,0,90.52,0.05
229,229,where,90.88,91.19,0.31,0,90.52,0.36
230,230,their,91.19,91.39,0.2,0,90.52,0.67
231,231,eyes,91.39,91.54,0.15,0,90.52,0.87
232,232,go,91.54,91.87,0.33,0,90.52,1.02
233,233,when,91.87,92.28,0.41,0,90.52,1.35
234,234,the,92.28,92.31,0.03,0,90.52,1.76
235,235,sun,92.31,92.51,0.2,0,90.52,1.79
236,236,drops,92.51,92.83,0.32,0,93.6,-1.09
237,237,You,93,93.19,0.19,0.17,93.6,-0.6
238,238,notice,93.19,93.57,0.38,0,93.6,-0.41
239,239,how,93.57,93.76,0.19,0,93.6,-0.03
240,240,they,93.76,94.01,0.25,0,93.6,0.16
241,241,arrange,94.01,94.45,0.44,0,93.6,0.41
242,242,themselves,94.45,95.08,0.63,0,93.6,0.85
243,243,around,95.08,95.46,0.38,0,93.6,1.48
244,244,the,95.46,95.65,0.19,0,93.6,1.86
245,245,fire,95.65,95.98,0.33,0,93.6,2.05
246,246,before,95.98,96.84,0.86,0,93.6,2.38
247,247,full,96.84,96.98,0.14,0,93.6,3.24
248,248,dark,96.98,97.35,0.37,0,93.6,3.38
249,249,Nobody,97.49,98.39,0.9,0.14,98.3,-0.81
250,250,told,98.39,98.56,0.17,0,98.3,0.09
251,251,them,98.56,98.93,0.37,0,98.3,0.26
252,252,to,98.93,99.15,0.22,0,98.3,0.63
253,253,do,99.15,99.29,0.14,0,98.3,0.85
254,254,it,99.29,99.47,0.18,0,98.3,0.99
255,255,They,99.75,100.12,0.37,0.28,100.58,-0.83
256,256,just,100.12,100.49,0.37,0,100.58,-0.46
257,257,do,100.49,100.74,0.25,0,100.58,-0.09
258,258,The,101.13,101.27,0.14,0.39,100.58,0.55
259,259,band,101.27,101.6,0.33,0,102.1,-0.83
260,260,has,101.6,101.85,0.25,0,102.1,-0.5
261,261,a,101.85,101.93,0.08,0,102.1,-0.25
262,262,shape,101.93,102.28,0.35,0,102.1,-0.17
263,263,at,102.28,102.91,0.63,0,102.1,0.18
264,264,night,102.91,102.94,0.03,0,102.1,0.81
265,265,it,102.94,103.07,0.13,0,102.1,0.84
266,266,does,103.07,103.4,0.33,0,102.1,0.97
267,267,not,103.4,103.65,0.25,0,102.1,1.3
268,268,have,103.65,103.98,0.33,0,102.1,1.55
269,269,during,103.98,104.48,0.5,0,102.1,1.88
270,270,the,104.48,104.78,0.3,0,102.1,2.38
271,271,day,104.78,104.9,0.12,0,102.1,2.68
272,272,Certain,106.06,106.53,0.47,1.16,106.04,0.02
273,273,men,106.53,106.61,0.08,0,106.04,0.49
274,274,always,106.61,107.4,0.79,0,106.98,-0.37
275,275,face,107.4,107.61,0.21,0,106.98,0.42
276,276,outward,107.61,108.1,0.49,0,106.98,0.63
277,277,Certain,108.34,108.84,0.5,0.24,108.92,-0.58
278,278,men,108.84,109.06,0.22,0,108.92,-0.08
279,279,sleep,109.06,109.43,0.37,0,108.92,0.14
280,280,closest,109.43,110.1,0.67,0,108.92,0.51
281,281,to,110.1,110.13,0.03,0,108.92,1.18
282,282,the,110.13,110.32,0.19,0,108.92,1.21
283,283,fire,110.32,110.61,0.29,0,108.92,1.4
284,284,s,110.61,110.75,0.14,0,108.92,1.69
285,285,edge,110.75,111.04,0.29,0,108.92,1.83
286,286,The,111.94,112.54,0.6,0.9,112.44,-0.5
287,287,arrangement,112.54,112.98,0.44,0,112.44,0.1
288,288,is,112.98,113.24,0.26,0,112.44,0.54
289,289,not,113.24,113.54,0.3,0,112.44,0.8
290,290,accidental,113.54,114.24,0.7,0,115.04,-1.5
291,291,It,114.42,114.59,0.17,0.18,115.04,-0.62
292,292,is,114.59,114.87,0.28,0,115.04,-0.45
293,293,as,114.87,114.96,0.09,0,115.04,-0.17
294,294,deliberate,114.96,115.57,0.61,0,115.04,-0.08
295,295,as,115.57,115.71,0.14,0,115.04,0.53
296,296,any,115.71,115.91,0.2,0,115.04,0.67
297,297,trap,115.91,116.2,0.29,0,115.04,0.87
298,298,your,116.2,116.58,0.38,0,115.04,1.16
299,299,father,116.58,116.9,0.32,0,115.04,1.54
300,300,sets,116.9,117.16,0.26,0,115.04,1.86
301,301,in,117.16,117.27,0.11,0,115.04,2.12
302,302,the,117.27,117.69,0.42,0,115.04,2.23
303,303,river,117.69,117.88,0.19,0,115.04,2.65
304,304,shall,117.88,118.23,0.35,0,115.04,2.84
305,305,ows,118.23,118.44,0.21,0,115.04,3.19
306,306,You,118.73,119.78,1.05,0.29,119.68,-0.95
307,307,are,119.78,119.92,0.14,0,119.68,0.1
308,308,not,119.92,120.13,0.21,0,119.68,0.24
309,309,old,120.13,120.54,0.41,0,119.68,0.45
310,310,enough,120.54,120.62,0.08,0,119.68,0.86
311,311,to,120.62,120.82,0.2,0,119.68,0.94
312,312,hold,120.82,121.07,0.25,0,119.68,1.14
313,313,a,121.07,121.13,0.06,0,119.68,1.39
314,314,position,121.13,121.34,0.21,0,119.68,1.45
315,315,in,121.34,121.75,0.41,0,119.68,1.66
316,316,that,121.75,122.22,0.47,0,123.2,-1.45
317,317,shape,122.22,122.35,0.13,0,123.2,-0.98
318,318,But,122.5,122.69,0.19,0.15,123.2,-0.7
319,319,you,122.69,122.88,0.19,0,123.2,-0.51
320,320,are,122.88,123.07,0.19,0,123.2,-0.32
321,321,old,123.07,123.26,0.19,0,123.2,-0.13
322,322,enough,123.26,123.64,0.38,0,123.2,0.06
323,323,to,123.64,123.86,0.22,0,123.2,0.44
324,324,start,123.86,124.12,0.26,0,123.2,0.66
325,325,learning,124.12,124.55,0.43,0,123.2,0.92
326,326,what,124.55,124.94,0.39,0,123.2,1.35
327,327,it,124.94,124.97,0.03,0,123.2,1.74
328,328,means,124.97,125.25,0.28,0,123.2,1.77
329,329,Level,125.54,126.12,0.58,0.29,125.9,-0.36
330,330,two,126.12,126.34,0.22,0,125.9,0.22
331,331,The,126.78,127.9,1.12,0.44,127.82,-1.04
332,332,boy,127.9,128.21,0.31,0,127.82,0.08
333,333,who,128.21,128.38,0.17,0,127.82,0.39
334,334,carries,128.38,128.72,0.34,0,127.82,0.56
335,335,fire,128.8,129.01,0.21,0.08,127.82,0.98
336,336,you,129.15,129.24,0.09,0.14,127.82,1.33
337,337,are,129.24,129.79,0.55,0,127.82,1.42
338,338,11,129.79,130.14,0.35,0,127.82,1.97
339,339,On,130.28,130.48,0.2,0.14,131.54,-1.26
340,340,nights,130.48,131.08,0.6,0,131.54,-1.06
341,341,when,131.08,131.48,0.4,0,131.54,-0.46
342,342,the,131.48,131.78,0.3,0,131.54,-0.06
343,343,band,131.78,132.18,0.4,0,131.54,0.24
344,344,moves,132.18,132.87,0.69,0,131.54,0.64
345,345,between,132.87,133.39,0.52,0,131.54,1.33
346,346,camps,133.39,133.89,0.5,0,134.24,-0.85
347,347,your,134.03,134.68,0.65,0.14,134.24,-0.21
348,348,job,134.68,134.79,0.11,0,134.24,0.44
349,349,is,134.79,135.02,0.23,0,134.24,0.55
350,350,to,135.02,135.25,0.23,0,134.24,0.78
351,351,carry,135.25,135.72,0.47,0,134.24,1.01
352,352,one,135.72,135.99,0.27,0,134.24,1.48
353,353,of,135.99,136.28,0.29,0,134.24,1.75
354,354,bir,136.28,136.5,0.22,0,136.72,-0.44
355,355,ch,136.5,136.64,0.14,0,136.72,-0.22
356,356,bark,136.64,136.79,0.15,0,136.72,-0.08
357,357,and,136.79,136.95,0.16,0,136.72,0.07
358,358,fat,136.95,137.37,0.42,0,136.72,0.23
359,359,so,137.46,137.7,0.24,0.09,136.72,0.74
360,360,aked,137.7,137.91,0.21,0,136.72,0.98
361,361,moss,137.91,138.23,0.32,0,136.72,1.19
362,362,bound,138.3,138.67,0.37,0.07,136.72,1.58
363,363,with,138.67,138.96,0.29,0,139.06,-0.39
364,364,sine,138.96,139.32,0.36,0,139.06,-0.1
365,365,held,139.58,139.75,0.17,0.26,139.06,0.52
366,366,in,139.75,139.89,0.14,0,139.06,0.69
367,367,both,139.89,140.43,0.54,0,140.34,-0.45
368,368,hands,140.43,140.56,0.13,0,140.34,0.09
369,369,out,140.56,140.85,0.29,0,140.34,0.22
370,370,in,140.85,140.93,0.08,0,140.34,0.51
371,371,front,140.93,141.3,0.37,0,140.34,0.59
372,372,of,141.3,141.45,0.15,0,140.34,0.96
373,373,your,141.45,141.8,0.35,0,140.34,1.11
374,374,body,141.8,142.24,0.44,0,140.34,1.46
375,375,The,142.42,143.36,0.94,0.18,143.26,-0.84
376,376,flame,143.36,143.72,0.36,0,143.26,0.1
377,377,bends,143.72,144.01,0.29,0,143.26,0.46
378,378,in,144.01,144.12,0.11,0,143.26,0.75
379,379,the,144.12,144.28,0.16,0,143.26,0.86
380,380,wind,144.28,144.36,0.08,0,143.26,1.02
381,381,and,144.36,144.69,0.33,0,143.26,1.1
382,382,you,144.69,145.12,0.43,0,143.26,1.43
383,383,curve,145.12,145.15,0.03,0,143.26,1.86
384,384,yourself,145.15,145.67,0.52,0,143.26,1.89
385,385,around,145.67,145.97,0.3,0,143.26,2.41
386,386,it,145.97,146.08,0.11,0,143.26,2.71
387,387,using,146.19,146.48,0.29,0.11,146.62,-0.43
388,388,your,146.48,146.76,0.28,0,146.62,-0.14
389,389,chest,146.76,147.02,0.26,0,146.62,0.14
390,390,against,147.02,147.49,0.47,0,146.62,0.4
391,391,the,147.49,147.81,0.32,0,146.62,0.87
392,392,cold,147.81,147.87,0.06,0,146.62,1.19
393,393,air,147.87,147.98,0.11,0,146.62,1.25
394,394,The,148.29,148.86,0.57,0.31,149.8,-1.51
395,395,hunters,148.86,150.25,1.39,0,149.8,-0.94
396,396,move,150.25,150.52,0.27,0,149.8,0.45
397,397,ahead,150.52,150.86,0.34,0,149.8,0.72
398,398,You,151.05,151.25,0.2,0.19,151.46,-0.41
399,399,stay,151.25,151.53,0.28,0,151.46,-0.21
400,400,in,151.53,151.86,0.33,0,151.46,0.07
401,401,the,151.86,151.94,0.08,0,151.46,0.4
402,402,center,151.94,152.26,0.32,0,151.46,0.48
403,403,column,152.26,152.69,0.43,0,151.46,0.8
404,404,with,152.69,152.93,0.24,0,151.46,1.23
405,405,the,152.93,153.13,0.2,0,151.46,1.47
406,406,women,153.13,153.56,0.43,0,151.46,1.67
407,407,and,153.56,153.67,0.11,0,151.46,2.1
408,408,older,153.67,154.01,0.34,0,151.46,2.21
409,409,children,154.01,154.67,0.66,0,155,-0.99
410,410,Behind,154.75,155.15,0.4,0.08,155,-0.25
411,411,you,155.15,155.35,0.2,0,155,0.15
412,412,two,155.56,155.83,0.27,0.21,156.1,-0.54
413,413,of,155.83,156.04,0.21,0,156.1,-0.27
414,414,the,156.04,156.48,0.44,0,156.1,-0.06
415,415,most,156.48,156.7,0.22,0,156.1,0.38
416,416,experienced,156.78,157.22,0.44,0.08,156.1,0.68
417,417,men,157.22,158.07,0.85,0,156.1,1.12
418,418,walk,158.07,158.12,0.05,0,156.1,1.97
419,419,the,158.12,158.33,0.21,0,156.1,2.02
420,420,rear,158.33,158.65,0.32,0,156.1,2.23
421,421,with,158.65,158.9,0.25,0,156.1,2.55
422,422,thr,158.9,159.13,0.23,0,156.1,2.8
423,423,usting,159.13,159.59,0.46,0,156.1,3.03
424,424,spe,159.59,159.82,0.23,0,156.1,3.49
425,425,ars,159.82,160.05,0.23,0,156.1,3.72
426,426,angled,160.05,160.85,0.8,0,156.1,3.95
427,427,outward,160.85,161.04,0.19,0,156.1,4.75
428,428,into,161.04,161.34,0.3,0,156.1,4.94
429,429,the,161.34,161.57,0.23,0,156.1,5.24
430,430,dark,161.57,161.87,0.3,0,162.48,-0.91
431,431,They,162.39,162.4,0.01,0.52,162.48,-0.09
432,432,do,162.4,162.66,0.26,0,162.48,-0.08
433,433,not,162.66,162.78,0.12,0,162.48,0.18
434,434,speak,162.78,163.26,0.48,0,162.48,0.3
435,435,on,163.26,163.44,0.18,0,162.48,0.78
436,436,night,163.44,163.83,0.39,0,162.48,0.96
437,437,march,163.83,163.96,0.13,0,162.48,1.35
438,438,es,163.96,164.37,0.41,0,164.68,-0.72
439,439,Their,164.85,164.99,0.14,0.48,164.68,0.17
440,440,silence,164.99,165.53,0.54,0,164.68,0.31
441,441,is,165.53,165.68,0.15,0,164.68,0.85
442,442,a,165.68,165.75,0.07,0,164.68,1
443,443,tool,165.75,166.06,0.31,0,166.24,-0.49
444,444,same,166.21,166.52,0.31,0.15,166.24,-0.03
445,445,as,166.52,166.74,0.22,0,166.24,0.28
446,446,the,166.74,166.9,0.16,0,166.24,0.5
447,447,spear,166.9,167.31,0.41,0,168.32,-1.42
448,448,You,167.59,167.75,0.16,0.28,168.32,-0.73
449,449,drop,167.75,168.06,0.31,0,168.32,-0.57
450,450,the,168.06,168.29,0.23,0,168.32,-0.26
451,451,torch,168.29,168.68,0.39,0,168.32,-0.03
452,452,on,168.68,168.82,0.14,0,168.32,0.36
453,453,the,168.82,169.4,0.58,0,168.32,0.5
454,454,third,169.4,169.45,0.05,0,168.32,1.08
455,455,night,169.45,169.97,0.52,0,168.32,1.13
456,456,of,169.97,170.06,0.09,0,168.32,1.65
457,457,your,170.06,170.32,0.26,0,168.32,1.74
458,458,second,170.32,170.56,0.24,0,168.32,2
459,459,season,170.56,171.47,0.91,0,172.18,-1.62
460,460,carrying,171.47,171.69,0.22,0,172.18,-0.71
461,461,it,171.69,171.78,0.09,0,172.18,-0.49
462,462,You,172.01,172.18,0.17,0.23,172.18,-0.17
463,463,catch,172.18,172.51,0.33,0,172.18,0
464,464,a,172.51,172.6,0.09,0,172.18,0.33
465,465,route,172.6,172.9,0.3,0,172.18,0.42
466,466,you,172.9,173.1,0.2,0,172.18,0.72
467,467,did,173.1,173.36,0.26,0,172.18,0.92
468,468,not,173.36,173.5,0.14,0,172.18,1.18
469,469,see,173.5,173.67,0.17,0,172.18,1.32
470,470,and,173.79,174.21,0.42,0.12,174.24,-0.45
471,471,the,174.21,174.23,0.02,0,174.24,-0.03
472,472,flame,174.23,174.63,0.4,0,174.24,-0.01
473,473,hits,174.63,174.82,0.19,0,174.24,0.39
474,474,the,174.82,175.02,0.2,0,174.24,0.58
475,475,ground,175.02,175.36,0.34,0,174.24,0.78
476,476,and,175.36,175.68,0.32,0,174.24,1.12
477,477,sp,175.68,175.81,0.13,0,174.24,1.44
478,478,ut,175.81,175.94,0.13,0,174.24,1.57
479,479,ters,175.94,176.2,0.26,0,174.24,1.7
480,480,and,176.28,176.35,0.07,0.08,174.24,2.04
481,481,for,176.35,177.08,0.73,0,174.24,2.11
482,482,three,177.08,177.1,0.02,0,174.24,2.84
483,483,full,177.1,177.35,0.25,0,174.24,2.86
484,484,heart,177.35,177.69,0.34,0,174.24,3.11
485,485,be,177.69,177.85,0.16,0,174.24,3.45
486,486,ats,177.85,178.04,0.19,0,174.24,3.61
487,487,the,178.04,178.22,0.18,0,174.24,3.8
488,488,column,178.22,178.72,0.5,0,174.24,3.98
489,489,loses,178.72,178.98,0.26,0,174.24,4.48
490,490,half,178.98,179.23,0.25,0,174.24,4.74
491,491,its,179.23,179.77,0.54,0,180.38,-1.15
492,492,light,179.77,179.83,0.06,0,180.38,-0.61
493,493,Nobody,179.97,180.37,0.4,0.14,180.38,-0.41
494,494,sh,180.37,180.5,0.13,0,180.38,-0.01
495,495,outs,180.5,180.77,0.27,0,180.38,0.12
496,496,But,181.64,182.38,0.74,0.87,182.28,-0.64
497,497,Der,182.38,182.68,0.3,0,182.28,0.1
498,498,ret,182.68,182.7,0.02,0,182.28,0.4
499,499,the,182.9,183.01,0.11,0.2,183.18,-0.28
500,500,rear,183.01,183.27,0.26,0,183.18,-0.17
501,501,guard,183.27,183.59,0.32,0,183.18,0.09
502,502,moves,183.72,184.17,0.45,0.13,184.16,-0.44
503,503,up,184.17,184.24,0.07,0,184.16,0.01
504,504,beside,184.24,184.56,0.32,0,184.16,0.08
505,505,you,184.56,184.77,0.21,0,184.16,0.4
506,506,and,184.77,184.94,0.17,0,184.16,0.61
507,507,puts,184.94,185.19,0.25,0,184.16,0.78
508,508,his,185.19,185.39,0.2,0,184.16,1.03
509,509,hand,185.39,185.65,0.26,0,184.16,1.23
510,510,flat,185.65,185.91,0.26,0,184.16,1.49
511,511,on,185.91,186.12,0.21,0,184.16,1.75
512,512,your,186.12,186.3,0.18,0,184.16,1.96
513,513,shoulder,186.3,186.97,0.67,0,184.16,2.14
514,514,Not,187.06,187.67,0.61,0.09,188.42,-1.36
515,515,hard,187.67,188.78,1.11,0,188.42,-0.75
516,516,not,188.94,189.25,0.31,0.16,189.56,-0.62
517,517,gentle,189.25,189.88,0.63,0,189.56,-0.31
518,518,just,190.56,190.64,0.08,0.68,190.92,-0.36
519,519,there,190.64,190.81,0.17,0,190.92,-0.28
520,520,He,191.04,191.11,0.07,0.23,190.92,0.12
521,521,holds,191.11,191.58,0.47,0,192.74,-1.63
522,522,it,191.58,191.97,0.39,0,192.74,-1.16
523,523,until,191.97,192.14,0.17,0,192.74,-0.77
524,524,you,192.14,192.38,0.24,0,192.74,-0.6
525,525,have,192.38,192.73,0.35,0,192.74,-0.36
526,526,the,192.73,192.93,0.2,0,192.74,-0.01
527,527,torch,192.93,193.33,0.4,0,192.74,0.19
528,528,burning,193.33,193.88,0.55,0,192.74,0.59
529,529,again,193.88,194.3,0.42,0,192.74,1.14
530,530,from,194.3,194.71,0.41,0,192.74,1.56
531,531,the,194.71,194.83,0.12,0,192.74,1.97
532,532,second,194.83,195.3,0.47,0,192.74,2.09
533,533,carrier,195.3,195.85,0.55,0,192.74,2.56
534,534,s,195.85,196.16,0.31,0,192.74,3.11
535,535,als,196.16,196.52,0.36,0,192.74,3.42
536,536,Then,197.16,197.24,0.08,0.64,197.22,-0.06
537,537,he,197.24,197.25,0.01,0,197.22,0.02
538,538,walks,197.25,197.66,0.41,0,197.22,0.03
539,539,back,197.66,197.79,0.13,0,197.22,0.44
540,540,to,197.79,198.19,0.4,0,197.22,0.57
541,541,his,198.19,198.58,0.39,0,197.22,0.97
542,542,post,198.58,198.79,0.21,0,197.22,1.36
543,543,without,198.79,199.39,0.6,0,197.22,1.57
544,544,a,199.39,199.47,0.08,0,200.86,-1.47
545,545,word,199.47,199.81,0.34,0,200.86,-1.39
546,546,The,200.07,200.33,0.26,0.26,200.86,-0.79
547,547,lesson,200.33,200.93,0.6,0,200.86,-0.53
548,548,in,200.93,201.31,0.38,0,200.86,0.07
549,549,that,201.31,201.36,0.05,0,200.86,0.45
550,550,touch,201.36,201.79,0.43,0,200.86,0.5
551,551,your,202.03,202.36,0.33,0.24,202.52,-0.49
552,552,mistake,202.36,203.12,0.76,0,202.52,-0.16
553,553,put,203.12,203.3,0.18,0,202.52,0.6
554,554,people,203.3,203.69,0.39,0,202.52,0.78
555,555,in,203.69,203.78,0.09,0,202.52,1.17
556,556,danger,203.78,204.21,0.43,0,205.08,-1.3
557,557,You,204.3,204.44,0.14,0.09,205.08,-0.78
558,558,are,204.44,204.83,0.39,0,205.08,-0.64
559,559,not,204.83,205.2,0.37,0,205.08,-0.25
560,560,punished,205.2,205.62,0.42,0,205.08,0.12
561,561,for,205.62,205.83,0.21,0,205.08,0.54
562,562,it,205.83,205.97,0.14,0,205.08,0.75
563,563,You,206.18,206.39,0.21,0.21,205.08,1.1
564,564,are,206.39,206.6,0.21,0,207.3,-0.91
565,565,expected,206.6,207.17,0.57,0,207.3,-0.7
566,566,to,207.17,207.31,0.14,0,207.3,-0.13
567,567,understand,207.31,208.03,0.72,0,207.3,0.01
568,568,that,208.03,208.35,0.32,0,207.3,0.73
569,569,on,208.35,208.45,0.1,0,207.3,1.05
570,570,your,208.45,208.73,0.28,0,207.3,1.15
571,571,own,208.73,208.94,0.21,0,207.3,1.43
572,572,You,209.3,209.74,0.44,0.36,210.04,-0.74
573,573,do,209.74,209.84,0.1,0,210.04,-0.3
574,574,not,209.84,210.19,0.35,0,210.04,-0.2
575,575,drop,210.19,210.78,0.59,0,210.04,0.15
576,576,a,210.78,210.8,0.02,0,210.04,0.74
577,577,torch,210.88,211.14,0.26,0.08,210.04,0.84
578,578,again,211.14,211.49,0.35,0,212.16,-1.02
579,579,Those,211.52,212.2,0.68,0.03,212.16,-0.64
580,580,long,212.2,212.33,0.13,0,212.16,0.04
581,581,column,212.33,212.75,0.42,0,212.16,0.17
582,582,walks,212.75,213.04,0.29,0,212.16,0.59
583,583,teach,213.04,213.38,0.34,0,212.16,0.88
584,584,you,213.38,213.58,0.2,0,212.16,1.22
585,585,how,213.58,213.84,0.26,0,212.16,1.42
586,586,to,213.84,213.91,0.07,0,212.16,1.68
587,587,read,213.91,214.18,0.27,0,212.16,1.75
588,588,the,214.18,214.37,0.19,0,212.16,2.02
589,589,night,214.37,214.61,0.24,0,212.16,2.21
590,590,by,214.61,214.95,0.34,0,212.16,2.45
591,591,its,214.95,215.05,0.1,0,212.16,2.79
592,592,sounds,215.05,215.46,0.41,0,212.16,2.89
593,593,An,215.81,216.02,0.21,0.35,216.54,-0.73
594,594,owl,216.02,216.33,0.31,0,216.54,-0.52
595,595,is,216.33,216.76,0.43,0,216.54,-0.21
596,596,neutral,216.76,217.3,0.54,0,216.54,0.22
597,597,Every,218.24,218.32,0.08,0.94,218.24,0
598,598,animal,218.32,218.42,0.1,0,218.24,0.08
599,599,going,218.42,218.73,0.31,0,218.24,0.18
600,600,silent,218.73,219.17,0.44,0,218.24,0.49
601,601,at,219.17,219.6,0.43,0,218.24,0.93
602,602,once,219.6,219.65,0.05,0,218.24,1.36
603,603,is,219.65,219.77,0.12,0,218.24,1.41
604,604,not,219.77,219.95,0.18,0,218.24,1.53
605,605,Wind,220.19,220.43,0.24,0.24,221.08,-0.89
606,606,through,220.43,220.91,0.48,0,221.08,-0.65
607,607,pine,220.91,221.28,0.37,0,221.08,-0.17
608,608,moves,221.28,221.54,0.26,0,221.08,0.2
609,609,without,221.54,221.97,0.43,0,221.08,0.46
610,610,any,221.97,222.39,0.42,0,221.08,0.89
611,611,pattern,222.39,222.81,0.42,0,221.08,1.31
612,612,Something,222.98,224,1.02,0.17,223.7,-0.72
613,613,large,224,224.33,0.33,0,223.7,0.3
614,614,moving,224.33,224.72,0.39,0,223.7,0.63
615,615,through,224.72,225.4,0.68,0,223.7,1.02
616,616,pine,225.4,225.45,0.05,0,223.7,1.7
617,617,has,225.45,225.65,0.2,0,223.7,1.75
618,618,a,225.65,225.71,0.06,0,223.7,1.95
619,619,rhythm,225.71,226.11,0.4,0,223.7,2.01
620,620,even,226.11,226.37,0.26,0,223.7,2.41
621,621,when,226.37,226.63,0.26,0,223.7,2.67
622,622,it,226.63,226.76,0.13,0,223.7,2.93
623,623,is,226.76,226.89,0.13,0,223.7,3.06
624,624,trying,226.89,227.3,0.41,0,223.7,3.19
625,625,to,227.3,227.42,0.12,0,223.7,3.6
626,626,suppress,227.42,228.15,0.73,0,228.58,-1.16
627,627,You,228.35,228.57,0.22,0.2,228.58,-0.23
628,628,learn,228.57,228.88,0.31,0,228.58,-0.01
629,629,to,228.88,228.98,0.1,0,228.58,0.3
630,630,feel,228.98,229.31,0.33,0,228.58,0.4
631,631,the,229.31,229.54,0.23,0,228.58,0.73
632,632,column,229.54,229.99,0.45,0,228.58,0.96
633,633,change,229.99,230.89,0.9,0,228.58,1.41
634,634,before,230.89,230.96,0.07,0,228.58,2.31
635,635,you,230.96,231.11,0.15,0,228.58,2.38
636,636,see,231.11,231.33,0.22,0,228.58,2.53
637,637,it,231.33,231.49,0.16,0,232.2,-0.87
638,638,change,231.49,231.93,0.44,0,232.2,-0.71
639,639,When,232.15,232.45,0.3,0.22,232.2,-0.05
640,640,the,232.45,232.67,0.22,0,232.2,0.25
641,641,lead,232.67,232.97,0.3,0,232.2,0.47
642,642,hunter,232.97,233.69,0.72,0,233.9,-0.93
643,643,slows,233.69,233.79,0.1,0,233.9,-0.21
644,644,every,233.94,234.31,0.37,0.15,233.9,0.04
645,645,person,234.31,234.75,0.44,0,233.9,0.41
646,646,slows,234.75,235.13,0.38,0,235.6,-0.85
647,647,signal,235.5,235.95,0.45,0.37,235.6,-0.1
648,648,no,236.28,236.35,0.07,0.33,236.56,-0.28
649,649,sound,236.35,236.73,0.38,0,236.56,-0.21
650,650,The,236.93,237.59,0.66,0.2,238.4,-1.47
651,651,shift,237.59,237.62,0.03,0,238.4,-0.81
652,652,moves,237.62,237.98,0.36,0,238.4,-0.78
653,653,back,237.98,238.29,0.31,0,238.4,-0.42
654,654,through,238.29,238.84,0.55,0,238.4,-0.11
655,655,the,238.84,239.07,0.23,0,238.4,0.44
656,656,group,239.07,239.5,0.43,0,238.4,0.67
657,657,the,239.5,239.69,0.19,0,238.4,1.1
658,658,way,239.69,239.94,0.25,0,238.4,1.29
659,659,cold,239.94,240.35,0.41,0,238.4,1.54
660,660,moves,240.35,240.62,0.27,0,238.4,1.95
661,661,through,240.62,241.17,0.55,0,238.4,2.22
662,662,water,241.17,241.5,0.33,0,238.4,2.77
663,663,You,242.16,242.41,0.25,0.66,242.92,-0.76
664,664,sleep,242.41,243.3,0.89,0,242.92,-0.51
665,665,lightly,243.3,243.63,0.33,0,242.92,0.38
666,666,now,243.63,243.97,0.34,0,242.92,0.71
667,667,even,243.98,244.3,0.32,0.01,242.92,1.06
668,668,at,244.3,244.46,0.16,0,242.92,1.38
669,669,camp,244.46,244.59,0.13,0,242.92,1.54
670,670,You,245.02,245.39,0.37,0.43,245.82,-0.8
671,671,did,245.39,245.53,0.14,0,245.82,-0.43
672,672,not,245.53,245.74,0.21,0,245.82,-0.29
673,673,decide,245.74,246.23,0.49,0,245.82,-0.08
674,674,to,246.23,246.39,0.16,0,245.82,0.41
675,675,Your,246.63,247.02,0.39,0.24,247.68,-1.05
676,676,body,247.02,247.28,0.26,0,247.68,-0.66
677,677,made,247.28,247.59,0.31,0,247.68,-0.4
678,678,that,247.59,248.13,0.54,0,247.68,-0.09
679,679,choice,248.13,248.4,0.27,0,247.68,0.45
680,680,without,248.4,248.96,0.56,0,247.68,0.72
681,681,asking,248.96,249.5,0.54,0,247.68,1.28
682,682,Level,251.56,251.64,0.08,2.06,251.8,-0.24
683,683,three,251.64,252,0.36,0,251.8,-0.16
684,684,the,252.11,252.96,0.85,0.11,252.98,-0.87
685,685,scout,252.96,253.11,0.15,0,252.98,-0.02
686,686,You,253.32,253.56,0.24,0.21,253.96,-0.64
687,687,are,253.56,253.8,0.24,0,253.96,-0.4
688,688,sixteen,253.8,254.36,0.56,0,253.96,-0.16
689,689,and,254.36,254.6,0.24,0,253.96,0.4
690,690,you,254.6,254.86,0.26,0,253.96,0.64
691,691,carry,254.86,255.32,0.46,0,253.96,0.9
692,692,your,255.32,255.71,0.39,0,253.96,1.36
693,693,own,255.71,255.8,0.09,0,253.96,1.75
694,694,spear,255.8,256.2,0.4,0,253.96,1.84
695,695,Not,256.43,256.68,0.25,0.23,257.12,-0.69
696,696,the,256.68,256.87,0.19,0,257.12,-0.44
697,697,heavy,256.87,257.52,0.65,0,257.12,-0.25
698,698,thr,257.52,257.56,0.04,0,257.12,0.4
699,699,usting,257.56,258.12,0.56,0,257.12,0.44
700,700,spear,258.12,258.52,0.4,0,257.12,1
701,701,of,258.52,258.56,0.04,0,257.12,1.4
702,702,the,258.56,258.64,0.08,0,257.12,1.44
703,703,senior,258.72,258.97,0.25,0.08,257.12,1.6
704,704,hunters,258.97,259.34,0.37,0,257.12,1.85
705,705,A,259.5,260.06,0.56,0.16,260.22,-0.72
706,706,throwing,260.06,260.33,0.27,0,260.22,-0.16
707,707,spear,260.33,260.81,0.48,0,260.22,0.11
708,708,its,260.96,261.23,0.27,0.15,260.22,0.74
709,709,fl,261.23,261.41,0.18,0,261.62,-0.39
710,710,int,261.41,261.68,0.27,0,261.62,-0.21
711,711,point,261.68,262.13,0.45,0,261.62,0.06
712,712,na,262.13,262.41,0.28,0,261.62,0.51
713,713,pped,262.41,262.79,0.38,0,261.62,0.79
714,714,by,262.79,262.85,0.06,0,261.62,1.17
715,715,hand,262.85,263.21,0.36,0,261.62,1.23
716,716,and,263.21,263.48,0.27,0,261.62,1.59
717,717,bound,263.48,263.93,0.45,0,263.84,-0.36
718,718,to,263.93,264.16,0.23,0,263.84,0.09
719,719,the,264.16,264.6,0.44,0,263.84,0.32
720,720,shaft,264.6,264.88,0.28,0,263.84,0.76
721,721,with,264.88,265.04,0.16,0,263.84,1.04
722,722,pine,265.04,265.45,0.41,0,263.84,1.2
723,723,pitch,265.45,265.5,0.05,0,263.84,1.61
724,724,pitch,265.58,265.86,0.28,0.08,263.84,1.74
725,725,and,265.86,266.08,0.22,0,263.84,2.02
726,726,wet,266.08,266.14,0.06,0,263.84,2.24
727,727,sine,266.14,266.59,0.45,0,263.84,2.3
728,728,w,266.59,266.9,0.31,0,266.94,-0.35
729,729,that,266.9,266.95,0.05,0,266.94,-0.04
730,730,dried,266.95,267.31,0.36,0,266.94,0.01
731,731,hard,267.31,267.6,0.29,0,266.94,0.37
732,732,as,267.6,267.74,0.14,0,266.94,0.66
733,733,rock,267.74,268.04,0.3,0,266.94,0.8
734,734,They,268.24,268.54,0.3,0.2,269,-0.76
735,735,start,268.54,268.9,0.36,0,269,-0.46
736,736,sending,268.9,269.63,0.73,0,269,-0.1
737,737,you,269.63,269.66,0.03,0,269,0.63
738,738,on,269.66,269.77,0.11,0,269,0.66
739,739,forward,269.77,270.35,0.58,0,269,0.77
740,740,runs,270.35,271.19,0.84,0,271.42,-1.07
741,741,Never,271.46,271.66,0.2,0.27,271.42,0.04
742,742,far,271.66,271.86,0.2,0,271.42,0.24
743,743,Never,272.86,272.94,0.08,1,273,-0.14
744,744,alone,272.94,273.06,0.12,0,273,-0.06
745,745,You,273.35,273.49,0.14,0.29,273,0.35
746,746,go,273.49,274.28,0.79,0,274.62,-1.13
747,747,with,274.28,274.55,0.27,0,274.62,-0.34
748,748,Kor,274.55,274.95,0.4,0,274.62,-0.07
749,749,ik,274.95,275.22,0.27,0,274.62,0.33
750,750,22,275.5,276.16,0.66,0.28,275.96,-0.46
751,751,who,276.36,276.69,0.33,0.2,275.96,0.4
752,752,been,276.69,277.01,0.32,0,275.96,0.73
753,753,sc,277.01,277.04,0.03,0,275.96,1.05
754,754,outing,277.04,277.43,0.39,0,275.96,1.08
755,755,for,277.43,277.56,0.13,0,275.96,1.47
756,756,four,277.56,277.79,0.23,0,275.96,1.6
757,757,years,277.79,278.07,0.28,0,275.96,1.83
758,758,The,278.55,278.82,0.27,0.48,278.9,-0.35
759,759,two,278.82,278.9,0.08,0,278.9,-0.08
760,760,of,278.9,279.1,0.2,0,278.9,0
761,761,you,279.1,279.42,0.32,0,278.9,0.2
762,762,move,279.42,279.86,0.44,0,278.9,0.52
763,763,ahead,279.86,280.04,0.18,0,278.9,0.96
764,764,of,280.04,280.17,0.13,0,278.9,1.14
765,765,the,280.17,280.36,0.19,0,278.9,1.27
766,766,main,280.36,280.62,0.26,0,278.9,1.46
767,767,group,280.62,280.92,0.3,0,278.9,1.72
768,768,by,280.92,281.41,0.49,0,278.9,2.02
769,769,about,281.41,281.46,0.05,0,278.9,2.51
770,770,the,281.46,281.6,0.14,0,278.9,2.56
771,771,distance,281.6,282.12,0.52,0,278.9,2.7
772,772,a,282.12,282.21,0.09,0,278.9,3.22
773,773,man,282.21,282.37,0.16,0,278.9,3.31
774,774,can,282.37,282.58,0.21,0,278.9,3.47
775,775,shout,282.58,282.89,0.31,0,278.9,3.68
776,776,and,282.89,283.08,0.19,0,278.9,3.99
777,777,be,283.08,283.21,0.13,0,278.9,4.18
778,778,heard,283.21,283.54,0.33,0,284,-0.79
779,779,Your,283.8,284.18,0.38,0.26,284,-0.2
780,780,job,284.18,284.2,0.02,0,284,0.18
781,781,is,284.2,284.31,0.11,0,284,0.2
782,782,to,284.31,284.44,0.13,0,284,0.31
783,783,read,284.44,284.7,0.26,0,284,0.44
784,784,the,284.7,284.88,0.18,0,284,0.7
785,785,ground,284.88,285.4,0.52,0,284,0.88
786,786,before,285.4,285.79,0.39,0,284,1.4
787,787,everyone,285.79,285.95,0.16,0,284,1.79
788,788,else,285.95,286.8,0.85,0,284,1.95
789,789,walks,286.8,286.93,0.13,0,284,2.8
790,790,onto,286.93,287.15,0.22,0,287.86,-0.93
791,791,it,287.15,287.35,0.2,0,287.86,-0.71
792,792,You,287.47,287.66,0.19,0.12,287.86,-0.39
793,793,learn,287.66,287.98,0.32,0,287.86,-0.2
794,794,to,287.98,288.11,0.13,0,287.86,0.12
795,795,smell,288.11,288.44,0.33,0,287.86,0.25
796,796,before,288.44,288.82,0.38,0,287.86,0.58
797,797,you,288.82,289,0.18,0,287.86,0.96
798,798,look,289,289.25,0.25,0,287.86,1.14
799,799,A,289.52,289.56,0.04,0.27,289.96,-0.44
800,800,predator,289.56,290.04,0.48,0,289.96,-0.4
801,801,s,290.04,290.17,0.13,0,289.96,0.08
802,802,presence,290.17,291.09,0.92,0,289.96,0.21
803,803,reaches,291.09,291.36,0.27,0,289.96,1.13
804,804,nose,291.44,291.7,0.26,0.08,289.96,1.48
805,805,before,291.7,291.88,0.18,0,289.96,1.74
806,806,your,291.88,292.76,0.88,0,289.96,1.92
807,807,mind,292.76,292.91,0.15,0,293.64,-0.88
808,808,names,292.91,293.31,0.4,0,293.64,-0.73
809,809,it,293.31,293.48,0.17,0,293.64,-0.33
810,810,Something,293.73,294.49,0.76,0.25,293.64,0.09
811,811,thick,294.49,294.91,0.42,0,295.22,-0.73
812,812,mus,295.1,295.48,0.38,0.19,295.22,-0.12
813,813,ky,295.48,295.51,0.03,0,295.22,0.26
814,814,wrong,295.7,296.09,0.39,0.19,296.24,-0.54
815,815,in,296.09,296.24,0.15,0,296.24,-0.15
816,816,a,296.24,296.31,0.07,0,296.24,0
817,817,way,296.31,296.53,0.22,0,296.24,0.07
818,818,that,296.53,296.88,0.35,0,296.24,0.29
819,819,is,296.88,297.31,0.43,0,296.24,0.64
820,820,hard,297.31,297.32,0.01,0,296.24,1.07
821,821,to,297.32,297.46,0.14,0,296.24,1.08
822,822,describe,297.46,298.08,0.62,0,296.24,1.22
823,823,You,299.02,299.04,0.02,0.94,299.08,-0.06
824,824,catch,299.04,299.1,0.06,0,299.08,-0.04
825,825,it,299.1,299.2,0.1,0,299.08,0.02
826,826,on,299.2,299.36,0.16,0,299.08,0.12
827,827,your,299.36,299.54,0.18,0,299.08,0.28
828,828,third,299.54,300.35,0.81,0,299.08,0.46
829,829,run,300.35,300.44,0.09,0,299.08,1.27
830,830,and,300.44,300.6,0.16,0,300.96,-0.52
831,831,stop,300.6,300.97,0.37,0,300.96,-0.36
832,832,walking,300.97,301.51,0.54,0,300.96,0.01
833,833,Kor,301.8,302.06,0.26,0.29,302.54,-0.74
834,834,ik,302.06,302.32,0.26,0,302.54,-0.48
835,835,stops,302.32,302.59,0.27,0,302.54,-0.22
836,836,half,302.59,302.76,0.17,0,302.54,0.05
837,837,a,302.76,303.17,0.41,0,302.54,0.22
838,838,step,303.17,303.4,0.23,0,302.54,0.63
839,839,after,303.4,303.82,0.42,0,302.54,0.86
840,840,you,303.82,304.07,0.25,0,302.54,1.28
841,841,He,304.33,304.98,0.65,0.26,305.14,-0.81
842,842,has,304.98,305.23,0.25,0,305.14,-0.16
843,843,it,305.23,305.58,0.35,0,305.14,0.09
844,844,too,305.58,305.69,0.11,0,305.14,0.44
845,845,you,306.66,306.74,0.08,0.97,307.02,-0.36
846,846,stand,306.74,306.99,0.25,0,307.02,-0.28
847,847,without,306.99,307.73,0.74,0,307.02,-0.03
848,848,moving,307.73,308.07,0.34,0,307.02,0.71
849,849,for,308.07,308.19,0.12,0,307.02,1.05
850,850,a,308.19,308.29,0.1,0,307.02,1.17
851,851,long,308.29,308.61,0.32,0,307.02,1.27
852,852,count,308.61,308.94,0.33,0,307.02,1.59
853,853,long,309.09,309.39,0.3,0.15,309.72,-0.63
854,854,enough,309.39,309.96,0.57,0,309.72,-0.33
855,855,for,309.96,310.06,0.1,0,309.72,0.24
856,856,your,310.06,310.41,0.35,0,309.72,0.34
857,857,own,310.41,310.81,0.4,0,309.72,0.69
858,858,breathing,310.81,311.26,0.45,0,309.72,1.09
859,859,to,311.26,311.53,0.27,0,309.72,1.54
860,860,feel,311.53,311.78,0.25,0,309.72,1.81
861,861,very,311.86,312.2,0.34,0.08,309.72,2.14
862,862,loud,312.2,312.33,0.13,0,309.72,2.48
863,863,You,313.18,313.24,0.06,0.85,313.8,-0.62
864,864,back,313.24,313.73,0.49,0,313.8,-0.56
865,865,out,313.73,313.97,0.24,0,313.8,-0.07
866,866,the,313.97,314.32,0.35,0,313.8,0.17
867,867,way,314.32,314.59,0.27,0,313.8,0.52
868,868,water,314.59,315.11,0.52,0,313.8,0.79
869,869,runs,315.11,315.51,0.4,0,313.8,1.31
870,870,in,315.51,315.93,0.42,0,313.8,1.71
871,871,reverse,315.93,316.47,0.54,0,317.22,-1.29
872,872,Slow,316.76,317.4,0.64,0.29,317.22,-0.46
873,873,continuous,317.74,318.45,0.71,0.34,318.4,-0.66
874,874,nothing,318.78,319.38,0.6,0.33,319.78,-1
875,875,sudden,319.38,320.01,0.63,0,319.78,-0.4
876,876,enough,320.01,320.72,0.71,0,319.78,0.23
877,877,to,320.72,320.89,0.17,0,319.78,0.94
878,878,announce,320.89,321.24,0.35,0,319.78,1.11
879,879,you,321.24,322.07,0.83,0,322.54,-1.3
880,880,You,322.14,322.35,0.21,0.07,322.54,-0.4
881,881,never,322.35,322.74,0.39,0,322.54,-0.19
882,882,see,322.74,322.99,0.25,0,322.54,0.2
883,883,the,322.99,323.26,0.27,0,322.54,0.45
884,884,cave,323.26,323.58,0.32,0,322.54,0.72
885,885,lion,323.58,324.02,0.44,0,322.54,1.04
886,886,that,324.02,324.26,0.24,0,322.54,1.48
887,887,night,324.26,324.87,0.61,0,325.82,-1.56
888,888,But,324.93,325.29,0.36,0.06,325.82,-0.89
889,889,you,325.29,325.43,0.14,0,325.82,-0.53
890,890,find,325.43,325.77,0.34,0,325.82,-0.39
891,891,its,325.77,326.01,0.24,0,325.82,-0.05
892,892,tracks,326.01,326.68,0.67,0,325.82,0.19
893,893,in,326.68,326.7,0.02,0,325.82,0.86
894,894,the,326.7,326.95,0.25,0,325.82,0.88
895,895,frost,326.95,327.37,0.42,0,325.82,1.13
896,896,the,327.37,327.72,0.35,0,325.82,1.55
897,897,next,327.72,327.92,0.2,0,325.82,1.9
898,898,morning,327.92,328.37,0.45,0,328.84,-0.92
899,899,two,328.48,328.65,0.17,0.11,328.84,-0.36
900,900,spear,328.65,329.32,0.67,0,328.84,-0.19
901,901,lengths,329.32,329.47,0.15,0,328.84,0.48
902,902,from,329.47,329.7,0.23,0,328.84,0.63
903,903,where,329.7,330.02,0.32,0,328.84,0.86
904,904,you,330.02,330.21,0.19,0,328.84,1.18
905,905,stood,330.21,330.53,0.32,0,331.08,-0.87
906,906,The,330.72,330.96,0.24,0.19,331.08,-0.36
907,907,print,330.96,331.23,0.27,0,331.08,-0.12
908,908,is,331.23,331.35,0.12,0,331.08,0.15
909,909,wider,331.35,331.65,0.3,0,331.08,0.27
910,910,than,331.65,332.07,0.42,0,331.08,0.57
911,911,both,332.07,332.17,0.1,0,331.08,0.99
912,912,your,332.17,332.49,0.32,0,331.08,1.09
913,913,hands,332.49,332.74,0.25,0,331.08,1.41
914,914,laid,332.74,332.99,0.25,0,331.08,1.66
915,915,side,332.99,333.54,0.55,0,331.08,1.91
916,916,side,333.54,333.85,0.31,0,331.08,2.46
917,917,You,334.07,334.27,0.2,0.22,334.56,-0.49
918,918,look,334.27,334.62,0.35,0,334.56,-0.29
919,919,at,334.62,334.92,0.3,0,334.56,0.06
920,920,it,334.92,334.96,0.04,0,334.56,0.36
921,921,for,334.96,335.17,0.21,0,334.56,0.4
922,922,a,335.17,335.23,0.06,0,334.56,0.61
923,923,long,335.23,335.54,0.31,0,334.56,0.67
924,924,time,335.54,335.85,0.31,0,336.62,-1.08
925,925,You,336.08,336.31,0.23,0.23,336.62,-0.54
926,926,bring,336.31,336.7,0.39,0,336.62,-0.31
927,927,the,336.7,336.93,0.23,0,336.62,0.08
928,928,information,336.93,337.8,0.87,0,336.62,0.31
929,929,back,337.8,338.11,0.31,0,336.62,1.18
930,930,That,338.34,338.65,0.31,0.23,338.76,-0.42
931,931,is,338.65,338.78,0.13,0,338.76,-0.11
932,932,the,338.78,339.06,0.28,0,338.76,0.02
933,933,job,339.06,339.5,0.44,0,338.76,0.3
934,934,Not,339.66,340.1,0.44,0.16,340.86,-1.2
935,935,to,340.1,340.54,0.44,0,340.86,-0.76
936,936,engage,340.54,341.3,0.76,0,340.86,-0.32
937,937,not,341.7,341.89,0.19,0.4,342.04,-0.34
938,938,to,341.89,342.07,0.18,0,342.04,-0.15
939,939,prove,342.07,343.03,0.96,0,344.34,-2.27
940,940,anything,343.03,343.25,0.22,0,344.34,-1.31
941,941,See,343.57,343.79,0.22,0.32,344.34,-0.77
942,942,register,343.94,344.66,0.72,0.15,344.34,-0.4
943,943,return,344.92,345.36,0.44,0.26,345.1,-0.18
944,944,a,345.54,345.77,0.23,0.18,345.98,-0.44
945,945,scout,345.77,346.19,0.42,0,345.98,-0.21
946,946,who,346.19,346.35,0.16,0,345.98,0.21
947,947,sees,346.35,346.71,0.36,0,346.86,-0.51
948,948,too,346.71,347.52,0.81,0,346.86,-0.15
949,949,little,347.52,347.58,0.06,0,346.86,0.66
950,950,end,347.58,347.79,0.21,0,346.86,0.72
951,951,angers,347.79,348.32,0.53,0,346.86,0.93
952,952,the,348.32,348.62,0.3,0,346.86,1.46
953,953,band,348.62,349.01,0.39,0,346.86,1.76
954,954,scout,349.94,350.02,0.08,0.93,350.04,-0.1
955,955,who,350.02,350.12,0.1,0,350.04,-0.02
956,956,imag,350.12,350.48,0.36,0,350.04,0.08
957,957,ines,350.48,350.58,0.1,0,350.04,0.44
958,958,too,350.58,351.35,0.77,0,350.04,0.54
959,959,much,351.35,351.51,0.16,0,350.04,1.31
960,960,does,351.51,351.89,0.38,0,350.04,1.47
961,961,the,351.89,352.16,0.27,0,352.4,-0.51
962,962,same,352.16,352.52,0.36,0,352.4,-0.24
963,963,What,352.81,353.24,0.43,0.29,353.96,-1.15
964,964,the,353.24,353.46,0.22,0,353.96,-0.72
965,965,job,353.46,354.09,0.63,0,353.96,-0.5
966,966,requires,354.09,354.51,0.42,0,353.96,0.13
967,967,is,354.51,354.67,0.16,0,353.96,0.55
968,968,exact,354.67,355.13,0.46,0,353.96,0.71
969,969,truth,355.13,355.9,0.77,0,353.96,1.17
970,970,delivered,355.9,356.52,0.62,0,353.96,1.94
971,971,without,356.52,356.86,0.34,0,353.96,2.56
972,972,drama,356.86,357.26,0.4,0,353.96,2.9
973,973,You,357.38,357.52,0.14,0.12,358.44,-1.06
974,974,are,357.52,358.22,0.7,0,358.44,-0.92
975,975,not,358.22,358.28,0.06,0,358.44,-0.22
976,976,yet,358.28,358.49,0.21,0,358.44,-0.16
977,977,calm,358.49,358.81,0.32,0,358.44,0.05
978,978,about,358.81,359.18,0.37,0,358.44,0.37
979,979,it,359.18,359.34,0.16,0,358.44,0.74
980,980,Your,359.58,359.9,0.32,0.24,358.44,1.14
981,981,voice,359.9,360.3,0.4,0,360.48,-0.58
982,982,holds,360.3,361.01,0.71,0,360.48,-0.18
983,983,when,361.01,361.02,0.01,0,360.48,0.53
984,984,you,361.02,361.26,0.24,0,360.48,0.54
985,985,report,361.26,361.74,0.48,0,360.48,0.78
986,986,but,361.9,362.1,0.2,0.16,362.48,-0.58
987,987,your,362.1,362.82,0.72,0,362.48,-0.38
988,988,hands,362.82,362.86,0.04,0,362.48,0.34
989,989,do,362.86,363.02,0.16,0,362.48,0.38
990,990,not,363.02,363.26,0.24,0,362.48,0.54
991,991,watches,364.64,364.72,0.08,1.38,364.58,0.06
992,992,your,364.72,364.88,0.16,0,364.58,0.14
993,993,hands,364.88,365.14,0.26,0,364.58,0.3
994,994,when,365.14,365.3,0.16,0,364.58,0.56
995,995,you,365.3,366.04,0.74,0,364.58,0.72
996,996,speak,366.04,366.19,0.15,0,364.58,1.46
997,997,You,366.4,366.63,0.23,0.21,367.18,-0.78
998,998,see,366.63,366.86,0.23,0,367.18,-0.55
999,999,him,366.86,367.09,0.23,0,367.18,-0.32
,,,,,,,,
,,,,,,,,
"[Log] [inspector] ""V6 New Audio Long Pauses"" — 4556 raw tokens (567 dropped), 3989 kept, 546 silences detected, audioDuration=1421.28s (App.tsx, line 2518)",,,,,,,,
"[Log] [inspector] smear — pause-following tokens: 3987, median=0.430s, p95=2.740s, negative=1338 (33.6%) (App.tsx, line 2529)",,,,,,,,
"[Log] [inspector] malformed-token drop breakdown: – {non-finite: 0, negative-start: 0, inverted-or-zero-duration: 74, …} (App.tsx, line 2530)",,,,,,,,
"{non-finite: 0, negative-start: 0, inverted-or-zero-duration: 74, past-audio-end: 0, empty-text: 493}Object",,,,,,,,
"[Log] [inspector] CSV (copy below): (App.tsx, line 2531)",,,,,,,,
"[Log] index,text,startSec,endSec,durationSec,gapToPrevTokenSec,nearestPrecedingSilenceEndSec,smearSec (App.tsx, line 2532)",,,,,,,,
"0,Level,0.080,0.290,0.210,,,",,,,,,,,
"1,one,0.290,0.460,0.170,0.000,,",,,,,,,,
"2,The,0.550,0.660,0.110,0.090,1.420,-0.870",,,,,,,,
"3,child,0.660,1.400,0.740,0.000,1.420,-0.760",,,,,,,,
"4,who,1.400,1.440,0.040,0.000,1.420,-0.020",,,,,,,,
"5,does,1.440,1.730,0.290,0.000,1.420,0.020",,,,,,,,
"6,not,1.730,1.950,0.220,0.000,1.420,0.310",,,,,,,,
"7,yet,1.950,2.170,0.220,0.000,1.420,0.530",,,,,,,,
"8,know,2.170,2.460,0.290,0.000,1.420,0.750",,,,,,,,
"9,what,2.460,2.750,0.290,0.000,1.420,1.040",,,,,,,,
"10,dark,2.750,3.040,0.290,0.000,1.420,1.330",,,,,,,,
"11,means,3.040,3.400,0.360,0.000,1.420,1.620",,,,,,,,
"12,you,3.570,3.730,0.160,0.170,4.160,-0.590",,,,,,,,
"13,are,3.730,4.150,0.420,0.000,4.160,-0.430",,,,,,,,
"14,seven,4.150,4.430,0.280,0.000,4.160,-0.010",,,,,,,,
"15,years,4.430,4.820,0.390,0.000,4.160,0.270",,,,,,,,
"16,old,4.820,5.050,0.230,0.000,4.160,0.660",,,,,,,,
"17,You,5.290,5.960,0.670,0.240,5.960,-0.670",,,,,,,,
"18,live,5.960,6.320,0.360,0.000,5.960,0.000",,,,,,,,
"19,inside,6.320,6.720,0.400,0.000,5.960,0.360",,,,,,,,
"20,a,6.720,6.780,0.060,0.000,5.960,0.760",,,,,,,,
"21,skin,6.780,7.040,0.260,0.000,5.960,0.820",,,,,,,,
"22,cover,7.040,7.430,0.390,0.000,5.960,1.080",,,,,,,,
"23,ed,7.430,7.740,0.310,0.000,5.960,1.470",,,,,,,,
"24,shelter,7.740,8.030,0.290,0.000,5.960,1.780",,,,,,,,
"25,at,8.030,8.160,0.130,0.000,5.960,2.070",,,,,,,,
"26,the,8.160,8.360,0.200,0.000,5.960,2.200",,,,,,,,
"27,edge,8.360,8.620,0.260,0.000,5.960,2.400",,,,,,,,
"28,of,8.620,8.750,0.130,0.000,5.960,2.660",,,,,,,,
"29,a,8.750,8.810,0.060,0.000,5.960,2.790",,,,,,,,
"30,shallow,8.810,9.360,0.550,0.000,5.960,2.850",,,,,,,,
"31,valley,9.360,9.680,0.320,0.000,10.240,-0.880",,,,,,,,
"32,The,9.880,10.050,0.170,0.200,10.240,-0.360",,,,,,,,
"33,fire,10.050,10.470,0.420,0.000,10.240,-0.190",,,,,,,,
"34,your,10.470,10.600,0.130,0.000,10.240,0.230",,,,,,,,
"35,mother,10.600,11.100,0.500,0.000,10.240,0.360",,,,,,,,
"36,tends,11.100,11.490,0.390,0.000,10.240,0.860",,,,,,,,
"37,smells,11.490,11.940,0.450,0.000,10.240,1.250",,,,,,,,
"38,like,11.940,12.220,0.280,0.000,10.240,1.700",,,,,,,,
"39,pine,12.220,12.480,0.260,0.000,10.240,1.980",,,,,,,,
"40,resin,12.480,12.580,0.100,0.000,10.240,2.240",,,,,,,,
"41,and,12.580,13.340,0.760,0.000,10.240,2.340",,,,,,,,
"42,scor,13.340,13.360,0.020,0.000,10.240,3.100",,,,,,,,
"43,ched,13.360,13.620,0.260,0.000,10.240,3.120",,,,,,,,
"44,bone,13.620,13.900,0.280,0.000,10.240,3.380",,,,,,,,
"45,Your,14.110,14.390,0.280,0.210,14.780,-0.670",,,,,,,,
"46,grandmother,14.390,15.240,0.850,0.000,14.780,-0.390",,,,,,,,
"47,is,15.240,15.310,0.070,0.000,14.780,0.460",,,,,,,,
"48,asleep,15.310,16.090,0.780,0.000,14.780,0.530",,,,,,,,
"49,against,16.090,16.220,0.130,0.000,14.780,1.310",,,,,,,,
"50,the,16.220,16.510,0.290,0.000,14.780,1.440",,,,,,,,
"51,far,16.510,16.640,0.130,0.000,14.780,1.730",,,,,,,,
"52,wall,16.640,16.910,0.270,0.000,14.780,1.860",,,,,,,,
"53,It,17.180,17.900,0.720,0.270,17.880,-0.700",,,,,,,,
"54,is,17.900,18.200,0.300,0.000,17.880,0.020",,,,,,,,
"55,deep,18.200,18.470,0.270,0.000,17.880,0.320",,,,,,,,
"56,in,18.470,18.620,0.150,0.000,17.880,0.590",,,,,,,,
"57,the,18.620,18.720,0.100,0.000,17.880,0.740",,,,,,,,
"58,night,18.720,19.140,0.420,0.000,19.800,-1.080",,,,,,,,
"59,You,19.380,19.440,0.060,0.240,19.800,-0.420",,,,,,,,
"60,are,19.440,20.120,0.680,0.000,19.800,-0.360",,,,,,,,
"61,wide,20.120,20.250,0.130,0.000,19.800,0.320",,,,,,,,
"62,awake,20.250,20.670,0.420,0.000,19.800,0.450",,,,,,,,
"63,You,20.890,21.140,0.250,0.220,21.880,-0.990",,,,,,,,
"64,can,21.140,21.390,0.250,0.000,21.880,-0.740",,,,,,,,
"65,hear,21.390,21.760,0.370,0.000,21.880,-0.490",,,,,,,,
"66,something,21.760,22.870,1.110,0.000,21.880,-0.120",,,,,,,,
"67,outside,22.870,23.070,0.200,0.000,21.880,0.990",,,,,,,,
"68,You,23.320,23.570,0.250,0.250,23.800,-0.480",,,,,,,,
"69,do,23.570,23.720,0.150,0.000,23.800,-0.230",,,,,,,,
"70,not,23.720,23.960,0.240,0.000,23.800,-0.080",,,,,,,,
"71,know,23.960,24.640,0.680,0.000,23.800,0.160",,,,,,,,
"72,what,24.640,24.680,0.040,0.000,23.800,0.840",,,,,,,,
"73,it,24.680,24.800,0.120,0.000,23.800,0.880",,,,,,,,
"74,is,24.800,24.960,0.160,0.000,25.500,-0.700",,,,,,,,
"75,You,25.250,25.460,0.210,0.290,25.500,-0.250",,,,,,,,
"76,only,25.460,25.920,0.460,0.000,25.500,-0.040",,,,,,,,
"77,know,25.920,26.120,0.200,0.000,25.500,0.420",,,,,,,,
"78,the,26.200,26.330,0.130,0.080,25.500,0.700",,,,,,,,
"79,sound,26.330,26.710,0.380,0.000,25.500,0.830",,,,,,,,
"80,is,26.710,26.860,0.150,0.000,25.500,1.210",,,,,,,,
"81,large,26.860,27.250,0.390,0.000,27.740,-0.880",,,,,,,,
"82,it,27.520,27.550,0.030,0.270,27.740,-0.220",,,,,,,,
"83,is,27.550,27.700,0.150,0.000,27.740,-0.190",,,,,,,,
"84,close,27.700,28.080,0.380,0.000,27.740,-0.040",,,,,,,,
"85,and,28.230,28.450,0.220,0.150,27.740,0.490",,,,,,,,
"86,the,28.450,28.670,0.220,0.000,29.200,-0.750",,,,,,,,
"87,fire,28.670,28.970,0.300,0.000,29.200,-0.530",,,,,,,,
"88,is,28.970,29.160,0.190,0.000,29.200,-0.230",,,,,,,,
"89,the,29.160,29.420,0.260,0.000,29.200,-0.040",,,,,,,,
"90,only,29.420,29.640,0.220,0.000,29.200,0.220",,,,,,,,
"91,reason,29.640,30.270,0.630,0.000,29.200,0.440",,,,,,,,
"92,you,30.270,30.310,0.040,0.000,29.200,1.070",,,,,,,,
"93,are,30.310,30.530,0.220,0.000,29.200,1.110",,,,,,,,
"94,not,30.530,30.750,0.220,0.000,29.200,1.330",,,,,,,,
"95,screaming,30.750,31.420,0.670,0.000,29.200,1.550",,,,,,,,
"96,The,32.080,32.300,0.220,0.660,32.740,-0.660",,,,,,,,
"97,sound,32.300,33.180,0.880,0.000,32.740,-0.440",,,,,,,,
"98,stops,33.180,33.640,0.460,0.000,32.740,0.440",,,,,,,,
"99,The,33.900,34.580,0.680,0.260,34.820,-0.920",,,,,,,,
"100,night,34.580,34.710,0.130,0.000,34.820,-0.240",,,,,,,,
"101,goes,34.710,35.020,0.310,0.000,34.820,-0.110",,,,,,,,
"102,quiet,35.020,35.480,0.460,0.000,34.820,0.200",,,,,,,,
"103,Your,35.750,36.220,0.470,0.270,36.760,-1.010",,,,,,,,
"104,chest,36.220,36.580,0.360,0.000,36.760,-0.540",,,,,,,,
"105,is,36.580,36.750,0.170,0.000,36.760,-0.180",,,,,,,,
"106,tight,36.750,37.330,0.580,0.000,36.760,-0.010",,,,,,,,
"107,in,37.330,37.400,0.070,0.000,36.760,0.570",,,,,,,,
"108,a,37.400,37.490,0.090,0.000,36.760,0.640",,,,,,,,
"109,way,37.490,37.770,0.280,0.000,36.760,0.730",,,,,,,,
"110,you,37.770,38.050,0.280,0.000,36.760,1.010",,,,,,,,
"111,have,38.050,38.420,0.370,0.000,36.760,1.290",,,,,,,,
"112,no,38.420,38.600,0.180,0.000,36.760,1.660",,,,,,,,
"113,word,38.600,39.140,0.540,0.000,36.760,1.840",,,,,,,,
"114,for,39.140,39.250,0.110,0.000,40.340,-1.200",,,,,,,,
"115,Your,39.520,39.890,0.370,0.270,40.340,-0.820",,,,,,,,
"116,mother,39.890,40.450,0.560,0.000,40.340,-0.450",,,,,,,,
"117,does,40.450,40.930,0.480,0.000,40.340,0.110",,,,,,,,
"118,not,40.930,41.140,0.210,0.000,40.340,0.590",,,,,,,,
"119,look,41.140,41.450,0.310,0.000,40.340,0.800",,,,,,,,
"120,up,41.450,41.600,0.150,0.000,42.340,-0.890",,,,,,,,
"121,She,41.830,42.210,0.380,0.230,42.340,-0.510",,,,,,,,
"122,feeds,42.210,42.550,0.340,0.000,42.340,-0.130",,,,,,,,
"123,the,42.550,42.690,0.140,0.000,42.340,0.210",,,,,,,,
"124,fire,42.690,42.990,0.300,0.000,42.340,0.350",,,,,,,,
"125,another,42.990,43.540,0.550,0.000,42.340,0.650",,,,,,,,
"126,stick,43.540,43.930,0.390,0.000,42.340,1.200",,,,,,,,
"127,without,43.930,44.480,0.550,0.000,42.340,1.590",,,,,,,,
"128,turning,44.480,45.260,0.780,0.000,42.340,2.140",,,,,,,,
"129,her,45.260,45.290,0.030,0.000,42.340,2.920",,,,,,,,
"130,head,45.290,45.570,0.280,0.000,46.460,-1.170",,,,,,,,
"131,That,45.800,46.100,0.300,0.230,46.460,-0.660",,,,,,,,
"132,still,46.100,46.440,0.340,0.000,46.460,-0.360",,,,,,,,
"133,ness,46.440,47.100,0.660,0.000,46.460,-0.020",,,,,,,,
"134,tells,47.100,47.200,0.100,0.000,46.460,0.640",,,,,,,,
"135,you,47.200,47.540,0.340,0.000,46.460,0.740",,,,,,,,
"136,something,47.540,47.780,0.240,0.000,46.460,1.080",,,,,,,,
"137,has,48.660,48.690,0.030,0.880,48.700,-0.040",,,,,,,,
"138,been,48.690,48.740,0.050,0.000,48.700,-0.010",,,,,,,,
"139,listening,48.740,49.180,0.440,0.000,48.700,0.040",,,,,,,,
"140,the,49.180,50.060,0.880,0.000,48.700,0.480",,,,,,,,
"141,whole,50.060,50.120,0.060,0.000,48.700,1.360",,,,,,,,
"142,time,50.120,50.450,0.330,0.000,48.700,1.420",,,,,,,,
"143,You,50.700,50.950,0.250,0.250,51.520,-0.820",,,,,,,,
"144,watch,50.950,51.370,0.420,0.000,51.520,-0.570",,,,,,,,
"145,her,51.370,51.700,0.330,0.000,51.520,-0.150",,,,,,,,
"146,face,51.700,51.960,0.260,0.000,51.520,0.180",,,,,,,,
"147,and,52.110,52.400,0.290,0.150,51.520,0.590",,,,,,,,
"148,you,52.400,52.810,0.410,0.000,53.020,-0.620",,,,,,,,
"149,learn,52.810,53.030,0.220,0.000,53.020,-0.210",,,,,,,,
"150,your,53.030,53.360,0.330,0.000,53.020,0.010",,,,,,,,
"151,first,53.360,53.780,0.420,0.000,53.020,0.340",,,,,,,,
"152,lesson,53.780,54.620,0.840,0.000,53.020,0.760",,,,,,,,
"153,without,54.620,54.840,0.220,0.000,53.020,1.600",,,,,,,,
"154,a,54.890,54.920,0.030,0.050,53.020,1.870",,,,,,,,
"155,word,54.920,55.110,0.190,0.000,53.020,1.900",,,,,,,,
"156,being,55.110,55.330,0.220,0.000,53.020,2.090",,,,,,,,
"157,spoken,55.330,55.470,0.140,0.000,53.020,2.310",,,,,,,,
"158,The,56.190,56.260,0.070,0.720,57.100,-0.910",,,,,,,,
"159,darkness,56.260,56.960,0.700,0.000,57.100,-0.840",,,,,,,,
"160,past,56.960,57.380,0.420,0.000,57.100,-0.140",,,,,,,,
"161,the,57.380,57.630,0.250,0.000,57.100,0.280",,,,,,,,
"162,fire,57.630,58.010,0.380,0.000,57.100,0.530",,,,,,,,
"163,light,58.010,58.410,0.400,0.000,57.100,0.910",,,,,,,,
"164,is,58.410,58.970,0.560,0.000,57.100,1.310",,,,,,,,
"165,not,58.970,59.000,0.030,0.000,57.100,1.870",,,,,,,,
"166,empty,59.000,59.450,0.450,0.000,60.140,-1.140",,,,,,,,
"167,It,59.740,59.930,0.190,0.290,60.140,-0.400",,,,,,,,
"168,has,59.930,60.800,0.870,0.000,60.140,-0.210",,,,,,,,
"169,The,61.090,61.370,0.280,0.290,61.380,-0.290",,,,,,,,
"170,fire,61.370,61.840,0.470,0.000,61.380,-0.010",,,,,,,,
"171,is,61.840,62.020,0.180,0.000,61.380,0.460",,,,,,,,
"172,the,62.020,62.230,0.210,0.000,61.380,0.640",,,,,,,,
"173,line,62.230,62.400,0.170,0.000,61.380,0.850",,,,,,,,
"174,between,62.400,62.900,0.500,0.000,61.380,1.020",,,,,,,,
"175,you,62.900,63.120,0.220,0.000,61.380,1.520",,,,,,,,
"176,and,63.120,63.800,0.680,0.000,63.440,-0.320",,,,,,,,
"177,whatever,63.800,63.950,0.150,0.000,63.440,0.360",,,,,,,,
"178,lives,63.950,64.350,0.400,0.000,63.440,0.510",,,,,,,,
"179,on,64.350,64.440,0.090,0.000,63.440,0.910",,,,,,,,
"180,the,64.440,64.660,0.220,0.000,63.440,1.000",,,,,,,,
"181,other,64.660,65.020,0.360,0.000,63.440,1.220",,,,,,,,
"182,side,65.020,65.310,0.290,0.000,66.440,-1.420",,,,,,,,
"183,of,65.310,65.450,0.140,0.000,66.440,-1.130",,,,,,,,
"184,it,65.450,65.700,0.250,0.000,66.440,-0.990",,,,,,,,
"185,You,65.810,66.010,0.200,0.110,66.440,-0.630",,,,,,,,
"186,fall,66.010,66.550,0.540,0.000,66.440,-0.430",,,,,,,,
"187,asleep,66.550,66.760,0.210,0.000,66.440,0.110",,,,,,,,
"188,against,66.760,67.270,0.510,0.000,66.440,0.320",,,,,,,,
"189,her,67.270,67.490,0.220,0.000,66.440,0.830",,,,,,,,
"190,side,67.490,67.710,0.220,0.000,66.440,1.050",,,,,,,,
"191,one,68.360,68.550,0.190,0.650,68.580,-0.220",,,,,,,,
"192,hand,68.550,69.400,0.850,0.000,68.580,-0.030",,,,,,,,
"193,the,69.400,69.610,0.210,0.000,68.580,0.820",,,,,,,,
"194,warm,69.610,69.890,0.280,0.000,68.580,1.030",,,,,,,,
"195,stones,69.890,70.800,0.910,0.000,68.580,1.310",,,,,,,,
"196,ringing,70.800,70.860,0.060,0.000,68.580,2.220",,,,,,,,
"197,the,70.860,71.080,0.220,0.000,68.580,2.280",,,,,,,,
"198,hear,71.080,71.370,0.290,0.000,72.500,-1.420",,,,,,,,
"199,th,71.370,71.510,0.140,0.000,72.500,-1.130",,,,,,,,
"200,You,71.730,71.950,0.220,0.220,72.500,-0.770",,,,,,,,
"201,dream,71.950,72.310,0.360,0.000,72.500,-0.550",,,,,,,,
"202,about,72.310,72.700,0.390,0.000,72.500,-0.190",,,,,,,,
"203,the,72.700,72.890,0.190,0.000,72.500,0.200",,,,,,,,
"204,sound,72.890,73.260,0.370,0.000,72.500,0.390",,,,,,,,
"205,Morning,73.550,73.980,0.430,0.290,74.120,-0.570",,,,,,,,
"206,comes,73.980,74.340,0.360,0.000,74.120,-0.140",,,,,,,,
"207,bright,74.340,74.700,0.360,0.000,74.120,0.220",,,,,,,,
"208,and,74.700,75.290,0.590,0.000,74.120,0.580",,,,,,,,
"209,cold,75.290,75.360,0.070,0.000,74.120,1.170",,,,,,,,
"210,and,75.520,75.930,0.410,0.160,75.960,-0.440",,,,,,,,
"211,you,75.930,76.400,0.470,0.000,75.960,-0.030",,,,,,,,
"212,run,76.400,76.420,0.020,0.000,75.960,0.440",,,,,,,,
"213,out,76.500,76.620,0.120,0.080,75.960,0.540",,,,,,,,
"214,into,76.620,76.890,0.270,0.000,75.960,0.660",,,,,,,,
"215,the,76.890,76.970,0.080,0.000,75.960,0.930",,,,,,,,
"216,frost,76.970,77.430,0.460,0.000,75.960,1.010",,,,,,,,
"217,like,77.430,77.840,0.410,0.000,75.960,1.470",,,,,,,,
"218,nothing,77.840,78.180,0.340,0.000,79.020,-1.180",,,,,,,,
"219,happened,78.180,78.730,0.550,0.000,79.020,-0.840",,,,,,,,
"220,You,78.970,80.570,1.600,0.240,81.260,-2.290",,,,,,,,
"221,start,80.570,83.050,2.480,0.000,84.160,-3.590",,,,,,,,
"222,watching,83.050,87.120,4.070,0.000,87.820,-4.770",,,,,,,,
"223,the,87.120,88.670,1.550,0.000,87.820,-0.700",,,,,,,,
"224,older,88.670,88.910,0.240,0.000,87.820,0.850",,,,,,,,
"225,hunters,88.910,89.260,0.350,0.000,87.820,1.090",,,,,,,,
"226,differently,89.260,89.620,0.360,0.000,87.820,1.440",,,,,,,,
"227,You,89.710,90.570,0.860,0.090,90.520,-0.810",,,,,,,,
"228,notice,90.570,90.880,0.310,0.000,90.520,0.050",,,,,,,,
"229,where,90.880,91.190,0.310,0.000,90.520,0.360",,,,,,,,
"230,their,91.190,91.390,0.200,0.000,90.520,0.670",,,,,,,,
"231,eyes,91.390,91.540,0.150,0.000,90.520,0.870",,,,,,,,
"232,go,91.540,91.870,0.330,0.000,90.520,1.020",,,,,,,,
"233,when,91.870,92.280,0.410,0.000,90.520,1.350",,,,,,,,
"234,the,92.280,92.310,0.030,0.000,90.520,1.760",,,,,,,,
"235,sun,92.310,92.510,0.200,0.000,90.520,1.790",,,,,,,,
"236,drops,92.510,92.830,0.320,0.000,93.600,-1.090",,,,,,,,
"237,You,93.000,93.190,0.190,0.170,93.600,-0.600",,,,,,,,
"238,notice,93.190,93.570,0.380,0.000,93.600,-0.410",,,,,,,,
"239,how,93.570,93.760,0.190,0.000,93.600,-0.030",,,,,,,,
"240,they,93.760,94.010,0.250,0.000,93.600,0.160",,,,,,,,
"241,arrange,94.010,94.450,0.440,0.000,93.600,0.410",,,,,,,,
"242,themselves,94.450,95.080,0.630,0.000,93.600,0.850",,,,,,,,
"243,around,95.080,95.460,0.380,0.000,93.600,1.480",,,,,,,,
"244,the,95.460,95.650,0.190,0.000,93.600,1.860",,,,,,,,
"245,fire,95.650,95.980,0.330,0.000,93.600,2.050",,,,,,,,
"246,before,95.980,96.840,0.860,0.000,93.600,2.380",,,,,,,,
"247,full,96.840,96.980,0.140,0.000,93.600,3.240",,,,,,,,
"248,dark,96.980,97.350,0.370,0.000,93.600,3.380",,,,,,,,
"249,Nobody,97.490,98.390,0.900,0.140,98.300,-0.810",,,,,,,,
"250,told,98.390,98.560,0.170,0.000,98.300,0.090",,,,,,,,
"251,them,98.560,98.930,0.370,0.000,98.300,0.260",,,,,,,,
"252,to,98.930,99.150,0.220,0.000,98.300,0.630",,,,,,,,
"253,do,99.150,99.290,0.140,0.000,98.300,0.850",,,,,,,,
"254,it,99.290,99.470,0.180,0.000,98.300,0.990",,,,,,,,
"255,They,99.750,100.120,0.370,0.280,100.580,-0.830",,,,,,,,
"256,just,100.120,100.490,0.370,0.000,100.580,-0.460",,,,,,,,
"257,do,100.490,100.740,0.250,0.000,100.580,-0.090",,,,,,,,
"258,The,101.130,101.270,0.140,0.390,100.580,0.550",,,,,,,,
"259,band,101.270,101.600,0.330,0.000,102.100,-0.830",,,,,,,,
"260,has,101.600,101.850,0.250,0.000,102.100,-0.500",,,,,,,,
"261,a,101.850,101.930,0.080,0.000,102.100,-0.250",,,,,,,,
"262,shape,101.930,102.280,0.350,0.000,102.100,-0.170",,,,,,,,
"263,at,102.280,102.910,0.630,0.000,102.100,0.180",,,,,,,,
"264,night,102.910,102.940,0.030,0.000,102.100,0.810",,,,,,,,
"265,it,102.940,103.070,0.130,0.000,102.100,0.840",,,,,,,,
"266,does,103.070,103.400,0.330,0.000,102.100,0.970",,,,,,,,
"267,not,103.400,103.650,0.250,0.000,102.100,1.300",,,,,,,,
"268,have,103.650,103.980,0.330,0.000,102.100,1.550",,,,,,,,
"269,during,103.980,104.480,0.500,0.000,102.100,1.880",,,,,,,,
"270,the,104.480,104.780,0.300,0.000,102.100,2.380",,,,,,,,
"271,day,104.780,104.900,0.120,0.000,102.100,2.680",,,,,,,,
"272,Certain,106.060,106.530,0.470,1.160,106.040,0.020",,,,,,,,
"273,men,106.530,106.610,0.080,0.000,106.040,0.490",,,,,,,,
"274,always,106.610,107.400,0.790,0.000,106.980,-0.370",,,,,,,,
"275,face,107.400,107.610,0.210,0.000,106.980,0.420",,,,,,,,
"276,outward,107.610,108.100,0.490,0.000,106.980,0.630",,,,,,,,
"277,Certain,108.340,108.840,0.500,0.240,108.920,-0.580",,,,,,,,
"278,men,108.840,109.060,0.220,0.000,108.920,-0.080",,,,,,,,
"279,sleep,109.060,109.430,0.370,0.000,108.920,0.140",,,,,,,,
"280,closest,109.430,110.100,0.670,0.000,108.920,0.510",,,,,,,,
"281,to,110.100,110.130,0.030,0.000,108.920,1.180",,,,,,,,
"282,the,110.130,110.320,0.190,0.000,108.920,1.210",,,,,,,,
"283,fire,110.320,110.610,0.290,0.000,108.920,1.400",,,,,,,,
"284,'s,110.610,110.750,0.140,0.000,108.920,1.690",,,,,,,,
"285,edge,110.750,111.040,0.290,0.000,108.920,1.830",,,,,,,,
"286,The,111.940,112.540,0.600,0.900,112.440,-0.500",,,,,,,,
"287,arrangement,112.540,112.980,0.440,0.000,112.440,0.100",,,,,,,,
"288,is,112.980,113.240,0.260,0.000,112.440,0.540",,,,,,,,
"289,not,113.240,113.540,0.300,0.000,112.440,0.800",,,,,,,,
"290,accidental,113.540,114.240,0.700,0.000,115.040,-1.500",,,,,,,,
"291,It,114.420,114.590,0.170,0.180,115.040,-0.620",,,,,,,,
"292,is,114.590,114.870,0.280,0.000,115.040,-0.450",,,,,,,,
"293,as,114.870,114.960,0.090,0.000,115.040,-0.170",,,,,,,,
"294,deliberate,114.960,115.570,0.610,0.000,115.040,-0.080",,,,,,,,
"295,as,115.570,115.710,0.140,0.000,115.040,0.530",,,,,,,,
"296,any,115.710,115.910,0.200,0.000,115.040,0.670",,,,,,,,
"297,trap,115.910,116.200,0.290,0.000,115.040,0.870",,,,,,,,
"298,your,116.200,116.580,0.380,0.000,115.040,1.160",,,,,,,,
"299,father,116.580,116.900,0.320,0.000,115.040,1.540",,,,,,,,
"300,sets,116.900,117.160,0.260,0.000,115.040,1.860",,,,,,,,
"301,in,117.160,117.270,0.110,0.000,115.040,2.120",,,,,,,,
"302,the,117.270,117.690,0.420,0.000,115.040,2.230",,,,,,,,
"303,river,117.690,117.880,0.190,0.000,115.040,2.650",,,,,,,,
"304,shall,117.880,118.230,0.350,0.000,115.040,2.840",,,,,,,,
"305,ows,118.230,118.440,0.210,0.000,115.040,3.190",,,,,,,,
"306,You,118.730,119.780,1.050,0.290,119.680,-0.950",,,,,,,,
"307,are,119.780,119.920,0.140,0.000,119.680,0.100",,,,,,,,
"308,not,119.920,120.130,0.210,0.000,119.680,0.240",,,,,,,,
"309,old,120.130,120.540,0.410,0.000,119.680,0.450",,,,,,,,
"310,enough,120.540,120.620,0.080,0.000,119.680,0.860",,,,,,,,
"311,to,120.620,120.820,0.200,0.000,119.680,0.940",,,,,,,,
"312,hold,120.820,121.070,0.250,0.000,119.680,1.140",,,,,,,,
"313,a,121.070,121.130,0.060,0.000,119.680,1.390",,,,,,,,
"314,position,121.130,121.340,0.210,0.000,119.680,1.450",,,,,,,,
"315,in,121.340,121.750,0.410,0.000,119.680,1.660",,,,,,,,
"316,that,121.750,122.220,0.470,0.000,123.200,-1.450",,,,,,,,
"317,shape,122.220,122.350,0.130,0.000,123.200,-0.980",,,,,,,,
"318,But,122.500,122.690,0.190,0.150,123.200,-0.700",,,,,,,,
"319,you,122.690,122.880,0.190,0.000,123.200,-0.510",,,,,,,,
"320,are,122.880,123.070,0.190,0.000,123.200,-0.320",,,,,,,,
"321,old,123.070,123.260,0.190,0.000,123.200,-0.130",,,,,,,,
"322,enough,123.260,123.640,0.380,0.000,123.200,0.060",,,,,,,,
"323,to,123.640,123.860,0.220,0.000,123.200,0.440",,,,,,,,
"324,start,123.860,124.120,0.260,0.000,123.200,0.660",,,,,,,,
"325,learning,124.120,124.550,0.430,0.000,123.200,0.920",,,,,,,,
"326,what,124.550,124.940,0.390,0.000,123.200,1.350",,,,,,,,
"327,it,124.940,124.970,0.030,0.000,123.200,1.740",,,,,,,,
"328,means,124.970,125.250,0.280,0.000,123.200,1.770",,,,,,,,
"329,Level,125.540,126.120,0.580,0.290,125.900,-0.360",,,,,,,,
"330,two,126.120,126.340,0.220,0.000,125.900,0.220",,,,,,,,
"331,The,126.780,127.900,1.120,0.440,127.820,-1.040",,,,,,,,
"332,boy,127.900,128.210,0.310,0.000,127.820,0.080",,,,,,,,
"333,who,128.210,128.380,0.170,0.000,127.820,0.390",,,,,,,,
"334,carries,128.380,128.720,0.340,0.000,127.820,0.560",,,,,,,,
"335,fire,128.800,129.010,0.210,0.080,127.820,0.980",,,,,,,,
"336,you,129.150,129.240,0.090,0.140,127.820,1.330",,,,,,,,
"337,are,129.240,129.790,0.550,0.000,127.820,1.420",,,,,,,,
"338,11,129.790,130.140,0.350,0.000,127.820,1.970",,,,,,,,
"339,On,130.280,130.480,0.200,0.140,131.540,-1.260",,,,,,,,
"340,nights,130.480,131.080,0.600,0.000,131.540,-1.060",,,,,,,,
"341,when,131.080,131.480,0.400,0.000,131.540,-0.460",,,,,,,,
"342,the,131.480,131.780,0.300,0.000,131.540,-0.060",,,,,,,,
"343,band,131.780,132.180,0.400,0.000,131.540,0.240",,,,,,,,
"344,moves,132.180,132.870,0.690,0.000,131.540,0.640",,,,,,,,
"345,between,132.870,133.390,0.520,0.000,131.540,1.330",,,,,,,,
"346,camps,133.390,133.890,0.500,0.000,134.240,-0.850",,,,,,,,
"347,your,134.030,134.680,0.650,0.140,134.240,-0.210",,,,,,,,
"348,job,134.680,134.790,0.110,0.000,134.240,0.440",,,,,,,,
"349,is,134.790,135.020,0.230,0.000,134.240,0.550",,,,,,,,
"350,to,135.020,135.250,0.230,0.000,134.240,0.780",,,,,,,,
"351,carry,135.250,135.720,0.470,0.000,134.240,1.010",,,,,,,,
"352,one,135.720,135.990,0.270,0.000,134.240,1.480",,,,,,,,
"353,of,135.990,136.280,0.290,0.000,134.240,1.750",,,,,,,,
"354,bir,136.280,136.500,0.220,0.000,136.720,-0.440",,,,,,,,
"355,ch,136.500,136.640,0.140,0.000,136.720,-0.220",,,,,,,,
"356,bark,136.640,136.790,0.150,0.000,136.720,-0.080",,,,,,,,
"357,and,136.790,136.950,0.160,0.000,136.720,0.070",,,,,,,,
"358,fat,136.950,137.370,0.420,0.000,136.720,0.230",,,,,,,,
"359,so,137.460,137.700,0.240,0.090,136.720,0.740",,,,,,,,
"360,aked,137.700,137.910,0.210,0.000,136.720,0.980",,,,,,,,
"361,moss,137.910,138.230,0.320,0.000,136.720,1.190",,,,,,,,
"362,bound,138.300,138.670,0.370,0.070,136.720,1.580",,,,,,,,
"363,with,138.670,138.960,0.290,0.000,139.060,-0.390",,,,,,,,
"364,sine,138.960,139.320,0.360,0.000,139.060,-0.100",,,,,,,,
"365,held,139.580,139.750,0.170,0.260,139.060,0.520",,,,,,,,
"366,in,139.750,139.890,0.140,0.000,139.060,0.690",,,,,,,,
"367,both,139.890,140.430,0.540,0.000,140.340,-0.450",,,,,,,,
"368,hands,140.430,140.560,0.130,0.000,140.340,0.090",,,,,,,,
"369,out,140.560,140.850,0.290,0.000,140.340,0.220",,,,,,,,
"370,in,140.850,140.930,0.080,0.000,140.340,0.510",,,,,,,,
"371,front,140.930,141.300,0.370,0.000,140.340,0.590",,,,,,,,
"372,of,141.300,141.450,0.150,0.000,140.340,0.960",,,,,,,,
"373,your,141.450,141.800,0.350,0.000,140.340,1.110",,,,,,,,
"374,body,141.800,142.240,0.440,0.000,140.340,1.460",,,,,,,,
"375,The,142.420,143.360,0.940,0.180,143.260,-0.840",,,,,,,,
"376,flame,143.360,143.720,0.360,0.000,143.260,0.100",,,,,,,,
"377,bends,143.720,144.010,0.290,0.000,143.260,0.460",,,,,,,,
"378,in,144.010,144.120,0.110,0.000,143.260,0.750",,,,,,,,
"379,the,144.120,144.280,0.160,0.000,143.260,0.860",,,,,,,,
"380,wind,144.280,144.360,0.080,0.000,143.260,1.020",,,,,,,,
"381,and,144.360,144.690,0.330,0.000,143.260,1.100",,,,,,,,
"382,you,144.690,145.120,0.430,0.000,143.260,1.430",,,,,,,,
"383,curve,145.120,145.150,0.030,0.000,143.260,1.860",,,,,,,,
"384,yourself,145.150,145.670,0.520,0.000,143.260,1.890",,,,,,,,
"385,around,145.670,145.970,0.300,0.000,143.260,2.410",,,,,,,,
"386,it,145.970,146.080,0.110,0.000,143.260,2.710",,,,,,,,
"387,using,146.190,146.480,0.290,0.110,146.620,-0.430",,,,,,,,
"388,your,146.480,146.760,0.280,0.000,146.620,-0.140",,,,,,,,
"389,chest,146.760,147.020,0.260,0.000,146.620,0.140",,,,,,,,
"390,against,147.020,147.490,0.470,0.000,146.620,0.400",,,,,,,,
"391,the,147.490,147.810,0.320,0.000,146.620,0.870",,,,,,,,
"392,cold,147.810,147.870,0.060,0.000,146.620,1.190",,,,,,,,
"393,air,147.870,147.980,0.110,0.000,146.620,1.250",,,,,,,,
"394,The,148.290,148.860,0.570,0.310,149.800,-1.510",,,,,,,,
"395,hunters,148.860,150.250,1.390,0.000,149.800,-0.940",,,,,,,,
"396,move,150.250,150.520,0.270,0.000,149.800,0.450",,,,,,,,
"397,ahead,150.520,150.860,0.340,0.000,149.800,0.720",,,,,,,,
"398,You,151.050,151.250,0.200,0.190,151.460,-0.410",,,,,,,,
"399,stay,151.250,151.530,0.280,0.000,151.460,-0.210",,,,,,,,
"400,in,151.530,151.860,0.330,0.000,151.460,0.070",,,,,,,,
"401,the,151.860,151.940,0.080,0.000,151.460,0.400",,,,,,,,
"402,center,151.940,152.260,0.320,0.000,151.460,0.480",,,,,,,,
"403,column,152.260,152.690,0.430,0.000,151.460,0.800",,,,,,,,
"404,with,152.690,152.930,0.240,0.000,151.460,1.230",,,,,,,,
"405,the,152.930,153.130,0.200,0.000,151.460,1.470",,,,,,,,
"406,women,153.130,153.560,0.430,0.000,151.460,1.670",,,,,,,,
"407,and,153.560,153.670,0.110,0.000,151.460,2.100",,,,,,,,
"408,older,153.670,154.010,0.340,0.000,151.460,2.210",,,,,,,,
"409,children,154.010,154.670,0.660,0.000,155.000,-0.990",,,,,,,,
"410,Behind,154.750,155.150,0.400,0.080,155.000,-0.250",,,,,,,,
"411,you,155.150,155.350,0.200,0.000,155.000,0.150",,,,,,,,
"412,two,155.560,155.830,0.270,0.210,156.100,-0.540",,,,,,,,
"413,of,155.830,156.040,0.210,0.000,156.100,-0.270",,,,,,,,
"414,the,156.040,156.480,0.440,0.000,156.100,-0.060",,,,,,,,
"415,most,156.480,156.700,0.220,0.000,156.100,0.380",,,,,,,,
"416,experienced,156.780,157.220,0.440,0.080,156.100,0.680",,,,,,,,
"417,men,157.220,158.070,0.850,0.000,156.100,1.120",,,,,,,,
"418,walk,158.070,158.120,0.050,0.000,156.100,1.970",,,,,,,,
"419,the,158.120,158.330,0.210,0.000,156.100,2.020",,,,,,,,
"420,rear,158.330,158.650,0.320,0.000,156.100,2.230",,,,,,,,
"421,with,158.650,158.900,0.250,0.000,156.100,2.550",,,,,,,,
"422,thr,158.900,159.130,0.230,0.000,156.100,2.800",,,,,,,,
"423,usting,159.130,159.590,0.460,0.000,156.100,3.030",,,,,,,,
"424,spe,159.590,159.820,0.230,0.000,156.100,3.490",,,,,,,,
"425,ars,159.820,160.050,0.230,0.000,156.100,3.720",,,,,,,,
"426,angled,160.050,160.850,0.800,0.000,156.100,3.950",,,,,,,,
"427,outward,160.850,161.040,0.190,0.000,156.100,4.750",,,,,,,,
"428,into,161.040,161.340,0.300,0.000,156.100,4.940",,,,,,,,
"429,the,161.340,161.570,0.230,0.000,156.100,5.240",,,,,,,,
"430,dark,161.570,161.870,0.300,0.000,162.480,-0.910",,,,,,,,
"431,They,162.390,162.400,0.010,0.520,162.480,-0.090",,,,,,,,
"432,do,162.400,162.660,0.260,0.000,162.480,-0.080",,,,,,,,
"433,not,162.660,162.780,0.120,0.000,162.480,0.180",,,,,,,,
"434,speak,162.780,163.260,0.480,0.000,162.480,0.300",,,,,,,,
"435,on,163.260,163.440,0.180,0.000,162.480,0.780",,,,,,,,
"436,night,163.440,163.830,0.390,0.000,162.480,0.960",,,,,,,,
"437,march,163.830,163.960,0.130,0.000,162.480,1.350",,,,,,,,
"438,es,163.960,164.370,0.410,0.000,164.680,-0.720",,,,,,,,
"439,Their,164.850,164.990,0.140,0.480,164.680,0.170",,,,,,,,
"440,silence,164.990,165.530,0.540,0.000,164.680,0.310",,,,,,,,
"441,is,165.530,165.680,0.150,0.000,164.680,0.850",,,,,,,,
"442,a,165.680,165.750,0.070,0.000,164.680,1.000",,,,,,,,
"443,tool,165.750,166.060,0.310,0.000,166.240,-0.490",,,,,,,,
"444,same,166.210,166.520,0.310,0.150,166.240,-0.030",,,,,,,,
"445,as,166.520,166.740,0.220,0.000,166.240,0.280",,,,,,,,
"446,the,166.740,166.900,0.160,0.000,166.240,0.500",,,,,,,,
"447,spear,166.900,167.310,0.410,0.000,168.320,-1.420",,,,,,,,
"448,You,167.590,167.750,0.160,0.280,168.320,-0.730",,,,,,,,
"449,drop,167.750,168.060,0.310,0.000,168.320,-0.570",,,,,,,,
"450,the,168.060,168.290,0.230,0.000,168.320,-0.260",,,,,,,,
"451,torch,168.290,168.680,0.390,0.000,168.320,-0.030",,,,,,,,
"452,on,168.680,168.820,0.140,0.000,168.320,0.360",,,,,,,,
"453,the,168.820,169.400,0.580,0.000,168.320,0.500",,,,,,,,
"454,third,169.400,169.450,0.050,0.000,168.320,1.080",,,,,,,,
"455,night,169.450,169.970,0.520,0.000,168.320,1.130",,,,,,,,
"456,of,169.970,170.060,0.090,0.000,168.320,1.650",,,,,,,,
"457,your,170.060,170.320,0.260,0.000,168.320,1.740",,,,,,,,
"458,second,170.320,170.560,0.240,0.000,168.320,2.000",,,,,,,,
"459,season,170.560,171.470,0.910,0.000,172.180,-1.620",,,,,,,,
"460,carrying,171.470,171.690,0.220,0.000,172.180,-0.710",,,,,,,,
"461,it,171.690,171.780,0.090,0.000,172.180,-0.490",,,,,,,,
"462,You,172.010,172.180,0.170,0.230,172.180,-0.170",,,,,,,,
"463,catch,172.180,172.510,0.330,0.000,172.180,0.000",,,,,,,,
"464,a,172.510,172.600,0.090,0.000,172.180,0.330",,,,,,,,
"465,route,172.600,172.900,0.300,0.000,172.180,0.420",,,,,,,,
"466,you,172.900,173.100,0.200,0.000,172.180,0.720",,,,,,,,
"467,did,173.100,173.360,0.260,0.000,172.180,0.920",,,,,,,,
"468,not,173.360,173.500,0.140,0.000,172.180,1.180",,,,,,,,
"469,see,173.500,173.670,0.170,0.000,172.180,1.320",,,,,,,,
"470,and,173.790,174.210,0.420,0.120,174.240,-0.450",,,,,,,,
"471,the,174.210,174.230,0.020,0.000,174.240,-0.030",,,,,,,,
"472,flame,174.230,174.630,0.400,0.000,174.240,-0.010",,,,,,,,
"473,hits,174.630,174.820,0.190,0.000,174.240,0.390",,,,,,,,
"474,the,174.820,175.020,0.200,0.000,174.240,0.580",,,,,,,,
"475,ground,175.020,175.360,0.340,0.000,174.240,0.780",,,,,,,,
"476,and,175.360,175.680,0.320,0.000,174.240,1.120",,,,,,,,
"477,sp,175.680,175.810,0.130,0.000,174.240,1.440",,,,,,,,
"478,ut,175.810,175.940,0.130,0.000,174.240,1.570",,,,,,,,
"479,ters,175.940,176.200,0.260,0.000,174.240,1.700",,,,,,,,
"480,and,176.280,176.350,0.070,0.080,174.240,2.040",,,,,,,,
"481,for,176.350,177.080,0.730,0.000,174.240,2.110",,,,,,,,
"482,three,177.080,177.100,0.020,0.000,174.240,2.840",,,,,,,,
"483,full,177.100,177.350,0.250,0.000,174.240,2.860",,,,,,,,
"484,heart,177.350,177.690,0.340,0.000,174.240,3.110",,,,,,,,
"485,be,177.690,177.850,0.160,0.000,174.240,3.450",,,,,,,,
"486,ats,177.850,178.040,0.190,0.000,174.240,3.610",,,,,,,,
"487,the,178.040,178.220,0.180,0.000,174.240,3.800",,,,,,,,
"488,column,178.220,178.720,0.500,0.000,174.240,3.980",,,,,,,,
"489,loses,178.720,178.980,0.260,0.000,174.240,4.480",,,,,,,,
"490,half,178.980,179.230,0.250,0.000,174.240,4.740",,,,,,,,
"491,its,179.230,179.770,0.540,0.000,180.380,-1.150",,,,,,,,
"492,light,179.770,179.830,0.060,0.000,180.380,-0.610",,,,,,,,
"493,Nobody,179.970,180.370,0.400,0.140,180.380,-0.410",,,,,,,,
"494,sh,180.370,180.500,0.130,0.000,180.380,-0.010",,,,,,,,
"495,outs,180.500,180.770,0.270,0.000,180.380,0.120",,,,,,,,
"496,But,181.640,182.380,0.740,0.870,182.280,-0.640",,,,,,,,
"497,Der,182.380,182.680,0.300,0.000,182.280,0.100",,,,,,,,
"498,ret,182.680,182.700,0.020,0.000,182.280,0.400",,,,,,,,
"499,the,182.900,183.010,0.110,0.200,183.180,-0.280",,,,,,,,
"500,rear,183.010,183.270,0.260,0.000,183.180,-0.170",,,,,,,,
"501,guard,183.270,183.590,0.320,0.000,183.180,0.090",,,,,,,,
"502,moves,183.720,184.170,0.450,0.130,184.160,-0.440",,,,,,,,
"503,up,184.170,184.240,0.070,0.000,184.160,0.010",,,,,,,,
"504,beside,184.240,184.560,0.320,0.000,184.160,0.080",,,,,,,,
"505,you,184.560,184.770,0.210,0.000,184.160,0.400",,,,,,,,
"506,and,184.770,184.940,0.170,0.000,184.160,0.610",,,,,,,,
"507,puts,184.940,185.190,0.250,0.000,184.160,0.780",,,,,,,,
"508,his,185.190,185.390,0.200,0.000,184.160,1.030",,,,,,,,
"509,hand,185.390,185.650,0.260,0.000,184.160,1.230",,,,,,,,
"510,flat,185.650,185.910,0.260,0.000,184.160,1.490",,,,,,,,
"511,on,185.910,186.120,0.210,0.000,184.160,1.750",,,,,,,,
"512,your,186.120,186.300,0.180,0.000,184.160,1.960",,,,,,,,
"513,shoulder,186.300,186.970,0.670,0.000,184.160,2.140",,,,,,,,
"514,Not,187.060,187.670,0.610,0.090,188.420,-1.360",,,,,,,,
"515,hard,187.670,188.780,1.110,0.000,188.420,-0.750",,,,,,,,
"516,not,188.940,189.250,0.310,0.160,189.560,-0.620",,,,,,,,
"517,gentle,189.250,189.880,0.630,0.000,189.560,-0.310",,,,,,,,
"518,just,190.560,190.640,0.080,0.680,190.920,-0.360",,,,,,,,
"519,there,190.640,190.810,0.170,0.000,190.920,-0.280",,,,,,,,
"520,He,191.040,191.110,0.070,0.230,190.920,0.120",,,,,,,,
"521,holds,191.110,191.580,0.470,0.000,192.740,-1.630",,,,,,,,
"522,it,191.580,191.970,0.390,0.000,192.740,-1.160",,,,,,,,
"523,until,191.970,192.140,0.170,0.000,192.740,-0.770",,,,,,,,
"524,you,192.140,192.380,0.240,0.000,192.740,-0.600",,,,,,,,
"525,have,192.380,192.730,0.350,0.000,192.740,-0.360",,,,,,,,
"526,the,192.730,192.930,0.200,0.000,192.740,-0.010",,,,,,,,
"527,torch,192.930,193.330,0.400,0.000,192.740,0.190",,,,,,,,
"528,burning,193.330,193.880,0.550,0.000,192.740,0.590",,,,,,,,
"529,again,193.880,194.300,0.420,0.000,192.740,1.140",,,,,,,,
"530,from,194.300,194.710,0.410,0.000,192.740,1.560",,,,,,,,
"531,the,194.710,194.830,0.120,0.000,192.740,1.970",,,,,,,,
"532,second,194.830,195.300,0.470,0.000,192.740,2.090",,,,,,,,
"533,carrier,195.300,195.850,0.550,0.000,192.740,2.560",,,,,,,,
"534,'s,195.850,196.160,0.310,0.000,192.740,3.110",,,,,,,,
"535,als,196.160,196.520,0.360,0.000,192.740,3.420",,,,,,,,
"536,Then,197.160,197.240,0.080,0.640,197.220,-0.060",,,,,,,,
"537,he,197.240,197.250,0.010,0.000,197.220,0.020",,,,,,,,
"538,walks,197.250,197.660,0.410,0.000,197.220,0.030",,,,,,,,
"539,back,197.660,197.790,0.130,0.000,197.220,0.440",,,,,,,,
"540,to,197.790,198.190,0.400,0.000,197.220,0.570",,,,,,,,
"541,his,198.190,198.580,0.390,0.000,197.220,0.970",,,,,,,,
"542,post,198.580,198.790,0.210,0.000,197.220,1.360",,,,,,,,
"543,without,198.790,199.390,0.600,0.000,197.220,1.570",,,,,,,,
"544,a,199.390,199.470,0.080,0.000,200.860,-1.470",,,,,,,,
"545,word,199.470,199.810,0.340,0.000,200.860,-1.390",,,,,,,,
"546,The,200.070,200.330,0.260,0.260,200.860,-0.790",,,,,,,,
"547,lesson,200.330,200.930,0.600,0.000,200.860,-0.530",,,,,,,,
"548,in,200.930,201.310,0.380,0.000,200.860,0.070",,,,,,,,
"549,that,201.310,201.360,0.050,0.000,200.860,0.450",,,,,,,,
"550,touch,201.360,201.790,0.430,0.000,200.860,0.500",,,,,,,,
"551,your,202.030,202.360,0.330,0.240,202.520,-0.490",,,,,,,,
"552,mistake,202.360,203.120,0.760,0.000,202.520,-0.160",,,,,,,,
"553,put,203.120,203.300,0.180,0.000,202.520,0.600",,,,,,,,
"554,people,203.300,203.690,0.390,0.000,202.520,0.780",,,,,,,,
"555,in,203.690,203.780,0.090,0.000,202.520,1.170",,,,,,,,
"556,danger,203.780,204.210,0.430,0.000,205.080,-1.300",,,,,,,,
"557,You,204.300,204.440,0.140,0.090,205.080,-0.780",,,,,,,,
"558,are,204.440,204.830,0.390,0.000,205.080,-0.640",,,,,,,,
"559,not,204.830,205.200,0.370,0.000,205.080,-0.250",,,,,,,,
"560,punished,205.200,205.620,0.420,0.000,205.080,0.120",,,,,,,,
"561,for,205.620,205.830,0.210,0.000,205.080,0.540",,,,,,,,
"562,it,205.830,205.970,0.140,0.000,205.080,0.750",,,,,,,,
"563,You,206.180,206.390,0.210,0.210,205.080,1.100",,,,,,,,
"564,are,206.390,206.600,0.210,0.000,207.300,-0.910",,,,,,,,
"565,expected,206.600,207.170,0.570,0.000,207.300,-0.700",,,,,,,,
"566,to,207.170,207.310,0.140,0.000,207.300,-0.130",,,,,,,,
"567,understand,207.310,208.030,0.720,0.000,207.300,0.010",,,,,,,,
"568,that,208.030,208.350,0.320,0.000,207.300,0.730",,,,,,,,
"569,on,208.350,208.450,0.100,0.000,207.300,1.050",,,,,,,,
"570,your,208.450,208.730,0.280,0.000,207.300,1.150",,,,,,,,
"571,own,208.730,208.940,0.210,0.000,207.300,1.430",,,,,,,,
"572,You,209.300,209.740,0.440,0.360,210.040,-0.740",,,,,,,,
"573,do,209.740,209.840,0.100,0.000,210.040,-0.300",,,,,,,,
"574,not,209.840,210.190,0.350,0.000,210.040,-0.200",,,,,,,,
"575,drop,210.190,210.780,0.590,0.000,210.040,0.150",,,,,,,,
"576,a,210.780,210.800,0.020,0.000,210.040,0.740",,,,,,,,
"577,torch,210.880,211.140,0.260,0.080,210.040,0.840",,,,,,,,
"578,again,211.140,211.490,0.350,0.000,212.160,-1.020",,,,,,,,
"579,Those,211.520,212.200,0.680,0.030,212.160,-0.640",,,,,,,,
"580,long,212.200,212.330,0.130,0.000,212.160,0.040",,,,,,,,
"581,column,212.330,212.750,0.420,0.000,212.160,0.170",,,,,,,,
"582,walks,212.750,213.040,0.290,0.000,212.160,0.590",,,,,,,,
"583,teach,213.040,213.380,0.340,0.000,212.160,0.880",,,,,,,,
"584,you,213.380,213.580,0.200,0.000,212.160,1.220",,,,,,,,
"585,how,213.580,213.840,0.260,0.000,212.160,1.420",,,,,,,,
"586,to,213.840,213.910,0.070,0.000,212.160,1.680",,,,,,,,
"587,read,213.910,214.180,0.270,0.000,212.160,1.750",,,,,,,,
"588,the,214.180,214.370,0.190,0.000,212.160,2.020",,,,,,,,
"589,night,214.370,214.610,0.240,0.000,212.160,2.210",,,,,,,,
"590,by,214.610,214.950,0.340,0.000,212.160,2.450",,,,,,,,
"591,its,214.950,215.050,0.100,0.000,212.160,2.790",,,,,,,,
"592,sounds,215.050,215.460,0.410,0.000,212.160,2.890",,,,,,,,
"593,An,215.810,216.020,0.210,0.350,216.540,-0.730",,,,,,,,
"594,owl,216.020,216.330,0.310,0.000,216.540,-0.520",,,,,,,,
"595,is,216.330,216.760,0.430,0.000,216.540,-0.210",,,,,,,,
"596,neutral,216.760,217.300,0.540,0.000,216.540,0.220",,,,,,,,
"597,Every,218.240,218.320,0.080,0.940,218.240,0.000",,,,,,,,
"598,animal,218.320,218.420,0.100,0.000,218.240,0.080",,,,,,,,
"599,going,218.420,218.730,0.310,0.000,218.240,0.180",,,,,,,,
"600,silent,218.730,219.170,0.440,0.000,218.240,0.490",,,,,,,,
"601,at,219.170,219.600,0.430,0.000,218.240,0.930",,,,,,,,
"602,once,219.600,219.650,0.050,0.000,218.240,1.360",,,,,,,,
"603,is,219.650,219.770,0.120,0.000,218.240,1.410",,,,,,,,
"604,not,219.770,219.950,0.180,0.000,218.240,1.530",,,,,,,,
"605,Wind,220.190,220.430,0.240,0.240,221.080,-0.890",,,,,,,,
"606,through,220.430,220.910,0.480,0.000,221.080,-0.650",,,,,,,,
"607,pine,220.910,221.280,0.370,0.000,221.080,-0.170",,,,,,,,
"608,moves,221.280,221.540,0.260,0.000,221.080,0.200",,,,,,,,
"609,without,221.540,221.970,0.430,0.000,221.080,0.460",,,,,,,,
"610,any,221.970,222.390,0.420,0.000,221.080,0.890",,,,,,,,
"611,pattern,222.390,222.810,0.420,0.000,221.080,1.310",,,,,,,,
"612,Something,222.980,224.000,1.020,0.170,223.700,-0.720",,,,,,,,
"613,large,224.000,224.330,0.330,0.000,223.700,0.300",,,,,,,,
"614,moving,224.330,224.720,0.390,0.000,223.700,0.630",,,,,,,,
"615,through,224.720,225.400,0.680,0.000,223.700,1.020",,,,,,,,
"616,pine,225.400,225.450,0.050,0.000,223.700,1.700",,,,,,,,
"617,has,225.450,225.650,0.200,0.000,223.700,1.750",,,,,,,,
"618,a,225.650,225.710,0.060,0.000,223.700,1.950",,,,,,,,
"619,rhythm,225.710,226.110,0.400,0.000,223.700,2.010",,,,,,,,
"620,even,226.110,226.370,0.260,0.000,223.700,2.410",,,,,,,,
"621,when,226.370,226.630,0.260,0.000,223.700,2.670",,,,,,,,
"622,it,226.630,226.760,0.130,0.000,223.700,2.930",,,,,,,,
"623,is,226.760,226.890,0.130,0.000,223.700,3.060",,,,,,,,
"624,trying,226.890,227.300,0.410,0.000,223.700,3.190",,,,,,,,
"625,to,227.300,227.420,0.120,0.000,223.700,3.600",,,,,,,,
"626,suppress,227.420,228.150,0.730,0.000,228.580,-1.160",,,,,,,,
"627,You,228.350,228.570,0.220,0.200,228.580,-0.230",,,,,,,,
"628,learn,228.570,228.880,0.310,0.000,228.580,-0.010",,,,,,,,
"629,to,228.880,228.980,0.100,0.000,228.580,0.300",,,,,,,,
"630,feel,228.980,229.310,0.330,0.000,228.580,0.400",,,,,,,,
"631,the,229.310,229.540,0.230,0.000,228.580,0.730",,,,,,,,
"632,column,229.540,229.990,0.450,0.000,228.580,0.960",,,,,,,,
"633,change,229.990,230.890,0.900,0.000,228.580,1.410",,,,,,,,
"634,before,230.890,230.960,0.070,0.000,228.580,2.310",,,,,,,,
"635,you,230.960,231.110,0.150,0.000,228.580,2.380",,,,,,,,
"636,see,231.110,231.330,0.220,0.000,228.580,2.530",,,,,,,,
"637,it,231.330,231.490,0.160,0.000,232.200,-0.870",,,,,,,,
"638,change,231.490,231.930,0.440,0.000,232.200,-0.710",,,,,,,,
"639,When,232.150,232.450,0.300,0.220,232.200,-0.050",,,,,,,,
"640,the,232.450,232.670,0.220,0.000,232.200,0.250",,,,,,,,
"641,lead,232.670,232.970,0.300,0.000,232.200,0.470",,,,,,,,
"642,hunter,232.970,233.690,0.720,0.000,233.900,-0.930",,,,,,,,
"643,slows,233.690,233.790,0.100,0.000,233.900,-0.210",,,,,,,,
"644,every,233.940,234.310,0.370,0.150,233.900,0.040",,,,,,,,
"645,person,234.310,234.750,0.440,0.000,233.900,0.410",,,,,,,,
"646,slows,234.750,235.130,0.380,0.000,235.600,-0.850",,,,,,,,
"647,signal,235.500,235.950,0.450,0.370,235.600,-0.100",,,,,,,,
"648,no,236.280,236.350,0.070,0.330,236.560,-0.280",,,,,,,,
"649,sound,236.350,236.730,0.380,0.000,236.560,-0.210",,,,,,,,
"650,The,236.930,237.590,0.660,0.200,238.400,-1.470",,,,,,,,
"651,shift,237.590,237.620,0.030,0.000,238.400,-0.810",,,,,,,,
"652,moves,237.620,237.980,0.360,0.000,238.400,-0.780",,,,,,,,
"653,back,237.980,238.290,0.310,0.000,238.400,-0.420",,,,,,,,
"654,through,238.290,238.840,0.550,0.000,238.400,-0.110",,,,,,,,
"655,the,238.840,239.070,0.230,0.000,238.400,0.440",,,,,,,,
"656,group,239.070,239.500,0.430,0.000,238.400,0.670",,,,,,,,
"657,the,239.500,239.690,0.190,0.000,238.400,1.100",,,,,,,,
"658,way,239.690,239.940,0.250,0.000,238.400,1.290",,,,,,,,
"659,cold,239.940,240.350,0.410,0.000,238.400,1.540",,,,,,,,
"660,moves,240.350,240.620,0.270,0.000,238.400,1.950",,,,,,,,
"661,through,240.620,241.170,0.550,0.000,238.400,2.220",,,,,,,,
"662,water,241.170,241.500,0.330,0.000,238.400,2.770",,,,,,,,
"663,You,242.160,242.410,0.250,0.660,242.920,-0.760",,,,,,,,
"664,sleep,242.410,243.300,0.890,0.000,242.920,-0.510",,,,,,,,
"665,lightly,243.300,243.630,0.330,0.000,242.920,0.380",,,,,,,,
"666,now,243.630,243.970,0.340,0.000,242.920,0.710",,,,,,,,
"667,even,243.980,244.300,0.320,0.010,242.920,1.060",,,,,,,,
"668,at,244.300,244.460,0.160,0.000,242.920,1.380",,,,,,,,
"669,camp,244.460,244.590,0.130,0.000,242.920,1.540",,,,,,,,
"670,You,245.020,245.390,0.370,0.430,245.820,-0.800",,,,,,,,
"671,did,245.390,245.530,0.140,0.000,245.820,-0.430",,,,,,,,
"672,not,245.530,245.740,0.210,0.000,245.820,-0.290",,,,,,,,
"673,decide,245.740,246.230,0.490,0.000,245.820,-0.080",,,,,,,,
"674,to,246.230,246.390,0.160,0.000,245.820,0.410",,,,,,,,
"675,Your,246.630,247.020,0.390,0.240,247.680,-1.050",,,,,,,,
"676,body,247.020,247.280,0.260,0.000,247.680,-0.660",,,,,,,,
"677,made,247.280,247.590,0.310,0.000,247.680,-0.400",,,,,,,,
"678,that,247.590,248.130,0.540,0.000,247.680,-0.090",,,,,,,,
"679,choice,248.130,248.400,0.270,0.000,247.680,0.450",,,,,,,,
"680,without,248.400,248.960,0.560,0.000,247.680,0.720",,,,,,,,
"681,asking,248.960,249.500,0.540,0.000,247.680,1.280",,,,,,,,
"682,Level,251.560,251.640,0.080,2.060,251.800,-0.240",,,,,,,,
"683,three,251.640,252.000,0.360,0.000,251.800,-0.160",,,,,,,,
"684,the,252.110,252.960,0.850,0.110,252.980,-0.870",,,,,,,,
"685,scout,252.960,253.110,0.150,0.000,252.980,-0.020",,,,,,,,
"686,You,253.320,253.560,0.240,0.210,253.960,-0.640",,,,,,,,
"687,are,253.560,253.800,0.240,0.000,253.960,-0.400",,,,,,,,
"688,sixteen,253.800,254.360,0.560,0.000,253.960,-0.160",,,,,,,,
"689,and,254.360,254.600,0.240,0.000,253.960,0.400",,,,,,,,
"690,you,254.600,254.860,0.260,0.000,253.960,0.640",,,,,,,,
"691,carry,254.860,255.320,0.460,0.000,253.960,0.900",,,,,,,,
"692,your,255.320,255.710,0.390,0.000,253.960,1.360",,,,,,,,
"693,own,255.710,255.800,0.090,0.000,253.960,1.750",,,,,,,,
"694,spear,255.800,256.200,0.400,0.000,253.960,1.840",,,,,,,,
"695,Not,256.430,256.680,0.250,0.230,257.120,-0.690",,,,,,,,
"696,the,256.680,256.870,0.190,0.000,257.120,-0.440",,,,,,,,
"697,heavy,256.870,257.520,0.650,0.000,257.120,-0.250",,,,,,,,
"698,thr,257.520,257.560,0.040,0.000,257.120,0.400",,,,,,,,
"699,usting,257.560,258.120,0.560,0.000,257.120,0.440",,,,,,,,
"700,spear,258.120,258.520,0.400,0.000,257.120,1.000",,,,,,,,
"701,of,258.520,258.560,0.040,0.000,257.120,1.400",,,,,,,,
"702,the,258.560,258.640,0.080,0.000,257.120,1.440",,,,,,,,
"703,senior,258.720,258.970,0.250,0.080,257.120,1.600",,,,,,,,
"704,hunters,258.970,259.340,0.370,0.000,257.120,1.850",,,,,,,,
"705,A,259.500,260.060,0.560,0.160,260.220,-0.720",,,,,,,,
"706,throwing,260.060,260.330,0.270,0.000,260.220,-0.160",,,,,,,,
"707,spear,260.330,260.810,0.480,0.000,260.220,0.110",,,,,,,,
"708,its,260.960,261.230,0.270,0.150,260.220,0.740",,,,,,,,
"709,fl,261.230,261.410,0.180,0.000,261.620,-0.390",,,,,,,,
"710,int,261.410,261.680,0.270,0.000,261.620,-0.210",,,,,,,,
"711,point,261.680,262.130,0.450,0.000,261.620,0.060",,,,,,,,
"712,na,262.130,262.410,0.280,0.000,261.620,0.510",,,,,,,,
"713,pped,262.410,262.790,0.380,0.000,261.620,0.790",,,,,,,,
"714,by,262.790,262.850,0.060,0.000,261.620,1.170",,,,,,,,
"715,hand,262.850,263.210,0.360,0.000,261.620,1.230",,,,,,,,
"716,and,263.210,263.480,0.270,0.000,261.620,1.590",,,,,,,,
"717,bound,263.480,263.930,0.450,0.000,263.840,-0.360",,,,,,,,
"718,to,263.930,264.160,0.230,0.000,263.840,0.090",,,,,,,,
"719,the,264.160,264.600,0.440,0.000,263.840,0.320",,,,,,,,
"720,shaft,264.600,264.880,0.280,0.000,263.840,0.760",,,,,,,,
"721,with,264.880,265.040,0.160,0.000,263.840,1.040",,,,,,,,
"722,pine,265.040,265.450,0.410,0.000,263.840,1.200",,,,,,,,
"723,pitch,265.450,265.500,0.050,0.000,263.840,1.610",,,,,,,,
"724,pitch,265.580,265.860,0.280,0.080,263.840,1.740",,,,,,,,
"725,and,265.860,266.080,0.220,0.000,263.840,2.020",,,,,,,,
"726,wet,266.080,266.140,0.060,0.000,263.840,2.240",,,,,,,,
"727,sine,266.140,266.590,0.450,0.000,263.840,2.300",,,,,,,,
"728,w,266.590,266.900,0.310,0.000,266.940,-0.350",,,,,,,,
"729,that,266.900,266.950,0.050,0.000,266.940,-0.040",,,,,,,,
"730,dried,266.950,267.310,0.360,0.000,266.940,0.010",,,,,,,,
"731,hard,267.310,267.600,0.290,0.000,266.940,0.370",,,,,,,,
"732,as,267.600,267.740,0.140,0.000,266.940,0.660",,,,,,,,
"733,rock,267.740,268.040,0.300,0.000,266.940,0.800",,,,,,,,
"734,They,268.240,268.540,0.300,0.200,269.000,-0.760",,,,,,,,
"735,start,268.540,268.900,0.360,0.000,269.000,-0.460",,,,,,,,
"736,sending,268.900,269.630,0.730,0.000,269.000,-0.100",,,,,,,,
"737,you,269.630,269.660,0.030,0.000,269.000,0.630",,,,,,,,
"738,on,269.660,269.770,0.110,0.000,269.000,0.660",,,,,,,,
"739,forward,269.770,270.350,0.580,0.000,269.000,0.770",,,,,,,,
"740,runs,270.350,271.190,0.840,0.000,271.420,-1.070",,,,,,,,
"741,Never,271.460,271.660,0.200,0.270,271.420,0.040",,,,,,,,
"742,far,271.660,271.860,0.200,0.000,271.420,0.240",,,,,,,,
"743,Never,272.860,272.940,0.080,1.000,273.000,-0.140",,,,,,,,
"744,alone,272.940,273.060,0.120,0.000,273.000,-0.060",,,,,,,,
"745,You,273.350,273.490,0.140,0.290,273.000,0.350",,,,,,,,
"746,go,273.490,274.280,0.790,0.000,274.620,-1.130",,,,,,,,
"747,with,274.280,274.550,0.270,0.000,274.620,-0.340",,,,,,,,
"748,Kor,274.550,274.950,0.400,0.000,274.620,-0.070",,,,,,,,
"749,ik,274.950,275.220,0.270,0.000,274.620,0.330",,,,,,,,
"750,22,275.500,276.160,0.660,0.280,275.960,-0.460",,,,,,,,
"751,who,276.360,276.690,0.330,0.200,275.960,0.400",,,,,,,,
"752,been,276.690,277.010,0.320,0.000,275.960,0.730",,,,,,,,
"753,sc,277.010,277.040,0.030,0.000,275.960,1.050",,,,,,,,
"754,outing,277.040,277.430,0.390,0.000,275.960,1.080",,,,,,,,
"755,for,277.430,277.560,0.130,0.000,275.960,1.470",,,,,,,,
"756,four,277.560,277.790,0.230,0.000,275.960,1.600",,,,,,,,
"757,years,277.790,278.070,0.280,0.000,275.960,1.830",,,,,,,,
"758,The,278.550,278.820,0.270,0.480,278.900,-0.350",,,,,,,,
"759,two,278.820,278.900,0.080,0.000,278.900,-0.080",,,,,,,,
"760,of,278.900,279.100,0.200,0.000,278.900,0.000",,,,,,,,
"761,you,279.100,279.420,0.320,0.000,278.900,0.200",,,,,,,,
"762,move,279.420,279.860,0.440,0.000,278.900,0.520",,,,,,,,
"763,ahead,279.860,280.040,0.180,0.000,278.900,0.960",,,,,,,,
"764,of,280.040,280.170,0.130,0.000,278.900,1.140",,,,,,,,
"765,the,280.170,280.360,0.190,0.000,278.900,1.270",,,,,,,,
"766,main,280.360,280.620,0.260,0.000,278.900,1.460",,,,,,,,
"767,group,280.620,280.920,0.300,0.000,278.900,1.720",,,,,,,,
"768,by,280.920,281.410,0.490,0.000,278.900,2.020",,,,,,,,
"769,about,281.410,281.460,0.050,0.000,278.900,2.510",,,,,,,,
"770,the,281.460,281.600,0.140,0.000,278.900,2.560",,,,,,,,
"771,distance,281.600,282.120,0.520,0.000,278.900,2.700",,,,,,,,
"772,a,282.120,282.210,0.090,0.000,278.900,3.220",,,,,,,,
"773,man,282.210,282.370,0.160,0.000,278.900,3.310",,,,,,,,
"774,can,282.370,282.580,0.210,0.000,278.900,3.470",,,,,,,,
"775,shout,282.580,282.890,0.310,0.000,278.900,3.680",,,,,,,,
"776,and,282.890,283.080,0.190,0.000,278.900,3.990",,,,,,,,
"777,be,283.080,283.210,0.130,0.000,278.900,4.180",,,,,,,,
"778,heard,283.210,283.540,0.330,0.000,284.000,-0.790",,,,,,,,
"779,Your,283.800,284.180,0.380,0.260,284.000,-0.200",,,,,,,,
"780,job,284.180,284.200,0.020,0.000,284.000,0.180",,,,,,,,
"781,is,284.200,284.310,0.110,0.000,284.000,0.200",,,,,,,,
"782,to,284.310,284.440,0.130,0.000,284.000,0.310",,,,,,,,
"783,read,284.440,284.700,0.260,0.000,284.000,0.440",,,,,,,,
"784,the,284.700,284.880,0.180,0.000,284.000,0.700",,,,,,,,
"785,ground,284.880,285.400,0.520,0.000,284.000,0.880",,,,,,,,
"786,before,285.400,285.790,0.390,0.000,284.000,1.400",,,,,,,,
"787,everyone,285.790,285.950,0.160,0.000,284.000,1.790",,,,,,,,
"788,else,285.950,286.800,0.850,0.000,284.000,1.950",,,,,,,,
"789,walks,286.800,286.930,0.130,0.000,284.000,2.800",,,,,,,,
"790,onto,286.930,287.150,0.220,0.000,287.860,-0.930",,,,,,,,
"791,it,287.150,287.350,0.200,0.000,287.860,-0.710",,,,,,,,
"792,You,287.470,287.660,0.190,0.120,287.860,-0.390",,,,,,,,
"793,learn,287.660,287.980,0.320,0.000,287.860,-0.200",,,,,,,,
"794,to,287.980,288.110,0.130,0.000,287.860,0.120",,,,,,,,
"795,smell,288.110,288.440,0.330,0.000,287.860,0.250",,,,,,,,
"796,before,288.440,288.820,0.380,0.000,287.860,0.580",,,,,,,,
"797,you,288.820,289.000,0.180,0.000,287.860,0.960",,,,,,,,
"798,look,289.000,289.250,0.250,0.000,287.860,1.140",,,,,,,,
"799,A,289.520,289.560,0.040,0.270,289.960,-0.440",,,,,,,,
"800,predator,289.560,290.040,0.480,0.000,289.960,-0.400",,,,,,,,
"801,'s,290.040,290.170,0.130,0.000,289.960,0.080",,,,,,,,
"802,presence,290.170,291.090,0.920,0.000,289.960,0.210",,,,,,,,
"803,reaches,291.090,291.360,0.270,0.000,289.960,1.130",,,,,,,,
"804,nose,291.440,291.700,0.260,0.080,289.960,1.480",,,,,,,,
"805,before,291.700,291.880,0.180,0.000,289.960,1.740",,,,,,,,
"806,your,291.880,292.760,0.880,0.000,289.960,1.920",,,,,,,,
"807,mind,292.760,292.910,0.150,0.000,293.640,-0.880",,,,,,,,
"808,names,292.910,293.310,0.400,0.000,293.640,-0.730",,,,,,,,
"809,it,293.310,293.480,0.170,0.000,293.640,-0.330",,,,,,,,
"810,Something,293.730,294.490,0.760,0.250,293.640,0.090",,,,,,,,
"811,thick,294.490,294.910,0.420,0.000,295.220,-0.730",,,,,,,,
"812,mus,295.100,295.480,0.380,0.190,295.220,-0.120",,,,,,,,
"813,ky,295.480,295.510,0.030,0.000,295.220,0.260",,,,,,,,
"814,wrong,295.700,296.090,0.390,0.190,296.240,-0.540",,,,,,,,
"815,in,296.090,296.240,0.150,0.000,296.240,-0.150",,,,,,,,
"816,a,296.240,296.310,0.070,0.000,296.240,0.000",,,,,,,,
"817,way,296.310,296.530,0.220,0.000,296.240,0.070",,,,,,,,
"818,that,296.530,296.880,0.350,0.000,296.240,0.290",,,,,,,,
"819,is,296.880,297.310,0.430,0.000,296.240,0.640",,,,,,,,
"820,hard,297.310,297.320,0.010,0.000,296.240,1.070",,,,,,,,
"821,to,297.320,297.460,0.140,0.000,296.240,1.080",,,,,,,,
"822,describe,297.460,298.080,0.620,0.000,296.240,1.220",,,,,,,,
"823,You,299.020,299.040,0.020,0.940,299.080,-0.060",,,,,,,,
"824,catch,299.040,299.100,0.060,0.000,299.080,-0.040",,,,,,,,
"825,it,299.100,299.200,0.100,0.000,299.080,0.020",,,,,,,,
"826,on,299.200,299.360,0.160,0.000,299.080,0.120",,,,,,,,
"827,your,299.360,299.540,0.180,0.000,299.080,0.280",,,,,,,,
"828,third,299.540,300.350,0.810,0.000,299.080,0.460",,,,,,,,
"829,run,300.350,300.440,0.090,0.000,299.080,1.270",,,,,,,,
"830,and,300.440,300.600,0.160,0.000,300.960,-0.520",,,,,,,,
"831,stop,300.600,300.970,0.370,0.000,300.960,-0.360",,,,,,,,
"832,walking,300.970,301.510,0.540,0.000,300.960,0.010",,,,,,,,
"833,Kor,301.800,302.060,0.260,0.290,302.540,-0.740",,,,,,,,
"834,ik,302.060,302.320,0.260,0.000,302.540,-0.480",,,,,,,,
"835,stops,302.320,302.590,0.270,0.000,302.540,-0.220",,,,,,,,
"836,half,302.590,302.760,0.170,0.000,302.540,0.050",,,,,,,,
"837,a,302.760,303.170,0.410,0.000,302.540,0.220",,,,,,,,
"838,step,303.170,303.400,0.230,0.000,302.540,0.630",,,,,,,,
"839,after,303.400,303.820,0.420,0.000,302.540,0.860",,,,,,,,
"840,you,303.820,304.070,0.250,0.000,302.540,1.280",,,,,,,,
"841,He,304.330,304.980,0.650,0.260,305.140,-0.810",,,,,,,,
"842,has,304.980,305.230,0.250,0.000,305.140,-0.160",,,,,,,,
"843,it,305.230,305.580,0.350,0.000,305.140,0.090",,,,,,,,
"844,too,305.580,305.690,0.110,0.000,305.140,0.440",,,,,,,,
"845,you,306.660,306.740,0.080,0.970,307.020,-0.360",,,,,,,,
"846,stand,306.740,306.990,0.250,0.000,307.020,-0.280",,,,,,,,
"847,without,306.990,307.730,0.740,0.000,307.020,-0.030",,,,,,,,
"848,moving,307.730,308.070,0.340,0.000,307.020,0.710",,,,,,,,
"849,for,308.070,308.190,0.120,0.000,307.020,1.050",,,,,,,,
"850,a,308.190,308.290,0.100,0.000,307.020,1.170",,,,,,,,
"851,long,308.290,308.610,0.320,0.000,307.020,1.270",,,,,,,,
"852,count,308.610,308.940,0.330,0.000,307.020,1.590",,,,,,,,
"853,long,309.090,309.390,0.300,0.150,309.720,-0.630",,,,,,,,
"854,enough,309.390,309.960,0.570,0.000,309.720,-0.330",,,,,,,,
"855,for,309.960,310.060,0.100,0.000,309.720,0.240",,,,,,,,
"856,your,310.060,310.410,0.350,0.000,309.720,0.340",,,,,,,,
"857,own,310.410,310.810,0.400,0.000,309.720,0.690",,,,,,,,
"858,breathing,310.810,311.260,0.450,0.000,309.720,1.090",,,,,,,,
"859,to,311.260,311.530,0.270,0.000,309.720,1.540",,,,,,,,
"860,feel,311.530,311.780,0.250,0.000,309.720,1.810",,,,,,,,
"861,very,311.860,312.200,0.340,0.080,309.720,2.140",,,,,,,,
"862,loud,312.200,312.330,0.130,0.000,309.720,2.480",,,,,,,,
"863,You,313.180,313.240,0.060,0.850,313.800,-0.620",,,,,,,,
"864,back,313.240,313.730,0.490,0.000,313.800,-0.560",,,,,,,,
"865,out,313.730,313.970,0.240,0.000,313.800,-0.070",,,,,,,,
"866,the,313.970,314.320,0.350,0.000,313.800,0.170",,,,,,,,
"867,way,314.320,314.590,0.270,0.000,313.800,0.520",,,,,,,,
"868,water,314.590,315.110,0.520,0.000,313.800,0.790",,,,,,,,
"869,runs,315.110,315.510,0.400,0.000,313.800,1.310",,,,,,,,
"870,in,315.510,315.930,0.420,0.000,313.800,1.710",,,,,,,,
"871,reverse,315.930,316.470,0.540,0.000,317.220,-1.290",,,,,,,,
"872,Slow,316.760,317.400,0.640,0.290,317.220,-0.460",,,,,,,,
"873,continuous,317.740,318.450,0.710,0.340,318.400,-0.660",,,,,,,,
"874,nothing,318.780,319.380,0.600,0.330,319.780,-1.000",,,,,,,,
"875,sudden,319.380,320.010,0.630,0.000,319.780,-0.400",,,,,,,,
"876,enough,320.010,320.720,0.710,0.000,319.780,0.230",,,,,,,,
"877,to,320.720,320.890,0.170,0.000,319.780,0.940",,,,,,,,
"878,announce,320.890,321.240,0.350,0.000,319.780,1.110",,,,,,,,
"879,you,321.240,322.070,0.830,0.000,322.540,-1.300",,,,,,,,
"880,You,322.140,322.350,0.210,0.070,322.540,-0.400",,,,,,,,
"881,never,322.350,322.740,0.390,0.000,322.540,-0.190",,,,,,,,
"882,see,322.740,322.990,0.250,0.000,322.540,0.200",,,,,,,,
"883,the,322.990,323.260,0.270,0.000,322.540,0.450",,,,,,,,
"884,cave,323.260,323.580,0.320,0.000,322.540,0.720",,,,,,,,
"885,lion,323.580,324.020,0.440,0.000,322.540,1.040",,,,,,,,
"886,that,324.020,324.260,0.240,0.000,322.540,1.480",,,,,,,,
"887,night,324.260,324.870,0.610,0.000,325.820,-1.560",,,,,,,,
"888,But,324.930,325.290,0.360,0.060,325.820,-0.890",,,,,,,,
"889,you,325.290,325.430,0.140,0.000,325.820,-0.530",,,,,,,,
"890,find,325.430,325.770,0.340,0.000,325.820,-0.390",,,,,,,,
"891,its,325.770,326.010,0.240,0.000,325.820,-0.050",,,,,,,,
"892,tracks,326.010,326.680,0.670,0.000,325.820,0.190",,,,,,,,
"893,in,326.680,326.700,0.020,0.000,325.820,0.860",,,,,,,,
"894,the,326.700,326.950,0.250,0.000,325.820,0.880",,,,,,,,
"895,frost,326.950,327.370,0.420,0.000,325.820,1.130",,,,,,,,
"896,the,327.370,327.720,0.350,0.000,325.820,1.550",,,,,,,,
"897,next,327.720,327.920,0.200,0.000,325.820,1.900",,,,,,,,
"898,morning,327.920,328.370,0.450,0.000,328.840,-0.920",,,,,,,,
"899,two,328.480,328.650,0.170,0.110,328.840,-0.360",,,,,,,,
"900,spear,328.650,329.320,0.670,0.000,328.840,-0.190",,,,,,,,
"901,lengths,329.320,329.470,0.150,0.000,328.840,0.480",,,,,,,,
"902,from,329.470,329.700,0.230,0.000,328.840,0.630",,,,,,,,
"903,where,329.700,330.020,0.320,0.000,328.840,0.860",,,,,,,,
"904,you,330.020,330.210,0.190,0.000,328.840,1.180",,,,,,,,
"905,stood,330.210,330.530,0.320,0.000,331.080,-0.870",,,,,,,,
"906,The,330.720,330.960,0.240,0.190,331.080,-0.360",,,,,,,,
"907,print,330.960,331.230,0.270,0.000,331.080,-0.120",,,,,,,,
"908,is,331.230,331.350,0.120,0.000,331.080,0.150",,,,,,,,
"909,wider,331.350,331.650,0.300,0.000,331.080,0.270",,,,,,,,
"910,than,331.650,332.070,0.420,0.000,331.080,0.570",,,,,,,,
"911,both,332.070,332.170,0.100,0.000,331.080,0.990",,,,,,,,
"912,your,332.170,332.490,0.320,0.000,331.080,1.090",,,,,,,,
"913,hands,332.490,332.740,0.250,0.000,331.080,1.410",,,,,,,,
"914,laid,332.740,332.990,0.250,0.000,331.080,1.660",,,,,,,,
"915,side,332.990,333.540,0.550,0.000,331.080,1.910",,,,,,,,
"916,side,333.540,333.850,0.310,0.000,331.080,2.460",,,,,,,,
"917,You,334.070,334.270,0.200,0.220,334.560,-0.490",,,,,,,,
"918,look,334.270,334.620,0.350,0.000,334.560,-0.290",,,,,,,,
"919,at,334.620,334.920,0.300,0.000,334.560,0.060",,,,,,,,
"920,it,334.920,334.960,0.040,0.000,334.560,0.360",,,,,,,,
"921,for,334.960,335.170,0.210,0.000,334.560,0.400",,,,,,,,
"922,a,335.170,335.230,0.060,0.000,334.560,0.610",,,,,,,,
"923,long,335.230,335.540,0.310,0.000,334.560,0.670",,,,,,,,
"924,time,335.540,335.850,0.310,0.000,336.620,-1.080",,,,,,,,
"925,You,336.080,336.310,0.230,0.230,336.620,-0.540",,,,,,,,
"926,bring,336.310,336.700,0.390,0.000,336.620,-0.310",,,,,,,,
"927,the,336.700,336.930,0.230,0.000,336.620,0.080",,,,,,,,
"928,information,336.930,337.800,0.870,0.000,336.620,0.310",,,,,,,,
"929,back,337.800,338.110,0.310,0.000,336.620,1.180",,,,,,,,
"930,That,338.340,338.650,0.310,0.230,338.760,-0.420",,,,,,,,
"931,is,338.650,338.780,0.130,0.000,338.760,-0.110",,,,,,,,
"932,the,338.780,339.060,0.280,0.000,338.760,0.020",,,,,,,,
"933,job,339.060,339.500,0.440,0.000,338.760,0.300",,,,,,,,
"934,Not,339.660,340.100,0.440,0.160,340.860,-1.200",,,,,,,,
"935,to,340.100,340.540,0.440,0.000,340.860,-0.760",,,,,,,,
"936,engage,340.540,341.300,0.760,0.000,340.860,-0.320",,,,,,,,
"937,not,341.700,341.890,0.190,0.400,342.040,-0.340",,,,,,,,
"938,to,341.890,342.070,0.180,0.000,342.040,-0.150",,,,,,,,
"939,prove,342.070,343.030,0.960,0.000,344.340,-2.270",,,,,,,,
"940,anything,343.030,343.250,0.220,0.000,344.340,-1.310",,,,,,,,
"941,See,343.570,343.790,0.220,0.320,344.340,-0.770",,,,,,,,
"942,register,343.940,344.660,0.720,0.150,344.340,-0.400",,,,,,,,
"943,return,344.920,345.360,0.440,0.260,345.100,-0.180",,,,,,,,
"944,a,345.540,345.770,0.230,0.180,345.980,-0.440",,,,,,,,
"945,scout,345.770,346.190,0.420,0.000,345.980,-0.210",,,,,,,,
"946,who,346.190,346.350,0.160,0.000,345.980,0.210",,,,,,,,
"947,sees,346.350,346.710,0.360,0.000,346.860,-0.510",,,,,,,,
"948,too,346.710,347.520,0.810,0.000,346.860,-0.150",,,,,,,,
"949,little,347.520,347.580,0.060,0.000,346.860,0.660",,,,,,,,
"950,end,347.580,347.790,0.210,0.000,346.860,0.720",,,,,,,,
"951,angers,347.790,348.320,0.530,0.000,346.860,0.930",,,,,,,,
"952,the,348.320,348.620,0.300,0.000,346.860,1.460",,,,,,,,
"953,band,348.620,349.010,0.390,0.000,346.860,1.760",,,,,,,,
"954,scout,349.940,350.020,0.080,0.930,350.040,-0.100",,,,,,,,
"955,who,350.020,350.120,0.100,0.000,350.040,-0.020",,,,,,,,
"956,imag,350.120,350.480,0.360,0.000,350.040,0.080",,,,,,,,
"957,ines,350.480,350.580,0.100,0.000,350.040,0.440",,,,,,,,
"958,too,350.580,351.350,0.770,0.000,350.040,0.540",,,,,,,,
"959,much,351.350,351.510,0.160,0.000,350.040,1.310",,,,,,,,
"960,does,351.510,351.890,0.380,0.000,350.040,1.470",,,,,,,,
"961,the,351.890,352.160,0.270,0.000,352.400,-0.510",,,,,,,,
"962,same,352.160,352.520,0.360,0.000,352.400,-0.240",,,,,,,,
"963,What,352.810,353.240,0.430,0.290,353.960,-1.150",,,,,,,,
"964,the,353.240,353.460,0.220,0.000,353.960,-0.720",,,,,,,,
"965,job,353.460,354.090,0.630,0.000,353.960,-0.500",,,,,,,,
"966,requires,354.090,354.510,0.420,0.000,353.960,0.130",,,,,,,,
"967,is,354.510,354.670,0.160,0.000,353.960,0.550",,,,,,,,
"968,exact,354.670,355.130,0.460,0.000,353.960,0.710",,,,,,,,
"969,truth,355.130,355.900,0.770,0.000,353.960,1.170",,,,,,,,
"970,delivered,355.900,356.520,0.620,0.000,353.960,1.940",,,,,,,,
"971,without,356.520,356.860,0.340,0.000,353.960,2.560",,,,,,,,
"972,drama,356.860,357.260,0.400,0.000,353.960,2.900",,,,,,,,
"973,You,357.380,357.520,0.140,0.120,358.440,-1.060",,,,,,,,
"974,are,357.520,358.220,0.700,0.000,358.440,-0.920",,,,,,,,
"975,not,358.220,358.280,0.060,0.000,358.440,-0.220",,,,,,,,
"976,yet,358.280,358.490,0.210,0.000,358.440,-0.160",,,,,,,,
"977,calm,358.490,358.810,0.320,0.000,358.440,0.050",,,,,,,,
"978,about,358.810,359.180,0.370,0.000,358.440,0.370",,,,,,,,
"979,it,359.180,359.340,0.160,0.000,358.440,0.740",,,,,,,,
"980,Your,359.580,359.900,0.320,0.240,358.440,1.140",,,,,,,,
"981,voice,359.900,360.300,0.400,0.000,360.480,-0.580",,,,,,,,
"982,holds,360.300,361.010,0.710,0.000,360.480,-0.180",,,,,,,,
"983,when,361.010,361.020,0.010,0.000,360.480,0.530",,,,,,,,
"984,you,361.020,361.260,0.240,0.000,360.480,0.540",,,,,,,,
"985,report,361.260,361.740,0.480,0.000,360.480,0.780",,,,,,,,
"986,but,361.900,362.100,0.200,0.160,362.480,-0.580",,,,,,,,
"987,your,362.100,362.820,0.720,0.000,362.480,-0.380",,,,,,,,
"988,hands,362.820,362.860,0.040,0.000,362.480,0.340",,,,,,,,
"989,do,362.860,363.020,0.160,0.000,362.480,0.380",,,,,,,,
"990,not,363.020,363.260,0.240,0.000,362.480,0.540",,,,,,,,
"991,watches,364.640,364.720,0.080,1.380,364.580,0.060",,,,,,,,
"992,your,364.720,364.880,0.160,0.000,364.580,0.140",,,,,,,,
"993,hands,364.880,365.140,0.260,0.000,364.580,0.300",,,,,,,,
"994,when,365.140,365.300,0.160,0.000,364.580,0.560",,,,,,,,
"995,you,365.300,366.040,0.740,0.000,364.580,0.720",,,,,,,,
"996,speak,366.040,366.190,0.150,0.000,364.580,1.460",,,,,,,,
"997,You,366.400,366.630,0.230,0.210,367.180,-0.780",,,,,,,,
"998,see,366.630,366.860,0.230,0.000,367.180,-0.550",,,,,,,,
"999,him,366.860,367.090,0.230,0.000,367.180,-0.320",,,,,,,,
"1000,doing,367.090,367.470,0.380,0.000,367.180,-0.090",,,,,,,,
"1001,it,367.470,367.680,0.210,0.000,367.180,0.290",,,,,,,,
"1002,You,367.940,368.080,0.140,0.260,367.180,0.760",,,,,,,,
"1003,start,368.080,368.790,0.710,0.000,368.800,-0.720",,,,,,,,
"1004,working,368.790,368.990,0.200,0.000,368.800,-0.010",,,,,,,,
"1005,on,368.990,369.210,0.220,0.000,368.800,0.190",,,,,,,,
"1006,the,369.210,369.370,0.160,0.000,368.800,0.410",,,,,,,,
"1007,hands,369.370,369.750,0.380,0.000,368.800,0.570",,,,,,,,
"1008,Level,371.540,371.830,0.290,1.790,371.360,0.180",,,,,,,,
"1009,four,371.830,372.170,0.340,0.000,372.740,-0.910",,,,,,,,
"1010,the,372.180,372.860,0.680,0.010,372.740,-0.560",,,,,,,,
"1011,night,372.860,372.890,0.030,0.000,372.740,0.120",,,,,,,,
"1012,guard,372.890,373.270,0.380,0.000,372.740,0.150",,,,,,,,
"1013,You,373.490,373.710,0.220,0.220,373.960,-0.470",,,,,,,,
"1014,are,373.710,373.930,0.220,0.000,373.960,-0.250",,,,,,,,
"1015,20,373.930,374.380,0.450,0.000,373.960,-0.030",,,,,,,,
"1016,and,374.380,374.600,0.220,0.000,373.960,0.420",,,,,,,,
"1017,you,374.600,374.820,0.220,0.000,373.960,0.640",,,,,,,,
"1018,have,374.820,375.080,0.260,0.000,375.200,-0.380",,,,,,,,
"1019,your,375.080,375.610,0.530,0.000,375.200,-0.120",,,,,,,,
"1020,first,375.610,375.800,0.190,0.000,375.200,0.410",,,,,,,,
"1021,real,375.800,376.100,0.300,0.000,375.200,0.600",,,,,,,,
"1022,position,376.100,376.700,0.600,0.000,375.200,0.900",,,,,,,,
"1023,in,376.700,377.080,0.380,0.000,375.200,1.500",,,,,,,,
"1024,the,377.080,377.420,0.340,0.000,375.200,1.880",,,,,,,,
"1025,night,377.420,377.460,0.040,0.000,375.200,2.220",,,,,,,,
"1026,circle,377.460,377.990,0.530,0.000,375.200,2.260",,,,,,,,
"1027,eastern,379.180,379.260,0.080,1.190,379.520,-0.340",,,,,,,,
"1028,post,379.260,379.390,0.130,0.000,379.520,-0.260",,,,,,,,
"1029,facing,379.550,379.700,0.150,0.160,379.520,0.030",,,,,,,,
"1030,the,379.700,380.580,0.880,0.000,380.800,-1.100",,,,,,,,
"1031,tree,380.580,380.600,0.020,0.000,380.800,-0.220",,,,,,,,
"1032,line,380.600,380.920,0.320,0.000,380.800,-0.200",,,,,,,,
"1033,where,380.920,381.350,0.430,0.000,380.800,0.120",,,,,,,,
"1034,the,381.350,381.570,0.220,0.000,380.800,0.550",,,,,,,,
"1035,river,381.570,381.980,0.410,0.000,380.800,0.770",,,,,,,,
"1036,bends,381.980,382.480,0.500,0.000,380.800,1.180",,,,,,,,
"1037,out,382.480,382.630,0.150,0.000,380.800,1.680",,,,,,,,
"1038,of,382.630,382.780,0.150,0.000,380.800,1.830",,,,,,,,
"1039,sight,382.780,383.330,0.550,0.000,380.800,1.980",,,,,,,,
"1040,You,383.520,383.760,0.240,0.190,384.000,-0.480",,,,,,,,
"1041,sit,383.760,384.000,0.240,0.000,384.000,-0.240",,,,,,,,
"1042,with,384.000,384.310,0.310,0.000,384.000,0.000",,,,,,,,
"1043,your,384.310,384.700,0.390,0.000,384.000,0.310",,,,,,,,
"1044,back,384.700,384.880,0.180,0.000,384.000,0.700",,,,,,,,
"1045,to,384.880,385.000,0.120,0.000,384.000,0.880",,,,,,,,
"1046,the,385.000,385.180,0.180,0.000,384.000,1.000",,,,,,,,
"1047,fire,385.180,385.410,0.230,0.000,384.000,1.180",,,,,,,,
"1048,so,385.410,385.490,0.080,0.000,384.000,1.410",,,,,,,,
"1049,your,385.490,385.590,0.100,0.000,384.000,1.490",,,,,,,,
"1050,eyes,385.590,386.200,0.610,0.000,384.000,1.590",,,,,,,,
"1051,can,386.200,386.300,0.100,0.000,384.000,2.200",,,,,,,,
"1052,adjust,386.300,386.560,0.260,0.000,384.000,2.300",,,,,,,,
"1053,fully,386.560,386.860,0.300,0.000,384.000,2.560",,,,,,,,
"1054,to,386.860,386.980,0.120,0.000,384.000,2.860",,,,,,,,
"1055,the,386.980,387.160,0.180,0.000,384.000,2.980",,,,,,,,
"1056,dark,387.160,387.420,0.260,0.000,384.000,3.160",,,,,,,,
"1057,beyond,387.420,387.760,0.340,0.000,384.000,3.420",,,,,,,,
"1058,the,387.760,387.940,0.180,0.000,384.000,3.760",,,,,,,,
"1059,camp,387.940,388.180,0.240,0.000,384.000,3.940",,,,,,,,
"1060,'s,388.180,388.300,0.120,0.000,384.000,4.180",,,,,,,,
"1061,edge,388.300,388.490,0.190,0.000,384.000,4.300",,,,,,,,
"1062,The,389.030,389.200,0.170,0.540,389.920,-0.890",,,,,,,,
"1063,fire,389.200,389.710,0.510,0.000,389.920,-0.720",,,,,,,,
"1064,'s,389.710,389.960,0.250,0.000,389.920,-0.210",,,,,,,,
"1065,warmth,389.960,390.840,0.880,0.000,389.920,0.040",,,,,,,,
"1066,is,390.840,390.920,0.080,0.000,389.920,0.920",,,,,,,,
"1067,on,390.920,391.070,0.150,0.000,389.920,1.000",,,,,,,,
"1068,your,391.070,391.380,0.310,0.000,389.920,1.150",,,,,,,,
"1069,back,391.380,391.650,0.270,0.000,391.920,-0.540",,,,,,,,
"1070,and,391.650,391.920,0.270,0.000,391.920,-0.270",,,,,,,,
"1071,the,391.920,392.340,0.420,0.000,391.920,0.000",,,,,,,,
"1072,night,392.340,392.550,0.210,0.000,391.920,0.420",,,,,,,,
"1073,'s,392.550,392.690,0.140,0.000,391.920,0.630",,,,,,,,
"1074,cold,392.690,393.000,0.310,0.000,391.920,0.770",,,,,,,,
"1075,is,393.000,393.150,0.150,0.000,391.920,1.080",,,,,,,,
"1076,on,393.150,393.300,0.150,0.000,391.920,1.230",,,,,,,,
"1077,your,393.300,393.610,0.310,0.000,394.640,-1.340",,,,,,,,
"1078,face,393.610,393.960,0.350,0.000,394.640,-1.030",,,,,,,,
"1079,The,394.220,394.380,0.160,0.260,394.640,-0.420",,,,,,,,
"1080,discomfort,394.380,395.170,0.790,0.000,394.640,-0.260",,,,,,,,
"1081,is,395.170,395.320,0.150,0.000,394.640,0.530",,,,,,,,
"1082,the,395.320,395.550,0.230,0.000,394.640,0.680",,,,,,,,
"1083,point,395.550,395.930,0.380,0.000,394.640,0.910",,,,,,,,
"1084,It,396.160,396.320,0.160,0.230,396.580,-0.420",,,,,,,,
"1085,keeps,396.320,396.880,0.560,0.000,396.580,-0.260",,,,,,,,
"1086,you,396.880,397.120,0.240,0.000,396.580,0.300",,,,,,,,
"1087,from,397.120,397.300,0.180,0.000,396.580,0.540",,,,,,,,
"1088,drifting,397.380,397.880,0.500,0.080,398.700,-1.320",,,,,,,,
"1089,You,397.940,398.690,0.750,0.060,398.700,-0.760",,,,,,,,
"1090,guard,398.690,398.720,0.030,0.000,398.700,-0.010",,,,,,,,
"1091,your,398.720,398.980,0.260,0.000,398.700,0.020",,,,,,,,
"1092,stretch,398.980,399.490,0.510,0.000,398.700,0.280",,,,,,,,
"1093,wake,399.630,399.920,0.290,0.140,398.700,0.930",,,,,,,,
"1094,the,399.920,400.140,0.220,0.000,398.700,1.220",,,,,,,,
"1095,next,400.140,400.430,0.290,0.000,398.700,1.440",,,,,,,,
"1096,man,400.430,400.650,0.220,0.000,398.700,1.730",,,,,,,,
"1097,sleep,400.790,401.030,0.240,0.140,398.700,2.090",,,,,,,,
"1098,three,401.450,401.650,0.200,0.420,402.060,-0.610",,,,,,,,
"1099,hours,401.650,402.010,0.360,0.000,402.060,-0.410",,,,,,,,
"1100,at,402.010,402.140,0.130,0.000,402.060,-0.050",,,,,,,,
"1101,most,402.140,402.440,0.300,0.000,402.060,0.080",,,,,,,,
"1102,before,402.440,402.870,0.430,0.000,402.060,0.380",,,,,,,,
"1103,you,402.870,403.260,0.390,0.000,402.060,0.810",,,,,,,,
"1104,are,403.260,403.320,0.060,0.000,402.060,1.200",,,,,,,,
"1105,back,403.320,403.610,0.290,0.000,402.060,1.260",,,,,,,,
"1106,up,403.610,403.830,0.220,0.000,402.060,1.550",,,,,,,,
"1107,runs,405.100,405.170,0.070,1.270,405.340,-0.240",,,,,,,,
"1108,every,405.170,405.180,0.010,0.000,405.340,-0.170",,,,,,,,
"1109,night,405.180,405.580,0.400,0.000,405.340,-0.160",,,,,,,,
"1110,no,405.650,405.890,0.240,0.070,405.340,0.310",,,,,,,,
"1111,matter,405.890,406.510,0.620,0.000,406.800,-0.910",,,,,,,,
"1112,the,406.510,406.650,0.140,0.000,406.800,-0.290",,,,,,,,
"1113,weather,406.650,407.270,0.620,0.000,406.800,-0.150",,,,,,,,
"1114,On,407.520,407.660,0.140,0.250,408.100,-0.580",,,,,,,,
"1115,the,407.660,407.870,0.210,0.000,408.100,-0.440",,,,,,,,
"1116,cold,407.870,408.140,0.270,0.000,408.100,-0.230",,,,,,,,
"1117,est,408.140,408.400,0.260,0.000,408.100,0.040",,,,,,,,
"1118,nights,408.400,408.860,0.460,0.000,408.100,0.300",,,,,,,,
"1119,when,408.860,409.250,0.390,0.000,408.100,0.760",,,,,,,,
"1120,the,409.250,409.270,0.020,0.000,408.100,1.150",,,,,,,,
"1121,river,409.270,409.670,0.400,0.000,408.100,1.170",,,,,,,,
"1122,ice,409.670,409.830,0.160,0.000,408.100,1.570",,,,,,,,
"1123,cracks,409.830,410.270,0.440,0.000,408.100,1.730",,,,,,,,
"1124,and,410.270,410.620,0.350,0.000,408.100,2.170",,,,,,,,
"1125,carries,410.620,411.080,0.460,0.000,408.100,2.520",,,,,,,,
"1126,those,411.080,411.170,0.090,0.000,408.100,2.980",,,,,,,,
"1127,sounds,411.170,412.040,0.870,0.000,408.100,3.070",,,,,,,,
"1128,through,412.040,412.270,0.230,0.000,408.100,3.940",,,,,,,,
"1129,the,412.270,412.470,0.200,0.000,412.740,-0.470",,,,,,,,
"1130,valley,412.470,412.870,0.400,0.000,412.740,-0.270",,,,,,,,
"1131,nobody,413.000,413.400,0.400,0.130,412.740,0.260",,,,,,,,
"1132,sleeps,413.400,413.920,0.520,0.000,414.360,-0.960",,,,,,,,
"1133,deep,413.920,414.060,0.140,0.000,414.360,-0.440",,,,,,,,
"1134,and,414.060,414.230,0.170,0.000,414.360,-0.300",,,,,,,,
"1135,nobody,414.230,414.770,0.540,0.000,414.360,-0.130",,,,,,,,
"1136,sleeps,414.770,415.190,0.420,0.000,414.360,0.410",,,,,,,,
"1137,long,415.190,415.320,0.130,0.000,414.360,0.830",,,,,,,,
"1138,The,415.560,416.580,1.020,0.240,416.720,-1.160",,,,,,,,
"1139,body,416.580,416.630,0.050,0.000,416.720,-0.140",,,,,,,,
"1140,does,416.630,417.260,0.630,0.000,416.720,-0.090",,,,,,,,
"1141,not,417.260,417.620,0.360,0.000,416.720,0.540",,,,,,,,
"1142,wait,417.620,417.680,0.060,0.000,416.720,0.900",,,,,,,,
"1143,for,417.760,417.860,0.100,0.080,416.720,1.040",,,,,,,,
"1144,the,417.860,418.040,0.180,0.000,416.720,1.140",,,,,,,,
"1145,mind,418.040,418.270,0.230,0.000,416.720,1.320",,,,,,,,
"1146,to,418.270,418.400,0.130,0.000,416.720,1.550",,,,,,,,
"1147,decide,418.400,418.770,0.370,0.000,416.720,1.680",,,,,,,,
"1148,if,418.770,418.890,0.120,0.000,416.720,2.050",,,,,,,,
"1149,a,418.890,419.100,0.210,0.000,416.720,2.170",,,,,,,,
"1150,sound,419.100,419.260,0.160,0.000,416.720,2.380",,,,,,,,
"1151,is,419.260,419.380,0.120,0.000,416.720,2.540",,,,,,,,
"1152,worth,419.380,419.690,0.310,0.000,416.720,2.660",,,,,,,,
"1153,waking,419.690,420.060,0.370,0.000,416.720,2.970",,,,,,,,
"1154,for,420.060,420.240,0.180,0.000,416.720,3.340",,,,,,,,
"1155,The,420.480,420.810,0.330,0.240,421.840,-1.360",,,,,,,,
"1156,night,420.810,421.450,0.640,0.000,421.840,-1.030",,,,,,,,
"1157,is,421.450,421.830,0.380,0.000,421.840,-0.390",,,,,,,,
"1158,not,421.830,421.910,0.080,0.000,421.840,-0.010",,,,,,,,
"1159,quiet,421.910,422.460,0.550,0.000,421.840,0.070",,,,,,,,
"1160,It,422.800,423.640,0.840,0.340,423.560,-0.760",,,,,,,,
"1161,is,423.640,423.760,0.120,0.000,423.560,0.080",,,,,,,,
"1162,full,423.760,424.470,0.710,0.000,423.560,0.200",,,,,,,,
"1163,of,424.470,424.680,0.210,0.000,423.560,0.910",,,,,,,,
"1164,noise,424.680,424.690,0.010,0.000,423.560,1.120",,,,,,,,
"1165,almost,424.760,425.780,1.020,0.070,425.520,-0.760",,,,,,,,
"1166,all,425.780,426.060,0.280,0.000,425.520,0.260",,,,,,,,
"1167,of,426.060,426.260,0.200,0.000,425.520,0.540",,,,,,,,
"1168,it,426.260,426.360,0.100,0.000,425.520,0.740",,,,,,,,
"1169,meaningless,426.360,426.880,0.520,0.000,425.520,0.840",,,,,,,,
"1170,Wind,427.780,428.050,0.270,0.900,428.300,-0.520",,,,,,,,
"1171,Small,428.480,429.060,0.580,0.430,429.420,-0.940",,,,,,,,
"1172,animals,429.060,429.880,0.820,0.000,429.420,-0.360",,,,,,,,
"1173,The,430.510,430.580,0.070,0.630,431.500,-0.990",,,,,,,,
"1174,fire,430.580,431.030,0.450,0.000,431.500,-0.920",,,,,,,,
"1175,settling,431.030,432.280,1.250,0.000,431.500,-0.470",,,,,,,,
"1176,Bran,432.320,432.590,0.270,0.040,432.980,-0.660",,,,,,,,
"1177,ches,432.590,432.890,0.300,0.000,432.980,-0.390",,,,,,,,
"1178,pulling,432.890,433.440,0.550,0.000,432.980,-0.090",,,,,,,,
"1179,tight,433.440,433.820,0.380,0.000,432.980,0.460",,,,,,,,
"1180,in,433.820,433.980,0.160,0.000,432.980,0.840",,,,,,,,
"1181,the,433.980,434.240,0.260,0.000,432.980,1.000",,,,,,,,
"1182,cold,434.240,434.430,0.190,0.000,432.980,1.260",,,,,,,,
"1183,Sleeping,434.560,436.030,1.470,0.130,435.680,-1.120",,,,,,,,
"1184,people,436.030,436.590,0.560,0.000,435.680,0.350",,,,,,,,
"1185,breathing,436.590,436.800,0.210,0.000,435.680,0.910",,,,,,,,
"1186,You,436.960,437.080,0.120,0.160,437.540,-0.580",,,,,,,,
"1187,spend,437.080,437.410,0.330,0.000,437.540,-0.460",,,,,,,,
"1188,your,437.410,437.510,0.100,0.000,437.540,-0.130",,,,,,,,
"1189,second,437.510,438.290,0.780,0.000,437.540,-0.030",,,,,,,,
"1190,month,438.290,438.440,0.150,0.000,437.540,0.750",,,,,,,,
"1191,in,438.440,438.570,0.130,0.000,437.540,0.900",,,,,,,,
"1192,rotation,438.570,439.120,0.550,0.000,437.540,1.030",,,,,,,,
"1193,learning,439.250,439.800,0.550,0.130,439.680,-0.430",,,,,,,,
"1194,to,439.800,439.930,0.130,0.000,439.680,0.120",,,,,,,,
"1195,separate,439.930,440.450,0.520,0.000,439.680,0.250",,,,,,,,
"1196,the,440.450,441.030,0.580,0.000,439.680,0.770",,,,,,,,
"1197,sounds,441.030,441.090,0.060,0.000,439.680,1.350",,,,,,,,
"1198,that,441.090,441.450,0.360,0.000,439.680,1.410",,,,,,,,
"1199,matter,441.450,441.850,0.400,0.000,439.680,1.770",,,,,,,,
"1200,from,441.850,442.180,0.330,0.000,439.680,2.170",,,,,,,,
"1201,the,442.180,442.840,0.660,0.000,439.680,2.500",,,,,,,,
"1202,enormous,442.840,442.940,0.100,0.000,439.680,3.160",,,,,,,,
"1203,volume,442.940,443.410,0.470,0.000,439.680,3.260",,,,,,,,
"1204,that,443.410,443.540,0.130,0.000,439.680,3.730",,,,,,,,
"1205,do,443.540,443.890,0.350,0.000,439.680,3.860",,,,,,,,
"1206,not,443.890,444.340,0.450,0.000,439.680,4.210",,,,,,,,
"1207,You,444.380,444.640,0.260,0.040,445.840,-1.460",,,,,,,,
"1208,are,444.640,444.900,0.260,0.000,445.840,-1.200",,,,,,,,
"1209,not,444.900,445.160,0.260,0.000,445.840,-0.940",,,,,,,,
"1210,listening,445.160,445.980,0.820,0.000,445.840,-0.680",,,,,,,,
"1211,for,445.980,446.240,0.260,0.000,445.840,0.140",,,,,,,,
"1212,a,446.240,446.310,0.070,0.000,445.840,0.400",,,,,,,,
"1213,sound,446.310,446.760,0.450,0.000,445.840,0.470",,,,,,,,
"1214,You,447.090,447.270,0.180,0.330,445.840,1.250",,,,,,,,
"1215,are,447.270,447.530,0.260,0.000,445.840,1.430",,,,,,,,
"1216,listening,447.530,448.320,0.790,0.000,448.340,-0.810",,,,,,,,
"1217,for,448.320,448.850,0.530,0.000,448.340,-0.020",,,,,,,,
"1218,the,448.850,448.900,0.050,0.000,448.340,0.510",,,,,,,,
"1219,absence,448.900,449.470,0.570,0.000,448.340,0.560",,,,,,,,
"1220,of,449.470,449.640,0.170,0.000,448.340,1.130",,,,,,,,
"1221,one,449.640,449.940,0.300,0.000,448.340,1.300",,,,,,,,
"1222,brush,451.240,451.320,0.080,1.300,451.700,-0.460",,,,,,,,
"1223,mice,451.320,451.510,0.190,0.000,451.700,-0.380",,,,,,,,
"1224,stop,451.510,451.800,0.290,0.000,451.700,-0.190",,,,,,,,
"1225,moving,451.800,452.640,0.840,0.000,451.700,0.100",,,,,,,,
"1226,through,452.640,452.800,0.160,0.000,451.700,0.940",,,,,,,,
"1227,dry,452.800,453.030,0.230,0.000,451.700,1.100",,,,,,,,
"1228,leaves,453.030,453.490,0.460,0.000,451.700,1.330",,,,,,,,
"1229,something,453.640,454.320,0.680,0.150,454.540,-0.900",,,,,,,,
"1230,stopped,454.320,454.840,0.520,0.000,454.540,-0.220",,,,,,,,
"1231,them,454.840,455.390,0.550,0.000,454.540,0.300",,,,,,,,
"1232,When,455.440,456.020,0.580,0.050,456.280,-0.840",,,,,,,,
"1233,the,456.020,456.450,0.430,0.000,456.280,-0.260",,,,,,,,
"1234,night,456.450,456.590,0.140,0.000,456.280,0.170",,,,,,,,
"1235,birds,456.590,456.810,0.220,0.000,456.280,0.310",,,,,,,,
"1236,cut,456.810,457.140,0.330,0.000,456.280,0.530",,,,,,,,
"1237,mid,457.140,457.360,0.220,0.000,456.280,0.860",,,,,,,,
"1238,call,457.430,457.720,0.290,0.070,456.280,1.150",,,,,,,,
"1239,something,458.520,458.560,0.040,0.800,456.280,2.240",,,,,,,,
"1240,passed,458.560,458.960,0.400,0.000,456.280,2.280",,,,,,,,
"1241,under,458.960,459.320,0.360,0.000,460.560,-1.600",,,,,,,,
"1242,them,459.320,459.610,0.290,0.000,460.560,-1.240",,,,,,,,
"1243,These,459.830,460.180,0.350,0.220,460.560,-0.730",,,,,,,,
"1244,gaps,460.180,460.480,0.300,0.000,460.560,-0.380",,,,,,,,
"1245,tell,460.480,460.760,0.280,0.000,460.560,-0.080",,,,,,,,
"1246,you,460.760,461.280,0.520,0.000,460.560,0.200",,,,,,,,
"1247,more,461.280,461.290,0.010,0.000,460.560,0.720",,,,,,,,
"1248,than,461.290,461.570,0.280,0.000,460.560,0.730",,,,,,,,
"1249,any,461.570,461.790,0.220,0.000,460.560,1.010",,,,,,,,
"1250,loud,461.790,462.080,0.290,0.000,460.560,1.230",,,,,,,,
"1251,noise,462.080,462.430,0.350,0.000,460.560,1.520",,,,,,,,
"1252,could,462.430,463.100,0.670,0.000,460.560,1.870",,,,,,,,
"1253,You,463.120,463.470,0.350,0.020,463.560,-0.440",,,,,,,,
"1254,get,463.470,463.820,0.350,0.000,463.560,-0.090",,,,,,,,
"1255,it,463.820,464.140,0.320,0.000,463.560,0.260",,,,,,,,
"1256,wrong,464.140,464.180,0.040,0.000,463.560,0.580",,,,,,,,
"1257,twice,464.260,464.520,0.260,0.080,463.560,0.700",,,,,,,,
"1258,in,464.520,464.650,0.130,0.000,463.560,0.960",,,,,,,,
"1259,your,464.650,464.910,0.260,0.000,463.560,1.090",,,,,,,,
"1260,first,464.910,465.580,0.670,0.000,466.680,-1.770",,,,,,,,
"1261,season,465.580,465.710,0.130,0.000,466.680,-1.100",,,,,,,,
"1262,The,465.870,466.130,0.260,0.160,466.680,-0.810",,,,,,,,
"1263,first,466.130,466.410,0.280,0.000,466.680,-0.550",,,,,,,,
"1264,time,466.410,466.720,0.310,0.000,466.680,-0.270",,,,,,,,
"1265,you,466.810,467.010,0.200,0.090,466.680,0.130",,,,,,,,
"1266,raise,467.010,467.350,0.340,0.000,466.680,0.330",,,,,,,,
"1267,an,467.350,467.480,0.130,0.000,466.680,0.670",,,,,,,,
"1268,alert,467.480,467.800,0.320,0.000,466.680,0.800",,,,,,,,
"1269,for,467.800,467.910,0.110,0.000,466.680,1.120",,,,,,,,
"1270,a,467.910,468.330,0.420,0.000,466.680,1.230",,,,,,,,
"1271,branch,468.330,468.490,0.160,0.000,466.680,1.650",,,,,,,,
"1272,dropping,468.490,469.180,0.690,0.000,466.680,1.810",,,,,,,,
"1273,from,469.180,469.420,0.240,0.000,466.680,2.500",,,,,,,,
"1274,a,469.420,469.530,0.110,0.000,466.680,2.740",,,,,,,,
"1275,snow,469.530,469.790,0.260,0.000,466.680,2.850",,,,,,,,
"1276,load,470.100,470.140,0.040,0.310,466.680,3.420",,,,,,,,
"1277,ed,470.140,470.240,0.100,0.000,466.680,3.460",,,,,,,,
"1278,tree,470.240,470.380,0.140,0.000,466.680,3.560",,,,,,,,
"1279,The,470.920,471.000,0.080,0.540,471.260,-0.340",,,,,,,,
"1280,whole,471.000,471.030,0.030,0.000,471.260,-0.260",,,,,,,,
"1281,camp,471.030,471.290,0.260,0.000,471.260,-0.230",,,,,,,,
"1282,stands,471.290,471.440,0.150,0.000,471.260,0.030",,,,,,,,
"1283,up,471.440,471.830,0.390,0.000,471.260,0.180",,,,,,,,
"1284,and,471.830,472.030,0.200,0.000,471.260,0.570",,,,,,,,
"1285,it,472.030,472.330,0.300,0.000,471.260,0.770",,,,,,,,
"1286,takes,472.330,472.490,0.160,0.000,471.260,1.070",,,,,,,,
"1287,several,472.490,472.960,0.470,0.000,471.260,1.230",,,,,,,,
"1288,minutes,472.960,473.460,0.500,0.000,471.260,1.700",,,,,,,,
"1289,to,473.460,473.560,0.100,0.000,471.260,2.200",,,,,,,,
"1290,settle,473.560,473.960,0.400,0.000,471.260,2.300",,,,,,,,
"1291,Nobody,474.220,474.650,0.430,0.260,474.700,-0.480",,,,,,,,
"1292,is,474.650,475.070,0.420,0.000,474.700,-0.050",,,,,,,,
"1293,angry,475.070,475.270,0.200,0.000,474.700,0.370",,,,,,,,
"1294,with,475.270,475.590,0.320,0.000,474.700,0.570",,,,,,,,
"1295,you,475.590,475.830,0.240,0.000,474.700,0.890",,,,,,,,
"1296,waste,477.100,477.180,0.080,1.270,477.460,-0.360",,,,,,,,
"1297,of,477.180,477.230,0.050,0.000,477.460,-0.280",,,,,,,,
"1298,it,477.230,477.400,0.170,0.000,477.460,-0.230",,,,,,,,
"1299,stays,477.400,477.830,0.430,0.000,477.460,-0.060",,,,,,,,
"1300,in,477.830,478.000,0.170,0.000,477.460,0.370",,,,,,,,
"1301,your,478.000,478.520,0.520,0.000,477.460,0.540",,,,,,,,
"1302,chest,478.520,478.800,0.280,0.000,477.460,1.060",,,,,,,,
"1303,the,479.050,479.270,0.220,0.250,479.500,-0.450",,,,,,,,
"1304,specific,479.270,479.860,0.590,0.000,479.500,-0.230",,,,,,,,
"1305,burn,479.860,480.160,0.300,0.000,479.500,0.360",,,,,,,,
"1306,of,480.160,480.380,0.220,0.000,479.500,0.660",,,,,,,,
"1307,a,480.380,480.400,0.020,0.000,479.500,0.880",,,,,,,,
"1308,false,480.400,480.720,0.320,0.000,479.500,0.900",,,,,,,,
"1309,alarm,480.720,481.250,0.530,0.000,479.500,1.220",,,,,,,,
"1310,and,481.320,481.670,0.350,0.070,481.720,-0.400",,,,,,,,
"1311,you,481.670,481.900,0.230,0.000,481.720,-0.050",,,,,,,,
"1312,do,481.900,482.080,0.180,0.000,481.720,0.180",,,,,,,,
"1313,not,482.080,482.410,0.330,0.000,481.720,0.360",,,,,,,,
"1314,want,482.410,482.630,0.220,0.000,481.720,0.690",,,,,,,,
"1315,to,482.630,483.020,0.390,0.000,481.720,0.910",,,,,,,,
"1316,carry,483.020,483.060,0.040,0.000,481.720,1.300",,,,,,,,
"1317,that,483.060,483.240,0.180,0.000,481.720,1.340",,,,,,,,
"1318,feeling,483.240,483.730,0.490,0.000,481.720,1.520",,,,,,,,
"1319,again,483.730,483.870,0.140,0.000,484.840,-1.110",,,,,,,,
"1320,The,484.300,484.660,0.360,0.430,484.840,-0.540",,,,,,,,
"1321,second,484.660,484.950,0.290,0.000,484.840,-0.180",,,,,,,,
"1322,time,484.950,485.240,0.290,0.000,484.840,0.110",,,,,,,,
"1323,you,485.410,485.600,0.190,0.170,484.840,0.570",,,,,,,,
"1324,wait,485.600,485.880,0.280,0.000,485.960,-0.360",,,,,,,,
"1325,too,485.880,486.090,0.210,0.000,485.960,-0.080",,,,,,,,
"1326,long,486.090,486.380,0.290,0.000,485.960,0.130",,,,,,,,
"1327,You,486.590,486.800,0.210,0.210,487.240,-0.650",,,,,,,,
"1328,hear,486.800,487.080,0.280,0.000,487.240,-0.440",,,,,,,,
"1329,the,487.080,487.390,0.310,0.000,487.240,-0.160",,,,,,,,
"1330,inter,487.390,487.660,0.270,0.000,487.240,0.150",,,,,,,,
"1331,ruption,487.660,488.160,0.500,0.000,487.240,0.420",,,,,,,,
"1332,and,488.160,488.370,0.210,0.000,487.240,0.920",,,,,,,,
"1333,you,488.370,488.550,0.180,0.000,487.240,1.130",,,,,,,,
"1334,talk,488.550,489.200,0.650,0.000,487.240,1.310",,,,,,,,
"1335,yourself,489.200,489.450,0.250,0.000,487.240,1.960",,,,,,,,
"1336,out,489.450,489.660,0.210,0.000,487.240,2.210",,,,,,,,
"1337,of,489.660,489.920,0.260,0.000,487.240,2.420",,,,,,,,
"1338,trusting,489.920,490.240,0.320,0.000,487.240,2.680",,,,,,,,
"1339,it,490.240,490.320,0.080,0.000,487.240,3.000",,,,,,,,
"1340,The,491.380,491.550,0.170,1.060,491.420,-0.040",,,,,,,,
"1341,threat,491.550,492.060,0.510,0.000,491.420,0.130",,,,,,,,
"1342,is,492.060,492.220,0.160,0.000,491.420,0.640",,,,,,,,
"1343,a,492.220,492.650,0.430,0.000,491.420,0.800",,,,,,,,
"1344,lone,492.650,492.720,0.070,0.000,491.420,1.230",,,,,,,,
"1345,dire,492.720,492.990,0.270,0.000,491.420,1.300",,,,,,,,
"1346,wolf,492.990,493.360,0.370,0.000,491.420,1.570",,,,,,,,
"1347,testing,493.360,493.700,0.340,0.000,491.420,1.940",,,,,,,,
"1348,the,493.700,493.840,0.140,0.000,491.420,2.280",,,,,,,,
"1349,perimeter,493.840,494.340,0.500,0.000,491.420,2.420",,,,,,,,
"1350,drawn,494.400,494.790,0.390,0.060,495.020,-0.620",,,,,,,,
"1351,by,494.790,494.920,0.130,0.000,495.020,-0.230",,,,,,,,
"1352,the,494.920,495.450,0.530,0.000,495.020,-0.100",,,,,,,,
"1353,smell,495.450,495.560,0.110,0.000,495.020,0.430",,,,,,,,
"1354,of,495.560,495.710,0.150,0.000,495.020,0.540",,,,,,,,
"1355,the,495.710,495.940,0.230,0.000,495.020,0.690",,,,,,,,
"1356,previous,495.940,496.600,0.660,0.000,495.020,0.920",,,,,,,,
"1357,day,496.600,496.820,0.220,0.000,495.020,1.580",,,,,,,,
"1358,'s,496.820,496.830,0.010,0.000,495.020,1.800",,,,,,,,
"1359,but,496.830,496.990,0.160,0.000,495.020,1.810",,,,,,,,
"1360,ch,496.990,497.260,0.270,0.000,495.020,1.970",,,,,,,,
"1361,ering,497.260,497.310,0.050,0.000,495.020,2.240",,,,,,,,
"1362,Dire,498.200,498.380,0.180,0.890,498.520,-0.320",,,,,,,,
"1363,t,498.380,498.440,0.060,0.000,498.520,-0.140",,,,,,,,
"1364,spots,498.440,498.630,0.190,0.000,498.520,-0.080",,,,,,,,
"1365,it,498.630,498.780,0.150,0.000,498.520,0.110",,,,,,,,
"1366,from,498.780,499.160,0.380,0.000,498.520,0.260",,,,,,,,
"1367,his,499.160,499.520,0.360,0.000,498.520,0.640",,,,,,,,
"1368,post,499.520,499.650,0.130,0.000,498.520,1.000",,,,,,,,
"1369,and,499.650,499.820,0.170,0.000,498.520,1.130",,,,,,,,
"1370,turns,499.820,500.150,0.330,0.000,498.520,1.300",,,,,,,,
"1371,it,500.150,500.290,0.140,0.000,498.520,1.630",,,,,,,,
"1372,back,500.290,500.540,0.250,0.000,498.520,1.770",,,,,,,,
"1373,with,500.540,500.800,0.260,0.000,498.520,2.020",,,,,,,,
"1374,a,500.800,500.850,0.050,0.000,498.520,2.280",,,,,,,,
"1375,thrown,500.850,501.260,0.410,0.000,498.520,2.330",,,,,,,,
"1376,stone,501.260,501.590,0.330,0.000,498.520,2.740",,,,,,,,
"1377,before,501.590,501.850,0.260,0.000,498.520,3.070",,,,,,,,
"1378,it,501.850,502.270,0.420,0.000,498.520,3.330",,,,,,,,
"1379,gets,502.270,502.380,0.110,0.000,498.520,3.750",,,,,,,,
"1380,close,502.380,502.710,0.330,0.000,498.520,3.860",,,,,,,,
"1381,He,502.990,504.080,1.090,0.280,503.980,-0.990",,,,,,,,
"1382,finds,504.080,504.460,0.380,0.000,503.980,0.100",,,,,,,,
"1383,you,504.460,504.650,0.190,0.000,503.980,0.480",,,,,,,,
"1384,at,504.650,504.800,0.150,0.000,503.980,0.670",,,,,,,,
"1385,your,504.800,505.090,0.290,0.000,503.980,0.820",,,,,,,,
"1386,post,505.090,505.300,0.210,0.000,503.980,1.110",,,,,,,,
"1387,afterward,505.300,506.200,0.900,0.000,506.540,-1.240",,,,,,,,
"1388,He,506.260,506.430,0.170,0.060,506.540,-0.280",,,,,,,,
"1389,tells,506.430,506.770,0.340,0.000,506.540,-0.110",,,,,,,,
"1390,you,506.770,506.990,0.220,0.000,506.540,0.230",,,,,,,,
"1391,one,506.990,507.210,0.220,0.000,506.540,0.450",,,,,,,,
"1392,thing,507.210,507.580,0.370,0.000,506.540,0.670",,,,,,,,
"1393,and,507.720,507.940,0.220,0.140,508.260,-0.540",,,,,,,,
"1394,you,507.940,508.160,0.220,0.000,508.260,-0.320",,,,,,,,
"1395,never,508.160,508.530,0.370,0.000,508.260,-0.100",,,,,,,,
"1396,stop,508.530,508.950,0.420,0.000,508.260,0.270",,,,,,,,
"1397,carrying,508.950,509.410,0.460,0.000,508.260,0.690",,,,,,,,
"1398,it,509.410,509.550,0.140,0.000,508.260,1.150",,,,,,,,
"1399,The,509.840,510.760,0.920,0.290,511.140,-1.300",,,,,,,,
"1400,body,510.760,510.780,0.020,0.000,511.140,-0.380",,,,,,,,
"1401,knows,510.780,511.450,0.670,0.000,511.140,-0.360",,,,,,,,
"1402,before,511.450,512.280,0.830,0.000,511.140,0.310",,,,,,,,
"1403,the,512.280,512.460,0.180,0.000,511.140,1.140",,,,,,,,
"1404,mind,512.460,512.810,0.350,0.000,511.140,1.320",,,,,,,,
"1405,agrees,512.810,512.980,0.170,0.000,511.140,1.670",,,,,,,,
"1406,When,513.860,514.010,0.150,0.880,513.760,0.100",,,,,,,,
"1407,something,514.010,514.750,0.740,0.000,513.760,0.250",,,,,,,,
"1408,in,514.750,514.920,0.170,0.000,513.760,0.990",,,,,,,,
"1409,you,514.920,515.180,0.260,0.000,513.760,1.160",,,,,,,,
"1410,says,515.180,515.530,0.350,0.000,513.760,1.420",,,,,,,,
"1411,a,515.530,515.620,0.090,0.000,513.760,1.770",,,,,,,,
"1412,pattern,515.620,516.190,0.570,0.000,513.760,1.860",,,,,,,,
"1413,has,516.190,516.610,0.420,0.000,517.020,-0.830",,,,,,,,
"1414,broken,516.610,517.030,0.420,0.000,517.020,-0.410",,,,,,,,
"1415,that,517.200,517.550,0.350,0.170,517.020,0.180",,,,,,,,
"1416,is,517.550,517.700,0.150,0.000,517.020,0.530",,,,,,,,
"1417,enough,517.700,518.420,0.720,0.000,519.080,-1.380",,,,,,,,
"1418,Stop,518.510,518.860,0.350,0.090,519.080,-0.570",,,,,,,,
"1419,waiting,518.860,519.480,0.620,0.000,519.080,-0.220",,,,,,,,
"1420,for,519.480,519.890,0.410,0.000,519.080,0.400",,,,,,,,
"1421,your,519.890,520.060,0.170,0.000,519.080,0.810",,,,,,,,
"1422,mind,520.060,520.360,0.300,0.000,519.080,0.980",,,,,,,,
"1423,to,520.360,520.580,0.220,0.000,519.080,1.280",,,,,,,,
"1424,finish,520.660,520.890,0.230,0.080,519.080,1.580",,,,,,,,
"1425,arguing,520.890,521.250,0.360,0.000,519.080,1.810",,,,,,,,
"1426,Level,522.000,523.150,1.150,0.750,523.500,-1.500",,,,,,,,
"1427,5,523.150,524.150,1.000,0.000,523.500,-0.350",,,,,,,,
"1428,The,524.310,524.730,0.420,0.160,524.640,-0.330",,,,,,,,
"1429,hunter,524.730,524.810,0.080,0.000,524.640,0.090",,,,,,,,
"1430,who,524.810,524.960,0.150,0.000,524.640,0.170",,,,,,,,
"1431,fights,524.960,525.270,0.310,0.000,524.640,0.320",,,,,,,,
"1432,at,525.270,525.370,0.100,0.000,524.640,0.630",,,,,,,,
"1433,night,525.370,525.630,0.260,0.000,524.640,0.730",,,,,,,,
"1434,You,525.820,526.540,0.720,0.190,526.340,-0.520",,,,,,,,
"1435,are,526.540,526.740,0.200,0.000,526.340,0.200",,,,,,,,
"1436,26,526.740,527.110,0.370,0.000,526.340,0.400",,,,,,,,
"1437,Fear,527.320,527.970,0.650,0.210,528.600,-1.280",,,,,,,,
"1438,no,527.970,528.160,0.190,0.000,528.600,-0.630",,,,,,,,
"1439,longer,528.160,529.050,0.890,0.000,528.600,-0.440",,,,,,,,
"1440,leads,529.050,529.680,0.630,0.000,528.600,0.450",,,,,,,,
"1441,when,529.680,530.250,0.570,0.000,528.600,1.080",,,,,,,,
"1442,you,530.250,530.390,0.140,0.000,528.600,1.650",,,,,,,,
"1443,move,530.390,530.740,0.350,0.000,528.600,1.790",,,,,,,,
"1444,darkness,530.740,531.240,0.500,0.000,528.600,2.140",,,,,,,,
"1445,It,531.400,531.810,0.410,0.160,531.680,-0.280",,,,,,,,
"1446,runs,531.810,532.160,0.350,0.000,531.680,0.130",,,,,,,,
"1447,alongside,532.160,532.740,0.580,0.000,531.680,0.480",,,,,,,,
"1448,you,532.740,532.970,0.230,0.000,531.680,1.060",,,,,,,,
"1449,now,532.970,533.200,0.230,0.000,533.600,-0.630",,,,,,,,
"1450,Present,533.430,534.040,0.610,0.230,533.600,-0.170",,,,,,,,
"1451,but,534.120,534.340,0.220,0.080,534.480,-0.360",,,,,,,,
"1452,not,534.340,534.470,0.130,0.000,534.480,-0.140",,,,,,,,
"1453,in,534.470,534.890,0.420,0.000,534.480,-0.010",,,,,,,,
"1454,charge,534.890,535.310,0.420,0.000,536.040,-1.150",,,,,,,,
"1455,The,535.420,535.650,0.230,0.110,536.040,-0.620",,,,,,,,
"1456,night,535.650,535.940,0.290,0.000,536.040,-0.390",,,,,,,,
"1457,that,535.940,536.700,0.760,0.000,536.040,-0.100",,,,,,,,
"1458,changes,536.700,536.880,0.180,0.000,536.040,0.660",,,,,,,,
"1459,you,536.880,537.270,0.390,0.000,536.040,0.840",,,,,,,,
"1460,comes,537.270,537.740,0.470,0.000,536.040,1.230",,,,,,,,
"1461,in,537.740,537.820,0.080,0.000,536.040,1.700",,,,,,,,
"1462,late,537.820,538.060,0.240,0.000,536.040,1.780",,,,,,,,
"1463,autumn,538.060,538.500,0.440,0.000,539.380,-1.320",,,,,,,,
"1464,Your,538.610,539.130,0.520,0.110,539.380,-0.770",,,,,,,,
"1465,group,539.130,539.480,0.350,0.000,539.380,-0.250",,,,,,,,
"1466,drives,539.480,539.820,0.340,0.000,539.380,0.100",,,,,,,,
"1467,a,539.820,539.890,0.070,0.000,539.380,0.440",,,,,,,,
"1468,small,539.890,540.260,0.370,0.000,539.380,0.510",,,,,,,,
"1469,au,540.260,540.420,0.160,0.000,539.380,0.880",,,,,,,,
"1470,ro,540.420,540.540,0.120,0.000,539.380,1.040",,,,,,,,
"1471,chs,540.540,540.760,0.220,0.000,539.380,1.160",,,,,,,,
"1472,herd,540.760,541.100,0.340,0.000,539.380,1.380",,,,,,,,
"1473,toward,541.100,541.490,0.390,0.000,539.380,1.720",,,,,,,,
"1474,a,541.490,541.560,0.070,0.000,539.380,2.110",,,,,,,,
"1475,valley,541.560,542.210,0.650,0.000,539.380,2.180",,,,,,,,
"1476,narrow,542.210,542.440,0.230,0.000,539.380,2.830",,,,,,,,
"1477,ing,542.440,542.660,0.220,0.000,543.080,-0.640",,,,,,,,
"1478,and,542.800,543.020,0.220,0.140,543.080,-0.280",,,,,,,,
"1479,three,543.020,543.360,0.340,0.000,543.080,-0.060",,,,,,,,
"1480,animals,543.360,544.020,0.660,0.000,543.080,0.280",,,,,,,,
"1481,break,544.020,544.380,0.360,0.000,543.080,0.940",,,,,,,,
"1482,sideways,544.380,544.760,0.380,0.000,543.080,1.300",,,,,,,,
"1483,into,544.760,545.060,0.300,0.000,543.080,1.680",,,,,,,,
"1484,the,545.140,545.270,0.130,0.080,543.080,2.060",,,,,,,,
"1485,trees,545.270,545.630,0.360,0.000,543.080,2.190",,,,,,,,
"1486,instead,545.630,546.150,0.520,0.000,543.080,2.550",,,,,,,,
"1487,of,546.150,546.480,0.330,0.000,543.080,3.070",,,,,,,,
"1488,funnel,546.480,546.730,0.250,0.000,543.080,3.400",,,,,,,,
"1489,ing,546.730,547.010,0.280,0.000,543.080,3.650",,,,,,,,
"1490,through,547.010,547.460,0.450,0.000,548.200,-1.190",,,,,,,,
"1491,Two,547.680,547.900,0.220,0.220,548.200,-0.520",,,,,,,,
"1492,hunters,547.900,548.410,0.510,0.000,548.200,-0.300",,,,,,,,
"1493,go,548.410,548.550,0.140,0.000,548.200,0.210",,,,,,,,
"1494,after,548.550,549.200,0.650,0.000,548.200,0.350",,,,,,,,
"1495,them,549.200,549.210,0.010,0.000,548.200,1.000",,,,,,,,
"1496,You,549.480,550.030,0.550,0.270,550.360,-0.880",,,,,,,,
"1497,are,550.030,551.020,0.990,0.000,551.200,-1.170",,,,,,,,
"1498,one,551.020,551.130,0.110,0.000,551.200,-0.180",,,,,,,,
"1499,The,551.670,552.100,0.430,0.540,552.440,-0.770",,,,,,,,
"1500,other,552.100,552.790,0.690,0.000,552.440,-0.340",,,,,,,,
"1501,is,552.790,553.080,0.290,0.000,553.340,-0.550",,,,,,,,
"1502,yar,553.080,553.400,0.320,0.000,553.340,-0.260",,,,,,,,
"1503,row,553.400,553.670,0.270,0.000,553.340,0.060",,,,,,,,
"1504,30,554.300,554.380,0.080,0.630,554.440,-0.140",,,,,,,,
"1505,years,554.380,554.750,0.370,0.000,554.440,-0.060",,,,,,,,
"1506,old,554.750,555.010,0.260,0.000,554.440,0.310",,,,,,,,
"1507,the,555.020,555.670,0.650,0.010,555.860,-0.840",,,,,,,,
"1508,most,555.670,555.720,0.050,0.000,555.860,-0.190",,,,,,,,
"1509,composed,555.720,556.290,0.570,0.000,555.860,-0.140",,,,,,,,
"1510,man,556.290,556.520,0.230,0.000,555.860,0.430",,,,,,,,
"1511,on,556.520,556.670,0.150,0.000,555.860,0.660",,,,,,,,
"1512,any,556.670,556.900,0.230,0.000,555.860,0.810",,,,,,,,
"1513,hunt,556.900,557.210,0.310,0.000,555.860,1.040",,,,,,,,
"1514,you,557.210,557.440,0.230,0.000,555.860,1.350",,,,,,,,
"1515,have,557.440,557.750,0.310,0.000,555.860,1.580",,,,,,,,
"1516,been,557.750,558.040,0.290,0.000,555.860,1.890",,,,,,,,
"1517,on,558.040,558.450,0.410,0.000,555.860,2.180",,,,,,,,
"1518,The,558.520,558.870,0.350,0.070,559.600,-1.080",,,,,,,,
"1519,light,558.870,559.460,0.590,0.000,559.600,-0.730",,,,,,,,
"1520,is,559.460,560.260,0.800,0.000,559.600,-0.140",,,,,,,,
"1521,going,560.260,560.280,0.020,0.000,559.600,0.660",,,,,,,,
"1522,fast,560.280,560.830,0.550,0.000,559.600,0.680",,,,,,,,
"1523,You,561.300,561.510,0.210,0.470,561.680,-0.380",,,,,,,,
"1524,push,561.510,562.020,0.510,0.000,561.680,-0.170",,,,,,,,
"1525,through,562.020,562.390,0.370,0.000,561.680,0.340",,,,,,,,
"1526,the,562.390,562.540,0.150,0.000,561.680,0.710",,,,,,,,
"1527,tree,562.540,562.740,0.200,0.000,561.680,0.860",,,,,,,,
"1528,line,562.740,562.920,0.180,0.000,561.680,1.060",,,,,,,,
"1529,into,562.920,563.420,0.500,0.000,561.680,1.240",,,,,,,,
"1530,heavier,563.420,563.550,0.130,0.000,561.680,1.740",,,,,,,,
"1531,timber,563.550,563.850,0.300,0.000,564.180,-0.630",,,,,,,,
"1532,and,563.970,564.100,0.130,0.120,564.180,-0.210",,,,,,,,
"1533,the,564.100,564.250,0.150,0.000,564.180,-0.080",,,,,,,,
"1534,animals,564.250,564.620,0.370,0.000,564.180,0.070",,,,,,,,
"1535,are,564.620,564.770,0.150,0.000,564.180,0.440",,,,,,,,
"1536,already,564.770,565.140,0.370,0.000,564.180,0.590",,,,,,,,
"1537,gone,565.140,565.350,0.210,0.000,564.180,0.960",,,,,,,,
"1538,ahead,565.350,565.590,0.240,0.000,564.180,1.170",,,,,,,,
"1539,of,565.590,565.790,0.200,0.000,564.180,1.410",,,,,,,,
"1540,you,565.790,565.860,0.070,0.000,564.180,1.610",,,,,,,,
"1541,into,565.860,566.170,0.310,0.000,564.180,1.680",,,,,,,,
"1542,the,566.170,566.220,0.050,0.000,564.180,1.990",,,,,,,,
"1543,dark,566.220,566.430,0.210,0.000,564.180,2.040",,,,,,,,
"1544,Yar,567.140,567.330,0.190,0.710,567.380,-0.240",,,,,,,,
"1545,row,567.330,567.550,0.220,0.000,567.380,-0.050",,,,,,,,
"1546,signals,567.550,568.420,0.870,0.000,567.380,0.170",,,,,,,,
"1547,to,568.420,568.480,0.060,0.000,567.380,1.040",,,,,,,,
"1548,stop,568.480,568.780,0.300,0.000,569.800,-1.320",,,,,,,,
"1549,You,569.050,569.320,0.270,0.270,569.800,-0.750",,,,,,,,
"1550,both,569.320,569.680,0.360,0.000,569.800,-0.480",,,,,,,,
"1551,go,569.680,569.860,0.180,0.000,569.800,-0.120",,,,,,,,
"1552,still,569.860,570.360,0.500,0.000,569.800,0.060",,,,,,,,
"1553,You,570.590,571.210,0.620,0.230,571.360,-0.770",,,,,,,,
"1554,listen,571.210,571.410,0.200,0.000,571.360,-0.150",,,,,,,,
"1555,What,571.680,572.030,0.350,0.270,572.620,-0.940",,,,,,,,
"1556,you,572.030,572.270,0.240,0.000,572.620,-0.590",,,,,,,,
"1557,hear,572.270,573.020,0.750,0.000,572.620,-0.350",,,,,,,,
"1558,instead,573.020,573.310,0.290,0.000,572.620,0.400",,,,,,,,
"1559,of,573.310,573.490,0.180,0.000,572.620,0.690",,,,,,,,
"1560,au,573.490,573.670,0.180,0.000,572.620,0.870",,,,,,,,
"1561,ro,573.670,574.060,0.390,0.000,572.620,1.050",,,,,,,,
"1562,chs,574.060,574.240,0.180,0.000,572.620,1.440",,,,,,,,
"1563,is,574.240,574.700,0.460,0.000,574.600,-0.360",,,,,,,,
"1564,something,574.700,575.000,0.300,0.000,574.600,0.100",,,,,,,,
"1565,low,575.000,575.230,0.230,0.000,574.600,0.400",,,,,,,,
"1566,and,575.230,575.460,0.230,0.000,574.600,0.630",,,,,,,,
"1567,close,575.460,575.600,0.140,0.000,574.600,0.860",,,,,,,,
"1568,to,575.600,576.000,0.400,0.000,574.600,1.000",,,,,,,,
"1569,the,576.000,576.420,0.420,0.000,574.600,1.400",,,,,,,,
"1570,ground,576.420,576.690,0.270,0.000,574.600,1.820",,,,,,,,
"1571,A,576.950,576.990,0.040,0.260,577.800,-0.850",,,,,,,,
"1572,breathing,576.990,577.690,0.700,0.000,577.800,-0.810",,,,,,,,
"1573,that,577.690,578.040,0.350,0.000,577.800,-0.110",,,,,,,,
"1574,belongs,578.040,578.540,0.500,0.000,577.800,0.240",,,,,,,,
"1575,to,578.540,579.150,0.610,0.000,577.800,0.740",,,,,,,,
"1576,neither,579.150,579.230,0.080,0.000,577.800,1.350",,,,,,,,
"1577,of,579.230,579.380,0.150,0.000,577.800,1.430",,,,,,,,
"1578,you,579.380,579.610,0.230,0.000,577.800,1.580",,,,,,,,
"1579,You,579.840,580.070,0.230,0.230,580.380,-0.540",,,,,,,,
"1580,cannot,580.070,580.960,0.890,0.000,580.380,-0.310",,,,,,,,
"1581,locate,580.960,580.990,0.030,0.000,580.380,0.580",,,,,,,,
"1582,it,580.990,581.260,0.270,0.000,580.380,0.610",,,,,,,,
"1583,in,581.260,581.340,0.080,0.000,580.380,0.880",,,,,,,,
"1584,the,581.340,581.610,0.270,0.000,580.380,0.960",,,,,,,,
"1585,trees,581.610,582.060,0.450,0.000,582.560,-0.950",,,,,,,,
"1586,You,582.330,582.740,0.410,0.270,582.560,-0.230",,,,,,,,
"1587,do,582.740,582.790,0.050,0.000,582.560,0.180",,,,,,,,
"1588,not,582.790,583.060,0.270,0.000,582.560,0.230",,,,,,,,
"1589,move,583.060,583.420,0.360,0.000,582.560,0.500",,,,,,,,
"1590,Yar,583.700,583.960,0.260,0.280,583.980,-0.280",,,,,,,,
"1591,row,583.960,584.230,0.270,0.000,583.980,-0.020",,,,,,,,
"1592,does,584.230,584.640,0.410,0.000,583.980,0.250",,,,,,,,
"1593,not,584.640,584.860,0.220,0.000,583.980,0.660",,,,,,,,
"1594,move,584.860,585.490,0.630,0.000,586.500,-1.640",,,,,,,,
"1595,The,585.490,585.760,0.270,0.000,586.500,-1.010",,,,,,,,
"1596,breathing,585.760,586.490,0.730,0.000,586.500,-0.740",,,,,,,,
"1597,stops,586.490,587.300,0.810,0.000,586.500,-0.010",,,,,,,,
"1598,Three,587.320,587.870,0.550,0.020,588.180,-0.860",,,,,,,,
"1599,seconds,587.870,588.420,0.550,0.000,588.180,-0.310",,,,,,,,
"1600,Then,588.810,589.680,0.870,0.390,590.140,-1.330",,,,,,,,
"1601,Yar,589.680,590.200,0.520,0.000,590.140,-0.460",,,,,,,,
"1602,row,590.200,590.770,0.570,0.000,590.140,0.060",,,,,,,,
"1603,shifts,590.770,591.190,0.420,0.000,590.140,0.630",,,,,,,,
"1604,his,591.190,591.380,0.190,0.000,590.140,1.050",,,,,,,,
"1605,weight,591.460,591.850,0.390,0.080,590.140,1.320",,,,,,,,
"1606,back,591.850,591.980,0.130,0.000,590.140,1.710",,,,,,,,
"1607,one,592.310,592.780,0.470,0.330,590.140,2.170",,,,,,,,
"1608,foot,592.780,592.900,0.120,0.000,590.140,2.640",,,,,,,,
"1609,at,592.900,593.010,0.110,0.000,590.140,2.760",,,,,,,,
"1610,a,593.010,593.080,0.070,0.000,590.140,2.870",,,,,,,,
"1611,time,593.080,593.390,0.310,0.000,593.600,-0.520",,,,,,,,
"1612,and,593.550,593.770,0.220,0.160,593.600,-0.050",,,,,,,,
"1613,you,593.770,594.000,0.230,0.000,593.600,0.170",,,,,,,,
"1614,mirror,594.000,594.470,0.470,0.000,593.600,0.400",,,,,,,,
"1615,him,594.470,594.700,0.230,0.000,593.600,0.870",,,,,,,,
"1616,exactly,594.700,595.480,0.780,0.000,596.400,-1.700",,,,,,,,
"1617,You,595.530,595.710,0.180,0.050,596.400,-0.870",,,,,,,,
"1618,walk,595.710,596.020,0.310,0.000,596.400,-0.690",,,,,,,,
"1619,backward,596.020,596.570,0.550,0.000,596.400,-0.380",,,,,,,,
"1620,out,596.570,596.900,0.330,0.000,596.400,0.170",,,,,,,,
"1621,of,596.900,597.260,0.360,0.000,596.400,0.500",,,,,,,,
"1622,the,597.260,597.340,0.080,0.000,596.400,0.860",,,,,,,,
"1623,forest,597.340,597.920,0.580,0.000,596.400,0.940",,,,,,,,
"1624,with,597.920,598.140,0.220,0.000,596.400,1.520",,,,,,,,
"1625,your,598.140,598.370,0.230,0.000,596.400,1.740",,,,,,,,
"1626,spear,598.370,598.630,0.260,0.000,596.400,1.970",,,,,,,,
"1627,forward,598.630,599.020,0.390,0.000,596.400,2.230",,,,,,,,
"1628,and,599.020,599.450,0.430,0.000,599.420,-0.400",,,,,,,,
"1629,your,599.450,599.550,0.100,0.000,599.420,0.030",,,,,,,,
"1630,free,599.550,599.690,0.140,0.000,599.420,0.130",,,,,,,,
"1631,hand,599.690,599.910,0.220,0.000,599.420,0.270",,,,,,,,
"1632,tra,599.910,600.090,0.180,0.000,599.420,0.490",,,,,,,,
"1633,iling,600.090,600.360,0.270,0.000,599.420,0.670",,,,,,,,
"1634,behind,600.360,600.700,0.340,0.000,599.420,0.940",,,,,,,,
"1635,you,600.700,600.870,0.170,0.000,599.420,1.280",,,,,,,,
"1636,to,600.870,600.980,0.110,0.000,599.420,1.450",,,,,,,,
"1637,feel,600.980,601.210,0.230,0.000,599.420,1.560",,,,,,,,
"1638,for,601.210,601.440,0.230,0.000,599.420,1.790",,,,,,,,
"1639,the,601.440,601.550,0.110,0.000,599.420,2.020",,,,,,,,
"1640,tree,601.550,601.750,0.200,0.000,599.420,2.130",,,,,,,,
"1641,line,601.750,602.240,0.490,0.000,603.580,-1.830",,,,,,,,
"1642,You,602.300,602.880,0.580,0.060,603.580,-1.280",,,,,,,,
"1643,reach,602.880,603.960,1.080,0.000,603.580,-0.700",,,,,,,,
"1644,the,603.960,604.170,0.210,0.000,603.580,0.380",,,,,,,,
"1645,open,604.170,604.460,0.290,0.000,603.580,0.590",,,,,,,,
"1646,me,604.460,604.510,0.050,0.000,603.580,0.880",,,,,,,,
"1647,adow,604.510,604.890,0.380,0.000,605.040,-0.530",,,,,,,,
"1648,and,605.040,605.370,0.330,0.150,605.040,0.000",,,,,,,,
"1649,you,605.370,605.490,0.120,0.000,605.040,0.330",,,,,,,,
"1650,both,605.490,605.770,0.280,0.000,605.040,0.450",,,,,,,,
"1651,run,605.770,605.990,0.220,0.000,606.420,-0.650",,,,,,,,
"1652,Not,606.200,606.420,0.220,0.210,606.420,-0.220",,,,,,,,
"1653,deciding,606.420,607.000,0.580,0.000,606.420,0.000",,,,,,,,
"1654,to,607.000,607.260,0.260,0.000,606.420,0.580",,,,,,,,
"1655,run,607.260,607.360,0.100,0.000,606.420,0.840",,,,,,,,
"1656,just,607.500,608.110,0.610,0.140,607.880,-0.380",,,,,,,,
"1657,running,608.110,608.300,0.190,0.000,607.880,0.230",,,,,,,,
"1658,You,608.530,608.730,0.200,0.230,609.080,-0.550",,,,,,,,
"1659,return,608.730,609.150,0.420,0.000,609.080,-0.350",,,,,,,,
"1660,to,609.150,609.270,0.120,0.000,609.080,0.070",,,,,,,,
"1661,the,609.270,609.650,0.380,0.000,609.080,0.190",,,,,,,,
"1662,main,609.650,609.920,0.270,0.000,609.080,0.570",,,,,,,,
"1663,group,609.920,610.260,0.340,0.000,609.080,0.840",,,,,,,,
"1664,and,610.260,610.480,0.220,0.000,609.080,1.180",,,,,,,,
"1665,report,610.480,610.930,0.450,0.000,609.080,1.400",,,,,,,,
"1666,The,611.140,611.200,0.060,0.210,611.660,-0.520",,,,,,,,
"1667,hunt,611.200,611.900,0.700,0.000,611.660,-0.460",,,,,,,,
"1668,leader,611.900,612.120,0.220,0.000,611.660,0.240",,,,,,,,
"1669,listens,612.120,612.650,0.530,0.000,611.660,0.460",,,,,,,,
"1670,and,612.650,612.850,0.200,0.000,611.660,0.990",,,,,,,,
"1671,sends,612.850,613.230,0.380,0.000,611.660,1.190",,,,,,,,
"1672,nobody,613.230,613.780,0.550,0.000,611.660,1.570",,,,,,,,
"1673,back,613.780,613.980,0.200,0.000,614.500,-0.720",,,,,,,,
"1674,The,614.220,614.570,0.350,0.240,614.500,-0.280",,,,,,,,
"1675,au,614.570,614.630,0.060,0.000,614.500,0.070",,,,,,,,
"1676,ro,614.630,614.720,0.090,0.000,614.500,0.130",,,,,,,,
"1677,chs,614.720,615.050,0.330,0.000,614.500,0.220",,,,,,,,
"1678,are,615.050,615.160,0.110,0.000,614.500,0.550",,,,,,,,
"1679,gone,615.160,615.450,0.290,0.000,614.500,0.660",,,,,,,,
"1680,Whatever,615.680,616.440,0.760,0.230,616.340,-0.660",,,,,,,,
"1681,shared,616.440,616.730,0.290,0.000,616.340,0.100",,,,,,,,
"1682,that,616.730,617.120,0.390,0.000,616.340,0.390",,,,,,,,
"1683,timber,617.120,617.340,0.220,0.000,616.340,0.780",,,,,,,,
"1684,with,617.420,617.580,0.160,0.080,616.340,1.080",,,,,,,,
"1685,you,617.580,617.760,0.180,0.000,616.340,1.240",,,,,,,,
"1686,was,617.760,617.930,0.170,0.000,616.340,1.420",,,,,,,,
"1687,not,617.930,617.990,0.060,0.000,616.340,1.590",,,,,,,,
"1688,worth,617.990,618.740,0.750,0.000,616.340,1.650",,,,,,,,
"1689,finding,618.740,618.870,0.130,0.000,616.340,2.400",,,,,,,,
"1690,That,619.030,619.290,0.260,0.160,619.720,-0.690",,,,,,,,
"1691,night,619.290,619.570,0.280,0.000,619.720,-0.430",,,,,,,,
"1692,by,619.570,619.700,0.130,0.000,619.720,-0.150",,,,,,,,
"1693,the,619.700,619.880,0.180,0.000,619.720,-0.020",,,,,,,,
"1694,fire,619.880,620.110,0.230,0.000,619.720,0.160",,,,,,,,
"1695,you,620.230,620.410,0.180,0.120,619.720,0.510",,,,,,,,
"1696,think,620.410,620.710,0.300,0.000,619.720,0.690",,,,,,,,
"1697,about,620.710,621.160,0.450,0.000,619.720,0.990",,,,,,,,
"1698,the,621.160,621.490,0.330,0.000,619.720,1.440",,,,,,,,
"1699,three,621.490,621.500,0.010,0.000,619.720,1.770",,,,,,,,
"1700,seconds,621.500,622.040,0.540,0.000,619.720,1.780",,,,,,,,
"1701,after,622.040,622.310,0.270,0.000,619.720,2.320",,,,,,,,
"1702,the,622.310,622.480,0.170,0.000,619.720,2.590",,,,,,,,
"1703,breathing,622.480,622.980,0.500,0.000,619.720,2.760",,,,,,,,
"1704,stopped,622.980,623.570,0.590,0.000,623.940,-0.960",,,,,,,,
"1705,Something,623.900,624.430,0.530,0.330,623.940,-0.040",,,,,,,,
"1706,in,624.430,624.510,0.080,0.000,623.940,0.490",,,,,,,,
"1707,the,624.510,624.710,0.200,0.000,623.940,0.570",,,,,,,,
"1708,dark,624.710,625.020,0.310,0.000,623.940,0.770",,,,,,,,
"1709,assessed,625.020,625.520,0.500,0.000,623.940,1.080",,,,,,,,
"1710,you,625.520,625.780,0.260,0.000,623.940,1.580",,,,,,,,
"1711,and,625.780,625.920,0.140,0.000,623.940,1.840",,,,,,,,
"1712,made,625.920,626.240,0.320,0.000,623.940,1.980",,,,,,,,
"1713,a,626.240,626.630,0.390,0.000,627.180,-0.940",,,,,,,,
"1714,decision,626.630,626.790,0.160,0.000,627.180,-0.550",,,,,,,,
"1715,You,627.050,627.190,0.140,0.260,627.180,-0.130",,,,,,,,
"1716,do,627.190,627.320,0.130,0.000,627.180,0.010",,,,,,,,
"1717,not,627.320,627.520,0.200,0.000,627.180,0.140",,,,,,,,
"1718,know,627.520,627.780,0.260,0.000,627.180,0.340",,,,,,,,
"1719,what,627.780,628.060,0.280,0.000,627.180,0.600",,,,,,,,
"1720,it,628.060,628.320,0.260,0.000,627.180,0.880",,,,,,,,
"1721,decided,628.320,628.850,0.530,0.000,627.180,1.140",,,,,,,,
"1722,or,628.850,629.010,0.160,0.000,629.160,-0.310",,,,,,,,
"1723,why,629.010,629.100,0.090,0.000,629.160,-0.150",,,,,,,,
"1724,You,629.700,629.740,0.040,0.600,630.620,-0.920",,,,,,,,
"1725,only,629.740,630.010,0.270,0.000,630.620,-0.880",,,,,,,,
"1726,know,630.010,630.320,0.310,0.000,630.620,-0.610",,,,,,,,
"1727,you,630.320,630.550,0.230,0.000,630.620,-0.300",,,,,,,,
"1728,are,630.550,630.780,0.230,0.000,630.620,-0.070",,,,,,,,
"1729,at,630.780,630.930,0.150,0.000,630.620,0.160",,,,,,,,
"1730,the,630.930,631.160,0.230,0.000,630.620,0.310",,,,,,,,
"1731,fire,631.160,631.470,0.310,0.000,630.620,0.540",,,,,,,,
"1732,because,631.470,632.470,1.000,0.000,630.620,0.850",,,,,,,,
"1733,whatever,632.470,632.630,0.160,0.000,630.620,1.850",,,,,,,,
"1734,it,632.630,632.890,0.260,0.000,630.620,2.010",,,,,,,,
"1735,was,632.890,633.010,0.120,0.000,630.620,2.270",,,,,,,,
"1736,let,633.010,633.240,0.230,0.000,630.620,2.390",,,,,,,,
"1737,you,633.240,633.470,0.230,0.000,630.620,2.620",,,,,,,,
"1738,leave,633.470,633.860,0.390,0.000,630.620,2.850",,,,,,,,
"1739,That,634.280,634.850,0.570,0.420,634.940,-0.660",,,,,,,,
"1740,is,634.850,635.320,0.470,0.000,634.940,-0.090",,,,,,,,
"1741,a,635.320,635.360,0.040,0.000,634.940,0.380",,,,,,,,
"1742,different,635.360,635.940,0.580,0.000,634.940,0.420",,,,,,,,
"1743,kind,635.940,636.010,0.070,0.000,634.940,1.000",,,,,,,,
"1744,of,636.010,636.760,0.750,0.000,634.940,1.070",,,,,,,,
"1745,knowledge,636.760,636.930,0.170,0.000,634.940,1.820",,,,,,,,
"1746,than,636.930,637.190,0.260,0.000,634.940,1.990",,,,,,,,
"1747,anything,637.190,637.720,0.530,0.000,634.940,2.250",,,,,,,,
"1748,you,637.720,637.920,0.200,0.000,638.960,-1.240",,,,,,,,
"1749,were,637.920,638.170,0.250,0.000,638.960,-1.040",,,,,,,,
"1750,taught,638.170,638.660,0.490,0.000,638.960,-0.790",,,,,,,,
"1751,It,638.750,638.880,0.130,0.090,638.960,-0.210",,,,,,,,
"1752,does,638.880,639.090,0.210,0.000,638.960,-0.080",,,,,,,,
"1753,not,639.090,639.510,0.420,0.000,638.960,0.130",,,,,,,,
"1754,sit,639.510,639.520,0.010,0.000,638.960,0.550",,,,,,,,
"1755,in,639.520,639.650,0.130,0.000,638.960,0.560",,,,,,,,
"1756,the,639.650,639.930,0.280,0.000,638.960,0.690",,,,,,,,
"1757,same,639.930,640.100,0.170,0.000,638.960,0.970",,,,,,,,
"1758,place,640.100,640.430,0.330,0.000,638.960,1.140",,,,,,,,
"1759,You,641.300,641.320,0.020,0.870,641.620,-0.320",,,,,,,,
"1760,get,641.320,641.860,0.540,0.000,641.620,-0.300",,,,,,,,
"1761,quieter,641.940,642.340,0.400,0.080,641.620,0.320",,,,,,,,
"1762,after,642.340,642.480,0.140,0.000,641.620,0.720",,,,,,,,
"1763,that,642.480,642.950,0.470,0.000,643.320,-0.840",,,,,,,,
"1764,Not,643.260,643.390,0.130,0.310,643.320,-0.060",,,,,,,,
"1765,afraid,643.390,643.810,0.420,0.000,643.320,0.070",,,,,,,,
"1766,but,643.890,644.090,0.200,0.080,644.300,-0.410",,,,,,,,
"1767,rearr,644.090,644.430,0.340,0.000,644.300,-0.210",,,,,,,,
"1768,anged,644.430,644.770,0.340,0.000,644.300,0.130",,,,,,,,
"1769,inside,644.770,645.180,0.410,0.000,644.300,0.470",,,,,,,,
"1770,You,645.470,646.010,0.540,0.290,646.900,-1.430",,,,,,,,
"1771,understand,646.010,646.850,0.840,0.000,646.900,-0.890",,,,,,,,
"1772,that,646.850,647.820,0.970,0.000,646.900,-0.050",,,,,,,,
"1773,surviving,647.820,648.290,0.470,0.000,646.900,0.920",,,,,,,,
"1774,is,648.290,648.500,0.210,0.000,646.900,1.390",,,,,,,,
"1775,not,648.500,648.860,0.360,0.000,646.900,1.600",,,,,,,,
"1776,only,648.860,649.260,0.400,0.000,646.900,1.960",,,,,,,,
"1777,about,649.260,649.590,0.330,0.000,646.900,2.360",,,,,,,,
"1778,what,649.590,649.780,0.190,0.000,646.900,2.690",,,,,,,,
"1779,you,649.780,650.000,0.220,0.000,646.900,2.880",,,,,,,,
"1780,do,650.000,650.140,0.140,0.000,646.900,3.100",,,,,,,,
"1781,There,650.360,650.710,0.350,0.220,651.000,-0.640",,,,,,,,
"1782,is,650.710,650.860,0.150,0.000,651.000,-0.290",,,,,,,,
"1783,a,650.860,651.180,0.320,0.000,651.000,-0.140",,,,,,,,
"1784,space,651.180,651.330,0.150,0.000,651.000,0.180",,,,,,,,
"1785,between,651.330,651.800,0.470,0.000,651.000,0.330",,,,,,,,
"1786,your,651.800,652.090,0.290,0.000,651.000,0.800",,,,,,,,
"1787,action,652.090,652.530,0.440,0.000,651.000,1.090",,,,,,,,
"1788,and,652.530,652.820,0.290,0.000,653.020,-0.490",,,,,,,,
"1789,something,652.820,653.380,0.560,0.000,653.020,-0.200",,,,,,,,
"1790,else,653.380,653.690,0.310,0.000,653.020,0.360",,,,,,,,
"1791,'s,653.690,653.930,0.240,0.000,653.020,0.670",,,,,,,,
"1792,action,653.930,654.350,0.420,0.000,654.720,-0.790",,,,,,,,
"1793,And,654.500,654.720,0.220,0.150,654.720,-0.220",,,,,,,,
"1794,in,654.720,654.860,0.140,0.000,654.720,0.000",,,,,,,,
"1795,that,654.860,655.090,0.230,0.000,654.720,0.140",,,,,,,,
"1796,space,655.090,655.740,0.650,0.000,654.720,0.370",,,,,,,,
"1797,lives,655.740,656.020,0.280,0.000,654.720,1.020",,,,,,,,
"1798,an,656.020,656.220,0.200,0.000,654.720,1.300",,,,,,,,
"1799,element,656.220,656.710,0.490,0.000,654.720,1.500",,,,,,,,
"1800,that,656.710,656.840,0.130,0.000,654.720,1.990",,,,,,,,
"1801,no,656.840,657.580,0.740,0.000,654.720,2.120",,,,,,,,
"1802,amount,657.580,657.630,0.050,0.000,654.720,2.860",,,,,,,,
"1803,of,657.630,657.750,0.120,0.000,654.720,2.910",,,,,,,,
"1804,skill,657.750,658.080,0.330,0.000,654.720,3.030",,,,,,,,
"1805,removes,658.080,658.580,0.500,0.000,654.720,3.360",,,,,,,,
"1806,entirely,658.580,659.260,0.680,0.000,659.820,-1.240",,,,,,,,
"1807,You,659.370,659.580,0.210,0.110,659.820,-0.450",,,,,,,,
"1808,do,659.580,659.720,0.140,0.000,659.820,-0.240",,,,,,,,
"1809,not,659.720,659.960,0.240,0.000,659.820,-0.100",,,,,,,,
"1810,say,659.960,660.370,0.410,0.000,659.820,0.140",,,,,,,,
"1811,this,660.370,660.430,0.060,0.000,659.820,0.550",,,,,,,,
"1812,to,660.430,660.570,0.140,0.000,659.820,0.610",,,,,,,,
"1813,anyone,660.570,661.000,0.430,0.000,659.820,0.750",,,,,,,,
"1814,for,661.000,661.210,0.210,0.000,659.820,1.180",,,,,,,,
"1815,a,661.210,661.280,0.070,0.000,659.820,1.390",,,,,,,,
"1816,long,661.280,661.530,0.250,0.000,659.820,1.460",,,,,,,,
"1817,time,661.530,662.180,0.650,0.000,662.940,-1.410",,,,,,,,
"1818,You,662.180,663.220,1.040,0.000,662.940,-0.760",,,,,,,,
"1819,carry,663.220,663.440,0.220,0.000,662.940,0.280",,,,,,,,
"1820,it,663.520,663.630,0.110,0.080,662.940,0.580",,,,,,,,
"1821,Level,663.910,664.070,0.160,0.280,665.000,-1.090",,,,,,,,
"1822,6,664.070,664.840,0.770,0.000,665.000,-0.930",,,,,,,,
"1823,The,664.970,665.220,0.250,0.130,665.000,-0.030",,,,,,,,
"1824,one,665.220,665.500,0.280,0.000,665.000,0.220",,,,,,,,
"1825,they,665.500,665.870,0.370,0.000,666.400,-0.900",,,,,,,,
"1826,follow,665.870,666.480,0.610,0.000,666.400,-0.530",,,,,,,,
"1827,you,666.610,666.890,0.280,0.130,666.400,0.210",,,,,,,,
"1828,are,666.890,667.590,0.700,0.000,667.640,-0.750",,,,,,,,
"1829,33,667.590,667.730,0.140,0.000,667.640,-0.050",,,,,,,,
"1830,You,668.010,668.290,0.280,0.280,667.640,0.370",,,,,,,,
"1831,lead,668.290,668.650,0.360,0.000,667.640,0.650",,,,,,,,
"1832,the,668.650,669.400,0.750,0.000,669.400,-0.750",,,,,,,,
"1833,night,669.400,669.410,0.010,0.000,669.400,0.000",,,,,,,,
"1834,sc,669.410,669.600,0.190,0.000,669.400,0.010",,,,,,,,
"1835,outs,669.600,669.970,0.370,0.000,669.400,0.200",,,,,,,,
"1836,now,669.970,670.440,0.470,0.000,669.400,0.570",,,,,,,,
"1837,Four,670.530,670.900,0.370,0.090,671.480,-0.950",,,,,,,,
"1838,of,670.900,671.090,0.190,0.000,671.480,-0.580",,,,,,,,
"1839,them,671.090,671.460,0.370,0.000,671.480,-0.390",,,,,,,,
"1840,besides,671.460,672.260,0.800,0.000,671.480,-0.020",,,,,,,,
"1841,yourself,672.260,672.950,0.690,0.000,671.480,0.780",,,,,,,,
"1842,ranging,673.660,673.710,0.050,0.710,671.480,2.180",,,,,,,,
"1843,from,673.710,674.050,0.340,0.000,671.480,2.230",,,,,,,,
"1844,17,674.050,674.560,0.510,0.000,671.480,2.570",,,,,,,,
"1845,to,674.560,674.730,0.170,0.000,671.480,3.080",,,,,,,,
"1846,24,674.730,675.300,0.570,0.000,676.000,-1.270",,,,,,,,
"1847,They,675.560,675.830,0.270,0.260,676.000,-0.440",,,,,,,,
"1848,are,675.830,676.080,0.250,0.000,676.000,-0.170",,,,,,,,
"1849,not,676.080,676.410,0.330,0.000,676.000,0.080",,,,,,,,
"1850,yours,676.410,676.830,0.420,0.000,676.000,0.410",,,,,,,,
"1851,in,676.830,676.930,0.100,0.000,676.000,0.830",,,,,,,,
"1852,any,676.930,677.180,0.250,0.000,676.000,0.930",,,,,,,,
"1853,formal,677.180,677.950,0.770,0.000,676.000,1.180",,,,,,,,
"1854,sense,677.950,678.220,0.270,0.000,676.000,1.950",,,,,,,,
"1855,There,678.370,678.790,0.420,0.150,678.900,-0.530",,,,,,,,
"1856,is,678.790,678.970,0.180,0.000,678.900,-0.110",,,,,,,,
"1857,no,678.970,679.260,0.290,0.000,678.900,0.070",,,,,,,,
"1858,formal,679.260,679.650,0.390,0.000,678.900,0.360",,,,,,,,
"1859,sense,679.650,680.200,0.550,0.000,678.900,0.750",,,,,,,,
"1860,here,680.200,680.370,0.170,0.000,678.900,1.300",,,,,,,,
"1861,But,681.080,681.160,0.080,0.710,681.500,-0.420",,,,,,,,
"1862,when,681.160,681.200,0.040,0.000,681.500,-0.340",,,,,,,,
"1863,you,681.200,681.500,0.300,0.000,681.500,-0.300",,,,,,,,
"1864,slow,681.500,681.630,0.130,0.000,681.500,0.000",,,,,,,,
"1865,they,682.480,682.500,0.020,0.850,683.060,-0.580",,,,,,,,
"1866,slow,682.500,682.900,0.400,0.000,683.060,-0.560",,,,,,,,
"1867,When,683.200,683.620,0.420,0.300,683.060,0.140",,,,,,,,
"1868,you,683.620,683.900,0.280,0.000,684.440,-0.820",,,,,,,,
"1869,stop,683.900,684.380,0.480,0.000,684.440,-0.540",,,,,,,,
"1870,they,684.500,685.230,0.730,0.120,685.540,-1.040",,,,,,,,
"1871,stop,685.230,685.300,0.070,0.000,685.540,-0.310",,,,,,,,
"1872,When,685.650,686.000,0.350,0.350,687.100,-1.450",,,,,,,,
"1873,you,686.000,686.280,0.280,0.000,687.100,-1.100",,,,,,,,
"1874,speak,686.280,687.000,0.720,0.000,687.100,-0.820",,,,,,,,
"1875,at,687.000,687.040,0.040,0.000,687.100,-0.100",,,,,,,,
"1876,the,687.040,687.300,0.260,0.000,687.100,-0.060",,,,,,,,
"1877,fire,687.300,687.690,0.390,0.000,687.100,0.200",,,,,,,,
"1878,before,687.690,688.300,0.610,0.000,687.100,0.590",,,,,,,,
"1879,a,688.300,688.470,0.170,0.000,687.100,1.200",,,,,,,,
"1880,hard,688.470,688.880,0.410,0.000,687.100,1.370",,,,,,,,
"1881,night,688.880,689.140,0.260,0.000,687.100,1.780",,,,,,,,
"1882,their,689.660,689.820,0.160,0.520,689.640,0.020",,,,,,,,
"1883,attention,689.820,690.250,0.430,0.000,689.640,0.180",,,,,,,,
"1884,is,690.250,690.310,0.060,0.000,689.640,0.610",,,,,,,,
"1885,different,690.310,690.960,0.650,0.000,689.640,0.670",,,,,,,,
"1886,from,690.960,691.000,0.040,0.000,689.640,1.320",,,,,,,,
"1887,what,691.000,691.150,0.150,0.000,689.640,1.360",,,,,,,,
"1888,they,691.150,691.340,0.190,0.000,689.640,1.510",,,,,,,,
"1889,give,691.340,691.530,0.190,0.000,689.640,1.700",,,,,,,,
"1890,anyone,691.530,691.820,0.290,0.000,689.640,1.890",,,,,,,,
"1891,else,691.820,692.010,0.190,0.000,689.640,2.180",,,,,,,,
"1892,You,692.220,692.620,0.400,0.210,693.520,-1.300",,,,,,,,
"1893,did,692.620,692.900,0.280,0.000,693.520,-0.900",,,,,,,,
"1894,not,692.900,693.200,0.300,0.000,693.520,-0.620",,,,,,,,
"1895,ask,693.200,693.730,0.530,0.000,693.520,-0.320",,,,,,,,
"1896,for,693.730,693.920,0.190,0.000,693.520,0.210",,,,,,,,
"1897,this,693.920,694.370,0.450,0.000,693.520,0.400",,,,,,,,
"1898,You,694.720,695.270,0.550,0.350,695.120,-0.400",,,,,,,,
"1899,are,695.270,695.540,0.270,0.000,695.120,0.150",,,,,,,,
"1900,sure,695.540,695.820,0.280,0.000,695.120,0.420",,,,,,,,
"1901,when,695.820,696.090,0.270,0.000,695.120,0.700",,,,,,,,
"1902,it,696.090,696.240,0.150,0.000,695.120,0.970",,,,,,,,
"1903,started,696.240,696.930,0.690,0.000,697.540,-1.300",,,,,,,,
"1904,The,696.960,697.170,0.210,0.030,697.540,-0.580",,,,,,,,
"1905,weight,697.170,697.560,0.390,0.000,697.540,-0.370",,,,,,,,
"1906,of,697.560,697.710,0.150,0.000,697.540,0.020",,,,,,,,
"1907,it,697.710,697.840,0.130,0.000,697.540,0.170",,,,,,,,
"1908,is,697.840,697.980,0.140,0.000,697.540,0.300",,,,,,,,
"1909,not,697.980,698.190,0.210,0.000,697.540,0.440",,,,,,,,
"1910,the,698.190,698.400,0.210,0.000,697.540,0.650",,,,,,,,
"1911,same,698.400,698.680,0.280,0.000,697.540,0.860",,,,,,,,
"1912,as,698.680,698.840,0.160,0.000,697.540,1.140",,,,,,,,
"1913,the,698.840,699.030,0.190,0.000,697.540,1.300",,,,,,,,
"1914,fear,699.030,699.290,0.260,0.000,697.540,1.490",,,,,,,,
"1915,from,699.290,699.690,0.400,0.000,697.540,1.750",,,,,,,,
"1916,your,699.690,699.870,0.180,0.000,697.540,2.150",,,,,,,,
"1917,younger,699.870,700.360,0.490,0.000,697.540,2.330",,,,,,,,
"1918,years,700.360,700.710,0.350,0.000,697.540,2.820",,,,,,,,
"1919,That,701.500,701.740,0.240,0.790,701.580,-0.080",,,,,,,,
"1920,fear,701.740,702.140,0.400,0.000,701.580,0.160",,,,,,,,
"1921,was,702.140,702.390,0.250,0.000,701.580,0.560",,,,,,,,
"1922,about,702.390,702.820,0.430,0.000,701.580,0.810",,,,,,,,
"1923,your,702.820,703.150,0.330,0.000,701.580,1.240",,,,,,,,
"1924,own,703.150,703.560,0.410,0.000,703.820,-0.670",,,,,,,,
"1925,body,703.560,703.770,0.210,0.000,703.820,-0.260",,,,,,,,
"1926,This,704.000,704.340,0.340,0.230,703.820,0.180",,,,,,,,
"1927,sits,704.340,704.680,0.340,0.000,703.820,0.520",,,,,,,,
"1928,differently,704.680,705.620,0.940,0.000,705.660,-0.980",,,,,,,,
"1929,It,705.880,706.060,0.180,0.260,705.660,0.220",,,,,,,,
"1930,is,706.060,706.290,0.230,0.000,705.660,0.400",,,,,,,,
"1931,about,706.290,706.710,0.420,0.000,707.840,-1.550",,,,,,,,
"1932,theirs,706.710,707.140,0.430,0.000,707.840,-1.130",,,,,,,,
"1933,Your,707.380,708.100,0.720,0.240,707.840,-0.460",,,,,,,,
"1934,youngest,708.100,708.430,0.330,0.000,707.840,0.260",,,,,,,,
"1935,scout,708.430,708.860,0.430,0.000,709.160,-0.730",,,,,,,,
"1936,is,708.860,709.140,0.280,0.000,709.160,-0.300",,,,,,,,
"1937,Fen,709.140,709.280,0.140,0.000,709.160,-0.020",,,,,,,,
"1938,He,709.660,710.610,0.950,0.380,710.480,-0.820",,,,,,,,
"1939,has,710.610,710.740,0.130,0.000,710.480,0.130",,,,,,,,
"1940,the,710.740,710.920,0.180,0.000,710.480,0.260",,,,,,,,
"1941,instincts,710.920,711.430,0.510,0.000,710.480,0.440",,,,,,,,
"1942,but,711.590,711.930,0.340,0.160,711.760,-0.170",,,,,,,,
"1943,his,711.930,712.330,0.400,0.000,711.760,0.170",,,,,,,,
"1944,feet,712.330,712.450,0.120,0.000,711.760,0.570",,,,,,,,
"1945,carry,712.450,712.870,0.420,0.000,711.760,0.690",,,,,,,,
"1946,his,712.870,713.040,0.170,0.000,711.760,1.110",,,,,,,,
"1947,excitement,713.040,713.780,0.740,0.000,711.760,1.280",,,,,,,,
"1948,on,713.780,713.960,0.180,0.000,711.760,2.020",,,,,,,,
"1949,runs,713.960,714.220,0.260,0.000,714.760,-0.800",,,,,,,,
"1950,Too,714.430,715.020,0.590,0.210,714.760,-0.330",,,,,,,,
"1951,quick,715.020,715.070,0.050,0.000,714.760,0.260",,,,,,,,
"1952,consistently,715.160,716.040,0.880,0.090,714.760,0.400",,,,,,,,
"1953,you,716.160,716.610,0.450,0.120,716.560,-0.400",,,,,,,,
"1954,watch,716.610,716.880,0.270,0.000,716.560,0.050",,,,,,,,
"1955,him,716.880,716.990,0.110,0.000,716.560,0.320",,,,,,,,
"1956,for,716.990,717.300,0.310,0.000,716.560,0.430",,,,,,,,
"1957,two,717.300,717.540,0.240,0.000,716.560,0.740",,,,,,,,
"1958,full,717.540,717.820,0.280,0.000,716.560,0.980",,,,,,,,
"1959,seasons,717.900,718.310,0.410,0.080,716.560,1.340",,,,,,,,
"1960,and,718.310,718.520,0.210,0.000,716.560,1.750",,,,,,,,
"1961,say,718.520,719.170,0.650,0.000,716.560,1.960",,,,,,,,
"1962,almost,719.170,719.240,0.070,0.000,716.560,2.610",,,,,,,,
"1963,nothing,719.240,719.670,0.430,0.000,720.320,-1.080",,,,,,,,
"1964,You,719.880,720.090,0.210,0.210,720.320,-0.440",,,,,,,,
"1965,let,720.090,720.300,0.210,0.000,720.320,-0.230",,,,,,,,
"1966,him,720.300,720.510,0.210,0.000,720.320,-0.020",,,,,,,,
"1967,see,720.510,720.720,0.210,0.000,720.320,0.190",,,,,,,,
"1968,the,720.720,720.930,0.210,0.000,720.320,0.400",,,,,,,,
"1969,contrast,720.930,721.590,0.660,0.000,720.320,0.610",,,,,,,,
"1970,Then,721.970,721.990,0.020,0.380,722.240,-0.270",,,,,,,,
"1971,one,722.130,722.390,0.260,0.140,722.240,-0.110",,,,,,,,
"1972,evening,722.390,722.810,0.420,0.000,722.240,0.150",,,,,,,,
"1973,before,722.810,723.340,0.530,0.000,722.240,0.570",,,,,,,,
"1974,run,723.340,723.780,0.440,0.000,722.240,1.100",,,,,,,,
"1975,you,723.800,723.940,0.140,0.020,722.240,1.560",,,,,,,,
"1976,tell,723.940,724.120,0.180,0.000,722.240,1.700",,,,,,,,
"1977,him,724.120,724.330,0.210,0.000,722.240,1.880",,,,,,,,
"1978,plain,724.330,724.710,0.380,0.000,722.240,2.090",,,,,,,,
"1979,ly,724.710,724.860,0.150,0.000,725.140,-0.430",,,,,,,,
"1980,slow,725.020,725.470,0.450,0.160,725.140,-0.120",,,,,,,,
"1981,is,725.470,725.540,0.070,0.000,725.140,0.330",,,,,,,,
"1982,not,725.540,725.690,0.150,0.000,725.140,0.400",,,,,,,,
"1983,about,725.690,726.070,0.380,0.000,725.140,0.550",,,,,,,,
"1984,the,726.070,726.290,0.220,0.000,725.140,0.930",,,,,,,,
"1985,danger,726.290,726.740,0.450,0.000,725.140,1.150",,,,,,,,
"1986,being,726.740,727.160,0.420,0.000,725.140,1.600",,,,,,,,
"1987,less,727.160,727.420,0.260,0.000,728.180,-1.020",,,,,,,,
"1988,Slow,727.640,727.850,0.210,0.220,728.180,-0.540",,,,,,,,
"1989,is,727.850,728.270,0.420,0.000,728.180,-0.330",,,,,,,,
"1990,about,728.270,728.470,0.200,0.000,728.180,0.090",,,,,,,,
"1991,being,728.470,728.850,0.380,0.000,728.180,0.290",,,,,,,,
"1992,harder,728.850,729.290,0.440,0.000,728.180,0.670",,,,,,,,
"1993,to,729.290,729.430,0.140,0.000,728.180,1.110",,,,,,,,
"1994,detect,729.430,730.080,0.650,0.000,728.180,1.250",,,,,,,,
"1995,after,731.660,731.740,0.080,1.580,731.760,-0.100",,,,,,,,
"1996,the,731.740,731.750,0.010,0.000,731.760,-0.020",,,,,,,,
"1997,decision,731.750,732.180,0.430,0.000,731.760,-0.010",,,,,,,,
"1998,has,732.180,733.080,0.900,0.000,731.760,0.420",,,,,,,,
"1999,already,733.080,733.370,0.290,0.000,731.760,1.320",,,,,,,,
"2000,been,733.370,733.730,0.360,0.000,731.760,1.610",,,,,,,,
"2001,made,733.730,734.090,0.360,0.000,731.760,1.970",,,,,,,,
"2002,Before,734.360,734.960,0.600,0.270,734.860,-0.500",,,,,,,,
"2003,that,734.960,735.240,0.280,0.000,734.860,0.100",,,,,,,,
"2004,moment,735.240,735.820,0.580,0.000,736.060,-0.820",,,,,,,,
"2005,slow,735.980,736.340,0.360,0.160,736.060,-0.080",,,,,,,,
"2006,is,736.340,736.520,0.180,0.000,736.060,0.280",,,,,,,,
"2007,the,736.520,736.820,0.300,0.000,736.060,0.460",,,,,,,,
"2008,sharp,736.820,736.970,0.150,0.000,736.060,0.760",,,,,,,,
"2009,est,736.970,737.180,0.210,0.000,736.060,0.910",,,,,,,,
"2010,thing,737.180,737.340,0.160,0.000,736.060,1.120",,,,,,,,
"2011,you,737.420,737.640,0.220,0.080,736.060,1.360",,,,,,,,
"2012,have,737.640,738.040,0.400,0.000,738.440,-0.800",,,,,,,,
"2013,On,738.210,738.740,0.530,0.170,738.440,-0.230",,,,,,,,
"2014,the,738.740,738.770,0.030,0.000,738.440,0.300",,,,,,,,
"2015,next,738.770,739.120,0.350,0.000,738.440,0.330",,,,,,,,
"2016,run,739.120,739.380,0.260,0.000,738.440,0.680",,,,,,,,
"2017,he,739.380,739.550,0.170,0.000,738.440,0.940",,,,,,,,
"2018,slows,739.550,739.990,0.440,0.000,740.380,-0.830",,,,,,,,
"2019,Not,740.250,740.510,0.260,0.260,740.380,-0.130",,,,,,,,
"2020,completely,740.510,741.490,0.980,0.000,741.860,-1.350",,,,,,,,
"2021,But,741.740,741.910,0.170,0.250,741.860,-0.120",,,,,,,,
"2022,you,741.910,742.040,0.130,0.000,741.860,0.050",,,,,,,,
"2023,can,742.040,742.190,0.150,0.000,741.860,0.180",,,,,,,,
"2024,see,742.190,742.360,0.170,0.000,741.860,0.330",,,,,,,,
"2025,it,742.360,742.440,0.080,0.000,741.860,0.500",,,,,,,,
"2026,You,742.630,743.300,0.670,0.190,743.740,-1.110",,,,,,,,
"2027,remember,743.300,744.190,0.890,0.000,743.740,-0.440",,,,,,,,
"2028,D,744.190,744.340,0.150,0.000,743.740,0.450",,,,,,,,
"2029,ure,744.340,744.420,0.080,0.000,743.740,0.600",,,,,,,,
"2030,tte,744.420,744.590,0.170,0.000,743.740,0.680",,,,,,,,
"2031,'s,744.590,744.730,0.140,0.000,743.740,0.850",,,,,,,,
"2032,hand,744.730,744.960,0.230,0.000,743.740,0.990",,,,,,,,
"2033,on,744.960,745.100,0.140,0.000,743.740,1.220",,,,,,,,
"2034,your,745.100,745.350,0.250,0.000,743.740,1.360",,,,,,,,
"2035,shoulder,745.350,745.860,0.510,0.000,743.740,1.610",,,,,,,,
"2036,over,745.860,746.110,0.250,0.000,743.740,2.120",,,,,,,,
"2037,the,746.110,746.520,0.410,0.000,743.740,2.370",,,,,,,,
"2038,dropped,746.520,746.740,0.220,0.000,743.740,2.780",,,,,,,,
"2039,torch,746.740,747.060,0.320,0.000,748.000,-1.260",,,,,,,,
"2040,You,747.270,747.460,0.190,0.210,748.000,-0.730",,,,,,,,
"2041,remember,747.460,747.950,0.490,0.000,748.000,-0.540",,,,,,,,
"2042,Kor,747.950,748.140,0.190,0.000,748.000,-0.050",,,,,,,,
"2043,ik,748.140,748.260,0.120,0.000,748.000,0.140",,,,,,,,
"2044,stopping,748.260,748.880,0.620,0.000,748.000,0.260",,,,,,,,
"2045,half,748.880,749.020,0.140,0.000,748.000,0.880",,,,,,,,
"2046,a,749.020,749.250,0.230,0.000,748.000,1.020",,,,,,,,
"2047,step,749.250,749.330,0.080,0.000,748.000,1.250",,,,,,,,
"2048,after,749.330,749.670,0.340,0.000,748.000,1.330",,,,,,,,
"2049,you,749.670,749.840,0.170,0.000,748.000,1.670",,,,,,,,
"2050,in,749.840,749.960,0.120,0.000,748.000,1.840",,,,,,,,
"2051,the,749.960,750.150,0.190,0.000,748.000,1.960",,,,,,,,
"2052,dark,750.150,750.390,0.240,0.000,748.000,2.150",,,,,,,,
"2053,word,751.180,751.260,0.080,0.790,751.500,-0.320",,,,,,,,
"2054,less,751.260,751.430,0.170,0.000,751.500,-0.240",,,,,,,,
"2055,confirmation,751.430,751.700,0.270,0.000,751.500,-0.070",,,,,,,,
"2056,that,751.700,752.580,0.880,0.000,751.500,0.200",,,,,,,,
"2057,your,752.580,752.710,0.130,0.000,751.500,1.080",,,,,,,,
"2058,nose,752.710,752.930,0.220,0.000,751.500,1.210",,,,,,,,
"2059,had,752.930,753.130,0.200,0.000,751.500,1.430",,,,,,,,
"2060,caught,753.130,753.490,0.360,0.000,751.500,1.630",,,,,,,,
"2061,something,753.490,754.050,0.560,0.000,751.500,1.990",,,,,,,,
"2062,real,754.050,754.300,0.250,0.000,751.500,2.550",,,,,,,,
"2063,things,755.340,755.420,0.080,1.040,755.720,-0.380",,,,,,,,
"2064,that,755.420,755.640,0.220,0.000,755.720,-0.300",,,,,,,,
"2065,kept,755.640,755.850,0.210,0.000,755.720,-0.080",,,,,,,,
"2066,you,755.850,756.410,0.560,0.000,755.720,0.130",,,,,,,,
"2067,alive,756.410,756.760,0.350,0.000,755.720,0.690",,,,,,,,
"2068,were,756.760,756.990,0.230,0.000,755.720,1.040",,,,,,,,
"2069,not,756.990,757.290,0.300,0.000,757.460,-0.470",,,,,,,,
"2070,only,757.290,757.580,0.290,0.000,757.460,-0.170",,,,,,,,
"2071,your,757.580,757.920,0.340,0.000,757.460,0.120",,,,,,,,
"2072,own,757.920,758.170,0.250,0.000,757.460,0.460",,,,,,,,
"2073,choices,758.170,758.760,0.590,0.000,757.460,0.710",,,,,,,,
"2074,They,759.210,759.490,0.280,0.450,759.760,-0.550",,,,,,,,
"2075,were,759.490,759.910,0.420,0.000,759.760,-0.270",,,,,,,,
"2076,built,759.910,760.230,0.320,0.000,759.760,0.150",,,,,,,,
"2077,into,760.230,760.540,0.310,0.000,759.760,0.470",,,,,,,,
"2078,you,760.540,760.860,0.320,0.000,759.760,0.780",,,,,,,,
"2079,by,760.860,761.300,0.440,0.000,759.760,1.100",,,,,,,,
"2080,people,761.300,761.440,0.140,0.000,759.760,1.540",,,,,,,,
"2081,who,761.440,761.660,0.220,0.000,759.760,1.680",,,,,,,,
"2082,made,761.740,761.910,0.170,0.080,759.760,1.980",,,,,,,,
"2083,room,761.910,762.150,0.240,0.000,759.760,2.150",,,,,,,,
"2084,for,762.150,762.350,0.200,0.000,759.760,2.390",,,,,,,,
"2085,you,762.350,762.380,0.030,0.000,759.760,2.590",,,,,,,,
"2086,to,762.380,762.640,0.260,0.000,759.760,2.620",,,,,,,,
"2087,learn,762.640,763.080,0.440,0.000,759.760,2.880",,,,,,,,
"2088,without,763.080,763.390,0.310,0.000,763.500,-0.420",,,,,,,,
"2089,killing,763.390,763.830,0.440,0.000,763.500,-0.110",,,,,,,,
"2090,your,763.830,764.080,0.250,0.000,763.500,0.330",,,,,,,,
"2091,willingness,764.080,764.770,0.690,0.000,763.500,0.580",,,,,,,,
"2092,to,764.770,764.960,0.190,0.000,763.500,1.270",,,,,,,,
"2093,try,764.960,765.070,0.110,0.000,763.500,1.460",,,,,,,,
"2094,You,765.270,765.810,0.540,0.200,766.460,-1.190",,,,,,,,
"2095,try,765.810,766.040,0.230,0.000,766.460,-0.650",,,,,,,,
"2096,to,766.040,766.280,0.240,0.000,766.460,-0.420",,,,,,,,
"2097,build,766.280,766.810,0.530,0.000,766.460,-0.180",,,,,,,,
"2098,that,766.810,767.620,0.810,0.000,766.460,0.350",,,,,,,,
"2099,same,767.620,767.740,0.120,0.000,766.460,1.160",,,,,,,,
"2100,room,767.740,767.980,0.240,0.000,766.460,1.280",,,,,,,,
"2101,for,768.060,768.200,0.140,0.080,766.460,1.600",,,,,,,,
"2102,Fen,768.200,768.420,0.220,0.000,769.040,-0.840",,,,,,,,
"2103,You,768.530,768.650,0.120,0.110,769.040,-0.510",,,,,,,,
"2104,do,768.650,769.010,0.360,0.000,769.040,-0.390",,,,,,,,
"2105,not,769.010,769.400,0.390,0.000,769.040,-0.030",,,,,,,,
"2106,always,769.400,769.680,0.280,0.000,769.040,0.360",,,,,,,,
"2107,manage,769.680,770.150,0.470,0.000,769.040,0.640",,,,,,,,
"2108,it,770.150,770.280,0.130,0.000,771.020,-0.870",,,,,,,,
"2109,Some,770.520,770.800,0.280,0.240,771.020,-0.500",,,,,,,,
"2110,nights,770.800,771.280,0.480,0.000,771.020,-0.220",,,,,,,,
"2111,the,771.500,772.110,0.610,0.220,771.020,0.480",,,,,,,,
"2112,danger,772.110,772.130,0.020,0.000,771.020,1.090",,,,,,,,
"2113,is,772.130,772.240,0.110,0.000,771.020,1.110",,,,,,,,
"2114,too,772.240,772.550,0.310,0.000,771.020,1.220",,,,,,,,
"2115,close,772.550,772.780,0.230,0.000,771.020,1.530",,,,,,,,
"2116,and,772.940,773.180,0.240,0.160,773.500,-0.560",,,,,,,,
"2117,you,773.180,773.670,0.490,0.000,773.500,-0.320",,,,,,,,
"2118,have,773.670,773.900,0.230,0.000,773.500,0.170",,,,,,,,
"2119,to,773.900,773.940,0.040,0.000,773.500,0.400",,,,,,,,
"2120,be,773.940,774.060,0.120,0.000,773.500,0.440",,,,,,,,
"2121,hard,774.060,774.320,0.260,0.000,773.500,0.560",,,,,,,,
"2122,with,774.320,774.520,0.200,0.000,773.500,0.820",,,,,,,,
"2123,them,774.520,774.730,0.210,0.000,773.500,1.020",,,,,,,,
"2124,in,774.730,774.830,0.100,0.000,773.500,1.230",,,,,,,,
"2125,ways,774.830,775.040,0.210,0.000,773.500,1.330",,,,,,,,
"2126,you,775.040,775.200,0.160,0.000,773.500,1.540",,,,,,,,
"2127,regret,775.200,775.470,0.270,0.000,773.500,1.700",,,,,,,,
"2128,by,775.470,775.620,0.150,0.000,775.880,-0.410",,,,,,,,
"2129,the,775.620,775.920,0.300,0.000,775.880,-0.260",,,,,,,,
"2130,time,775.920,776.040,0.120,0.000,775.880,0.040",,,,,,,,
"2131,you,776.040,776.150,0.110,0.000,775.880,0.160",,,,,,,,
"2132,are,776.150,776.310,0.160,0.000,775.880,0.270",,,,,,,,
"2133,sitting,776.310,776.690,0.380,0.000,775.880,0.430",,,,,,,,
"2134,at,776.690,776.790,0.100,0.000,775.880,0.810",,,,,,,,
"2135,the,776.790,776.950,0.160,0.000,775.880,0.910",,,,,,,,
"2136,fire,776.950,777.160,0.210,0.000,775.880,1.070",,,,,,,,
"2137,watching,777.160,777.590,0.430,0.000,775.880,1.280",,,,,,,,
"2138,their,777.590,777.860,0.270,0.000,775.880,1.710",,,,,,,,
"2139,faces,777.860,778.130,0.270,0.000,775.880,1.980",,,,,,,,
"2140,Every,778.670,779.620,0.950,0.540,779.960,-1.290",,,,,,,,
"2141,dawn,779.620,780.620,1.000,0.000,779.960,-0.340",,,,,,,,
"2142,is,780.620,781.320,0.700,0.000,781.200,-0.580",,,,,,,,
"2143,temporary,781.320,781.900,0.580,0.000,781.200,0.120",,,,,,,,
"2144,The,781.960,782.290,0.330,0.060,781.200,0.760",,,,,,,,
"2145,dark,782.290,782.730,0.440,0.000,781.200,1.090",,,,,,,,
"2146,comes,782.730,782.870,0.140,0.000,781.200,1.530",,,,,,,,
"2147,back,782.870,783.130,0.260,0.000,781.200,1.670",,,,,,,,
"2148,the,783.130,783.320,0.190,0.000,781.200,1.930",,,,,,,,
"2149,same,783.320,783.580,0.260,0.000,781.200,2.120",,,,,,,,
"2150,way,783.580,783.770,0.190,0.000,781.200,2.380",,,,,,,,
"2151,your,783.770,784.030,0.260,0.000,781.200,2.570",,,,,,,,
"2152,mother,784.030,784.420,0.390,0.000,781.200,2.830",,,,,,,,
"2153,fed,784.420,784.620,0.200,0.000,781.200,3.220",,,,,,,,
"2154,the,784.620,784.800,0.180,0.000,781.200,3.420",,,,,,,,
"2155,fire,784.800,785.060,0.260,0.000,781.200,3.600",,,,,,,,
"2156,Without,785.470,785.700,0.230,0.410,785.980,-0.510",,,,,,,,
"2157,announcement,785.700,786.480,0.780,0.000,785.980,-0.280",,,,,,,,
"2158,without,787.280,787.560,0.280,0.800,787.300,-0.020",,,,,,,,
"2159,end,787.560,787.850,0.290,0.000,787.300,0.260",,,,,,,,
"2160,Level,789.260,789.340,0.080,1.410,789.460,-0.200",,,,,,,,
"2161,7,789.340,789.980,0.640,0.000,789.460,-0.120",,,,,,,,
"2162,The,790.040,790.300,0.260,0.060,790.600,-0.560",,,,,,,,
"2163,one,790.300,790.660,0.360,0.000,790.600,-0.300",,,,,,,,
"2164,the,790.660,790.790,0.130,0.000,790.600,0.060",,,,,,,,
"2165,band,790.790,791.030,0.240,0.000,790.600,0.190",,,,,,,,
"2166,depends,791.030,791.550,0.520,0.000,790.600,0.430",,,,,,,,
"2167,on,791.550,791.690,0.140,0.000,790.600,0.950",,,,,,,,
"2168,You,791.940,792.300,0.360,0.250,792.380,-0.440",,,,,,,,
"2169,are,792.300,792.490,0.190,0.000,792.380,-0.080",,,,,,,,
"2170,41,792.490,793.030,0.540,0.000,792.380,0.110",,,,,,,,
"2171,There,793.400,793.780,0.380,0.370,794.920,-1.520",,,,,,,,
"2172,are,793.780,794.720,0.940,0.000,794.920,-1.140",,,,,,,,
"2173,children,794.720,794.850,0.130,0.000,794.920,-0.200",,,,,,,,
"2174,here,794.850,795.160,0.310,0.000,794.920,-0.070",,,,,,,,
"2175,who,795.160,795.430,0.270,0.000,794.920,0.240",,,,,,,,
"2176,have,795.430,795.800,0.370,0.000,794.920,0.510",,,,,,,,
"2177,never,795.800,796.360,0.560,0.000,794.920,0.880",,,,,,,,
"2178,known,796.360,796.760,0.400,0.000,794.920,1.440",,,,,,,,
"2179,a,796.760,796.810,0.050,0.000,794.920,1.840",,,,,,,,
"2180,night,796.810,797.050,0.240,0.000,794.920,1.890",,,,,,,,
"2181,where,797.050,797.470,0.420,0.000,794.920,2.130",,,,,,,,
"2182,someone,797.470,797.720,0.250,0.000,794.920,2.550",,,,,,,,
"2183,other,797.720,798.120,0.400,0.000,794.920,2.800",,,,,,,,
"2184,than,798.120,798.440,0.320,0.000,794.920,3.200",,,,,,,,
"2185,you,798.440,798.630,0.190,0.000,794.920,3.520",,,,,,,,
"2186,was,798.630,799.280,0.650,0.000,799.380,-0.750",,,,,,,,
"2187,the,799.280,799.620,0.340,0.000,799.380,-0.100",,,,,,,,
"2188,person,799.620,799.900,0.280,0.000,799.380,0.240",,,,,,,,
"2189,the,799.900,800.080,0.180,0.000,799.380,0.520",,,,,,,,
"2190,adults,800.080,800.490,0.410,0.000,799.380,0.700",,,,,,,,
"2191,looked,800.490,800.630,0.140,0.000,799.380,1.110",,,,,,,,
"2192,to,800.630,801.030,0.400,0.000,799.380,1.250",,,,,,,,
"2193,when,801.030,801.500,0.470,0.000,799.380,1.650",,,,,,,,
"2194,something,801.500,801.910,0.410,0.000,799.380,2.120",,,,,,,,
"2195,moved,801.910,802.250,0.340,0.000,799.380,2.530",,,,,,,,
"2196,at,802.250,802.380,0.130,0.000,799.380,2.870",,,,,,,,
"2197,the,802.380,802.620,0.240,0.000,799.380,3.000",,,,,,,,
"2198,perimeter,802.620,803.190,0.570,0.000,803.920,-1.300",,,,,,,,
"2199,That,803.390,803.650,0.260,0.200,803.920,-0.530",,,,,,,,
"2200,reaches,803.650,804.230,0.580,0.000,803.920,-0.270",,,,,,,,
"2201,you,804.230,804.340,0.110,0.000,803.920,0.310",,,,,,,,
"2202,one,804.340,804.650,0.310,0.000,803.920,0.420",,,,,,,,
"2203,morning,804.650,805.020,0.370,0.000,803.920,0.730",,,,,,,,
"2204,when,805.020,805.290,0.270,0.000,803.920,1.100",,,,,,,,
"2205,a,805.290,805.430,0.140,0.000,803.920,1.370",,,,,,,,
"2206,girl,805.430,805.650,0.220,0.000,803.920,1.510",,,,,,,,
"2207,of,805.650,806.040,0.390,0.000,803.920,1.730",,,,,,,,
"2208,about,806.040,806.080,0.040,0.000,803.920,2.120",,,,,,,,
"2209,nine,806.080,806.350,0.270,0.000,803.920,2.160",,,,,,,,
"2210,walks,806.350,806.670,0.320,0.000,803.920,2.430",,,,,,,,
"2211,to,806.670,806.810,0.140,0.000,803.920,2.750",,,,,,,,
"2212,you,806.810,807.000,0.190,0.000,803.920,2.890",,,,,,,,
"2213,at,807.000,807.140,0.140,0.000,803.920,3.080",,,,,,,,
"2214,the,807.140,807.490,0.350,0.000,803.920,3.220",,,,,,,,
"2215,fire,807.490,807.610,0.120,0.000,803.920,3.570",,,,,,,,
"2216,'s,807.610,807.740,0.130,0.000,803.920,3.690",,,,,,,,
"2217,edge,807.740,808.030,0.290,0.000,803.920,3.820",,,,,,,,
"2218,puts,808.140,808.410,0.270,0.110,808.720,-0.580",,,,,,,,
"2219,a,808.410,808.470,0.060,0.000,808.720,-0.310",,,,,,,,
"2220,piece,808.470,808.800,0.330,0.000,808.720,-0.250",,,,,,,,
"2221,of,808.800,808.930,0.130,0.000,808.720,0.080",,,,,,,,
"2222,dried,808.930,809.380,0.450,0.000,808.720,0.210",,,,,,,,
"2223,meat,809.380,809.530,0.150,0.000,808.720,0.660",,,,,,,,
"2224,in,809.530,809.650,0.120,0.000,808.720,0.810",,,,,,,,
"2225,your,809.650,810.200,0.550,0.000,808.720,0.930",,,,,,,,
"2226,hand,810.200,810.230,0.030,0.000,808.720,1.480",,,,,,,,
"2227,and,810.330,810.650,0.320,0.100,808.720,1.610",,,,,,,,
"2228,walks,810.650,810.860,0.210,0.000,808.720,1.930",,,,,,,,
"2229,away,810.860,811.240,0.380,0.000,808.720,2.140",,,,,,,,
"2230,without,811.240,811.480,0.240,0.000,808.720,2.520",,,,,,,,
"2231,any,811.480,811.670,0.190,0.000,808.720,2.760",,,,,,,,
"2232,explanation,811.670,812.000,0.330,0.000,808.720,2.950",,,,,,,,
"2233,You,812.540,812.880,0.340,0.540,812.880,-0.340",,,,,,,,
"2234,hold,812.880,813.010,0.130,0.000,812.880,0.000",,,,,,,,
"2235,the,813.010,813.180,0.170,0.000,812.880,0.130",,,,,,,,
"2236,meat,813.180,813.430,0.250,0.000,812.880,0.300",,,,,,,,
"2237,and,813.430,813.650,0.220,0.000,812.880,0.550",,,,,,,,
"2238,understand,813.650,814.250,0.600,0.000,812.880,0.770",,,,,,,,
"2239,you,814.250,814.520,0.270,0.000,812.880,1.370",,,,,,,,
"2240,have,814.520,814.780,0.260,0.000,812.880,1.640",,,,,,,,
"2241,become,814.780,815.060,0.280,0.000,812.880,1.900",,,,,,,,
"2242,something,815.060,815.640,0.580,0.000,812.880,2.180",,,,,,,,
"2243,this,815.640,815.890,0.250,0.000,812.880,2.760",,,,,,,,
"2244,group,815.890,816.200,0.310,0.000,816.180,-0.290",,,,,,,,
"2245,has,816.200,816.390,0.190,0.000,816.180,0.020",,,,,,,,
"2246,no,816.390,816.470,0.080,0.000,816.180,0.210",,,,,,,,
"2247,simple,816.470,816.940,0.470,0.000,816.180,0.290",,,,,,,,
"2248,word,817.020,817.290,0.270,0.080,816.180,0.840",,,,,,,,
"2249,for,817.290,817.450,0.160,0.000,816.180,1.110",,,,,,,,
"2250,Your,817.600,818.350,0.750,0.150,818.420,-0.820",,,,,,,,
"2251,back,818.350,818.510,0.160,0.000,818.420,-0.070",,,,,,,,
"2252,has,818.510,818.770,0.260,0.000,818.420,0.090",,,,,,,,
"2253,decades,818.770,819.390,0.620,0.000,818.420,0.350",,,,,,,,
"2254,stored,819.390,819.980,0.590,0.000,818.420,0.970",,,,,,,,
"2255,in,819.980,820.090,0.110,0.000,820.560,-0.580",,,,,,,,
"2256,it,820.090,820.260,0.170,0.000,820.560,-0.470",,,,,,,,
"2257,long,820.430,821.090,0.660,0.170,820.560,-0.130",,,,,,,,
"2258,crouch,821.090,821.240,0.150,0.000,820.560,0.530",,,,,,,,
"2259,es,821.240,821.360,0.120,0.000,820.560,0.680",,,,,,,,
"2260,in,821.360,821.510,0.150,0.000,820.560,0.800",,,,,,,,
"2261,cold,821.510,821.730,0.220,0.000,820.560,0.950",,,,,,,,
"2262,grass,821.730,822.050,0.320,0.000,820.560,1.170",,,,,,,,
"2263,the,822.210,822.900,0.690,0.160,822.920,-0.710",,,,,,,,
"2264,particular,822.900,823.500,0.600,0.000,822.920,-0.020",,,,,,,,
"2265,ache,823.500,823.940,0.440,0.000,822.920,0.580",,,,,,,,
"2266,of,823.940,824.330,0.390,0.000,822.920,1.020",,,,,,,,
"2267,held,824.330,824.500,0.170,0.000,822.920,1.410",,,,,,,,
"2268,still,824.500,824.850,0.350,0.000,822.920,1.580",,,,,,,,
"2269,ness,824.850,825.010,0.160,0.000,822.920,1.930",,,,,,,,
"2270,Your,825.160,825.900,0.740,0.150,826.520,-1.360",,,,,,,,
"2271,knees,825.900,826.030,0.130,0.000,826.520,-0.620",,,,,,,,
"2272,announce,826.030,826.530,0.500,0.000,826.520,-0.490",,,,,,,,
"2273,themselves,826.530,827.230,0.700,0.000,826.520,0.010",,,,,,,,
"2274,on,827.230,827.370,0.140,0.000,826.520,0.710",,,,,,,,
"2275,cold,827.370,827.650,0.280,0.000,826.520,0.850",,,,,,,,
"2276,mornings,827.650,828.630,0.980,0.000,826.520,1.130",,,,,,,,
"2277,before,828.630,828.650,0.020,0.000,826.520,2.110",,,,,,,,
"2278,you,828.650,828.840,0.190,0.000,826.520,2.130",,,,,,,,
"2279,are,828.840,829.070,0.230,0.000,826.520,2.320",,,,,,,,
"2280,fully,829.070,829.400,0.330,0.000,826.520,2.550",,,,,,,,
"2281,awake,829.400,829.700,0.300,0.000,826.520,2.880",,,,,,,,
"2282,are,830.460,830.930,0.470,0.760,830.920,-0.460",,,,,,,,
"2283,not,830.930,831.500,0.570,0.000,830.920,0.010",,,,,,,,
"2284,old,831.500,831.700,0.200,0.000,830.920,0.580",,,,,,,,
"2285,by,831.700,831.840,0.140,0.000,830.920,0.780",,,,,,,,
"2286,some,831.840,832.130,0.290,0.000,830.920,0.920",,,,,,,,
"2287,measures,832.130,832.710,0.580,0.000,833.600,-1.470",,,,,,,,
"2288,But,833.100,833.150,0.050,0.390,833.600,-0.500",,,,,,,,
"2289,you,833.150,833.370,0.220,0.000,833.600,-0.450",,,,,,,,
"2290,are,833.370,833.650,0.280,0.000,833.600,-0.230",,,,,,,,
"2291,old,833.650,833.810,0.160,0.000,833.600,0.050",,,,,,,,
"2292,the,833.810,834.030,0.220,0.000,833.600,0.210",,,,,,,,
"2293,way,834.030,834.250,0.220,0.000,833.600,0.430",,,,,,,,
"2294,that,834.250,834.540,0.290,0.000,833.600,0.650",,,,,,,,
"2295,20,834.540,835.000,0.460,0.000,833.600,0.940",,,,,,,,
"2296,years,835.000,835.320,0.320,0.000,833.600,1.400",,,,,,,,
"2297,of,835.320,835.850,0.530,0.000,833.600,1.720",,,,,,,,
"2298,moving,835.850,835.920,0.070,0.000,833.600,2.250",,,,,,,,
"2299,at,835.920,836.060,0.140,0.000,833.600,2.320",,,,,,,,
"2300,night,836.060,836.420,0.360,0.000,833.600,2.460",,,,,,,,
"2301,makes,836.420,836.780,0.360,0.000,836.680,-0.260",,,,,,,,
"2302,a,836.780,836.850,0.070,0.000,836.680,0.100",,,,,,,,
"2303,body,836.850,837.360,0.510,0.000,836.680,0.170",,,,,,,,
"2304,old,837.360,837.660,0.300,0.000,836.680,0.680",,,,,,,,
"2305,There,837.680,838.700,1.020,0.020,838.420,-0.740",,,,,,,,
"2306,faster,838.780,839.230,0.450,0.080,838.420,0.360",,,,,,,,
"2307,men,839.230,839.330,0.100,0.000,838.420,0.810",,,,,,,,
"2308,now,839.330,840.050,0.720,0.000,840.340,-1.010",,,,,,,,
"2309,There,840.120,840.500,0.380,0.070,840.340,-0.220",,,,,,,,
"2310,are,840.500,840.770,0.270,0.000,840.340,0.160",,,,,,,,
"2311,sc,840.770,840.950,0.180,0.000,840.340,0.430",,,,,,,,
"2312,outs,840.950,841.310,0.360,0.000,840.340,0.610",,,,,,,,
"2313,with,841.310,841.740,0.430,0.000,840.340,0.970",,,,,,,,
"2314,sharper,841.740,842.270,0.530,0.000,842.520,-0.780",,,,,,,,
"2315,ears,842.270,842.850,0.580,0.000,842.520,-0.250",,,,,,,,
"2316,You,842.930,843.270,0.340,0.080,843.880,-0.950",,,,,,,,
"2317,say,843.270,843.470,0.200,0.000,843.880,-0.610",,,,,,,,
"2318,so,843.470,843.650,0.180,0.000,843.880,-0.410",,,,,,,,
"2319,You,843.910,844.390,0.480,0.260,843.880,0.030",,,,,,,,
"2320,tell,844.390,844.640,0.250,0.000,843.880,0.510",,,,,,,,
"2321,F,844.640,844.660,0.020,0.000,843.880,0.760",,,,,,,,
"2322,enn,844.660,844.910,0.250,0.000,844.960,-0.300",,,,,,,,
"2323,25,845.090,845.700,0.610,0.180,844.960,0.130",,,,,,,,
"2324,now,845.700,845.900,0.200,0.000,844.960,0.740",,,,,,,,
"2325,and,845.900,846.200,0.300,0.000,844.960,0.940",,,,,,,,
"2326,leading,846.200,846.610,0.410,0.000,844.960,1.240",,,,,,,,
"2327,runs,846.610,846.860,0.250,0.000,844.960,1.650",,,,,,,,
"2328,you,846.860,847.020,0.160,0.000,844.960,1.900",,,,,,,,
"2329,no,847.020,847.180,0.160,0.000,844.960,2.060",,,,,,,,
"2330,longer,847.180,847.520,0.340,0.000,844.960,2.220",,,,,,,,
"2331,go,847.520,847.680,0.160,0.000,844.960,2.560",,,,,,,,
"2332,on,847.680,847.980,0.300,0.000,844.960,2.720",,,,,,,,
"2333,that,848.420,848.460,0.040,0.440,848.520,-0.100",,,,,,,,
"2334,his,848.460,848.700,0.240,0.000,848.520,-0.060",,,,,,,,
"2335,ears,848.700,849.020,0.320,0.000,848.520,0.180",,,,,,,,
"2336,are,849.020,849.260,0.240,0.000,848.520,0.500",,,,,,,,
"2337,better,849.260,849.740,0.480,0.000,848.520,0.740",,,,,,,,
"2338,than,849.740,850.060,0.320,0.000,848.520,1.220",,,,,,,,
"2339,yours,850.060,850.460,0.400,0.000,848.520,1.540",,,,,,,,
"2340,in,850.460,850.590,0.130,0.000,848.520,1.940",,,,,,,,
"2341,the,850.590,850.890,0.300,0.000,848.520,2.070",,,,,,,,
"2342,bir,850.890,851.170,0.280,0.000,848.520,2.370",,,,,,,,
"2343,ch,851.170,851.260,0.090,0.000,848.520,2.650",,,,,,,,
"2344,stands,851.260,851.740,0.480,0.000,852.340,-1.080",,,,,,,,
"2345,He,851.980,852.140,0.160,0.240,852.340,-0.360",,,,,,,,
"2346,takes,852.140,852.540,0.400,0.000,852.340,-0.200",,,,,,,,
"2347,it,852.540,852.710,0.170,0.000,852.340,0.200",,,,,,,,
"2348,as,852.710,852.980,0.270,0.000,852.340,0.370",,,,,,,,
"2349,mod,852.980,853.100,0.120,0.000,852.340,0.640",,,,,,,,
"2350,esty,853.100,853.550,0.450,0.000,852.340,0.760",,,,,,,,
"2351,at,853.550,853.680,0.130,0.000,852.340,1.210",,,,,,,,
"2352,first,853.680,854.120,0.440,0.000,854.680,-1.000",,,,,,,,
"2353,You,854.380,855.080,0.700,0.260,854.680,-0.300",,,,,,,,
"2354,explain,855.080,855.250,0.170,0.000,854.680,0.400",,,,,,,,
"2355,that,855.250,855.630,0.380,0.000,854.680,0.570",,,,,,,,
"2356,it,855.630,855.770,0.140,0.000,854.680,0.950",,,,,,,,
"2357,is,855.770,855.940,0.170,0.000,854.680,1.090",,,,,,,,
"2358,not,855.940,856.220,0.280,0.000,854.680,1.260",,,,,,,,
"2359,It,856.460,856.720,0.260,0.240,856.860,-0.400",,,,,,,,
"2360,is,856.720,856.800,0.080,0.000,856.860,-0.140",,,,,,,,
"2361,a,856.800,856.980,0.180,0.000,856.860,-0.060",,,,,,,,
"2362,fact,856.980,857.230,0.250,0.000,856.860,0.120",,,,,,,,
"2363,he,857.230,857.830,0.600,0.000,856.860,0.370",,,,,,,,
"2364,needs,857.830,857.840,0.010,0.000,856.860,0.970",,,,,,,,
"2365,to,857.840,858.010,0.170,0.000,856.860,0.980",,,,,,,,
"2366,act,858.010,858.270,0.260,0.000,856.860,1.150",,,,,,,,
"2367,on,858.270,858.440,0.170,0.000,856.860,1.410",,,,,,,,
"2368,and,858.610,858.870,0.260,0.170,856.860,1.750",,,,,,,,
"2369,acting,858.870,859.560,0.690,0.000,859.440,-0.570",,,,,,,,
"2370,on,859.560,859.640,0.080,0.000,859.440,0.120",,,,,,,,
"2371,it,859.640,859.730,0.090,0.000,859.440,0.200",,,,,,,,
"2372,correctly,859.730,860.680,0.950,0.000,859.440,0.290",,,,,,,,
"2373,means,860.680,861.070,0.390,0.000,859.440,1.240",,,,,,,,
"2374,his,861.070,861.260,0.190,0.000,859.440,1.630",,,,,,,,
"2375,responsibility,861.340,862.300,0.960,0.080,859.440,1.900",,,,,,,,
"2376,at,862.300,862.670,0.370,0.000,862.900,-0.600",,,,,,,,
"2377,night,862.670,862.830,0.160,0.000,862.900,-0.230",,,,,,,,
"2378,is,862.830,862.980,0.150,0.000,862.900,-0.070",,,,,,,,
"2379,larger,862.980,863.430,0.450,0.000,862.900,0.080",,,,,,,,
"2380,than,863.430,863.730,0.300,0.000,862.900,0.530",,,,,,,,
"2381,it,863.730,863.880,0.150,0.000,862.900,0.830",,,,,,,,
"2382,was,863.880,864.100,0.220,0.000,862.900,0.980",,,,,,,,
"2383,not,864.300,864.560,0.260,0.200,864.660,-0.360",,,,,,,,
"2384,smaller,864.560,864.990,0.430,0.000,864.660,-0.100",,,,,,,,
"2385,A,865.330,865.410,0.080,0.340,865.520,-0.190",,,,,,,,
"2386,predator,865.410,865.900,0.490,0.000,865.520,-0.110",,,,,,,,
"2387,gets,865.900,866.180,0.280,0.000,865.520,0.380",,,,,,,,
"2388,through,866.180,866.860,0.680,0.000,865.520,0.660",,,,,,,,
"2389,the,866.860,867.200,0.340,0.000,865.520,1.340",,,,,,,,
"2390,perimeter,867.200,867.690,0.490,0.000,865.520,1.680",,,,,,,,
"2391,on,867.690,867.810,0.120,0.000,865.520,2.170",,,,,,,,
"2392,a,867.810,867.840,0.030,0.000,865.520,2.290",,,,,,,,
"2393,winter,867.840,867.920,0.080,0.000,865.520,2.320",,,,,,,,
"2394,night,867.920,868.600,0.680,0.000,868.820,-0.900",,,,,,,,
"2395,and,868.600,868.620,0.020,0.000,868.820,-0.220",,,,,,,,
"2396,kills,868.620,868.890,0.270,0.000,868.820,-0.200",,,,,,,,
"2397,one,868.890,869.050,0.160,0.000,868.820,0.070",,,,,,,,
"2398,of,869.050,869.160,0.110,0.000,868.820,0.230",,,,,,,,
"2399,the,869.160,869.320,0.160,0.000,868.820,0.340",,,,,,,,
"2400,youngest,869.320,869.760,0.440,0.000,868.820,0.500",,,,,,,,
"2401,members,869.760,870.240,0.480,0.000,868.820,0.940",,,,,,,,
"2402,of,870.240,870.250,0.010,0.000,868.820,1.420",,,,,,,,
"2403,the,870.250,870.500,0.250,0.000,868.820,1.430",,,,,,,,
"2404,band,870.500,870.630,0.130,0.000,868.820,1.680",,,,,,,,
"2405,before,870.630,871.350,0.720,0.000,868.820,1.810",,,,,,,,
"2406,anyone,871.350,871.440,0.090,0.000,868.820,2.530",,,,,,,,
"2407,can,871.440,871.700,0.260,0.000,868.820,2.620",,,,,,,,
"2408,reach,871.700,872.120,0.420,0.000,868.820,2.880",,,,,,,,
"2409,the,872.120,872.220,0.100,0.000,868.820,3.300",,,,,,,,
"2410,site,872.220,872.710,0.490,0.000,873.360,-1.140",,,,,,,,
"2411,The,873.100,873.230,0.130,0.390,873.360,-0.260",,,,,,,,
"2412,child,873.230,873.650,0.420,0.000,873.360,-0.130",,,,,,,,
"2413,is,873.650,873.800,0.150,0.000,873.360,0.290",,,,,,,,
"2414,barely,873.800,874.310,0.510,0.000,873.360,0.440",,,,,,,,
"2415,four,874.310,874.740,0.430,0.000,873.360,0.950",,,,,,,,
"2416,years,874.740,875.070,0.330,0.000,873.360,1.380",,,,,,,,
"2417,old,875.070,875.310,0.240,0.000,875.700,-0.630",,,,,,,,
"2418,You,875.820,875.850,0.030,0.510,875.700,0.120",,,,,,,,
"2419,are,875.850,876.070,0.220,0.000,875.700,0.150",,,,,,,,
"2420,at,876.070,876.270,0.200,0.000,875.700,0.370",,,,,,,,
"2421,the,876.270,876.490,0.220,0.000,875.700,0.570",,,,,,,,
"2422,eastern,876.490,877.000,0.510,0.000,875.700,0.790",,,,,,,,
"2423,post,877.000,877.660,0.660,0.000,878.020,-1.020",,,,,,,,
"2424,The,877.670,877.920,0.250,0.010,878.020,-0.350",,,,,,,,
"2425,attack,877.920,878.430,0.510,0.000,878.020,-0.100",,,,,,,,
"2426,comes,878.430,878.940,0.510,0.000,878.020,0.410",,,,,,,,
"2427,from,878.940,879.120,0.180,0.000,878.020,0.920",,,,,,,,
"2428,the,879.120,879.320,0.200,0.000,878.020,1.100",,,,,,,,
"2429,direction,879.320,879.630,0.310,0.000,878.020,1.300",,,,,,,,
"2430,that,879.630,880.240,0.610,0.000,878.020,1.610",,,,,,,,
"2431,is,880.240,880.520,0.280,0.000,878.020,2.220",,,,,,,,
"2432,not,880.520,880.650,0.130,0.000,881.400,-0.880",,,,,,,,
"2433,yours,880.650,880.940,0.290,0.000,881.400,-0.750",,,,,,,,
"2434,You,881.150,881.360,0.210,0.210,881.400,-0.250",,,,,,,,
"2435,sit,881.360,881.570,0.210,0.000,881.400,-0.040",,,,,,,,
"2436,with,881.570,881.850,0.280,0.000,881.400,0.170",,,,,,,,
"2437,that,881.850,882.160,0.310,0.000,881.400,0.450",,,,,,,,
"2438,for,882.160,882.410,0.250,0.000,881.400,0.760",,,,,,,,
"2439,a,882.410,882.420,0.010,0.000,881.400,1.010",,,,,,,,
"2440,long,882.420,882.690,0.270,0.000,881.400,1.020",,,,,,,,
"2441,time,882.690,882.960,0.270,0.000,883.560,-0.870",,,,,,,,
"2442,You,883.270,883.390,0.120,0.310,883.560,-0.290",,,,,,,,
"2443,go,883.390,883.530,0.140,0.000,883.560,-0.170",,,,,,,,
"2444,back,883.530,883.810,0.280,0.000,883.560,-0.030",,,,,,,,
"2445,through,883.810,884.290,0.480,0.000,883.560,0.250",,,,,,,,
"2446,every,884.290,885.040,0.750,0.000,883.560,0.730",,,,,,,,
"2447,of,885.120,885.180,0.060,0.080,883.560,1.560",,,,,,,,
"2448,that,885.180,885.460,0.280,0.000,883.560,1.620",,,,,,,,
"2449,night,885.460,885.590,0.130,0.000,883.560,1.900",,,,,,,,
"2450,The,886.030,886.460,0.430,0.440,886.500,-0.470",,,,,,,,
"2451,positioning,886.460,887.060,0.600,0.000,886.500,-0.040",,,,,,,,
"2452,was,887.060,887.320,0.260,0.000,887.660,-0.600",,,,,,,,
"2453,right,887.320,887.760,0.440,0.000,887.660,-0.340",,,,,,,,
"2454,The,888.080,888.340,0.260,0.320,888.560,-0.480",,,,,,,,
"2455,rotations,888.340,889.190,0.850,0.000,888.560,-0.220",,,,,,,,
"2456,were,889.190,889.400,0.210,0.000,888.560,0.630",,,,,,,,
"2457,right,889.400,889.750,0.350,0.000,888.560,0.840",,,,,,,,
"2458,The,889.960,890.170,0.210,0.210,890.460,-0.500",,,,,,,,
"2459,arrangement,890.170,891.000,0.830,0.000,890.460,-0.290",,,,,,,,
"2460,was,891.000,891.420,0.420,0.000,890.460,0.540",,,,,,,,
"2461,what,891.420,891.600,0.180,0.000,890.460,0.960",,,,,,,,
"2462,it,891.600,891.750,0.150,0.000,890.460,1.140",,,,,,,,
"2463,has,891.750,891.970,0.220,0.000,890.460,1.290",,,,,,,,
"2464,always,891.970,892.120,0.150,0.000,890.460,1.510",,,,,,,,
"2465,been,892.120,892.940,0.820,0.000,893.160,-1.040",,,,,,,,
"2466,None,893.020,893.240,0.220,0.080,893.160,-0.140",,,,,,,,
"2467,of,893.240,893.390,0.150,0.000,893.160,0.080",,,,,,,,
"2468,that,893.390,893.690,0.300,0.000,893.160,0.230",,,,,,,,
"2469,lifts,893.690,894.060,0.370,0.000,893.160,0.530",,,,,,,,
"2470,the,894.060,894.280,0.220,0.000,893.160,0.900",,,,,,,,
"2471,weight,894.280,894.730,0.450,0.000,895.480,-1.200",,,,,,,,
"2472,What,894.950,895.220,0.270,0.220,895.480,-0.530",,,,,,,,
"2473,you,895.220,895.750,0.530,0.000,895.480,-0.260",,,,,,,,
"2474,arrive,895.750,895.920,0.170,0.000,895.480,0.270",,,,,,,,
"2475,at,895.920,896.170,0.250,0.000,895.480,0.440",,,,,,,,
"2476,eventually,896.220,896.900,0.680,0.050,896.740,-0.520",,,,,,,,
"2477,is,897.170,897.560,0.390,0.270,897.760,-0.590",,,,,,,,
"2478,that,897.560,897.700,0.140,0.000,897.760,-0.200",,,,,,,,
"2479,you,897.700,897.960,0.260,0.000,897.760,-0.060",,,,,,,,
"2480,can,897.960,898.240,0.280,0.000,897.760,0.200",,,,,,,,
"2481,build,898.240,898.440,0.200,0.000,897.760,0.480",,,,,,,,
"2482,the,898.440,898.610,0.170,0.000,897.760,0.680",,,,,,,,
"2483,best,898.610,898.840,0.230,0.000,897.760,0.850",,,,,,,,
"2484,structure,898.840,899.840,1.000,0.000,897.760,1.080",,,,,,,,
"2485,knowledge,899.840,899.900,0.060,0.000,897.760,2.080",,,,,,,,
"2486,and,899.900,900.070,0.170,0.000,897.760,2.140",,,,,,,,
"2487,experience,900.070,900.660,0.590,0.000,901.120,-1.050",,,,,,,,
"2488,allow,900.660,900.980,0.320,0.000,901.120,-0.460",,,,,,,,
"2489,and,901.060,901.230,0.170,0.080,901.120,-0.060",,,,,,,,
"2490,the,901.230,901.480,0.250,0.000,901.120,0.110",,,,,,,,
"2491,night,901.480,901.740,0.260,0.000,901.120,0.360",,,,,,,,
"2492,will,901.740,901.920,0.180,0.000,901.120,0.620",,,,,,,,
"2493,still,901.920,902.170,0.250,0.000,901.120,0.800",,,,,,,,
"2494,find,902.170,902.590,0.420,0.000,901.120,1.050",,,,,,,,
"2495,the,902.590,902.610,0.020,0.000,901.120,1.470",,,,,,,,
"2496,gap,902.610,903.010,0.400,0.000,901.120,1.490",,,,,,,,
"2497,that,903.010,903.120,0.110,0.000,901.120,1.890",,,,,,,,
"2498,structure,903.120,903.520,0.400,0.000,901.120,2.000",,,,,,,,
"2499,cannot,903.520,903.980,0.460,0.000,901.120,2.400",,,,,,,,
"2500,close,903.980,904.120,0.140,0.000,901.120,2.860",,,,,,,,
"2501,Accept,904.920,905.070,0.150,0.800,905.800,-0.880",,,,,,,,
"2502,ing,905.070,905.280,0.210,0.000,905.800,-0.730",,,,,,,,
"2503,that,905.280,905.580,0.300,0.000,905.800,-0.520",,,,,,,,
"2504,without,905.580,906.120,0.540,0.000,905.800,-0.220",,,,,,,,
"2505,it,906.120,906.270,0.150,0.000,905.800,0.320",,,,,,,,
"2506,hollow,906.270,906.820,0.550,0.000,905.800,0.470",,,,,,,,
"2507,ing,906.820,906.960,0.140,0.000,905.800,1.020",,,,,,,,
"2508,out,906.960,907.300,0.340,0.000,905.800,1.160",,,,,,,,
"2509,your,907.300,907.670,0.370,0.000,905.800,1.500",,,,,,,,
"2510,readiness,907.670,908.180,0.510,0.000,905.800,1.870",,,,,,,,
"2511,is,908.180,908.330,0.150,0.000,908.780,-0.600",,,,,,,,
"2512,harder,908.330,908.720,0.390,0.000,908.780,-0.450",,,,,,,,
"2513,than,908.720,909.090,0.370,0.000,908.780,-0.060",,,,,,,,
"2514,any,909.090,909.480,0.390,0.000,908.780,0.310",,,,,,,,
"2515,technique,909.480,910.080,0.600,0.000,908.780,0.700",,,,,,,,
"2516,you,910.080,910.280,0.200,0.000,908.780,1.300",,,,,,,,
"2517,have,910.360,910.630,0.270,0.080,908.780,1.580",,,,,,,,
"2518,ever,910.630,911.350,0.720,0.000,911.780,-1.150",,,,,,,,
"2519,learned,911.350,911.700,0.350,0.000,911.780,-0.430",,,,,,,,
"2520,Hard,911.850,912.230,0.380,0.150,911.780,0.070",,,,,,,,
"2521,er,912.230,912.370,0.140,0.000,911.780,0.450",,,,,,,,
"2522,than,912.370,912.720,0.350,0.000,911.780,0.590",,,,,,,,
"2523,any,912.720,912.980,0.260,0.000,911.780,0.940",,,,,,,,
"2524,knight,912.980,913.580,0.600,0.000,911.780,1.200",,,,,,,,
"2525,run,913.580,913.760,0.180,0.000,911.780,1.800",,,,,,,,
"2526,in,913.760,913.900,0.140,0.000,911.780,1.980",,,,,,,,
"2527,open,913.900,914.430,0.530,0.000,915.040,-1.140",,,,,,,,
"2528,ground,914.430,914.850,0.420,0.000,915.040,-0.610",,,,,,,,
"2529,You,915.060,915.320,0.260,0.210,915.040,0.020",,,,,,,,
"2530,rebuild,915.320,916.190,0.870,0.000,916.500,-1.180",,,,,,,,
"2531,You,916.240,916.450,0.210,0.050,916.500,-0.260",,,,,,,,
"2532,add,916.450,916.710,0.260,0.000,916.500,-0.050",,,,,,,,
"2533,a,916.710,916.810,0.100,0.000,916.500,0.210",,,,,,,,
"2534,post,916.810,917.280,0.470,0.000,916.500,0.310",,,,,,,,
"2535,that,917.280,917.400,0.120,0.000,916.500,0.780",,,,,,,,
"2536,covers,917.400,917.680,0.280,0.000,916.500,0.900",,,,,,,,
"2537,the,917.680,917.880,0.200,0.000,916.500,1.180",,,,,,,,
"2538,gap,917.880,918.080,0.200,0.000,916.500,1.380",,,,,,,,
"2539,the,918.080,918.200,0.120,0.000,916.500,1.580",,,,,,,,
"2540,knight,918.200,919.030,0.830,0.000,919.560,-1.360",,,,,,,,
"2541,found,919.030,919.100,0.070,0.000,919.560,-0.530",,,,,,,,
"2542,You,919.230,919.430,0.200,0.130,919.560,-0.330",,,,,,,,
"2543,do,919.430,919.630,0.200,0.000,919.560,-0.130",,,,,,,,
"2544,not,919.630,919.760,0.130,0.000,919.560,0.070",,,,,,,,
"2545,put,919.760,919.960,0.200,0.000,919.560,0.200",,,,,,,,
"2546,down,919.960,920.240,0.280,0.000,919.560,0.400",,,,,,,,
"2547,the,920.240,920.430,0.190,0.000,919.560,0.680",,,,,,,,
"2548,grief,920.430,920.770,0.340,0.000,919.560,0.870",,,,,,,,
"2549,You,920.980,921.170,0.190,0.210,921.640,-0.660",,,,,,,,
"2550,carry,921.170,921.410,0.240,0.000,921.640,-0.470",,,,,,,,
"2551,it,921.410,921.830,0.420,0.000,921.640,-0.230",,,,,,,,
"2552,alongside,921.830,922.250,0.420,0.000,921.640,0.190",,,,,,,,
"2553,everything,922.250,922.880,0.630,0.000,921.640,0.610",,,,,,,,
"2554,else,922.880,923.200,0.320,0.000,921.640,1.240",,,,,,,,
"2555,and,923.780,923.820,0.040,0.580,923.860,-0.080",,,,,,,,
"2556,you,923.820,923.860,0.040,0.000,923.860,-0.040",,,,,,,,
"2557,keep,923.860,924.070,0.210,0.000,923.860,0.000",,,,,,,,
"2558,working,924.070,924.500,0.430,0.000,923.860,0.210",,,,,,,,
"2559,Level,925.140,925.200,0.060,0.640,926.160,-1.020",,,,,,,,
"2560,8,925.200,925.410,0.210,0.000,926.160,-0.960",,,,,,,,
"2561,The,925.640,925.890,0.250,0.230,926.160,-0.520",,,,,,,,
"2562,one,925.890,926.140,0.250,0.000,926.160,-0.270",,,,,,,,
"2563,who,926.140,926.390,0.250,0.000,926.160,-0.020",,,,,,,,
"2564,teaches,926.390,927.080,0.690,0.000,927.180,-0.790",,,,,,,,
"2565,what,927.080,927.320,0.240,0.000,927.180,-0.100",,,,,,,,
"2566,cannot,927.320,927.930,0.610,0.000,927.180,0.140",,,,,,,,
"2567,be,927.930,928.000,0.070,0.000,927.180,0.750",,,,,,,,
"2568,taught,928.000,928.510,0.510,0.000,927.180,0.820",,,,,,,,
"2569,easily,928.510,928.930,0.420,0.000,927.180,1.330",,,,,,,,
"2570,You,929.330,929.740,0.410,0.400,927.180,2.150",,,,,,,,
"2571,are,929.740,929.820,0.080,0.000,927.180,2.560",,,,,,,,
"2572,49,929.820,930.310,0.490,0.000,927.180,2.640",,,,,,,,
"2573,sc,931.820,931.900,0.080,1.510,932.100,-0.280",,,,,,,,
"2574,outs,931.900,931.980,0.080,0.000,932.100,-0.200",,,,,,,,
"2575,lead,931.980,932.270,0.290,0.000,932.100,-0.120",,,,,,,,
"2576,their,932.270,932.370,0.100,0.000,932.100,0.170",,,,,,,,
"2577,own,932.370,933.220,0.850,0.000,932.100,0.270",,,,,,,,
"2578,groups,933.220,933.350,0.130,0.000,932.100,1.120",,,,,,,,
"2579,now,933.350,933.510,0.160,0.000,932.100,1.250",,,,,,,,
"2580,in,933.510,933.650,0.140,0.000,932.100,1.410",,,,,,,,
"2581,different,933.650,934.310,0.660,0.000,932.100,1.550",,,,,,,,
"2582,parts,934.310,934.670,0.360,0.000,932.100,2.210",,,,,,,,
"2583,of,934.670,934.860,0.190,0.000,932.100,2.570",,,,,,,,
"2584,the,934.860,935.050,0.190,0.000,932.100,2.760",,,,,,,,
"2585,territory,935.050,935.970,0.920,0.000,932.100,2.950",,,,,,,,
"2586,When,935.980,936.390,0.410,0.010,936.440,-0.460",,,,,,,,
"2587,the,936.390,936.690,0.300,0.000,936.440,-0.050",,,,,,,,
"2588,bands,936.690,936.960,0.270,0.000,936.440,0.250",,,,,,,,
"2589,come,937.040,937.200,0.160,0.080,936.440,0.600",,,,,,,,
"2590,together,937.200,937.680,0.480,0.000,936.440,0.760",,,,,,,,
"2591,at,937.680,937.740,0.060,0.000,936.440,1.240",,,,,,,,
"2592,the,937.740,938.360,0.620,0.000,936.440,1.300",,,,,,,,
"2593,seasonal,938.360,938.490,0.130,0.000,936.440,1.920",,,,,,,,
"2594,meeting,938.490,938.910,0.420,0.000,936.440,2.050",,,,,,,,
"2595,place,938.910,939.180,0.270,0.000,936.440,2.470",,,,,,,,
"2596,by,939.180,939.320,0.140,0.000,936.440,2.740",,,,,,,,
"2597,the,939.320,939.500,0.180,0.000,936.440,2.880",,,,,,,,
"2598,wide,939.500,939.720,0.220,0.000,936.440,3.060",,,,,,,,
"2599,river,939.720,940.020,0.300,0.000,940.360,-0.640",,,,,,,,
"2600,those,940.260,940.440,0.180,0.240,940.360,-0.100",,,,,,,,
"2601,men,940.440,940.620,0.180,0.000,940.360,0.080",,,,,,,,
"2602,find,940.620,941.040,0.420,0.000,940.360,0.260",,,,,,,,
"2603,you,941.040,941.110,0.070,0.000,940.360,0.680",,,,,,,,
"2604,at,941.110,941.160,0.050,0.000,940.360,0.750",,,,,,,,
"2605,the,941.160,941.340,0.180,0.000,940.360,0.800",,,,,,,,
"2606,fire,941.340,941.580,0.240,0.000,940.360,0.980",,,,,,,,
"2607,sit,941.780,942.260,0.480,0.200,940.360,1.420",,,,,,,,
"2608,close,942.260,942.650,0.390,0.000,940.360,1.900",,,,,,,,
"2609,and,943.120,943.180,0.060,0.470,943.300,-0.180",,,,,,,,
"2610,the,943.180,943.200,0.020,0.000,943.300,-0.120",,,,,,,,
"2611,talk,943.200,943.450,0.250,0.000,943.300,-0.100",,,,,,,,
"2612,moves,943.450,943.640,0.190,0.000,943.300,0.150",,,,,,,,
"2613,between,943.640,944.540,0.900,0.000,943.300,0.340",,,,,,,,
"2614,ordinary,944.540,944.800,0.260,0.000,943.300,1.240",,,,,,,,
"2615,things,944.800,945.200,0.400,0.000,943.300,1.500",,,,,,,,
"2616,and,945.200,945.400,0.200,0.000,943.300,1.900",,,,,,,,
"2617,the,945.400,945.600,0.200,0.000,945.720,-0.320",,,,,,,,
"2618,kind,945.600,945.870,0.270,0.000,945.720,-0.120",,,,,,,,
"2619,of,945.870,946.000,0.130,0.000,945.720,0.150",,,,,,,,
"2620,talk,946.000,946.270,0.270,0.000,945.720,0.280",,,,,,,,
"2621,that,946.270,946.540,0.270,0.000,945.720,0.550",,,,,,,,
"2622,only,946.540,947.270,0.730,0.000,945.720,0.820",,,,,,,,
"2623,happens,947.270,947.280,0.010,0.000,945.720,1.550",,,,,,,,
"2624,between,947.280,947.750,0.470,0.000,945.720,1.560",,,,,,,,
"2625,people,947.750,948.240,0.490,0.000,945.720,2.030",,,,,,,,
"2626,who,948.240,948.460,0.220,0.000,945.720,2.520",,,,,,,,
"2627,have,948.460,948.730,0.270,0.000,945.720,2.740",,,,,,,,
"2628,shared,948.730,949.200,0.470,0.000,945.720,3.010",,,,,,,,
"2629,a,949.200,949.860,0.660,0.000,945.720,3.480",,,,,,,,
"2630,particular,949.860,949.880,0.020,0.000,945.720,4.140",,,,,,,,
"2631,kind,949.880,950.150,0.270,0.000,945.720,4.160",,,,,,,,
"2632,of,950.150,950.280,0.130,0.000,951.640,-1.490",,,,,,,,
"2633,knight,950.280,950.690,0.410,0.000,951.640,-1.360",,,,,,,,
"2634,Ben,950.890,951.090,0.200,0.200,951.640,-0.750",,,,,,,,
"2635,brings,951.090,951.500,0.410,0.000,951.640,-0.550",,,,,,,,
"2636,two,951.500,951.760,0.260,0.000,951.640,-0.140",,,,,,,,
"2637,young,951.760,952.030,0.270,0.000,951.640,0.120",,,,,,,,
"2638,sc,952.030,952.200,0.170,0.000,951.640,0.390",,,,,,,,
"2639,outs,952.200,952.570,0.370,0.000,951.640,0.560",,,,,,,,
"2640,to,952.570,952.610,0.040,0.000,951.640,0.930",,,,,,,,
"2641,you,952.610,952.770,0.160,0.000,951.640,0.970",,,,,,,,
"2642,at,952.770,953.030,0.260,0.000,951.640,1.130",,,,,,,,
"2643,the,953.030,953.100,0.070,0.000,951.640,1.390",,,,,,,,
"2644,gathering,953.100,953.610,0.510,0.000,951.640,1.460",,,,,,,,
"2645,does,954.740,954.760,0.020,1.130,954.840,-0.100",,,,,,,,
"2646,not,954.760,954.820,0.060,0.000,954.840,-0.080",,,,,,,,
"2647,ask,954.820,955.000,0.180,0.000,954.840,-0.020",,,,,,,,
"2648,you,955.000,955.230,0.230,0.000,954.840,0.160",,,,,,,,
"2649,to,955.230,955.290,0.060,0.000,954.840,0.390",,,,,,,,
"2650,teach,955.290,956.110,0.820,0.000,954.840,0.450",,,,,,,,
"2651,them,956.110,956.160,0.050,0.000,954.840,1.270",,,,,,,,
"2652,anything,956.160,956.740,0.580,0.000,954.840,1.320",,,,,,,,
"2653,He,956.970,957.130,0.160,0.230,957.460,-0.490",,,,,,,,
"2654,places,957.130,957.600,0.470,0.000,957.460,-0.330",,,,,,,,
"2655,them,957.600,958.040,0.440,0.000,957.460,0.140",,,,,,,,
"2656,near,958.040,958.240,0.200,0.000,957.460,0.580",,,,,,,,
"2657,you,958.240,958.480,0.240,0.000,957.460,0.780",,,,,,,,
"2658,and,958.890,958.930,0.040,0.410,959.320,-0.430",,,,,,,,
"2659,you,958.930,959.180,0.250,0.000,959.320,-0.390",,,,,,,,
"2660,understand,959.180,959.940,0.760,0.000,959.320,-0.140",,,,,,,,
"2661,what,959.940,960.370,0.430,0.000,959.320,0.620",,,,,,,,
"2662,he,960.370,960.700,0.330,0.000,959.320,1.050",,,,,,,,
"2663,asking,960.780,961.130,0.350,0.080,962.000,-1.220",,,,,,,,
"2664,You,961.220,961.360,0.140,0.090,962.000,-0.780",,,,,,,,
"2665,watch,961.360,962.100,0.740,0.000,962.000,-0.640",,,,,,,,
"2666,the,962.100,962.120,0.020,0.000,962.000,0.100",,,,,,,,
"2667,two,962.120,962.330,0.210,0.000,962.000,0.120",,,,,,,,
"2668,of,962.330,962.470,0.140,0.000,962.000,0.330",,,,,,,,
"2669,them,962.470,962.760,0.290,0.000,962.000,0.470",,,,,,,,
"2670,over,962.760,963.060,0.300,0.000,962.000,0.760",,,,,,,,
"2671,several,963.060,963.560,0.500,0.000,962.000,1.060",,,,,,,,
"2672,evenings,963.560,964.140,0.580,0.000,962.000,1.560",,,,,,,,
"2673,One,964.310,964.560,0.250,0.170,964.720,-0.410",,,,,,,,
"2674,has,964.560,964.850,0.290,0.000,964.720,-0.160",,,,,,,,
"2675,good,964.850,965.060,0.210,0.000,964.720,0.130",,,,,,,,
"2676,instincts,965.060,965.710,0.650,0.000,964.720,0.340",,,,,,,,
"2677,but,965.710,965.910,0.200,0.000,964.720,0.990",,,,,,,,
"2678,is,965.910,966.620,0.710,0.000,964.720,1.190",,,,,,,,
"2679,of,966.620,966.740,0.120,0.000,964.720,1.900",,,,,,,,
"2680,fear,966.740,966.990,0.250,0.000,964.720,2.020",,,,,,,,
"2681,which,967.110,967.240,0.130,0.120,967.460,-0.350",,,,,,,,
"2682,is,967.240,967.550,0.310,0.000,967.460,-0.220",,,,,,,,
"2683,the,967.550,968.020,0.470,0.000,967.460,0.090",,,,,,,,
"2684,worst,968.020,968.060,0.040,0.000,967.460,0.560",,,,,,,,
"2685,combination,968.060,968.790,0.730,0.000,967.460,0.600",,,,,,,,
"2686,you,968.790,968.950,0.160,0.000,969.660,-0.870",,,,,,,,
"2687,know,968.950,969.200,0.250,0.000,969.660,-0.710",,,,,,,,
"2688,The,969.390,969.660,0.270,0.190,969.660,-0.270",,,,,,,,
"2689,fear,969.660,969.920,0.260,0.000,969.660,0.000",,,,,,,,
"2690,itself,969.920,970.190,0.270,0.000,969.660,0.260",,,,,,,,
"2691,is,970.190,970.370,0.180,0.000,969.660,0.530",,,,,,,,
"2692,not,970.370,970.710,0.340,0.000,969.660,0.710",,,,,,,,
"2693,the,970.710,970.770,0.060,0.000,969.660,1.050",,,,,,,,
"2694,problem,970.770,971.190,0.420,0.000,969.660,1.110",,,,,,,,
"2695,Fear,971.460,972.600,1.140,0.270,972.360,-0.900",,,,,,,,
"2696,is,972.600,972.980,0.380,0.000,972.360,0.240",,,,,,,,
"2697,information,972.980,973.720,0.740,0.000,972.360,0.620",,,,,,,,
"2698,The,973.920,974.400,0.480,0.200,974.760,-0.840",,,,,,,,
"2699,problem,974.400,974.610,0.210,0.000,974.760,-0.360",,,,,,,,
"2700,is,974.610,974.740,0.130,0.000,974.760,-0.150",,,,,,,,
"2701,what,974.740,975.010,0.270,0.000,974.760,-0.020",,,,,,,,
"2702,happens,975.010,975.520,0.510,0.000,975.660,-0.650",,,,,,,,
"2703,when,975.520,975.760,0.240,0.000,975.660,-0.140",,,,,,,,
"2704,the,975.760,976.020,0.260,0.000,975.660,0.100",,,,,,,,
"2705,body,976.020,976.280,0.260,0.000,975.660,0.360",,,,,,,,
"2706,'s,976.280,976.360,0.080,0.000,975.660,0.620",,,,,,,,
"2707,warning,976.360,977.130,0.770,0.000,975.660,0.700",,,,,,,,
"2708,triggers,977.130,977.390,0.260,0.000,975.660,1.470",,,,,,,,
"2709,a,977.390,977.550,0.160,0.000,975.660,1.730",,,,,,,,
"2710,second,977.550,977.850,0.300,0.000,975.660,1.890",,,,,,,,
"2711,signal,977.850,978.180,0.330,0.000,975.660,2.190",,,,,,,,
"2712,that,978.180,978.880,0.700,0.000,975.660,2.520",,,,,,,,
"2713,over,978.880,978.940,0.060,0.000,975.660,3.220",,,,,,,,
"2714,ides,978.940,979.200,0.260,0.000,975.660,3.280",,,,,,,,
"2715,the,979.200,979.390,0.190,0.000,975.660,3.540",,,,,,,,
"2716,first,979.390,979.700,0.310,0.000,975.660,3.730",,,,,,,,
"2717,That,979.900,980.070,0.170,0.200,980.540,-0.640",,,,,,,,
"2718,young,980.070,980.600,0.530,0.000,980.540,-0.470",,,,,,,,
"2719,man,980.600,980.660,0.060,0.000,980.540,0.060",,,,,,,,
"2720,needs,980.660,980.980,0.320,0.000,980.540,0.120",,,,,,,,
"2721,to,980.980,981.150,0.170,0.000,980.540,0.440",,,,,,,,
"2722,understand,981.150,981.740,0.590,0.000,980.540,0.610",,,,,,,,
"2723,that,981.740,981.990,0.250,0.000,980.540,1.200",,,,,,,,
"2724,the,981.990,982.240,0.250,0.000,980.540,1.450",,,,,,,,
"2725,tight,982.240,982.500,0.260,0.000,980.540,1.700",,,,,,,,
"2726,ness,982.500,982.750,0.250,0.000,980.540,1.960",,,,,,,,
"2727,in,982.750,983.020,0.270,0.000,980.540,2.210",,,,,,,,
"2728,his,983.020,983.350,0.330,0.000,980.540,2.480",,,,,,,,
"2729,chest,983.350,983.380,0.030,0.000,980.540,2.810",,,,,,,,
"2730,before,983.380,983.770,0.390,0.000,980.540,2.840",,,,,,,,
"2731,a,983.770,983.820,0.050,0.000,980.540,3.230",,,,,,,,
"2732,hard,983.820,984.060,0.240,0.000,980.540,3.280",,,,,,,,
"2733,night,984.060,984.500,0.440,0.000,980.540,3.520",,,,,,,,
"2734,is,984.580,984.650,0.070,0.080,984.880,-0.300",,,,,,,,
"2735,not,984.650,984.870,0.220,0.000,984.880,-0.230",,,,,,,,
"2736,a,984.870,984.940,0.070,0.000,984.880,-0.010",,,,,,,,
"2737,sign,984.940,985.230,0.290,0.000,984.880,0.060",,,,,,,,
"2738,of,985.230,985.900,0.670,0.000,984.880,0.350",,,,,,,,
"2739,weakness,985.900,986.030,0.130,0.000,984.880,1.020",,,,,,,,
"2740,arriving,986.030,986.560,0.530,0.000,984.880,1.150",,,,,,,,
"2741,It,986.780,986.930,0.150,0.220,987.120,-0.340",,,,,,,,
"2742,is,986.930,987.080,0.150,0.000,987.120,-0.190",,,,,,,,
"2743,the,987.080,987.300,0.220,0.000,987.120,-0.040",,,,,,,,
"2744,body,987.300,987.590,0.290,0.000,987.120,0.180",,,,,,,,
"2745,getting,987.590,988.100,0.510,0.000,987.120,0.470",,,,,,,,
"2746,ready,988.100,988.650,0.550,0.000,989.260,-1.160",,,,,,,,
"2747,You,988.700,988.920,0.220,0.050,989.260,-0.560",,,,,,,,
"2748,tell,988.920,989.210,0.290,0.000,989.260,-0.340",,,,,,,,
"2749,him,989.210,989.430,0.220,0.000,989.260,-0.050",,,,,,,,
"2750,directly,989.430,990.460,1.030,0.000,990.600,-1.170",,,,,,,,
"2751,because,990.460,990.800,0.340,0.000,990.600,-0.140",,,,,,,,
"2752,he,990.800,991.030,0.230,0.000,990.600,0.200",,,,,,,,
"2753,is,991.030,991.120,0.090,0.000,990.600,0.430",,,,,,,,
"2754,young,991.120,991.490,0.370,0.000,990.600,0.520",,,,,,,,
"2755,enough,991.490,991.640,0.150,0.000,990.600,0.890",,,,,,,,
"2756,that,991.640,992.540,0.900,0.000,990.600,1.040",,,,,,,,
"2757,direct,992.540,992.750,0.210,0.000,990.600,1.940",,,,,,,,
"2758,still,992.750,993.110,0.360,0.000,993.280,-0.530",,,,,,,,
"2759,works,993.110,993.490,0.380,0.000,993.280,-0.170",,,,,,,,
"2760,You,993.720,993.950,0.230,0.230,993.280,0.440",,,,,,,,
"2761,see,993.950,994.180,0.230,0.000,993.280,0.670",,,,,,,,
"2762,it,994.180,994.420,0.240,0.000,993.280,0.900",,,,,,,,
"2763,take,994.420,994.640,0.220,0.000,995.720,-1.300",,,,,,,,
"2764,in,994.640,994.900,0.260,0.000,995.720,-1.080",,,,,,,,
"2765,his,994.900,995.270,0.370,0.000,995.720,-0.820",,,,,,,,
"2766,face,995.270,995.330,0.060,0.000,995.720,-0.450",,,,,,,,
"2767,The,995.690,995.790,0.100,0.360,995.720,-0.030",,,,,,,,
"2768,other,995.790,996.170,0.380,0.000,995.720,0.070",,,,,,,,
"2769,one,996.170,996.390,0.220,0.000,996.660,-0.490",,,,,,,,
"2770,is,996.390,997.010,0.620,0.000,996.660,-0.270",,,,,,,,
"2771,nearly,997.010,997.080,0.070,0.000,996.660,0.350",,,,,,,,
"2772,the,997.080,997.360,0.280,0.000,996.660,0.420",,,,,,,,
"2773,opposite,997.360,997.650,0.290,0.000,996.660,0.700",,,,,,,,
"2774,moves,998.520,998.600,0.080,0.870,998.520,0.000",,,,,,,,
"2775,into,998.600,998.680,0.080,0.000,998.520,0.080",,,,,,,,
"2776,dark,998.680,999.000,0.320,0.000,998.520,0.160",,,,,,,,
"2777,terrain,999.000,999.890,0.890,0.000,998.520,0.480",,,,,,,,
"2778,with,999.890,999.930,0.040,0.000,998.520,1.370",,,,,,,,
"2779,an,999.930,1000.050,0.120,0.000,1000.320,-0.390",,,,,,,,
"2780,ease,1000.050,1000.370,0.320,0.000,1000.320,-0.270",,,,,,,,
"2781,that,1000.370,1000.690,0.320,0.000,1000.320,0.050",,,,,,,,
"2782,looks,1000.690,1001.090,0.400,0.000,1000.320,0.370",,,,,,,,
"2783,like,1001.090,1001.410,0.320,0.000,1000.320,0.770",,,,,,,,
"2784,calm,1001.410,1001.820,0.410,0.000,1000.320,1.090",,,,,,,,
"2785,but,1001.820,1001.970,0.150,0.000,1000.320,1.500",,,,,,,,
"2786,is,1001.970,1002.120,0.150,0.000,1002.480,-0.510",,,,,,,,
"2787,actually,1002.120,1002.780,0.660,0.000,1002.480,-0.360",,,,,,,,
"2788,the,1002.780,1003.090,0.310,0.000,1002.480,0.300",,,,,,,,
"2789,absence,1003.090,1003.680,0.590,0.000,1002.480,0.610",,,,,,,,
"2790,of,1003.680,1003.830,0.150,0.000,1002.480,1.200",,,,,,,,
"2791,proper,1003.830,1004.180,0.350,0.000,1002.480,1.350",,,,,,,,
"2792,attention,1004.180,1004.840,0.660,0.000,1005.820,-1.640",,,,,,,,
"2793,You,1005.060,1005.580,0.520,0.220,1005.820,-0.760",,,,,,,,
"2794,take,1005.580,1005.600,0.020,0.000,1005.820,-0.240",,,,,,,,
"2795,her,1005.600,1005.810,0.210,0.000,1005.820,-0.220",,,,,,,,
"2796,to,1005.810,1005.950,0.140,0.000,1005.820,-0.010",,,,,,,,
"2797,the,1005.950,1006.170,0.220,0.000,1005.820,0.130",,,,,,,,
"2798,perimeter,1006.170,1006.840,0.670,0.000,1005.820,0.350",,,,,,,,
"2799,edge,1006.840,1007.220,0.380,0.000,1005.820,1.020",,,,,,,,
"2800,one,1007.220,1007.350,0.130,0.000,1005.820,1.400",,,,,,,,
"2801,evening,1007.350,1007.940,0.590,0.000,1008.180,-0.830",,,,,,,,
"2802,and,1007.940,1008.310,0.370,0.000,1008.180,-0.240",,,,,,,,
"2803,ask,1008.310,1008.330,0.020,0.000,1008.180,0.130",,,,,,,,
"2804,her,1008.330,1008.530,0.200,0.000,1008.180,0.150",,,,,,,,
"2805,to,1008.530,1008.750,0.220,0.000,1008.180,0.350",,,,,,,,
"2806,stand,1008.750,1009.040,0.290,0.000,1008.180,0.570",,,,,,,,
"2807,still,1009.040,1009.480,0.440,0.000,1008.180,0.860",,,,,,,,
"2808,and,1009.480,1010.140,0.660,0.000,1008.180,1.300",,,,,,,,
"2809,report,1010.140,1010.200,0.060,0.000,1008.180,1.960",,,,,,,,
"2810,what,1010.200,1010.420,0.220,0.000,1008.180,2.020",,,,,,,,
"2811,she,1010.500,1010.720,0.220,0.080,1008.180,2.320",,,,,,,,
"2812,notices,1010.720,1011.420,0.700,0.000,1012.340,-1.620",,,,,,,,
"2813,At,1011.830,1011.970,0.140,0.410,1012.340,-0.510",,,,,,,,
"2814,first,1011.970,1012.420,0.450,0.000,1012.340,-0.370",,,,,,,,
"2815,she,1012.420,1012.720,0.300,0.000,1012.340,0.080",,,,,,,,
"2816,reports,1012.720,1013.460,0.740,0.000,1012.340,0.380",,,,,,,,
"2817,the,1013.460,1013.720,0.260,0.000,1012.340,1.120",,,,,,,,
"2818,obvious,1013.720,1014.570,0.850,0.000,1014.960,-1.240",,,,,,,,
"2819,You,1014.720,1015.020,0.300,0.150,1014.960,-0.240",,,,,,,,
"2820,wait,1015.020,1015.420,0.400,0.000,1014.960,0.060",,,,,,,,
"2821,The,1015.710,1016.380,0.670,0.290,1016.320,-0.610",,,,,,,,
"2822,reports,1016.380,1016.720,0.340,0.000,1016.320,0.060",,,,,,,,
"2823,get,1016.720,1017.020,0.300,0.000,1016.320,0.400",,,,,,,,
"2824,finer,1017.020,1017.520,0.500,0.000,1018.180,-1.160",,,,,,,,
"2825,A,1017.820,1017.920,0.100,0.300,1018.180,-0.360",,,,,,,,
"2826,smell,1017.920,1018.440,0.520,0.000,1018.180,-0.260",,,,,,,,
"2827,change,1018.440,1019.020,0.580,0.000,1018.180,0.260",,,,,,,,
"2828,at,1019.020,1019.340,0.320,0.000,1018.180,0.840",,,,,,,,
"2829,the,1019.340,1019.460,0.120,0.000,1018.180,1.160",,,,,,,,
"2830,base,1019.460,1019.770,0.310,0.000,1018.180,1.280",,,,,,,,
"2831,of,1019.770,1019.920,0.150,0.000,1018.180,1.590",,,,,,,,
"2832,a,1019.920,1019.980,0.060,0.000,1018.180,1.740",,,,,,,,
"2833,slope,1019.980,1020.090,0.110,0.000,1018.180,1.800",,,,,,,,
"2834,A,1020.610,1020.880,0.270,0.520,1021.140,-0.530",,,,,,,,
"2835,sound,1020.880,1021.070,0.190,0.000,1021.140,-0.260",,,,,,,,
"2836,she,1021.070,1021.300,0.230,0.000,1021.140,-0.070",,,,,,,,
"2837,had,1021.300,1021.530,0.230,0.000,1021.140,0.160",,,,,,,,
"2838,not,1021.530,1021.760,0.230,0.000,1021.140,0.390",,,,,,,,
"2839,consciously,1021.760,1022.620,0.860,0.000,1021.140,0.620",,,,,,,,
"2840,registered,1022.620,1023.610,0.990,0.000,1021.140,1.480",,,,,,,,
"2841,until,1023.610,1023.790,0.180,0.000,1021.140,2.470",,,,,,,,
"2842,it,1023.790,1024.030,0.240,0.000,1021.140,2.650",,,,,,,,
"2843,was,1024.030,1024.170,0.140,0.000,1021.140,2.890",,,,,,,,
"2844,gone,1024.170,1024.470,0.300,0.000,1025.360,-1.190",,,,,,,,
"2845,You,1024.700,1024.980,0.280,0.230,1025.360,-0.660",,,,,,,,
"2846,tell,1024.980,1025.420,0.440,0.000,1025.360,-0.380",,,,,,,,
"2847,her,1025.420,1025.480,0.060,0.000,1025.360,0.060",,,,,,,,
"2848,that,1025.480,1025.790,0.310,0.000,1025.360,0.120",,,,,,,,
"2849,That,1026.720,1026.800,0.080,0.930,1026.860,-0.140",,,,,,,,
"2850,second,1026.800,1026.950,0.150,0.000,1026.860,-0.060",,,,,,,,
"2851,kind,1026.950,1027.270,0.320,0.000,1026.860,0.090",,,,,,,,
"2852,of,1027.270,1028.080,0.810,0.000,1026.860,0.410",,,,,,,,
"2853,noticing,1028.080,1028.140,0.060,0.000,1029.040,-0.960",,,,,,,,
"2854,That,1028.350,1028.670,0.320,0.210,1029.040,-0.690",,,,,,,,
"2855,is,1028.670,1028.800,0.130,0.000,1029.040,-0.370",,,,,,,,
"2856,where,1028.800,1029.210,0.410,0.000,1029.040,-0.240",,,,,,,,
"2857,the,1029.210,1029.450,0.240,0.000,1029.040,0.170",,,,,,,,
"2858,whole,1029.450,1029.860,0.410,0.000,1029.040,0.410",,,,,,,,
"2859,skill,1029.860,1030.270,0.410,0.000,1029.040,0.820",,,,,,,,
"2860,lives,1030.270,1030.870,0.600,0.000,1029.040,1.230",,,,,,,,
"2861,You,1030.980,1031.300,0.320,0.110,1032.060,-1.080",,,,,,,,
"2862,are,1031.300,1031.620,0.320,0.000,1032.060,-0.760",,,,,,,,
"2863,not,1031.620,1031.930,0.310,0.000,1032.060,-0.440",,,,,,,,
"2864,certain,1031.930,1032.690,0.760,0.000,1032.060,-0.130",,,,,,,,
"2865,you,1032.690,1033.000,0.310,0.000,1032.060,0.630",,,,,,,,
"2866,gave,1033.000,1033.460,0.460,0.000,1032.060,0.940",,,,,,,,
"2867,either,1033.460,1033.880,0.420,0.000,1032.060,1.400",,,,,,,,
"2868,of,1033.960,1034.000,0.040,0.080,1032.060,1.900",,,,,,,,
"2869,them,1034.000,1034.250,0.250,0.000,1032.060,1.940",,,,,,,,
"2870,what,1034.250,1034.390,0.140,0.000,1032.060,2.190",,,,,,,,
"2871,they,1034.390,1034.540,0.150,0.000,1032.060,2.330",,,,,,,,
"2872,needed,1034.540,1035.280,0.740,0.000,1035.560,-1.020",,,,,,,,
"2873,You,1035.310,1035.510,0.200,0.030,1035.560,-0.250",,,,,,,,
"2874,were,1035.510,1035.750,0.240,0.000,1035.560,-0.050",,,,,,,,
"2875,not,1035.750,1035.940,0.190,0.000,1035.560,0.190",,,,,,,,
"2876,certain,1035.940,1036.420,0.480,0.000,1035.560,0.380",,,,,,,,
"2877,Derek,1036.420,1036.690,0.270,0.000,1035.560,0.860",,,,,,,,
"2878,and,1036.690,1036.920,0.230,0.000,1035.560,1.130",,,,,,,,
"2879,Cor,1036.920,1037.180,0.260,0.000,1035.560,1.360",,,,,,,,
"2880,ic,1037.180,1037.190,0.010,0.000,1035.560,1.620",,,,,,,,
"2881,gave,1037.190,1037.440,0.250,0.000,1035.560,1.630",,,,,,,,
"2882,you,1037.440,1038.030,0.590,0.000,1035.560,1.880",,,,,,,,
"2883,everything,1038.030,1038.260,0.230,0.000,1035.560,2.470",,,,,,,,
"2884,you,1038.260,1038.450,0.190,0.000,1035.560,2.700",,,,,,,,
"2885,needed,1038.450,1038.830,0.380,0.000,1035.560,2.890",,,,,,,,
"2886,You,1039.080,1039.840,0.760,0.250,1039.820,-0.740",,,,,,,,
"2887,gave,1039.840,1040.320,0.480,0.000,1039.820,0.020",,,,,,,,
"2888,what,1040.320,1040.590,0.270,0.000,1039.820,0.500",,,,,,,,
"2889,you,1040.590,1040.790,0.200,0.000,1039.820,0.770",,,,,,,,
"2890,had,1040.790,1040.980,0.190,0.000,1039.820,0.970",,,,,,,,
"2891,The,1041.040,1041.660,0.620,0.060,1042.040,-1.000",,,,,,,,
"2892,rest,1041.660,1041.740,0.080,0.000,1042.040,-0.380",,,,,,,,
"2893,belongs,1041.740,1042.140,0.400,0.000,1042.040,-0.300",,,,,,,,
"2894,to,1042.140,1042.270,0.130,0.000,1042.040,0.100",,,,,,,,
"2895,the,1042.270,1042.490,0.220,0.000,1042.040,0.230",,,,,,,,
"2896,knights,1042.490,1042.950,0.460,0.000,1042.040,0.450",,,,,,,,
"2897,they,1042.950,1043.220,0.270,0.000,1042.040,0.910",,,,,,,,
"2898,will,1043.220,1043.490,0.270,0.000,1042.040,1.180",,,,,,,,
"2899,face,1043.490,1043.760,0.270,0.000,1042.040,1.450",,,,,,,,
"2900,without,1043.760,1044.440,0.680,0.000,1042.040,1.720",,,,,,,,
"2901,you,1044.440,1044.470,0.030,0.000,1042.040,2.400",,,,,,,,
"2902,Level,1044.720,1046.280,1.560,0.250,1046.620,-1.900",,,,,,,,
"2903,9,1046.280,1046.380,0.100,0.000,1046.620,-0.340",,,,,,,,
"2904,The,1046.990,1047.710,0.720,0.610,1047.960,-0.970",,,,,,,,
"2905,one,1047.710,1048.340,0.630,0.000,1047.960,-0.250",,,,,,,,
"2906,whose,1048.340,1048.480,0.140,0.000,1047.960,0.380",,,,,,,,
"2907,name,1048.480,1048.660,0.180,0.000,1047.960,0.520",,,,,,,,
"2908,the,1048.660,1048.910,0.250,0.000,1047.960,0.700",,,,,,,,
"2909,stories,1048.910,1049.180,0.270,0.000,1047.960,0.950",,,,,,,,
"2910,use,1049.180,1050.000,0.820,0.000,1050.180,-1.000",,,,,,,,
"2911,You,1050.080,1050.270,0.190,0.080,1050.180,-0.100",,,,,,,,
"2912,are,1050.270,1050.500,0.230,0.000,1050.180,0.090",,,,,,,,
"2913,58,1050.500,1051.020,0.520,0.000,1050.180,0.320",,,,,,,,
"2914,Your,1051.260,1051.700,0.440,0.240,1052.100,-0.840",,,,,,,,
"2915,hair,1051.700,1051.960,0.260,0.000,1052.100,-0.400",,,,,,,,
"2916,has,1051.960,1052.190,0.230,0.000,1052.100,-0.140",,,,,,,,
"2917,gone,1052.190,1052.810,0.620,0.000,1052.100,0.090",,,,,,,,
"2918,pale,1052.810,1052.870,0.060,0.000,1052.100,0.710",,,,,,,,
"2919,at,1052.870,1053.040,0.170,0.000,1052.100,0.770",,,,,,,,
"2920,the,1053.040,1053.290,0.250,0.000,1052.100,0.940",,,,,,,,
"2921,edges,1053.290,1053.710,0.420,0.000,1052.100,1.190",,,,,,,,
"2922,Your,1053.950,1054.620,0.670,0.240,1054.740,-0.790",,,,,,,,
"2923,hands,1054.620,1054.720,0.100,0.000,1054.740,-0.120",,,,,,,,
"2924,are,1054.720,1054.960,0.240,0.000,1054.740,-0.020",,,,,,,,
"2925,steady,1054.960,1055.660,0.700,0.000,1054.740,0.220",,,,,,,,
"2926,now,1055.660,1055.730,0.070,0.000,1054.740,0.920",,,,,,,,
"2927,The,1056.060,1056.900,0.840,0.330,1056.780,-0.720",,,,,,,,
"2928,same,1056.900,1057.160,0.260,0.000,1056.780,0.120",,,,,,,,
"2929,hands,1057.160,1057.560,0.400,0.000,1056.780,0.380",,,,,,,,
"2930,that,1057.640,1057.770,0.130,0.080,1056.780,0.860",,,,,,,,
"2931,could,1057.770,1058.050,0.280,0.000,1056.780,0.990",,,,,,,,
"2932,not,1058.050,1058.220,0.170,0.000,1056.780,1.270",,,,,,,,
"2933,hold,1058.220,1058.280,0.060,0.000,1056.780,1.440",,,,,,,,
"2934,still,1058.280,1058.950,0.670,0.000,1056.780,1.500",,,,,,,,
"2935,over,1058.950,1058.980,0.030,0.000,1056.780,2.170",,,,,,,,
"2936,your,1058.980,1059.190,0.210,0.000,1056.780,2.200",,,,,,,,
"2937,first,1059.190,1059.510,0.320,0.000,1056.780,2.410",,,,,,,,
"2938,real,1059.510,1059.670,0.160,0.000,1056.780,2.730",,,,,,,,
"2939,guarding,1059.670,1060.120,0.450,0.000,1056.780,2.890",,,,,,,,
"2940,post,1060.120,1060.340,0.220,0.000,1056.780,3.340",,,,,,,,
"2941,They,1060.600,1060.870,0.270,0.260,1061.320,-0.720",,,,,,,,
"2942,are,1060.870,1061.070,0.200,0.000,1061.320,-0.450",,,,,,,,
"2943,also,1061.070,1061.710,0.640,0.000,1061.320,-0.250",,,,,,,,
"2944,marked,1061.710,1061.750,0.040,0.000,1061.320,0.390",,,,,,,,
"2945,with,1061.750,1062.130,0.380,0.000,1061.320,0.430",,,,,,,,
"2946,everything,1062.130,1062.740,0.610,0.000,1061.320,0.810",,,,,,,,
"2947,the,1062.740,1062.930,0.190,0.000,1061.320,1.420",,,,,,,,
"2948,years,1062.930,1063.260,0.330,0.000,1061.320,1.610",,,,,,,,
"2949,put,1063.260,1063.440,0.180,0.000,1061.320,1.940",,,,,,,,
"2950,into,1063.440,1063.610,0.170,0.000,1061.320,2.120",,,,,,,,
"2951,them,1063.610,1064.140,0.530,0.000,1064.640,-1.030",,,,,,,,
"2952,The,1064.160,1064.370,0.210,0.020,1064.640,-0.480",,,,,,,,
"2953,white,1064.370,1064.690,0.320,0.000,1064.640,-0.270",,,,,,,,
"2954,line,1064.690,1064.940,0.250,0.000,1064.640,0.050",,,,,,,,
"2955,across,1064.940,1065.330,0.390,0.000,1064.640,0.300",,,,,,,,
"2956,your,1065.330,1065.590,0.260,0.000,1064.640,0.690",,,,,,,,
"2957,left,1065.590,1065.850,0.260,0.000,1064.640,0.950",,,,,,,,
"2958,palm,1065.850,1066.110,0.260,0.000,1064.640,1.210",,,,,,,,
"2959,from,1066.110,1066.350,0.240,0.000,1064.640,1.470",,,,,,,,
"2960,a,1066.350,1066.480,0.130,0.000,1064.640,1.710",,,,,,,,
"2961,night,1066.480,1066.890,0.410,0.000,1064.640,1.840",,,,,,,,
"2962,in,1066.890,1066.900,0.010,0.000,1064.640,2.250",,,,,,,,
"2963,the,1066.900,1067.080,0.180,0.000,1064.640,2.260",,,,,,,,
"2964,lim,1067.080,1067.310,0.230,0.000,1064.640,2.440",,,,,,,,
"2965,estone,1067.310,1067.750,0.440,0.000,1064.640,2.670",,,,,,,,
"2966,hills,1067.750,1067.980,0.230,0.000,1064.640,3.110",,,,,,,,
"2967,The,1068.500,1068.580,0.080,0.520,1068.840,-0.340",,,,,,,,
"2968,shortened,1068.580,1068.870,0.290,0.000,1068.840,-0.260",,,,,,,,
"2969,finger,1068.870,1069.240,0.370,0.000,1068.840,0.030",,,,,,,,
"2970,on,1069.240,1069.350,0.110,0.000,1068.840,0.400",,,,,,,,
"2971,your,1069.350,1069.900,0.550,0.000,1068.840,0.510",,,,,,,,
"2972,right,1069.900,1069.920,0.020,0.000,1068.840,1.060",,,,,,,,
"2973,hand,1069.920,1070.150,0.230,0.000,1068.840,1.080",,,,,,,,
"2974,from,1070.150,1070.450,0.300,0.000,1068.840,1.310",,,,,,,,
"2975,something,1070.450,1070.940,0.490,0.000,1068.840,1.610",,,,,,,,
"2976,you,1070.940,1071.120,0.180,0.000,1068.840,2.100",,,,,,,,
"2977,do,1071.120,1071.240,0.120,0.000,1068.840,2.280",,,,,,,,
"2978,not,1071.240,1071.420,0.180,0.000,1068.840,2.400",,,,,,,,
"2979,describe,1071.420,1071.910,0.490,0.000,1068.840,2.580",,,,,,,,
"2980,in,1071.910,1072.030,0.120,0.000,1068.840,3.070",,,,,,,,
"2981,detail,1072.030,1072.650,0.620,0.000,1068.840,3.190",,,,,,,,
"2982,ed,1073.500,1073.580,0.080,0.850,1073.600,-0.100",,,,,,,,
"2983,kn,1073.580,1073.610,0.030,0.000,1073.600,-0.020",,,,,,,,
"2984,uckles,1073.610,1074.000,0.390,0.000,1073.600,0.010",,,,,,,,
"2985,from,1074.000,1074.130,0.130,0.000,1073.600,0.400",,,,,,,,
"2986,four,1074.130,1074.900,0.770,0.000,1073.600,0.530",,,,,,,,
"2987,decades,1074.900,1075.020,0.120,0.000,1073.600,1.300",,,,,,,,
"2988,of,1075.020,1075.150,0.130,0.000,1073.600,1.420",,,,,,,,
"2989,gri,1075.150,1075.350,0.200,0.000,1073.600,1.550",,,,,,,,
"2990,pping,1075.350,1075.680,0.330,0.000,1073.600,1.750",,,,,,,,
"2991,things,1075.680,1076.080,0.400,0.000,1073.600,2.080",,,,,,,,
"2992,hard,1076.080,1076.350,0.270,0.000,1073.600,2.480",,,,,,,,
"2993,in,1076.350,1076.540,0.190,0.000,1073.600,2.750",,,,,,,,
"2994,the,1076.540,1076.800,0.260,0.000,1073.600,2.940",,,,,,,,
"2995,cold,1076.800,1076.950,0.150,0.000,1073.600,3.200",,,,,,,,
"2996,bands,1078.080,1078.160,0.080,1.130,1078.180,-0.100",,,,,,,,
"2997,know,1078.160,1078.420,0.260,0.000,1078.180,-0.020",,,,,,,,
"2998,your,1078.420,1078.760,0.340,0.000,1078.180,0.240",,,,,,,,
"2999,name,1078.760,1079.130,0.370,0.000,1078.180,0.580",,,,,,,,
"3000,Not,1079.490,1079.630,0.140,0.360,1080.120,-0.630",,,,,,,,
"3001,the,1079.630,1079.840,0.210,0.000,1080.120,-0.490",,,,,,,,
"3002,way,1079.840,1080.070,0.230,0.000,1080.120,-0.280",,,,,,,,
"3003,a,1080.070,1080.140,0.070,0.000,1080.120,-0.050",,,,,,,,
"3004,man,1080.140,1080.370,0.230,0.000,1080.120,0.020",,,,,,,,
"3005,is,1080.370,1080.520,0.150,0.000,1080.120,0.250",,,,,,,,
"3006,known,1080.520,1080.910,0.390,0.000,1080.120,0.400",,,,,,,,
"3007,for,1080.910,1081.140,0.230,0.000,1080.120,0.790",,,,,,,,
"3008,a,1081.140,1081.210,0.070,0.000,1080.120,1.020",,,,,,,,
"3009,single,1081.210,1081.650,0.440,0.000,1080.120,1.090",,,,,,,,
"3010,event,1081.650,1082.230,0.580,0.000,1080.120,1.530",,,,,,,,
"3011,The,1082.460,1082.650,0.190,0.230,1083.540,-1.080",,,,,,,,
"3012,way,1082.650,1082.910,0.260,0.000,1083.540,-0.890",,,,,,,,
"3013,a,1082.910,1082.980,0.070,0.000,1083.540,-0.630",,,,,,,,
"3014,specific,1082.980,1083.800,0.820,0.000,1083.540,-0.560",,,,,,,,
"3015,ridge,1083.800,1084.210,0.410,0.000,1083.540,0.260",,,,,,,,
"3016,is,1084.210,1084.390,0.180,0.000,1083.540,0.670",,,,,,,,
"3017,known,1084.390,1084.850,0.460,0.000,1083.540,0.850",,,,,,,,
"3018,Or,1085.120,1085.300,0.180,0.270,1086.020,-0.900",,,,,,,,
"3019,a,1085.300,1085.420,0.120,0.000,1086.020,-0.720",,,,,,,,
"3020,reliable,1085.420,1086.530,1.110,0.000,1086.020,-0.600",,,,,,,,
"3021,river,1086.530,1086.590,0.060,0.000,1086.020,0.510",,,,,,,,
"3022,crossing,1086.590,1087.330,0.740,0.000,1086.020,0.570",,,,,,,,
"3023,A,1088.700,1088.780,0.080,1.370,1089.100,-0.400",,,,,,,,
"3024,feature,1088.780,1088.840,0.060,0.000,1089.100,-0.320",,,,,,,,
"3025,of,1088.840,1089.130,0.290,0.000,1089.100,-0.260",,,,,,,,
"3026,the,1089.130,1090.110,0.980,0.000,1089.100,0.030",,,,,,,,
"3027,world,1090.110,1090.340,0.230,0.000,1089.100,1.010",,,,,,,,
"3028,that,1090.340,1090.650,0.310,0.000,1090.680,-0.340",,,,,,,,
"3029,people,1090.650,1091.100,0.450,0.000,1090.680,-0.030",,,,,,,,
"3030,orient,1091.100,1091.560,0.460,0.000,1090.680,0.420",,,,,,,,
"3031,by,1091.560,1091.740,0.180,0.000,1090.680,0.880",,,,,,,,
"3032,When,1092.000,1092.240,0.240,0.260,1092.340,-0.340",,,,,,,,
"3033,the,1092.240,1092.800,0.560,0.000,1092.340,-0.100",,,,,,,,
"3034,bands,1092.800,1092.850,0.050,0.000,1092.340,0.460",,,,,,,,
"3035,gather,1092.850,1093.270,0.420,0.000,1092.340,0.510",,,,,,,,
"3036,and,1093.270,1093.430,0.160,0.000,1092.340,0.930",,,,,,,,
"3037,the,1093.430,1093.640,0.210,0.000,1092.340,1.090",,,,,,,,
"3038,talk,1093.640,1093.910,0.270,0.000,1092.340,1.300",,,,,,,,
"3039,turns,1093.910,1094.310,0.400,0.000,1092.340,1.570",,,,,,,,
"3040,to,1094.310,1094.580,0.270,0.000,1092.340,1.970",,,,,,,,
"3041,night,1094.580,1094.920,0.340,0.000,1095.500,-0.920",,,,,,,,
"3042,To,1095.110,1095.200,0.090,0.190,1095.500,-0.390",,,,,,,,
"3043,what,1095.200,1095.300,0.100,0.000,1095.500,-0.300",,,,,,,,
"3044,lives,1095.300,1095.980,0.680,0.000,1095.500,-0.200",,,,,,,,
"3045,in,1095.980,1096.000,0.020,0.000,1095.500,0.480",,,,,,,,
"3046,it,1096.000,1096.130,0.130,0.000,1095.500,0.500",,,,,,,,
"3047,To,1096.320,1096.450,0.130,0.190,1096.940,-0.620",,,,,,,,
"3048,how,1096.450,1096.650,0.200,0.000,1096.940,-0.490",,,,,,,,
"3049,to,1096.650,1096.780,0.130,0.000,1096.940,-0.290",,,,,,,,
"3050,read,1096.780,1097.050,0.270,0.000,1096.940,-0.160",,,,,,,,
"3051,an,1097.050,1097.180,0.130,0.000,1096.940,0.110",,,,,,,,
"3052,animal,1097.180,1097.620,0.440,0.000,1096.940,0.240",,,,,,,,
"3053,that,1097.620,1097.880,0.260,0.000,1096.940,0.680",,,,,,,,
"3054,is,1097.880,1097.980,0.100,0.000,1096.940,0.940",,,,,,,,
"3055,following,1097.980,1098.730,0.750,0.000,1096.940,1.040",,,,,,,,
"3056,you,1098.730,1098.860,0.130,0.000,1096.940,1.790",,,,,,,,
"3057,against,1098.860,1099.290,0.430,0.000,1096.940,1.920",,,,,,,,
"3058,one,1099.290,1099.480,0.190,0.000,1096.940,2.350",,,,,,,,
"3059,that,1099.480,1099.640,0.160,0.000,1096.940,2.540",,,,,,,,
"3060,only,1099.640,1099.870,0.230,0.000,1096.940,2.700",,,,,,,,
"3061,crossed,1099.870,1100.140,0.270,0.000,1096.940,2.930",,,,,,,,
"3062,your,1100.140,1100.300,0.160,0.000,1096.940,3.200",,,,,,,,
"3063,path,1100.300,1100.730,0.430,0.000,1101.420,-1.120",,,,,,,,
"3064,People,1101.060,1101.250,0.190,0.330,1101.420,-0.360",,,,,,,,
"3065,look,1101.250,1101.470,0.220,0.000,1101.420,-0.170",,,,,,,,
"3066,toward,1101.470,1101.810,0.340,0.000,1101.420,0.050",,,,,,,,
"3067,where,1101.810,1102.090,0.280,0.000,1101.420,0.390",,,,,,,,
"3068,you,1102.090,1102.260,0.170,0.000,1101.420,0.670",,,,,,,,
"3069,are,1102.260,1102.430,0.170,0.000,1101.420,0.840",,,,,,,,
"3070,sitting,1102.430,1102.940,0.510,0.000,1101.420,1.010",,,,,,,,
"3071,Not,1103.040,1103.790,0.750,0.100,1103.940,-0.900",,,,,,,,
"3072,because,1103.790,1104.040,0.250,0.000,1103.940,-0.150",,,,,,,,
"3073,you,1104.040,1104.340,0.300,0.000,1103.940,0.100",,,,,,,,
"3074,stand,1104.340,1104.850,0.510,0.000,1103.940,0.400",,,,,,,,
"3075,and,1104.850,1105.330,0.480,0.000,1103.940,0.910",,,,,,,,
"3076,announce,1105.330,1105.360,0.030,0.000,1103.940,1.390",,,,,,,,
"3077,anything,1105.360,1105.890,0.530,0.000,1107.060,-1.700",,,,,,,,
"3078,Because,1106.090,1106.760,0.670,0.200,1107.060,-0.970",,,,,,,,
"3079,over,1106.760,1106.890,0.130,0.000,1107.060,-0.300",,,,,,,,
"3080,enough,1106.890,1107.310,0.420,0.000,1107.060,-0.170",,,,,,,,
"3081,years,1107.310,1107.580,0.270,0.000,1107.060,0.250",,,,,,,,
"3082,your,1107.580,1107.850,0.270,0.000,1107.060,0.520",,,,,,,,
"3083,name,1107.850,1108.120,0.270,0.000,1107.060,0.790",,,,,,,,
"3084,has,1108.120,1108.400,0.280,0.000,1107.060,1.060",,,,,,,,
"3085,attached,1108.400,1108.860,0.460,0.000,1107.060,1.340",,,,,,,,
"3086,to,1108.860,1108.980,0.120,0.000,1107.060,1.800",,,,,,,,
"3087,a,1108.980,1109.110,0.130,0.000,1107.060,1.920",,,,,,,,
"3088,kind,1109.110,1109.450,0.340,0.000,1107.060,2.050",,,,,,,,
"3089,of,1109.450,1109.520,0.070,0.000,1107.060,2.390",,,,,,,,
"3090,knowledge,1109.520,1110.060,0.540,0.000,1107.060,2.460",,,,,,,,
"3091,people,1110.060,1110.530,0.470,0.000,1107.060,3.000",,,,,,,,
"3092,understand,1110.530,1111.060,0.530,0.000,1107.060,3.470",,,,,,,,
"3093,is,1111.140,1111.270,0.130,0.080,1111.620,-0.480",,,,,,,,
"3094,not,1111.270,1111.550,0.280,0.000,1111.620,-0.350",,,,,,,,
"3095,easily,1111.550,1112.480,0.930,0.000,1112.520,-0.970",,,,,,,,
"3096,replaced,1112.480,1113.110,0.630,0.000,1112.520,-0.040",,,,,,,,
"3097,Young,1113.460,1113.760,0.300,0.350,1112.520,0.940",,,,,,,,
"3098,hunters,1113.760,1114.170,0.410,0.000,1112.520,1.240",,,,,,,,
"3099,from,1114.170,1114.410,0.240,0.000,1112.520,1.650",,,,,,,,
"3100,other,1114.410,1114.680,0.270,0.000,1112.520,1.890",,,,,,,,
"3101,bands,1114.680,1115.210,0.530,0.000,1112.520,2.160",,,,,,,,
"3102,sit,1115.210,1115.220,0.010,0.000,1112.520,2.690",,,,,,,,
"3103,near,1115.220,1115.480,0.260,0.000,1112.520,2.700",,,,,,,,
"3104,your,1115.480,1115.740,0.260,0.000,1112.520,2.960",,,,,,,,
"3105,fire,1115.740,1116.020,0.280,0.000,1112.520,3.220",,,,,,,,
"3106,and,1116.020,1116.190,0.170,0.000,1112.520,3.500",,,,,,,,
"3107,listen,1116.190,1116.580,0.390,0.000,1112.520,3.670",,,,,,,,
"3108,You,1117.020,1117.120,0.100,0.440,1117.440,-0.420",,,,,,,,
"3109,know,1117.120,1117.670,0.550,0.000,1117.440,-0.320",,,,,,,,
"3110,what,1117.670,1117.820,0.150,0.000,1117.440,0.230",,,,,,,,
"3111,they,1117.820,1118.080,0.260,0.000,1117.440,0.380",,,,,,,,
"3112,see,1118.080,1118.270,0.190,0.000,1118.880,-0.800",,,,,,,,
"3113,The,1118.370,1118.480,0.110,0.100,1118.880,-0.510",,,,,,,,
"3114,same,1118.480,1119.220,0.740,0.000,1118.880,-0.400",,,,,,,,
"3115,thing,1119.220,1119.240,0.020,0.000,1118.880,0.340",,,,,,,,
"3116,you,1119.240,1119.450,0.210,0.000,1118.880,0.360",,,,,,,,
"3117,saw,1119.450,1119.610,0.160,0.000,1118.880,0.570",,,,,,,,
"3118,when,1119.610,1119.870,0.260,0.000,1118.880,0.730",,,,,,,,
"3119,you,1119.870,1120.060,0.190,0.000,1118.880,0.990",,,,,,,,
"3120,first,1120.060,1120.380,0.320,0.000,1118.880,1.180",,,,,,,,
"3121,looked,1120.380,1120.860,0.480,0.000,1118.880,1.500",,,,,,,,
"3122,at,1120.860,1120.890,0.030,0.000,1118.880,1.980",,,,,,,,
"3123,Der,1120.890,1121.120,0.230,0.000,1121.720,-0.830",,,,,,,,
"3124,ret,1121.120,1121.270,0.150,0.000,1121.720,-0.600",,,,,,,,
"3125,Pro,1121.430,1121.550,0.120,0.160,1121.720,-0.290",,,,,,,,
"3126,of,1121.550,1121.970,0.420,0.000,1121.720,-0.170",,,,,,,,
"3127,that,1121.970,1122.030,0.060,0.000,1121.720,0.250",,,,,,,,
"3128,surviving,1122.030,1122.610,0.580,0.000,1121.720,0.310",,,,,,,,
"3129,a,1122.610,1122.660,0.050,0.000,1121.720,0.890",,,,,,,,
"3130,long,1122.660,1123.010,0.350,0.000,1121.720,0.940",,,,,,,,
"3131,time,1123.010,1123.360,0.350,0.000,1121.720,1.290",,,,,,,,
"3132,is,1123.360,1123.500,0.140,0.000,1121.720,1.640",,,,,,,,
"3133,possible,1123.500,1124.060,0.560,0.000,1124.900,-1.400",,,,,,,,
"3134,An,1124.240,1124.760,0.520,0.180,1124.900,-0.660",,,,,,,,
"3135,answer,1124.760,1124.880,0.120,0.000,1124.900,-0.140",,,,,,,,
"3136,to,1124.880,1124.970,0.090,0.000,1124.900,-0.020",,,,,,,,
"3137,the,1124.970,1125.180,0.210,0.000,1124.900,0.070",,,,,,,,
"3138,question,1125.180,1125.730,0.550,0.000,1124.900,0.280",,,,,,,,
"3139,of,1125.730,1125.900,0.170,0.000,1124.900,0.830",,,,,,,,
"3140,whether,1125.900,1126.400,0.500,0.000,1124.900,1.000",,,,,,,,
"3141,you,1126.400,1126.660,0.260,0.000,1124.900,1.500",,,,,,,,
"3142,can,1126.660,1126.790,0.130,0.000,1124.900,1.760",,,,,,,,
"3143,face,1126.790,1127.100,0.310,0.000,1124.900,1.890",,,,,,,,
"3144,the,1127.100,1127.510,0.410,0.000,1124.900,2.200",,,,,,,,
"3145,night,1127.510,1127.630,0.120,0.000,1124.900,2.610",,,,,,,,
"3146,across,1127.630,1128.050,0.420,0.000,1124.900,2.730",,,,,,,,
"3147,a,1128.050,1128.120,0.070,0.000,1124.900,3.150",,,,,,,,
"3148,whole,1128.120,1128.470,0.350,0.000,1124.900,3.220",,,,,,,,
"3149,life,1128.470,1128.780,0.310,0.000,1124.900,3.570",,,,,,,,
"3150,without,1128.780,1129.200,0.420,0.000,1124.900,3.880",,,,,,,,
"3151,it,1129.200,1129.350,0.150,0.000,1124.900,4.300",,,,,,,,
"3152,eventually,1129.350,1130.600,1.250,0.000,1131.220,-1.870",,,,,,,,
"3153,winning,1130.600,1130.630,0.030,0.000,1131.220,-0.620",,,,,,,,
"3154,You,1130.850,1131.070,0.220,0.220,1131.220,-0.370",,,,,,,,
"3155,tell,1131.070,1131.370,0.300,0.000,1131.220,-0.150",,,,,,,,
"3156,them,1131.370,1131.670,0.300,0.000,1131.220,0.150",,,,,,,,
"3157,the,1131.670,1131.890,0.220,0.000,1131.220,0.450",,,,,,,,
"3158,full,1131.890,1132.240,0.350,0.000,1131.220,0.670",,,,,,,,
"3159,cost,1132.240,1132.500,0.260,0.000,1131.220,1.020",,,,,,,,
"3160,Same,1132.710,1132.930,0.220,0.210,1133.020,-0.310",,,,,,,,
"3161,as,1132.930,1133.350,0.420,0.000,1133.020,-0.090",,,,,,,,
"3162,you,1133.350,1133.380,0.030,0.000,1133.020,0.330",,,,,,,,
"3163,always,1133.380,1133.830,0.450,0.000,1133.020,0.360",,,,,,,,
"3164,do,1133.830,1133.980,0.150,0.000,1133.020,0.810",,,,,,,,
"3165,You,1134.200,1134.410,0.210,0.220,1134.700,-0.500",,,,,,,,
"3166,tell,1134.410,1134.720,0.310,0.000,1134.700,-0.290",,,,,,,,
"3167,them,1134.720,1135.160,0.440,0.000,1134.700,0.020",,,,,,,,
"3168,the,1135.160,1135.240,0.080,0.000,1134.700,0.460",,,,,,,,
"3169,calm,1135.240,1135.730,0.490,0.000,1134.700,0.540",,,,,,,,
"3170,they,1135.730,1135.860,0.130,0.000,1134.700,1.030",,,,,,,,
"3171,see,1135.940,1136.060,0.120,0.080,1134.700,1.240",,,,,,,,
"3172,was,1136.060,1136.260,0.200,0.000,1134.700,1.360",,,,,,,,
"3173,not,1136.260,1136.380,0.120,0.000,1134.700,1.560",,,,,,,,
"3174,always,1136.380,1137.190,0.810,0.000,1137.820,-1.440",,,,,,,,
"3175,there,1137.190,1137.270,0.080,0.000,1137.820,-0.630",,,,,,,,
"3176,You,1137.410,1137.580,0.170,0.140,1137.820,-0.410",,,,,,,,
"3177,tell,1137.580,1137.840,0.260,0.000,1137.820,-0.240",,,,,,,,
"3178,them,1137.840,1138.100,0.260,0.000,1137.820,0.020",,,,,,,,
"3179,about,1138.100,1138.430,0.330,0.000,1137.820,0.280",,,,,,,,
"3180,the,1138.430,1138.630,0.200,0.000,1137.820,0.610",,,,,,,,
"3181,dropped,1138.630,1139.160,0.530,0.000,1137.820,0.810",,,,,,,,
"3182,torch,1139.160,1139.420,0.260,0.000,1137.820,1.340",,,,,,,,
"3183,The,1139.600,1140.010,0.410,0.180,1139.960,-0.360",,,,,,,,
"3184,three,1140.010,1140.140,0.130,0.000,1139.960,0.050",,,,,,,,
"3185,seconds,1140.140,1140.600,0.460,0.000,1139.960,0.180",,,,,,,,
"3186,in,1140.600,1140.730,0.130,0.000,1139.960,0.640",,,,,,,,
"3187,the,1140.730,1141.000,0.270,0.000,1139.960,0.770",,,,,,,,
"3188,forest,1141.000,1141.170,0.170,0.000,1139.960,1.040",,,,,,,,
"3189,The,1141.820,1141.900,0.080,0.650,1141.840,-0.020",,,,,,,,
"3190,child,1141.900,1141.910,0.010,0.000,1141.840,0.060",,,,,,,,
"3191,you,1141.910,1142.120,0.210,0.000,1141.840,0.070",,,,,,,,
"3192,could,1142.120,1142.330,0.210,0.000,1141.840,0.280",,,,,,,,
"3193,not,1142.330,1142.490,0.160,0.000,1141.840,0.490",,,,,,,,
"3194,reach,1142.490,1143.190,0.700,0.000,1141.840,0.650",,,,,,,,
"3195,in,1143.190,1143.240,0.050,0.000,1141.840,1.350",,,,,,,,
"3196,time,1143.240,1143.470,0.230,0.000,1141.840,1.400",,,,,,,,
"3197,You,1143.680,1143.890,0.210,0.210,1144.700,-1.020",,,,,,,,
"3198,tell,1143.890,1144.180,0.290,0.000,1144.700,-0.810",,,,,,,,
"3199,them,1144.180,1144.450,0.270,0.000,1144.700,-0.520",,,,,,,,
"3200,about,1144.450,1144.860,0.410,0.000,1144.700,-0.250",,,,,,,,
"3201,the,1144.860,1145.120,0.260,0.000,1144.700,0.160",,,,,,,,
"3202,nights,1145.120,1145.390,0.270,0.000,1144.700,0.420",,,,,,,,
"3203,you,1145.390,1145.580,0.190,0.000,1144.700,0.690",,,,,,,,
"3204,got,1145.580,1145.970,0.390,0.000,1144.700,0.880",,,,,,,,
"3205,it,1145.970,1146.010,0.040,0.000,1144.700,1.270",,,,,,,,
"3206,right,1146.010,1146.480,0.470,0.000,1144.700,1.310",,,,,,,,
"3207,only,1146.480,1147.220,0.740,0.000,1147.000,-0.520",,,,,,,,
"3208,because,1147.220,1147.600,0.380,0.000,1147.000,0.220",,,,,,,,
"3209,something,1147.600,1148.290,0.690,0.000,1147.000,0.600",,,,,,,,
"3210,in,1148.290,1148.320,0.030,0.000,1147.000,1.290",,,,,,,,
"3211,the,1148.320,1148.970,0.650,0.000,1147.000,1.320",,,,,,,,
"3212,dark,1148.970,1149.020,0.050,0.000,1149.400,-0.430",,,,,,,,
"3213,chose,1149.020,1149.350,0.330,0.000,1149.400,-0.380",,,,,,,,
"3214,to,1149.350,1149.550,0.200,0.000,1149.400,-0.050",,,,,,,,
"3215,let,1149.550,1149.770,0.220,0.000,1149.400,0.150",,,,,,,,
"3216,you,1149.770,1149.960,0.190,0.000,1149.400,0.370",,,,,,,,
"3217,Most,1150.220,1150.760,0.540,0.260,1151.620,-1.400",,,,,,,,
"3218,of,1150.760,1151.030,0.270,0.000,1151.620,-0.860",,,,,,,,
"3219,them,1151.030,1151.750,0.720,0.000,1151.620,-0.590",,,,,,,,
"3220,hear,1151.750,1152.170,0.420,0.000,1151.620,0.130",,,,,,,,
"3221,the,1152.170,1152.510,0.340,0.000,1151.620,0.550",,,,,,,,
"3222,strength,1152.510,1153.590,1.080,0.000,1154.120,-1.610",,,,,,,,
"3223,Fear,1153.990,1154.600,0.610,0.400,1155.340,-1.350",,,,,,,,
"3224,as,1154.600,1154.800,0.200,0.000,1155.340,-0.740",,,,,,,,
"3225,a,1154.800,1154.990,0.190,0.000,1155.340,-0.540",,,,,,,,
"3226,tool,1154.990,1155.470,0.480,0.000,1155.340,-0.350",,,,,,,,
"3227,Slow,1155.940,1156.630,0.690,0.470,1156.480,-0.540",,,,,,,,
"3228,as,1156.630,1156.990,0.360,0.000,1156.480,0.150",,,,,,,,
"3229,a,1156.990,1157.160,0.170,0.000,1156.480,0.510",,,,,,,,
"3230,weapon,1157.160,1157.350,0.190,0.000,1156.480,0.680",,,,,,,,
"3231,The,1157.700,1157.860,0.160,0.350,1158.360,-0.660",,,,,,,,
"3232,body,1157.860,1158.160,0.300,0.000,1158.360,-0.500",,,,,,,,
"3233,ahead,1158.160,1158.570,0.410,0.000,1158.360,-0.200",,,,,,,,
"3234,of,1158.570,1158.980,0.410,0.000,1158.360,0.210",,,,,,,,
"3235,the,1158.980,1159.040,0.060,0.000,1158.360,0.620",,,,,,,,
"3236,mind,1159.040,1159.300,0.260,0.000,1158.360,0.680",,,,,,,,
"3237,They,1159.580,1159.850,0.270,0.280,1158.360,1.220",,,,,,,,
"3238,do,1159.850,1159.980,0.130,0.000,1158.360,1.490",,,,,,,,
"3239,not,1159.980,1160.180,0.200,0.000,1158.360,1.620",,,,,,,,
"3240,take,1160.180,1160.450,0.270,0.000,1158.360,1.820",,,,,,,,
"3241,in,1160.450,1160.660,0.210,0.000,1158.360,2.090",,,,,,,,
"3242,the,1160.660,1160.780,0.120,0.000,1158.360,2.300",,,,,,,,
"3243,losses,1160.780,1161.190,0.410,0.000,1158.360,2.420",,,,,,,,
"3244,the,1161.190,1161.350,0.160,0.000,1158.360,2.830",,,,,,,,
"3245,same,1161.350,1161.770,0.420,0.000,1158.360,2.990",,,,,,,,
"3246,way,1161.770,1161.860,0.090,0.000,1158.360,3.410",,,,,,,,
"3247,They,1162.190,1162.530,0.340,0.330,1162.900,-0.710",,,,,,,,
"3248,are,1162.530,1162.810,0.280,0.000,1162.900,-0.370",,,,,,,,
"3249,not,1162.810,1163.580,0.770,0.000,1162.900,-0.090",,,,,,,,
"3250,for,1163.580,1163.800,0.220,0.000,1162.900,0.680",,,,,,,,
"3251,them,1163.800,1163.980,0.180,0.000,1162.900,0.900",,,,,,,,
"3252,yet,1163.980,1164.210,0.230,0.000,1162.900,1.080",,,,,,,,
"3253,You,1164.430,1164.660,0.230,0.220,1165.560,-1.130",,,,,,,,
"3254,know,1164.660,1164.760,0.100,0.000,1165.560,-0.900",,,,,,,,
"3255,this,1164.760,1165.400,0.640,0.000,1165.560,-0.800",,,,,,,,
"3256,because,1165.400,1165.790,0.390,0.000,1165.560,-0.160",,,,,,,,
"3257,you,1165.790,1166.020,0.230,0.000,1165.560,0.230",,,,,,,,
"3258,were,1166.020,1166.340,0.320,0.000,1165.560,0.460",,,,,,,,
"3259,not,1166.340,1166.550,0.210,0.000,1165.560,0.780",,,,,,,,
"3260,ready,1166.550,1167.020,0.470,0.000,1165.560,0.990",,,,,,,,
"3261,either,1167.020,1167.390,0.370,0.000,1165.560,1.460",,,,,,,,
"3262,Sitting,1167.610,1168.140,0.530,0.220,1168.180,-0.570",,,,,,,,
"3263,at,1168.140,1168.290,0.150,0.000,1168.180,-0.040",,,,,,,,
"3264,someone,1168.290,1168.820,0.530,0.000,1168.180,0.110",,,,,,,,
"3265,else,1168.820,1169.120,0.300,0.000,1168.180,0.640",,,,,,,,
"3266,'s,1169.120,1169.220,0.100,0.000,1168.180,0.940",,,,,,,,
"3267,fire,1169.220,1169.570,0.350,0.000,1168.180,1.040",,,,,,,,
"3268,at,1169.570,1169.940,0.370,0.000,1168.180,1.390",,,,,,,,
"3269,their,1169.940,1170.200,0.260,0.000,1168.180,1.760",,,,,,,,
"3270,age,1170.200,1170.440,0.240,0.000,1168.180,2.020",,,,,,,,
"3271,Being,1170.680,1170.830,0.150,0.240,1171.060,-0.380",,,,,,,,
"3272,told,1170.830,1171.600,0.770,0.000,1171.060,-0.230",,,,,,,,
"3273,the,1171.600,1171.650,0.050,0.000,1171.060,0.540",,,,,,,,
"3274,whole,1171.650,1172.060,0.410,0.000,1171.060,0.590",,,,,,,,
"3275,truth,1172.060,1172.470,0.410,0.000,1172.740,-0.680",,,,,,,,
"3276,and,1172.470,1172.740,0.270,0.000,1172.740,-0.270",,,,,,,,
"3277,only,1172.740,1173.030,0.290,0.000,1172.740,0.000",,,,,,,,
"3278,catching,1173.030,1173.680,0.650,0.000,1172.740,0.290",,,,,,,,
"3279,part,1173.680,1173.930,0.250,0.000,1172.740,0.940",,,,,,,,
"3280,of,1173.930,1174.320,0.390,0.000,1175.440,-1.510",,,,,,,,
"3281,it,1174.320,1174.350,0.030,0.000,1175.440,-1.120",,,,,,,,
"3282,The,1174.560,1174.800,0.240,0.210,1175.440,-0.880",,,,,,,,
"3283,knowledge,1174.800,1175.500,0.700,0.000,1175.440,-0.640",,,,,,,,
"3284,that,1175.500,1176.160,0.660,0.000,1175.440,0.060",,,,,,,,
"3285,comes,1176.160,1176.260,0.100,0.000,1175.440,0.720",,,,,,,,
"3286,from,1176.260,1176.580,0.320,0.000,1175.440,0.820",,,,,,,,
"3287,actual,1176.580,1177.180,0.600,0.000,1175.440,1.140",,,,,,,,
"3288,experience,1177.180,1177.700,0.520,0.000,1175.440,1.740",,,,,,,,
"3289,cannot,1177.700,1178.580,0.880,0.000,1175.440,2.260",,,,,,,,
"3290,be,1178.580,1178.620,0.040,0.000,1175.440,3.140",,,,,,,,
"3291,handed,1178.620,1179.130,0.510,0.000,1175.440,3.180",,,,,,,,
"3292,over,1179.130,1179.420,0.290,0.000,1175.440,3.690",,,,,,,,
"3293,by,1179.420,1179.580,0.160,0.000,1175.440,3.980",,,,,,,,
"3294,talking,1179.580,1180.220,0.640,0.000,1180.800,-1.220",,,,,,,,
"3295,It,1180.480,1180.540,0.060,0.260,1180.800,-0.320",,,,,,,,
"3296,has,1180.540,1180.780,0.240,0.000,1180.800,-0.260",,,,,,,,
"3297,to,1180.780,1181.010,0.230,0.000,1180.800,-0.020",,,,,,,,
"3298,grow,1181.010,1181.330,0.320,0.000,1180.800,0.210",,,,,,,,
"3299,inside,1181.330,1181.750,0.420,0.000,1180.800,0.530",,,,,,,,
"3300,the,1181.750,1181.980,0.230,0.000,1180.800,0.950",,,,,,,,
"3301,living,1181.980,1182.450,0.470,0.000,1180.800,1.180",,,,,,,,
"3302,of,1182.450,1182.780,0.330,0.000,1183.140,-0.690",,,,,,,,
"3303,All,1183.140,1183.260,0.120,0.360,1183.140,0.000",,,,,,,,
"3304,you,1183.260,1183.500,0.240,0.000,1183.140,0.120",,,,,,,,
"3305,can,1183.500,1183.740,0.240,0.000,1183.140,0.360",,,,,,,,
"3306,do,1183.740,1184.180,0.440,0.000,1183.140,0.600",,,,,,,,
"3307,is,1184.180,1184.380,0.200,0.000,1183.140,1.040",,,,,,,,
"3308,be,1184.380,1184.580,0.200,0.000,1183.140,1.240",,,,,,,,
"3309,honest,1184.660,1184.990,0.330,0.080,1183.140,1.520",,,,,,,,
"3310,and,1184.990,1185.150,0.160,0.000,1185.600,-0.610",,,,,,,,
"3311,let,1185.150,1185.240,0.090,0.000,1185.600,-0.450",,,,,,,,
"3312,them,1185.240,1185.930,0.690,0.000,1185.600,-0.360",,,,,,,,
"3313,take,1185.930,1186.000,0.070,0.000,1185.600,0.330",,,,,,,,
"3314,what,1186.000,1186.210,0.210,0.000,1185.600,0.400",,,,,,,,
"3315,they,1186.210,1186.530,0.320,0.000,1185.600,0.610",,,,,,,,
"3316,are,1186.530,1186.670,0.140,0.000,1185.600,0.930",,,,,,,,
"3317,able,1186.670,1186.940,0.270,0.000,1185.600,1.070",,,,,,,,
"3318,to,1186.940,1187.070,0.130,0.000,1185.600,1.340",,,,,,,,
"3319,carry,1187.070,1187.460,0.390,0.000,1185.600,1.470",,,,,,,,
"3320,right,1187.460,1187.880,0.420,0.000,1187.780,-0.320",,,,,,,,
"3321,now,1187.880,1188.050,0.170,0.000,1187.780,0.100",,,,,,,,
"3322,Level,1189.760,1189.840,0.080,1.710,1189.960,-0.200",,,,,,,,
"3323,10,1189.840,1190.540,0.700,0.000,1189.960,-0.120",,,,,,,,
"3324,The,1190.540,1190.750,0.210,0.000,1191.060,-0.520",,,,,,,,
"3325,one,1190.750,1190.960,0.210,0.000,1191.060,-0.310",,,,,,,,
"3326,the,1190.960,1191.060,0.100,0.000,1191.060,-0.100",,,,,,,,
"3327,fire,1191.060,1191.950,0.890,0.000,1191.060,0.000",,,,,,,,
"3328,remembers,1191.950,1192.170,0.220,0.000,1191.060,0.890",,,,,,,,
"3329,You,1192.330,1192.530,0.200,0.160,1191.060,1.270",,,,,,,,
"3330,are,1192.530,1192.740,0.210,0.000,1191.060,1.470",,,,,,,,
"3331,64,1192.740,1193.220,0.480,0.000,1191.060,1.680",,,,,,,,
"3332,The,1193.580,1193.900,0.320,0.360,1194.160,-0.580",,,,,,,,
"3333,night,1193.900,1194.690,0.790,0.000,1194.160,-0.260",,,,,,,,
"3334,runs,1194.690,1194.760,0.070,0.000,1194.160,0.530",,,,,,,,
"3335,belong,1194.760,1195.120,0.360,0.000,1194.160,0.600",,,,,,,,
"3336,to,1195.120,1195.220,0.100,0.000,1194.160,0.960",,,,,,,,
"3337,someone,1195.220,1195.580,0.360,0.000,1194.160,1.060",,,,,,,,
"3338,else,1195.580,1195.790,0.210,0.000,1194.160,1.420",,,,,,,,
"3339,now,1195.790,1195.920,0.130,0.000,1194.160,1.630",,,,,,,,
"3340,Your,1196.500,1196.740,0.240,0.580,1196.640,-0.140",,,,,,,,
"3341,legs,1196.740,1197.070,0.330,0.000,1196.640,0.100",,,,,,,,
"3342,still,1197.070,1197.280,0.210,0.000,1196.640,0.430",,,,,,,,
"3343,work,1197.280,1197.600,0.320,0.000,1196.640,0.640",,,,,,,,
"3344,but,1197.600,1197.770,0.170,0.000,1198.020,-0.420",,,,,,,,
"3345,your,1197.770,1197.990,0.220,0.000,1198.020,-0.250",,,,,,,,
"3346,eyes,1197.990,1198.170,0.180,0.000,1198.020,-0.030",,,,,,,,
"3347,have,1198.170,1198.260,0.090,0.000,1198.020,0.150",,,,,,,,
"3348,lost,1198.260,1198.650,0.390,0.000,1198.020,0.240",,,,,,,,
"3349,the,1198.650,1199.000,0.350,0.000,1198.020,0.630",,,,,,,,
"3350,edge,1199.000,1199.040,0.040,0.000,1198.020,0.980",,,,,,,,
"3351,of,1199.040,1199.150,0.110,0.000,1198.020,1.020",,,,,,,,
"3352,darkness,1199.150,1199.600,0.450,0.000,1198.020,1.130",,,,,,,,
"3353,precision,1199.600,1200.140,0.540,0.000,1198.020,1.580",,,,,,,,
"3354,that,1200.140,1200.330,0.190,0.000,1198.020,2.120",,,,,,,,
"3355,forward,1200.330,1200.720,0.390,0.000,1198.020,2.310",,,,,,,,
"3356,sc,1200.720,1200.900,0.180,0.000,1198.020,2.700",,,,,,,,
"3357,outing,1200.900,1201.170,0.270,0.000,1198.020,2.880",,,,,,,,
"3358,demands,1201.170,1201.750,0.580,0.000,1198.020,3.150",,,,,,,,
"3359,this,1202.680,1202.760,0.080,0.930,1203.040,-0.360",,,,,,,,
"3360,without,1202.760,1203.080,0.320,0.000,1203.040,-0.280",,,,,,,,
"3361,needing,1203.080,1203.750,0.670,0.000,1203.040,0.040",,,,,,,,
"3362,anyone,1203.750,1204.080,0.330,0.000,1203.040,0.710",,,,,,,,
"3363,to,1204.080,1204.130,0.050,0.000,1203.040,1.040",,,,,,,,
"3364,tell,1204.130,1204.410,0.280,0.000,1203.040,1.090",,,,,,,,
"3365,you,1204.410,1204.630,0.220,0.000,1203.040,1.370",,,,,,,,
"3366,Three,1204.880,1205.330,0.450,0.250,1206.220,-1.340",,,,,,,,
"3367,win,1205.330,1205.600,0.270,0.000,1206.220,-0.890",,,,,,,,
"3368,ters,1205.600,1205.980,0.380,0.000,1206.220,-0.620",,,,,,,,
"3369,ago,1205.980,1206.230,0.250,0.000,1206.220,-0.240",,,,,,,,
"3370,you,1206.230,1206.830,0.600,0.000,1206.220,0.010",,,,,,,,
"3371,stepped,1206.830,1207.250,0.420,0.000,1206.220,0.610",,,,,,,,
"3372,back,1207.250,1207.500,0.250,0.000,1206.220,1.030",,,,,,,,
"3373,from,1207.500,1207.890,0.390,0.000,1206.220,1.280",,,,,,,,
"3374,active,1207.890,1208.280,0.390,0.000,1206.220,1.670",,,,,,,,
"3375,perimeter,1208.360,1208.960,0.600,0.080,1206.220,2.140",,,,,,,,
"3376,work,1208.960,1209.060,0.100,0.000,1209.400,-0.440",,,,,,,,
"3377,and,1209.060,1209.680,0.620,0.000,1209.400,-0.340",,,,,,,,
"3378,gave,1209.680,1209.800,0.120,0.000,1209.400,0.280",,,,,,,,
"3379,it,1209.800,1209.930,0.130,0.000,1209.400,0.400",,,,,,,,
"3380,fully,1209.930,1210.310,0.380,0.000,1209.400,0.530",,,,,,,,
"3381,to,1210.310,1210.460,0.150,0.000,1209.400,0.910",,,,,,,,
"3382,F,1210.460,1210.530,0.070,0.000,1209.400,1.060",,,,,,,,
"3383,enn,1210.530,1210.750,0.220,0.000,1209.400,1.130",,,,,,,,
"3384,'s,1210.750,1210.900,0.150,0.000,1209.400,1.350",,,,,,,,
"3385,people,1210.900,1211.350,0.450,0.000,1211.820,-0.920",,,,,,,,
"3386,who,1211.350,1211.580,0.230,0.000,1211.820,-0.470",,,,,,,,
"3387,have,1211.580,1211.850,0.270,0.000,1211.820,-0.240",,,,,,,,
"3388,by,1211.850,1212.010,0.160,0.000,1211.820,0.030",,,,,,,,
"3389,now,1212.010,1212.430,0.420,0.000,1211.820,0.190",,,,,,,,
"3390,become,1212.430,1212.690,0.260,0.000,1211.820,0.610",,,,,,,,
"3391,the,1212.690,1212.910,0.220,0.000,1211.820,0.870",,,,,,,,
"3392,ones,1212.910,1213.320,0.410,0.000,1211.820,1.090",,,,,,,,
"3393,teaching,1213.320,1213.590,0.270,0.000,1211.820,1.500",,,,,,,,
"3394,the,1213.590,1213.830,0.240,0.000,1211.820,1.770",,,,,,,,
"3395,people,1213.830,1214.100,0.270,0.000,1211.820,2.010",,,,,,,,
"3396,after,1214.100,1214.490,0.390,0.000,1211.820,2.280",,,,,,,,
"3397,them,1214.490,1214.800,0.310,0.000,1215.400,-0.910",,,,,,,,
"3398,What,1214.970,1215.500,0.530,0.170,1215.400,-0.430",,,,,,,,
"3399,you,1215.500,1215.620,0.120,0.000,1215.400,0.100",,,,,,,,
"3400,do,1215.620,1215.730,0.110,0.000,1215.400,0.220",,,,,,,,
"3401,now,1215.730,1215.950,0.220,0.000,1215.400,0.330",,,,,,,,
"3402,is,1215.950,1216.100,0.150,0.000,1215.400,0.550",,,,,,,,
"3403,harder,1216.100,1216.570,0.470,0.000,1216.640,-0.540",,,,,,,,
"3404,to,1216.570,1216.720,0.150,0.000,1216.640,-0.070",,,,,,,,
"3405,put,1216.720,1216.950,0.230,0.000,1216.640,0.080",,,,,,,,
"3406,a,1216.950,1217.030,0.080,0.000,1216.640,0.310",,,,,,,,
"3407,name,1217.030,1217.400,0.370,0.000,1216.640,0.390",,,,,,,,
"3408,to,1217.400,1217.490,0.090,0.000,1216.640,0.760",,,,,,,,
"3409,You,1217.880,1218.250,0.370,0.390,1219.320,-1.440",,,,,,,,
"3410,sit,1218.250,1218.500,0.250,0.000,1219.320,-1.070",,,,,,,,
"3411,at,1218.500,1218.720,0.220,0.000,1219.320,-0.820",,,,,,,,
"3412,the,1218.720,1219.050,0.330,0.000,1219.320,-0.600",,,,,,,,
"3413,center,1219.050,1220.060,1.010,0.000,1219.320,-0.270",,,,,,,,
"3414,fire,1220.060,1220.170,0.110,0.000,1219.320,0.740",,,,,,,,
"3415,on,1220.170,1220.380,0.210,0.000,1219.320,0.850",,,,,,,,
"3416,long,1220.380,1221.100,0.720,0.000,1219.320,1.060",,,,,,,,
"3417,winter,1221.100,1221.160,0.060,0.000,1219.320,1.780",,,,,,,,
"3418,nights,1221.160,1221.500,0.340,0.000,1219.320,1.840",,,,,,,,
"3419,when,1221.500,1221.720,0.220,0.000,1219.320,2.180",,,,,,,,
"3420,the,1221.720,1221.890,0.170,0.000,1219.320,2.400",,,,,,,,
"3421,band,1221.890,1222.130,0.240,0.000,1219.320,2.570",,,,,,,,
"3422,is,1222.130,1222.560,0.430,0.000,1219.320,2.810",,,,,,,,
"3423,settled,1222.560,1222.690,0.130,0.000,1219.320,3.240",,,,,,,,
"3424,deep,1222.690,1222.870,0.180,0.000,1219.320,3.370",,,,,,,,
"3425,in,1222.870,1222.980,0.110,0.000,1219.320,3.550",,,,,,,,
"3426,the,1222.980,1223.150,0.170,0.000,1219.320,3.660",,,,,,,,
"3427,valley,1223.150,1223.490,0.340,0.000,1219.320,3.830",,,,,,,,
"3428,and,1223.490,1223.700,0.210,0.000,1223.880,-0.390",,,,,,,,
"3429,the,1223.700,1223.830,0.130,0.000,1223.880,-0.180",,,,,,,,
"3430,cold,1223.830,1224.060,0.230,0.000,1223.880,-0.050",,,,,,,,
"3431,has,1224.060,1224.230,0.170,0.000,1223.880,0.180",,,,,,,,
"3432,pulled,1224.230,1224.570,0.340,0.000,1223.880,0.350",,,,,,,,
"3433,everything,1224.570,1225.310,0.740,0.000,1223.880,0.690",,,,,,,,
"3434,close,1225.310,1225.420,0.110,0.000,1223.880,1.430",,,,,,,,
"3435,Children,1225.710,1226.800,1.090,0.290,1226.520,-0.810",,,,,,,,
"3436,gather,1226.800,1227.240,0.440,0.000,1226.520,0.280",,,,,,,,
"3437,near,1227.240,1227.520,0.280,0.000,1226.520,0.720",,,,,,,,
"3438,you,1227.520,1227.700,0.180,0.000,1226.520,1.000",,,,,,,,
"3439,Young,1228.200,1228.350,0.150,0.500,1229.020,-0.820",,,,,,,,
"3440,hunters,1228.350,1228.860,0.510,0.000,1229.020,-0.670",,,,,,,,
"3441,too,1228.860,1229.080,0.220,0.000,1229.020,-0.160",,,,,,,,
"3442,new,1229.080,1229.340,0.260,0.000,1229.020,0.060",,,,,,,,
"3443,for,1229.340,1229.520,0.180,0.000,1229.020,0.320",,,,,,,,
"3444,real,1229.520,1229.840,0.320,0.000,1229.020,0.500",,,,,,,,
"3445,posts,1229.840,1230.180,0.340,0.000,1229.020,0.820",,,,,,,,
"3446,sit,1230.180,1230.390,0.210,0.000,1229.020,1.160",,,,,,,,
"3447,at,1230.390,1230.530,0.140,0.000,1229.020,1.370",,,,,,,,
"3448,the,1230.530,1230.950,0.420,0.000,1229.020,1.510",,,,,,,,
"3449,outer,1230.950,1231.130,0.180,0.000,1229.020,1.930",,,,,,,,
"3450,edge,1231.130,1231.420,0.290,0.000,1229.020,2.110",,,,,,,,
"3451,of,1231.420,1231.560,0.140,0.000,1229.020,2.400",,,,,,,,
"3452,your,1231.560,1231.850,0.290,0.000,1229.020,2.540",,,,,,,,
"3453,fire,1231.850,1232.110,0.260,0.000,1229.020,2.830",,,,,,,,
"3454,ring,1232.110,1232.760,0.650,0.000,1232.940,-0.830",,,,,,,,
"3455,and,1232.760,1233.060,0.300,0.000,1232.940,-0.180",,,,,,,,
"3456,listen,1233.060,1233.330,0.270,0.000,1232.940,0.120",,,,,,,,
"3457,to,1233.330,1233.540,0.210,0.000,1232.940,0.390",,,,,,,,
"3458,what,1233.620,1233.800,0.180,0.080,1232.940,0.680",,,,,,,,
"3459,you,1233.800,1233.990,0.190,0.000,1232.940,0.860",,,,,,,,
"3460,say,1233.990,1234.090,0.100,0.000,1232.940,1.050",,,,,,,,
"3461,in,1234.090,1234.310,0.220,0.000,1232.940,1.150",,,,,,,,
"3462,the,1234.310,1234.500,0.190,0.000,1232.940,1.370",,,,,,,,
"3463,dark,1234.500,1234.950,0.450,0.000,1232.940,1.560",,,,,,,,
"3464,hours,1234.950,1235.090,0.140,0.000,1232.940,2.010",,,,,,,,
"3465,You,1235.280,1235.490,0.210,0.190,1235.820,-0.540",,,,,,,,
"3466,are,1235.490,1235.660,0.170,0.000,1235.820,-0.330",,,,,,,,
"3467,not,1235.660,1235.850,0.190,0.000,1235.820,-0.160",,,,,,,,
"3468,telling,1235.850,1236.310,0.460,0.000,1235.820,0.030",,,,,,,,
"3469,stories,1236.310,1236.840,0.530,0.000,1235.820,0.490",,,,,,,,
"3470,to,1236.840,1236.900,0.060,0.000,1235.820,1.020",,,,,,,,
"3471,fill,1236.900,1237.150,0.250,0.000,1235.820,1.080",,,,,,,,
"3472,time,1237.150,1237.690,0.540,0.000,1238.480,-1.330",,,,,,,,
"3473,You,1237.720,1238.220,0.500,0.030,1238.480,-0.760",,,,,,,,
"3474,are,1238.220,1238.710,0.490,0.000,1238.480,-0.260",,,,,,,,
"3475,passing,1238.710,1239.410,0.700,0.000,1238.480,0.230",,,,,,,,
"3476,something,1239.410,1239.500,0.090,0.000,1238.480,0.930",,,,,,,,
"3477,describe,1240.600,1240.640,0.040,1.100,1240.980,-0.380",,,,,,,,
"3478,what,1240.640,1240.680,0.040,0.000,1240.980,-0.340",,,,,,,,
"3479,D,1240.680,1240.710,0.030,0.000,1240.980,-0.300",,,,,,,,
"3480,ure,1240.710,1240.930,0.220,0.000,1240.980,-0.270",,,,,,,,
"3481,tte,1240.930,1241.150,0.220,0.000,1240.980,-0.050",,,,,,,,
"3482,'s,1241.150,1241.300,0.150,0.000,1240.980,0.170",,,,,,,,
"3483,hand,1241.300,1241.600,0.300,0.000,1240.980,0.320",,,,,,,,
"3484,felt,1241.600,1242.020,0.420,0.000,1240.980,0.620",,,,,,,,
"3485,like,1242.020,1242.230,0.210,0.000,1240.980,1.040",,,,,,,,
"3486,on,1242.230,1242.350,0.120,0.000,1240.980,1.250",,,,,,,,
"3487,your,1242.350,1242.650,0.300,0.000,1240.980,1.370",,,,,,,,
"3488,shoulder,1242.650,1243.280,0.630,0.000,1240.980,1.670",,,,,,,,
"3489,and,1243.280,1243.500,0.220,0.000,1243.900,-0.620",,,,,,,,
"3490,what,1243.500,1243.900,0.400,0.000,1243.900,-0.400",,,,,,,,
"3491,it,1243.900,1243.930,0.030,0.000,1243.900,0.000",,,,,,,,
"3492,meant,1243.930,1244.350,0.420,0.000,1243.900,0.030",,,,,,,,
"3493,You,1244.750,1244.990,0.240,0.400,1245.780,-1.030",,,,,,,,
"3494,describe,1244.990,1246.190,1.200,0.000,1245.780,-0.790",,,,,,,,
"3495,the,1246.190,1246.560,0.370,0.000,1245.780,0.410",,,,,,,,
"3496,three,1246.560,1246.680,0.120,0.000,1245.780,0.780",,,,,,,,
"3497,seconds,1246.680,1247.080,0.400,0.000,1245.780,0.900",,,,,,,,
"3498,in,1247.080,1247.180,0.100,0.000,1245.780,1.300",,,,,,,,
"3499,the,1247.180,1247.360,0.180,0.000,1245.780,1.400",,,,,,,,
"3500,forest,1247.360,1247.690,0.330,0.000,1245.780,1.580",,,,,,,,
"3501,with,1247.690,1248.080,0.390,0.000,1245.780,1.910",,,,,,,,
"3502,Yar,1248.080,1248.100,0.020,0.000,1245.780,2.300",,,,,,,,
"3503,row,1248.100,1248.260,0.160,0.000,1245.780,2.320",,,,,,,,
"3504,when,1248.260,1248.480,0.220,0.000,1248.680,-0.420",,,,,,,,
"3505,something,1248.480,1248.990,0.510,0.000,1248.680,-0.200",,,,,,,,
"3506,in,1248.990,1249.100,0.110,0.000,1248.680,0.310",,,,,,,,
"3507,the,1249.100,1249.270,0.170,0.000,1248.680,0.420",,,,,,,,
"3508,dark,1249.270,1249.490,0.220,0.000,1248.680,0.590",,,,,,,,
"3509,made,1249.490,1249.720,0.230,0.000,1248.680,0.810",,,,,,,,
"3510,a,1249.720,1249.760,0.040,0.000,1248.680,1.040",,,,,,,,
"3511,choice,1249.760,1250.100,0.340,0.000,1248.680,1.080",,,,,,,,
"3512,You,1250.290,1250.830,0.540,0.190,1251.680,-1.390",,,,,,,,
"3513,describe,1250.830,1251.600,0.770,0.000,1251.680,-0.850",,,,,,,,
"3514,the,1251.600,1251.880,0.280,0.000,1251.680,-0.080",,,,,,,,
"3515,child,1251.880,1252.640,0.760,0.000,1251.680,0.200",,,,,,,,
"3516,you,1252.640,1252.720,0.080,0.000,1251.680,0.960",,,,,,,,
"3517,could,1252.720,1253.090,0.370,0.000,1251.680,1.040",,,,,,,,
"3518,not,1253.090,1253.300,0.210,0.000,1251.680,1.410",,,,,,,,
"3519,save,1253.300,1253.370,0.070,0.000,1251.680,1.620",,,,,,,,
"3520,and,1253.370,1254.110,0.740,0.000,1253.940,-0.570",,,,,,,,
"3521,what,1254.110,1254.140,0.030,0.000,1253.940,0.170",,,,,,,,
"3522,you,1254.140,1254.330,0.190,0.000,1253.940,0.200",,,,,,,,
"3523,did,1254.330,1254.550,0.220,0.000,1253.940,0.390",,,,,,,,
"3524,in,1254.550,1254.690,0.140,0.000,1253.940,0.610",,,,,,,,
"3525,the,1254.690,1254.910,0.220,0.000,1253.940,0.750",,,,,,,,
"3526,weeks,1254.910,1255.280,0.370,0.000,1253.940,0.970",,,,,,,,
"3527,after,1255.280,1255.650,0.370,0.000,1256.240,-0.960",,,,,,,,
"3528,and,1255.650,1255.870,0.220,0.000,1256.240,-0.590",,,,,,,,
"3529,why,1255.870,1256.090,0.220,0.000,1256.240,-0.370",,,,,,,,
"3530,you,1256.090,1256.290,0.200,0.000,1256.240,-0.150",,,,,,,,
"3531,did,1256.290,1256.450,0.160,0.000,1256.240,0.050",,,,,,,,
"3532,not,1256.450,1256.870,0.420,0.000,1256.240,0.210",,,,,,,,
"3533,let,1256.870,1256.970,0.100,0.000,1256.240,0.630",,,,,,,,
"3534,that,1256.970,1257.290,0.320,0.000,1256.240,0.730",,,,,,,,
"3535,weight,1257.290,1257.690,0.400,0.000,1256.240,1.050",,,,,,,,
"3536,take,1257.690,1257.960,0.270,0.000,1256.240,1.450",,,,,,,,
"3537,the,1257.960,1258.600,0.640,0.000,1256.240,1.720",,,,,,,,
"3538,work,1258.600,1258.680,0.080,0.000,1256.240,2.360",,,,,,,,
"3539,from,1258.680,1258.820,0.140,0.000,1256.240,2.440",,,,,,,,
"3540,you,1258.900,1259.040,0.140,0.080,1259.600,-0.700",,,,,,,,
"3541,You,1259.260,1259.370,0.110,0.220,1259.600,-0.340",,,,,,,,
"3542,describe,1259.370,1260.220,0.850,0.000,1259.600,-0.230",,,,,,,,
"3543,the,1260.220,1260.350,0.130,0.000,1259.600,0.620",,,,,,,,
"3544,look,1260.350,1260.600,0.250,0.000,1259.600,0.750",,,,,,,,
"3545,on,1260.600,1260.770,0.170,0.000,1259.600,1.000",,,,,,,,
"3546,F,1260.770,1260.820,0.050,0.000,1259.600,1.170",,,,,,,,
"3547,enn,1260.820,1261.040,0.220,0.000,1259.600,1.220",,,,,,,,
"3548,'s,1261.040,1261.190,0.150,0.000,1259.600,1.440",,,,,,,,
"3549,face,1261.190,1261.490,0.300,0.000,1259.600,1.590",,,,,,,,
"3550,the,1261.490,1261.710,0.220,0.000,1259.600,1.890",,,,,,,,
"3551,first,1261.710,1262.120,0.410,0.000,1259.600,2.110",,,,,,,,
"3552,time,1262.120,1262.380,0.260,0.000,1259.600,2.520",,,,,,,,
"3553,slowing,1262.380,1262.970,0.590,0.000,1259.600,2.780",,,,,,,,
"3554,his,1262.970,1263.120,0.150,0.000,1259.600,3.370",,,,,,,,
"3555,feet,1263.120,1263.420,0.300,0.000,1259.600,3.520",,,,,,,,
"3556,made,1263.420,1263.720,0.300,0.000,1263.900,-0.480",,,,,,,,
"3557,a,1263.720,1263.790,0.070,0.000,1263.900,-0.180",,,,,,,,
"3558,difference,1263.790,1264.780,0.990,0.000,1263.900,-0.110",,,,,,,,
"3559,could,1264.780,1264.960,0.180,0.000,1263.900,0.880",,,,,,,,
"3560,feel,1264.960,1265.300,0.340,0.000,1263.900,1.060",,,,,,,,
"3561,in,1265.300,1265.460,0.160,0.000,1263.900,1.400",,,,,,,,
"3562,his,1265.460,1265.710,0.250,0.000,1263.900,1.560",,,,,,,,
"3563,whole,1265.710,1265.850,0.140,0.000,1263.900,1.810",,,,,,,,
"3564,body,1265.850,1266.700,0.850,0.000,1267.340,-1.490",,,,,,,,
"3565,You,1266.720,1266.950,0.230,0.020,1267.340,-0.620",,,,,,,,
"3566,tell,1266.950,1267.280,0.330,0.000,1267.340,-0.390",,,,,,,,
"3567,them,1267.280,1267.610,0.330,0.000,1267.340,-0.060",,,,,,,,
"3568,the,1267.610,1267.860,0.250,0.000,1267.340,0.270",,,,,,,,
"3569,dark,1267.860,1268.190,0.330,0.000,1267.340,0.520",,,,,,,,
"3570,cannot,1268.190,1268.690,0.500,0.000,1267.340,0.850",,,,,,,,
"3571,be,1268.690,1268.850,0.160,0.000,1267.340,1.350",,,,,,,,
"3572,finished,1268.850,1269.510,0.660,0.000,1269.920,-1.070",,,,,,,,
"3573,It,1269.870,1269.920,0.050,0.360,1269.920,-0.050",,,,,,,,
"3574,comes,1269.920,1270.290,0.370,0.000,1269.920,0.000",,,,,,,,
"3575,back,1270.290,1270.610,0.320,0.000,1269.920,0.370",,,,,,,,
"3576,every,1270.610,1271.260,0.650,0.000,1269.920,0.690",,,,,,,,
"3577,night,1271.260,1271.480,0.220,0.000,1271.660,-0.400",,,,,,,,
"3578,the,1271.480,1271.730,0.250,0.000,1271.660,-0.180",,,,,,,,
"3579,same,1271.730,1272.300,0.570,0.000,1271.660,0.070",,,,,,,,
"3580,as,1272.300,1272.320,0.020,0.000,1271.660,0.640",,,,,,,,
"3581,it,1272.320,1272.420,0.100,0.000,1271.660,0.660",,,,,,,,
"3582,always,1272.420,1272.880,0.460,0.000,1271.660,0.760",,,,,,,,
"3583,has,1272.880,1273.110,0.230,0.000,1271.660,1.220",,,,,,,,
"3584,and,1273.110,1273.300,0.190,0.000,1273.920,-0.810",,,,,,,,
"3585,it,1273.300,1273.830,0.530,0.000,1273.920,-0.620",,,,,,,,
"3586,expects,1273.830,1274.030,0.200,0.000,1273.920,-0.090",,,,,,,,
"3587,the,1274.030,1274.250,0.220,0.000,1273.920,0.110",,,,,,,,
"3588,same,1274.250,1274.590,0.340,0.000,1273.920,0.330",,,,,,,,
"3589,quality,1274.590,1275.080,0.490,0.000,1273.920,0.670",,,,,,,,
"3590,of,1275.080,1275.230,0.150,0.000,1273.920,1.160",,,,,,,,
"3591,attention,1275.230,1275.920,0.690,0.000,1273.920,1.310",,,,,,,,
"3592,on,1275.920,1276.040,0.120,0.000,1273.920,2.000",,,,,,,,
"3593,the,1276.040,1276.570,0.530,0.000,1273.920,2.120",,,,,,,,
"3594,thousand,1276.570,1276.990,0.420,0.000,1273.920,2.650",,,,,,,,
"3595,th,1276.990,1277.060,0.070,0.000,1273.920,3.070",,,,,,,,
"3596,night,1277.060,1277.440,0.380,0.000,1277.600,-0.540",,,,,,,,
"3597,as,1277.440,1277.590,0.150,0.000,1277.600,-0.160",,,,,,,,
"3598,it,1277.590,1277.730,0.140,0.000,1277.600,-0.010",,,,,,,,
"3599,did,1277.730,1277.950,0.220,0.000,1277.600,0.130",,,,,,,,
"3600,on,1277.950,1278.340,0.390,0.000,1277.600,0.350",,,,,,,,
"3601,the,1278.340,1278.380,0.040,0.000,1277.600,0.740",,,,,,,,
"3602,first,1278.380,1278.510,0.130,0.000,1277.600,0.780",,,,,,,,
"3603,You,1279.840,1279.960,0.120,1.330,1280.200,-0.360",,,,,,,,
"3604,tell,1279.960,1280.230,0.270,0.000,1280.200,-0.240",,,,,,,,
"3605,them,1280.230,1280.490,0.260,0.000,1280.200,0.030",,,,,,,,
"3606,the,1280.490,1280.670,0.180,0.000,1280.200,0.290",,,,,,,,
"3607,fire,1280.670,1281.100,0.430,0.000,1280.200,0.470",,,,,,,,
"3608,is,1281.100,1281.170,0.070,0.000,1280.200,0.900",,,,,,,,
"3609,the,1281.170,1281.310,0.140,0.000,1280.200,0.970",,,,,,,,
"3610,line,1281.310,1281.570,0.260,0.000,1280.200,1.110",,,,,,,,
"3611,and,1281.570,1281.770,0.200,0.000,1280.200,1.370",,,,,,,,
"3612,they,1281.770,1282.040,0.270,0.000,1280.200,1.570",,,,,,,,
"3613,are,1282.040,1282.240,0.200,0.000,1282.400,-0.360",,,,,,,,
"3614,the,1282.240,1282.440,0.200,0.000,1282.400,-0.160",,,,,,,,
"3615,ones,1282.440,1282.800,0.360,0.000,1282.400,0.040",,,,,,,,
"3616,responsible,1282.800,1283.520,0.720,0.000,1282.400,0.400",,,,,,,,
"3617,for,1283.520,1283.910,0.390,0.000,1282.400,1.120",,,,,,,,
"3618,keeping,1283.910,1284.140,0.230,0.000,1282.400,1.510",,,,,,,,
"3619,it,1284.140,1284.330,0.190,0.000,1282.400,1.740",,,,,,,,
"3620,fed,1284.330,1284.470,0.140,0.000,1282.400,1.930",,,,,,,,
"3621,in,1285.480,1285.560,0.080,1.010,1285.440,0.040",,,,,,,,
"3622,the,1285.560,1285.570,0.010,0.000,1285.440,0.120",,,,,,,,
"3623,warmth,1285.570,1285.980,0.410,0.000,1285.440,0.130",,,,,,,,
"3624,of,1285.980,1286.030,0.050,0.000,1285.440,0.540",,,,,,,,
"3625,a,1286.030,1286.200,0.170,0.000,1285.440,0.590",,,,,,,,
"3626,hear,1286.200,1286.470,0.270,0.000,1285.440,0.760",,,,,,,,
"3627,th,1286.470,1286.880,0.410,0.000,1285.440,1.030",,,,,,,,
"3628,your,1286.880,1286.900,0.020,0.000,1285.440,1.440",,,,,,,,
"3629,family,1286.900,1287.320,0.420,0.000,1285.440,1.460",,,,,,,,
"3630,has,1287.320,1287.530,0.210,0.000,1285.440,1.880",,,,,,,,
"3631,tended,1287.530,1287.950,0.420,0.000,1285.440,2.090",,,,,,,,
"3632,across,1287.950,1288.520,0.570,0.000,1285.440,2.510",,,,,,,,
"3633,more,1288.520,1288.780,0.260,0.000,1285.440,3.080",,,,,,,,
"3634,seasons,1288.780,1289.220,0.440,0.000,1285.440,3.340",,,,,,,,
"3635,than,1289.220,1289.630,0.410,0.000,1285.440,3.780",,,,,,,,
"3636,you,1289.630,1289.650,0.020,0.000,1285.440,4.190",,,,,,,,
"3637,can,1289.650,1289.850,0.200,0.000,1285.440,4.210",,,,,,,,
"3638,count,1289.850,1290.200,0.350,0.000,1285.440,4.410",,,,,,,,
"3639,and,1290.200,1290.360,0.160,0.000,1290.720,-0.520",,,,,,,,
"3640,you,1290.360,1290.520,0.160,0.000,1290.720,-0.360",,,,,,,,
"3641,listen,1290.520,1290.710,0.190,0.000,1290.720,-0.200",,,,,,,,
"3642,to,1290.710,1290.960,0.250,0.000,1290.720,-0.010",,,,,,,,
"3643,the,1290.960,1291.110,0.150,0.000,1290.720,0.240",,,,,,,,
"3644,night,1291.110,1291.560,0.450,0.000,1290.720,0.390",,,,,,,,
"3645,the,1291.560,1291.610,0.050,0.000,1290.720,0.840",,,,,,,,
"3646,way,1291.610,1291.730,0.120,0.000,1290.720,0.890",,,,,,,,
"3647,you,1291.730,1291.880,0.150,0.000,1290.720,1.010",,,,,,,,
"3648,have,1291.880,1292.150,0.270,0.000,1290.720,1.160",,,,,,,,
"3649,listened,1292.150,1292.560,0.410,0.000,1290.720,1.430",,,,,,,,
"3650,to,1292.560,1292.660,0.100,0.000,1290.720,1.840",,,,,,,,
"3651,it,1292.660,1292.770,0.110,0.000,1290.720,1.940",,,,,,,,
"3652,for,1292.770,1292.930,0.160,0.000,1290.720,2.050",,,,,,,,
"3653,50,1292.930,1293.260,0.330,0.000,1290.720,2.210",,,,,,,,
"3654,years,1293.260,1293.540,0.280,0.000,1290.720,2.540",,,,,,,,
"3655,You,1293.810,1294.350,0.540,0.270,1294.640,-0.830",,,,,,,,
"3656,still,1294.350,1294.780,0.430,0.000,1294.640,-0.290",,,,,,,,
"3657,catch,1294.780,1295.390,0.610,0.000,1294.640,0.140",,,,,,,,
"3658,the,1295.390,1295.580,0.190,0.000,1294.640,0.750",,,,,,,,
"3659,interrupt,1295.580,1296.100,0.520,0.000,1294.640,0.940",,,,,,,,
"3660,ions,1296.100,1296.320,0.220,0.000,1296.640,-0.540",,,,,,,,
"3661,You,1296.490,1296.950,0.460,0.170,1296.640,-0.150",,,,,,,,
"3662,still,1296.950,1297.000,0.050,0.000,1296.640,0.310",,,,,,,,
"3663,feel,1297.000,1297.190,0.190,0.000,1296.640,0.360",,,,,,,,
"3664,when,1297.190,1297.410,0.220,0.000,1296.640,0.550",,,,,,,,
"3665,the,1297.410,1297.580,0.170,0.000,1296.640,0.770",,,,,,,,
"3666,air,1297.580,1297.750,0.170,0.000,1296.640,0.940",,,,,,,,
"3667,outside,1297.750,1298.150,0.400,0.000,1296.640,1.110",,,,,,,,
"3668,the,1298.150,1298.320,0.170,0.000,1296.640,1.510",,,,,,,,
"3669,camp,1298.320,1298.620,0.300,0.000,1296.640,1.680",,,,,,,,
"3670,shifts,1298.620,1298.890,0.270,0.000,1296.640,1.980",,,,,,,,
"3671,in,1298.890,1299.000,0.110,0.000,1296.640,2.250",,,,,,,,
"3672,a,1299.000,1299.050,0.050,0.000,1296.640,2.360",,,,,,,,
"3673,certain,1299.050,1299.320,0.270,0.000,1296.640,2.410",,,,,,,,
"3674,way,1299.320,1299.730,0.410,0.000,1296.640,2.680",,,,,,,,
"3675,The,1300.940,1301.090,0.150,1.210,1301.260,-0.320",,,,,,,,
"3676,knowledge,1301.090,1301.380,0.290,0.000,1301.260,-0.170",,,,,,,,
"3677,has,1301.380,1302.240,0.860,0.000,1302.160,-0.780",,,,,,,,
"3678,not,1302.240,1302.280,0.040,0.000,1302.160,0.080",,,,,,,,
"3679,left,1302.280,1302.540,0.260,0.000,1302.160,0.120",,,,,,,,
"3680,you,1302.540,1302.810,0.270,0.000,1302.160,0.380",,,,,,,,
"3681,It,1303.030,1303.220,0.190,0.220,1304.340,-1.310",,,,,,,,
"3682,lives,1303.220,1303.700,0.480,0.000,1304.340,-1.120",,,,,,,,
"3683,in,1303.700,1303.900,0.200,0.000,1304.340,-0.640",,,,,,,,
"3684,a,1303.900,1303.990,0.090,0.000,1304.340,-0.440",,,,,,,,
"3685,different,1303.990,1305.010,1.020,0.000,1304.340,-0.350",,,,,,,,
"3686,place,1305.010,1305.430,0.420,0.000,1304.340,0.670",,,,,,,,
"3687,now,1305.430,1305.660,0.230,0.000,1304.340,1.090",,,,,,,,
"3688,the,1305.900,1306.100,0.200,0.240,1304.340,1.560",,,,,,,,
"3689,place,1306.100,1306.450,0.350,0.000,1304.340,1.760",,,,,,,,
"3690,a,1306.450,1306.820,0.370,0.000,1304.340,2.110",,,,,,,,
"3691,thing,1306.820,1306.880,0.060,0.000,1304.340,2.480",,,,,,,,
"3692,moves,1306.880,1307.260,0.380,0.000,1304.340,2.540",,,,,,,,
"3693,to,1307.260,1307.380,0.120,0.000,1304.340,2.920",,,,,,,,
"3694,when,1307.380,1307.630,0.250,0.000,1304.340,3.040",,,,,,,,
"3695,it,1307.630,1307.750,0.120,0.000,1304.340,3.290",,,,,,,,
"3696,stops,1307.750,1307.880,0.130,0.000,1304.340,3.410",,,,,,,,
"3697,being,1307.880,1308.680,0.800,0.000,1304.340,3.540",,,,,,,,
"3698,something,1308.680,1308.940,0.260,0.000,1304.340,4.340",,,,,,,,
"3699,you,1308.940,1309.130,0.190,0.000,1304.340,4.600",,,,,,,,
"3700,do,1309.130,1309.250,0.120,0.000,1309.580,-0.450",,,,,,,,
"3701,and,1309.250,1309.440,0.190,0.000,1309.580,-0.330",,,,,,,,
"3702,becomes,1309.440,1309.880,0.440,0.000,1309.580,-0.140",,,,,,,,
"3703,something,1309.880,1310.560,0.680,0.000,1309.580,0.300",,,,,,,,
"3704,you,1310.560,1310.640,0.080,0.000,1309.580,0.980",,,,,,,,
"3705,simply,1310.640,1310.990,0.350,0.000,1309.580,1.060",,,,,,,,
"3706,are,1310.990,1311.410,0.420,0.000,1309.580,1.410",,,,,,,,
"3707,youngest,1312.780,1312.860,0.080,1.370,1312.860,-0.080",,,,,,,,
"3708,scout,1312.860,1313.180,0.320,0.000,1312.860,0.000",,,,,,,,
"3709,a,1313.360,1313.410,0.050,0.180,1312.860,0.500",,,,,,,,
"3710,girl,1313.410,1313.800,0.390,0.000,1312.860,0.550",,,,,,,,
"3711,of,1313.800,1314.200,0.400,0.000,1314.460,-0.660",,,,,,,,
"3712,15,1314.200,1314.540,0.340,0.000,1314.460,-0.260",,,,,,,,
"3713,sits,1314.730,1315.080,0.350,0.190,1314.460,0.270",,,,,,,,
"3714,just,1315.080,1315.440,0.360,0.000,1314.460,0.620",,,,,,,,
"3715,past,1315.440,1315.820,0.380,0.000,1315.840,-0.400",,,,,,,,
"3716,her,1315.820,1316.080,0.260,0.000,1315.840,-0.020",,,,,,,,
"3717,fire,1316.080,1316.400,0.320,0.000,1315.840,0.240",,,,,,,,
"3718,light,1316.400,1316.930,0.530,0.000,1315.840,0.560",,,,,,,,
"3719,on,1316.930,1317.060,0.130,0.000,1315.840,1.090",,,,,,,,
"3720,a,1317.060,1317.150,0.090,0.000,1315.840,1.220",,,,,,,,
"3721,clear,1317.150,1317.600,0.450,0.000,1315.840,1.310",,,,,,,,
"3722,cold,1317.600,1317.950,0.350,0.000,1315.840,1.760",,,,,,,,
"3723,night,1317.950,1318.540,0.590,0.000,1315.840,2.110",,,,,,,,
"3724,watching,1318.540,1319.050,0.510,0.000,1318.940,-0.400",,,,,,,,
"3725,the,1319.050,1319.210,0.160,0.000,1318.940,0.110",,,,,,,,
"3726,tree,1319.210,1319.950,0.740,0.000,1320.880,-1.670",,,,,,,,
"3727,line,1319.950,1320.090,0.140,0.000,1320.880,-0.930",,,,,,,,
"3728,Back,1320.330,1320.660,0.330,0.240,1320.880,-0.550",,,,,,,,
"3729,straight,1320.660,1321.310,0.650,0.000,1320.880,-0.220",,,,,,,,
"3730,but,1321.310,1321.580,0.270,0.000,1321.900,-0.590",,,,,,,,
"3731,not,1321.580,1321.840,0.260,0.000,1321.900,-0.320",,,,,,,,
"3732,locked,1321.840,1322.280,0.440,0.000,1321.900,-0.060",,,,,,,,
"3733,Wait,1322.690,1323.170,0.480,0.410,1323.560,-0.870",,,,,,,,
"3734,even,1323.170,1323.690,0.520,0.000,1323.560,-0.390",,,,,,,,
"3735,Eyes,1324.500,1324.720,0.220,0.810,1325.160,-0.660",,,,,,,,
"3736,moving,1324.720,1325.540,0.820,0.000,1325.160,-0.440",,,,,,,,
"3737,in,1325.540,1325.720,0.180,0.000,1325.160,0.380",,,,,,,,
"3738,a,1325.720,1325.930,0.210,0.000,1325.160,0.560",,,,,,,,
"3739,slow,1325.930,1326.350,0.420,0.000,1325.160,0.770",,,,,,,,
"3740,sweep,1326.350,1326.800,0.450,0.000,1327.240,-0.890",,,,,,,,
"3741,rather,1326.880,1327.280,0.400,0.080,1327.240,-0.360",,,,,,,,
"3742,than,1327.280,1327.410,0.130,0.000,1327.240,0.040",,,,,,,,
"3743,fixed,1327.410,1328.160,0.750,0.000,1327.240,0.170",,,,,,,,
"3744,on,1328.160,1328.220,0.060,0.000,1327.240,0.920",,,,,,,,
"3745,one,1328.220,1328.430,0.210,0.000,1327.240,0.980",,,,,,,,
"3746,point,1328.430,1328.800,0.370,0.000,1327.240,1.190",,,,,,,,
"3747,One,1329.040,1329.280,0.240,0.240,1329.660,-0.620",,,,,,,,
"3748,hand,1329.280,1329.600,0.320,0.000,1329.660,-0.380",,,,,,,,
"3749,loose,1329.600,1330.100,0.500,0.000,1329.660,-0.060",,,,,,,,
"3750,on,1330.100,1330.160,0.060,0.000,1329.660,0.440",,,,,,,,
"3751,her,1330.160,1330.400,0.240,0.000,1329.660,0.500",,,,,,,,
"3752,spear,1330.400,1330.950,0.550,0.000,1329.660,0.740",,,,,,,,
"3753,shaft,1330.950,1331.200,0.250,0.000,1329.660,1.290",,,,,,,,
"3754,You,1331.500,1331.840,0.340,0.300,1332.240,-0.740",,,,,,,,
"3755,watch,1331.840,1332.750,0.910,0.000,1332.240,-0.400",,,,,,,,
"3756,her,1332.750,1332.760,0.010,0.000,1332.240,0.510",,,,,,,,
"3757,for,1332.760,1333.100,0.340,0.000,1332.240,0.520",,,,,,,,
"3758,a,1333.100,1333.180,0.080,0.000,1332.240,0.860",,,,,,,,
"3759,long,1333.180,1333.500,0.320,0.000,1332.240,0.940",,,,,,,,
"3760,time,1333.500,1333.880,0.380,0.000,1332.240,1.260",,,,,,,,
"3761,without,1333.880,1334.380,0.500,0.000,1332.240,1.640",,,,,,,,
"3762,making,1334.380,1334.830,0.450,0.000,1332.240,2.140",,,,,,,,
"3763,a,1334.830,1335.280,0.450,0.000,1335.900,-1.070",,,,,,,,
"3764,sound,1335.280,1335.310,0.030,0.000,1335.900,-0.620",,,,,,,,
"3765,She,1335.530,1335.750,0.220,0.220,1335.900,-0.370",,,,,,,,
"3766,does,1335.750,1336.050,0.300,0.000,1335.900,-0.150",,,,,,,,
"3767,not,1336.050,1336.270,0.220,0.000,1335.900,0.150",,,,,,,,
"3768,know,1336.270,1336.570,0.300,0.000,1335.900,0.370",,,,,,,,
"3769,you,1336.570,1336.790,0.220,0.000,1335.900,0.670",,,,,,,,
"3770,are,1336.790,1337.010,0.220,0.000,1335.900,0.890",,,,,,,,
"3771,watching,1337.010,1337.620,0.610,0.000,1338.060,-1.050",,,,,,,,
"3772,She,1338.030,1338.050,0.020,0.410,1338.060,-0.030",,,,,,,,
"3773,is,1338.050,1338.200,0.150,0.000,1338.060,-0.010",,,,,,,,
"3774,entirely,1338.200,1338.800,0.600,0.000,1338.060,0.140",,,,,,,,
"3775,in,1338.800,1338.950,0.150,0.000,1338.060,0.740",,,,,,,,
"3776,her,1338.950,1339.120,0.170,0.000,1338.060,0.890",,,,,,,,
"3777,work,1339.120,1339.820,0.700,0.000,1338.060,1.060",,,,,,,,
"3778,doing,1340.660,1340.740,0.080,0.840,1340.720,-0.060",,,,,,,,
"3779,the,1340.740,1340.820,0.080,0.000,1340.720,0.020",,,,,,,,
"3780,thing,1340.820,1341.210,0.390,0.000,1340.720,0.100",,,,,,,,
"3781,that,1341.210,1341.730,0.520,0.000,1340.720,0.490",,,,,,,,
"3782,cannot,1341.730,1342.070,0.340,0.000,1340.720,1.010",,,,,,,,
"3783,be,1342.070,1342.210,0.140,0.000,1340.720,1.350",,,,,,,,
"3784,scratched,1342.210,1342.850,0.640,0.000,1340.720,1.490",,,,,,,,
"3785,into,1342.850,1343.200,0.350,0.000,1340.720,2.130",,,,,,,,
"3786,bone,1343.200,1343.470,0.270,0.000,1343.920,-0.720",,,,,,,,
"3787,or,1343.470,1343.700,0.230,0.000,1343.920,-0.450",,,,,,,,
"3788,pressed,1343.700,1344.170,0.470,0.000,1343.920,-0.220",,,,,,,,
"3789,into,1344.170,1344.810,0.640,0.000,1343.920,0.250",,,,,,,,
"3790,clay,1344.810,1344.880,0.070,0.000,1343.920,0.890",,,,,,,,
"3791,or,1344.880,1345.030,0.150,0.000,1345.340,-0.460",,,,,,,,
"3792,passed,1345.030,1345.500,0.470,0.000,1345.340,-0.310",,,,,,,,
"3793,through,1345.500,1346.060,0.560,0.000,1345.340,0.160",,,,,,,,
"3794,any,1346.060,1346.270,0.210,0.000,1345.340,0.720",,,,,,,,
"3795,medium,1346.270,1346.560,0.290,0.000,1345.340,0.930",,,,,,,,
"3796,other,1346.560,1347.410,0.850,0.000,1345.340,1.220",,,,,,,,
"3797,than,1347.410,1347.480,0.070,0.000,1345.340,2.070",,,,,,,,
"3798,one,1347.480,1347.630,0.150,0.000,1345.340,2.140",,,,,,,,
"3799,watching,1347.630,1348.240,0.610,0.000,1345.340,2.290",,,,,,,,
"3800,body,1348.240,1348.540,0.300,0.000,1345.340,2.900",,,,,,,,
"3801,alongside,1348.540,1349.220,0.680,0.000,1345.340,3.200",,,,,,,,
"3802,another,1349.220,1350.210,0.990,0.000,1345.340,3.880",,,,,,,,
"3803,watching,1350.210,1350.360,0.150,0.000,1345.340,4.870",,,,,,,,
"3804,body,1350.360,1350.660,0.300,0.000,1345.340,5.020",,,,,,,,
"3805,repeated,1350.880,1352.020,1.140,0.220,1351.380,-0.500",,,,,,,,
"3806,across,1352.020,1352.140,0.120,0.000,1351.380,0.640",,,,,,,,
"3807,more,1352.140,1352.590,0.450,0.000,1351.380,0.760",,,,,,,,
"3808,generations,1352.590,1353.020,0.430,0.000,1351.380,1.210",,,,,,,,
"3809,than,1353.100,1353.250,0.150,0.080,1351.380,1.720",,,,,,,,
"3810,anyone,1353.250,1353.600,0.350,0.000,1351.380,1.870",,,,,,,,
"3811,alive,1353.600,1353.660,0.060,0.000,1351.380,2.220",,,,,,,,
"3812,can,1353.660,1354.350,0.690,0.000,1351.380,2.280",,,,,,,,
"3813,count,1354.350,1354.430,0.080,0.000,1351.380,2.970",,,,,,,,
"3814,She,1354.570,1355.070,0.500,0.140,1355.880,-1.310",,,,,,,,
"3815,will,1355.070,1355.750,0.680,0.000,1355.880,-0.810",,,,,,,,
"3816,teach,1355.750,1356.590,0.840,0.000,1355.880,-0.130",,,,,,,,
"3817,the,1356.590,1356.750,0.160,0.000,1355.880,0.710",,,,,,,,
"3818,one,1356.750,1357.170,0.420,0.000,1355.880,0.870",,,,,,,,
"3819,after,1357.170,1357.320,0.150,0.000,1355.880,1.290",,,,,,,,
"3820,her,1357.320,1357.590,0.270,0.000,1355.880,1.440",,,,,,,,
"3821,That,1357.720,1358.030,0.310,0.130,1358.240,-0.520",,,,,,,,
"3822,one,1358.030,1358.230,0.200,0.000,1358.240,-0.210",,,,,,,,
"3823,will,1358.230,1358.960,0.730,0.000,1358.240,-0.010",,,,,,,,
"3824,teach,1358.960,1358.980,0.020,0.000,1358.240,0.720",,,,,,,,
"3825,the,1358.980,1359.190,0.210,0.000,1358.240,0.740",,,,,,,,
"3826,next,1359.190,1359.550,0.360,0.000,1358.240,0.950",,,,,,,,
"3827,The,1360.660,1360.740,0.080,1.110,1361.080,-0.420",,,,,,,,
"3828,knowledge,1360.740,1360.800,0.060,0.000,1361.080,-0.340",,,,,,,,
"3829,traveling,1360.800,1361.180,0.380,0.000,1361.080,-0.280",,,,,,,,
"3830,the,1361.180,1362.060,0.880,0.000,1361.080,0.100",,,,,,,,
"3831,only,1362.060,1362.190,0.130,0.000,1361.080,0.980",,,,,,,,
"3832,way,1362.190,1362.410,0.220,0.000,1361.080,1.110",,,,,,,,
"3833,it,1362.410,1362.610,0.200,0.000,1361.080,1.330",,,,,,,,
"3834,has,1362.610,1362.830,0.220,0.000,1361.080,1.530",,,,,,,,
"3835,ever,1362.830,1363.200,0.370,0.000,1361.080,1.750",,,,,,,,
"3836,traveled,1363.200,1363.960,0.760,0.000,1361.080,2.120",,,,,,,,
"3837,through,1364.010,1364.400,0.390,0.050,1364.400,-0.390",,,,,,,,
"3838,the,1364.400,1364.810,0.410,0.000,1364.400,0.000",,,,,,,,
"3839,living,1364.810,1364.890,0.080,0.000,1364.400,0.410",,,,,,,,
"3840,night,1365.020,1365.350,0.330,0.130,1364.400,0.620",,,,,,,,
"3841,after,1365.350,1365.640,0.290,0.000,1364.400,0.950",,,,,,,,
"3842,night,1365.640,1365.970,0.330,0.000,1364.400,1.240",,,,,,,,
"3843,the,1366.780,1366.860,0.080,0.810,1366.800,-0.020",,,,,,,,
"3844,line,1366.860,1367.070,0.210,0.000,1366.800,0.060",,,,,,,,
"3845,where,1367.070,1367.290,0.220,0.000,1366.800,0.270",,,,,,,,
"3846,fire,1367.290,1368.130,0.840,0.000,1366.800,0.490",,,,,,,,
"3847,light,1368.130,1368.200,0.070,0.000,1366.800,1.330",,,,,,,,
"3848,ends,1368.200,1368.430,0.230,0.000,1366.800,1.400",,,,,,,,
"3849,and,1368.430,1368.730,0.300,0.000,1366.800,1.630",,,,,,,,
"3850,the,1368.730,1368.890,0.160,0.000,1366.800,1.930",,,,,,,,
"3851,dark,1368.890,1369.190,0.300,0.000,1366.800,2.090",,,,,,,,
"3852,begins,1369.190,1369.650,0.460,0.000,1366.800,2.390",,,,,,,,
"3853,Somewhere,1371.220,1371.300,0.080,1.570,1371.500,-0.280",,,,,,,,
"3854,right,1371.300,1371.670,0.370,0.000,1371.500,-0.200",,,,,,,,
"3855,now,1371.670,1371.770,0.100,0.000,1371.500,0.170",,,,,,,,
"3856,a,1372.300,1372.610,0.310,0.530,1371.500,0.800",,,,,,,,
"3857,child,1372.610,1372.630,0.020,0.000,1371.500,1.110",,,,,,,,
"3858,is,1372.630,1372.750,0.120,0.000,1371.500,1.130",,,,,,,,
"3859,pressed,1372.750,1373.080,0.330,0.000,1371.500,1.250",,,,,,,,
"3860,against,1373.080,1373.450,0.370,0.000,1371.500,1.580",,,,,,,,
"3861,their,1373.450,1373.710,0.260,0.000,1371.500,1.950",,,,,,,,
"3862,mother,1373.710,1374.020,0.310,0.000,1371.500,2.210",,,,,,,,
"3863,'s,1374.020,1374.120,0.100,0.000,1371.500,2.520",,,,,,,,
"3864,side,1374.120,1374.330,0.210,0.000,1371.500,2.620",,,,,,,,
"3865,There,1375.180,1375.430,0.250,0.850,1375.600,-0.420",,,,,,,,
"3866,is,1375.430,1375.560,0.130,0.000,1375.600,-0.170",,,,,,,,
"3867,a,1375.560,1375.610,0.050,0.000,1375.600,-0.040",,,,,,,,
"3868,sound,1375.610,1375.730,0.120,0.000,1375.600,0.010",,,,,,,,
"3869,from,1375.730,1376.510,0.780,0.000,1375.600,0.130",,,,,,,,
"3870,outside,1376.510,1376.670,0.160,0.000,1375.600,0.910",,,,,,,,
"3871,The,1376.900,1377.140,0.240,0.230,1377.640,-0.740",,,,,,,,
"3872,child,1377.140,1377.530,0.390,0.000,1377.640,-0.500",,,,,,,,
"3873,has,1377.530,1377.770,0.240,0.000,1377.640,-0.110",,,,,,,,
"3874,no,1377.770,1377.930,0.160,0.000,1377.640,0.130",,,,,,,,
"3875,word,1377.930,1378.240,0.310,0.000,1377.640,0.290",,,,,,,,
"3876,for,1378.240,1378.480,0.240,0.000,1377.640,0.600",,,,,,,,
"3877,what,1378.480,1378.850,0.370,0.000,1377.640,0.840",,,,,,,,
"3878,they,1378.850,1379.250,0.400,0.000,1377.640,1.210",,,,,,,,
"3879,feel,1379.250,1379.410,0.160,0.000,1377.640,1.610",,,,,,,,
"3880,tight,1380.440,1380.520,0.080,1.030,1380.520,-0.080",,,,,,,,
"3881,ness,1380.520,1380.650,0.130,0.000,1380.520,0.000",,,,,,,,
"3882,in,1380.650,1380.810,0.160,0.000,1380.520,0.130",,,,,,,,
"3883,the,1380.810,1380.950,0.140,0.000,1380.520,0.290",,,,,,,,
"3884,chest,1380.950,1381.450,0.500,0.000,1380.520,0.430",,,,,,,,
"3885,The,1381.840,1381.990,0.150,0.390,1382.340,-0.500",,,,,,,,
"3886,sudden,1381.990,1382.390,0.400,0.000,1382.340,-0.350",,,,,,,,
"3887,total,1382.540,1382.920,0.380,0.150,1383.140,-0.600",,,,,,,,
"3888,attention,1382.920,1383.610,0.690,0.000,1383.140,-0.220",,,,,,,,
"3889,The,1383.860,1384.590,0.730,0.250,1384.620,-0.760",,,,,,,,
"3890,understanding,1384.590,1385.130,0.540,0.000,1384.620,-0.030",,,,,,,,
"3891,arriving,1385.290,1386.400,1.110,0.160,1385.760,-0.470",,,,,,,,
"3892,without,1386.400,1386.440,0.040,0.000,1385.760,0.640",,,,,,,,
"3893,explanation,1386.440,1387.210,0.770,0.000,1387.820,-1.380",,,,,,,,
"3894,that,1387.350,1387.840,0.490,0.140,1387.820,-0.470",,,,,,,,
"3895,the,1387.840,1387.860,0.020,0.000,1387.820,0.020",,,,,,,,
"3896,space,1387.860,1388.190,0.330,0.000,1387.820,0.040",,,,,,,,
"3897,past,1388.190,1388.470,0.280,0.000,1387.820,0.370",,,,,,,,
"3898,the,1388.470,1388.680,0.210,0.000,1387.820,0.650",,,,,,,,
"3899,fire,1388.680,1388.980,0.300,0.000,1387.820,0.860",,,,,,,,
"3900,light,1388.980,1389.310,0.330,0.000,1387.820,1.160",,,,,,,,
"3901,is,1389.310,1389.480,0.170,0.000,1387.820,1.490",,,,,,,,
"3902,not,1389.480,1389.740,0.260,0.000,1387.820,1.660",,,,,,,,
"3903,empty,1389.740,1390.010,0.270,0.000,1387.820,1.920",,,,,,,,
"3904,That,1390.590,1390.630,0.040,0.580,1391.140,-0.550",,,,,,,,
"3905,child,1390.630,1391.090,0.460,0.000,1391.140,-0.510",,,,,,,,
"3906,will,1391.090,1391.420,0.330,0.000,1391.140,-0.050",,,,,,,,
"3907,learn,1391.420,1391.960,0.540,0.000,1391.140,0.280",,,,,,,,
"3908,They,1392.400,1392.710,0.310,0.440,1392.940,-0.540",,,,,,,,
"3909,will,1392.710,1393.440,0.730,0.000,1392.940,-0.230",,,,,,,,
"3910,learn,1393.440,1393.600,0.160,0.000,1392.940,0.500",,,,,,,,
"3911,what,1393.600,1393.880,0.280,0.000,1392.940,0.660",,,,,,,,
"3912,the,1393.880,1394.090,0.210,0.000,1392.940,0.940",,,,,,,,
"3913,sounds,1394.090,1394.230,0.140,0.000,1392.940,1.150",,,,,,,,
"3914,mean,1394.230,1395.000,0.770,0.000,1395.580,-1.350",,,,,,,,
"3915,They,1395.020,1395.280,0.260,0.020,1395.580,-0.560",,,,,,,,
"3916,will,1395.280,1395.560,0.280,0.000,1395.580,-0.300",,,,,,,,
"3917,learn,1395.560,1395.910,0.350,0.000,1395.580,-0.020",,,,,,,,
"3918,to,1395.910,1396.050,0.140,0.000,1395.580,0.330",,,,,,,,
"3919,slow,1396.050,1396.330,0.280,0.000,1395.580,0.470",,,,,,,,
"3920,their,1396.330,1396.680,0.350,0.000,1395.580,0.750",,,,,,,,
"3921,feet,1396.680,1396.960,0.280,0.000,1395.580,1.100",,,,,,,,
"3922,One,1397.170,1397.750,0.580,0.210,1398.160,-0.990",,,,,,,,
"3923,day,1397.750,1397.840,0.090,0.000,1398.160,-0.410",,,,,,,,
"3924,they,1397.840,1398.280,0.440,0.000,1398.160,-0.320",,,,,,,,
"3925,will,1398.280,1398.720,0.440,0.000,1398.160,0.120",,,,,,,,
"3926,sit,1398.720,1399.160,0.440,0.000,1398.160,0.560",,,,,,,,
"3927,a,1399.160,1399.560,0.400,0.000,1398.160,1.000",,,,,,,,
"3928,cold,1399.560,1399.600,0.040,0.000,1398.160,1.400",,,,,,,,
"3929,post,1399.600,1400.100,0.500,0.000,1398.160,1.440",,,,,,,,
"3930,with,1400.100,1400.600,0.500,0.000,1398.160,1.940",,,,,,,,
"3931,their,1400.600,1400.640,0.040,0.000,1398.160,2.440",,,,,,,,
"3932,back,1400.720,1400.880,0.160,0.080,1398.160,2.560",,,,,,,,
"3933,to,1400.880,1401.000,0.120,0.000,1398.160,2.720",,,,,,,,
"3934,the,1401.000,1401.170,0.170,0.000,1398.160,2.840",,,,,,,,
"3935,fire,1401.170,1401.270,0.100,0.000,1398.160,3.010",,,,,,,,
"3936,and,1401.270,1401.600,0.330,0.000,1398.160,3.110",,,,,,,,
"3937,their,1401.600,1402.040,0.440,0.000,1401.860,-0.260",,,,,,,,
"3938,face,1402.040,1402.170,0.130,0.000,1401.860,0.180",,,,,,,,
"3939,toward,1402.170,1402.510,0.340,0.000,1401.860,0.310",,,,,,,,
"3940,the,1402.510,1402.690,0.180,0.000,1401.860,0.650",,,,,,,,
"3941,dark,1402.690,1402.930,0.240,0.000,1401.860,0.830",,,,,,,,
"3942,They,1403.180,1403.550,0.370,0.250,1403.900,-0.720",,,,,,,,
"3943,will,1403.550,1403.940,0.390,0.000,1404.240,-0.690",,,,,,,,
"3944,carry,1403.940,1404.380,0.440,0.000,1404.240,-0.300",,,,,,,,
"3945,a,1404.380,1404.790,0.410,0.000,1404.240,0.140",,,,,,,,
"3946,torch,1404.790,1404.930,0.140,0.000,1404.240,0.550",,,,,,,,
"3947,in,1404.930,1405.210,0.280,0.000,1404.240,0.690",,,,,,,,
"3948,both,1405.210,1405.480,0.270,0.000,1404.240,0.970",,,,,,,,
"3949,hands,1405.480,1405.930,0.450,0.000,1404.240,1.240",,,,,,,,
"3950,and,1405.930,1406.600,0.670,0.000,1404.240,1.690",,,,,,,,
"3951,guard,1406.600,1406.740,0.140,0.000,1404.240,2.360",,,,,,,,
"3952,it,1406.740,1406.860,0.120,0.000,1404.240,2.500",,,,,,,,
"3953,with,1406.860,1407.000,0.140,0.000,1404.240,2.620",,,,,,,,
"3954,their,1407.000,1407.310,0.310,0.000,1404.240,2.760",,,,,,,,
"3955,body,1407.310,1407.540,0.230,0.000,1404.240,3.070",,,,,,,,
"3956,against,1407.540,1407.640,0.100,0.000,1404.240,3.300",,,,,,,,
"3957,the,1407.640,1408.400,0.760,0.000,1404.240,3.400",,,,,,,,
"3958,wind,1408.400,1408.440,0.040,0.000,1409.120,-0.720",,,,,,,,
"3959,They,1408.630,1408.950,0.320,0.190,1409.120,-0.490",,,,,,,,
"3960,will,1408.950,1409.170,0.220,0.000,1409.120,-0.170",,,,,,,,
"3961,spend,1409.170,1409.440,0.270,0.000,1409.120,0.050",,,,,,,,
"3962,a,1409.440,1409.540,0.100,0.000,1409.120,0.320",,,,,,,,
"3963,whole,1409.540,1409.810,0.270,0.000,1409.120,0.420",,,,,,,,
"3964,life,1409.810,1410.060,0.250,0.000,1409.120,0.690",,,,,,,,
"3965,finding,1410.060,1410.500,0.440,0.000,1410.720,-0.660",,,,,,,,
"3966,out,1410.500,1410.760,0.260,0.000,1410.720,-0.220",,,,,,,,
"3967,what,1410.760,1411.130,0.370,0.000,1410.720,0.040",,,,,,,,
"3968,the,1411.130,1411.150,0.020,0.000,1410.720,0.410",,,,,,,,
"3969,night,1411.150,1411.570,0.420,0.000,1410.720,0.430",,,,,,,,
"3970,holds,1411.570,1411.750,0.180,0.000,1410.720,0.850",,,,,,,,
"3971,They,1412.920,1413.000,0.080,1.170,1413.040,-0.120",,,,,,,,
"3972,have,1413.000,1413.380,0.380,0.000,1413.040,-0.040",,,,,,,,
"3973,They,1413.660,1414.340,0.680,0.280,1414.680,-1.020",,,,,,,,
"3974,always,1414.340,1414.630,0.290,0.000,1414.680,-0.340",,,,,,,,
"3975,will,1414.630,1415.010,0.380,0.000,1414.680,-0.050",,,,,,,,
"3976,The,1415.340,1415.620,0.280,0.330,1416.460,-1.120",,,,,,,,
"3977,dark,1415.620,1416.000,0.380,0.000,1416.460,-0.840",,,,,,,,
"3978,does,1416.000,1416.380,0.380,0.000,1416.460,-0.460",,,,,,,,
"3979,not,1416.380,1417.070,0.690,0.000,1417.300,-0.920",,,,,,,,
"3980,change,1417.070,1417.230,0.160,0.000,1417.300,-0.230",,,,,,,,
"3981,Only,1417.510,1417.890,0.380,0.280,1417.300,0.210",,,,,,,,
"3982,the,1417.890,1418.130,0.240,0.000,1417.300,0.590",,,,,,,,
"3983,ones,1418.130,1418.830,0.700,0.000,1418.880,-0.750",,,,,,,,
"3984,who,1418.830,1418.880,0.050,0.000,1418.880,-0.050",,,,,,,,
"3985,learn,1418.880,1419.300,0.420,0.000,1418.880,0.000",,,,,,,,
"3986,to,1419.300,1419.480,0.180,0.000,1418.880,0.420",,,,,,,,
"3987,face,1419.480,1419.920,0.440,0.000,1418.880,0.600",,,,,,,,
"3988,it,1419.920,1420.060,0.140,0.000,1418.880,1.040",,,,,,,,