(Index),idx,text,startSec,endSec,durationSec,gapToPrevSec,nearestSilenceEndSec,smearSec
0,0,Level,0.08,0.52,0.44,,,
1,1,1,0.52,1.36,0.84,0,1.42,-0.9
2,2,The,1.41,1.53,0.12,0.05,1.42,-0.01
3,3,child,1.53,1.82,0.29,0,1.42,0.11
4,4,who,1.82,1.99,0.17,0,1.42,0.4
5,5,does,1.99,2.22,0.23,0,1.42,0.57
6,6,not,2.22,2.39,0.17,0,1.42,0.8
7,7,yet,2.39,2.56,0.17,0,1.42,0.97
8,8,know,2.56,2.79,0.23,0,1.42,1.14
9,9,what,2.79,3.04,0.25,0,1.42,1.37
10,10,dark,3.04,3.3,0.26,0,1.42,1.62
11,11,means,3.3,4.11,0.81,0,4.16,-0.86
12,12,you,4.15,4.27,0.12,0.04,4.16,-0.01
13,13,are,4.27,4.43,0.16,0,4.16,0.11
14,14,seven,4.43,4.72,0.29,0,4.16,0.27
15,15,years,4.72,5.19,0.47,0,4.16,0.56
16,16,old,5.19,5.52,0.33,0,5.96,-0.77
17,17,You,5.76,5.97,0.21,0.24,5.96,-0.2
18,18,live,5.97,6.25,0.28,0,5.96,0.01
19,19,inside,6.25,6.64,0.39,0,5.96,0.29
20,20,a,6.64,6.74,0.1,0,5.96,0.68
21,21,skin,6.74,7.18,0.44,0,5.96,0.78
22,22,covered,7.18,7.51,0.33,0,5.96,1.22
23,23,shelter,7.51,8,0.49,0,5.96,1.55
24,24,at,8,8.14,0.14,0,5.96,2.04
25,25,the,8.14,8.34,0.2,0,5.96,2.18
26,26,edge,8.34,8.63,0.29,0,5.96,2.38
27,27,of,8.63,8.8,0.17,0,5.96,2.67
28,28,a,8.8,8.84,0.04,0,5.96,2.84
29,29,shallow,8.84,9.33,0.49,0,5.96,2.88
30,30,valley,9.33,9.91,0.58,0,10.24,-0.91
31,31,The,10,10.33,0.33,0.09,10.24,-0.24
32,32,fire,10.33,10.64,0.31,0,10.24,0.09
33,33,your,10.64,10.8,0.16,0,10.24,0.4
34,34,mother,10.8,11.12,0.32,0,10.24,0.56
35,35,tends,11.12,11.48,0.36,0,10.24,0.88
36,36,smells,11.48,11.64,0.16,0,10.24,1.24
37,37,like,11.64,12.49,0.85,0,10.24,1.4
38,38,pine,12.49,12.54,0.05,0,10.24,2.25
39,39,resin,12.54,12.85,0.31,0,10.24,2.3
40,40,and,12.85,13.07,0.22,0,10.24,2.61
41,41,scor,13.07,13.36,0.29,0,10.24,2.83
42,42,ched,13.36,13.66,0.3,0,10.24,3.12
43,43,bone,13.66,13.94,0.28,0,14.78,-1.12
44,44,Your,14.16,14.44,0.28,0.22,14.78,-0.62
45,45,grandmother,14.44,15.27,0.83,0,14.78,-0.34
46,46,is,15.27,15.38,0.11,0,14.78,0.49
47,47,asleep,15.38,15.8,0.42,0,14.78,0.6
48,48,against,15.8,16.39,0.59,0,14.78,1.02
49,49,the,16.39,16.81,0.42,0,14.78,1.61
50,50,far,16.81,17.01,0.2,0,14.78,2.03
51,51,wall,17.01,17.08,0.07,0,14.78,2.23
52,52,is,17.76,17.84,0.08,0.68,17.88,-0.12
53,53,in,17.84,18.02,0.18,0,17.88,-0.04
54,54,the,18.02,18.25,0.23,0,17.88,0.14
55,55,night,18.25,18.39,0.14,0,17.88,0.37
56,56,You,19.16,19.29,0.13,0.77,19.8,-0.64
57,57,are,19.29,19.55,0.26,0,19.8,-0.51
58,58,wide,19.55,19.93,0.38,0,19.8,-0.25
59,59,awake,19.93,20.36,0.43,0,19.8,0.13
60,60,You,20.64,20.93,0.29,0.28,21.88,-1.24
61,61,can,20.93,21.22,0.29,0,21.88,-0.95
62,62,hear,21.22,21.91,0.69,0,21.88,-0.66
63,63,something,21.91,22.5,0.59,0,21.88,0.03
64,64,outside,22.5,23.45,0.95,0,23.8,-1.3
65,65,You,23.72,23.75,0.03,0.27,23.8,-0.08
66,66,do,23.75,23.92,0.17,0,23.8,-0.05
67,67,not,23.92,24.08,0.16,0,23.8,0.12
68,68,know,24.08,24.24,0.16,0,23.8,0.28
69,69,what,24.32,24.6,0.28,0.08,23.8,0.52
70,70,it,24.6,24.77,0.17,0,23.8,0.8
71,71,is,24.77,24.96,0.19,0,25.5,-0.73
72,72,You,25.19,25.66,0.47,0.23,25.5,-0.31
73,73,only,25.66,25.87,0.21,0,25.5,0.16
74,74,know,25.87,26.22,0.35,0,25.5,0.37
75,75,the,26.22,26.49,0.27,0,25.5,0.72
76,76,sound,26.49,26.95,0.46,0,25.5,0.99
77,77,is,26.95,27.13,0.18,0,25.5,1.45
78,78,large,27.13,27.59,0.46,0,27.74,-0.61
79,79,it,27.77,27.99,0.22,0.18,27.74,0.03
80,80,is,27.99,28.39,0.4,0,27.74,0.25
81,81,close,28.39,28.59,0.2,0,29.2,-0.81
82,82,and,28.81,29.04,0.23,0.22,29.2,-0.39
83,83,the,29.04,29.31,0.27,0,29.2,-0.16
84,84,fire,29.31,29.85,0.54,0,29.2,0.11
85,85,is,29.85,30.2,0.35,0,29.2,0.65
86,86,the,30.2,30.24,0.04,0,29.2,1
87,87,only,30.24,30.49,0.25,0,29.2,1.04
88,88,reason,30.49,30.88,0.39,0,29.2,1.29
89,89,you,30.88,30.96,0.08,0,29.2,1.68
90,90,are,30.96,31.12,0.16,0,29.2,1.76
91,91,not,31.12,31.4,0.28,0,29.2,1.92
92,92,screaming,31.4,32.52,1.12,0,32.74,-1.34
93,93,The,32.54,32.8,0.26,0.02,32.74,-0.2
94,94,sound,32.8,33.29,0.49,0,32.74,0.06
95,95,stops,33.29,33.72,0.43,0,32.74,0.55
96,96,The,34,34.28,0.28,0.28,34.82,-0.82
97,97,night,34.28,34.69,0.41,0,34.82,-0.54
98,98,goes,34.69,35.27,0.58,0,34.82,-0.13
99,99,quiet,35.27,35.69,0.42,0,34.82,0.45
100,100,Your,35.85,36.22,0.37,0.16,36.76,-0.91
101,101,chest,36.22,36.67,0.45,0,36.76,-0.54
102,102,is,36.67,37.08,0.41,0,36.76,-0.09
103,103,tight,37.08,37.32,0.24,0,36.76,0.32
104,104,in,37.32,37.5,0.18,0,36.76,0.56
105,105,a,37.5,37.65,0.15,0,36.76,0.74
106,106,way,37.65,37.87,0.22,0,36.76,0.89
107,107,you,37.87,38.24,0.37,0,36.76,1.11
108,108,have,38.24,38.39,0.15,0,36.76,1.48
109,109,no,38.39,38.64,0.25,0,36.76,1.63
110,110,word,38.64,38.96,0.32,0,36.76,1.88
111,111,for,38.96,39.19,0.23,0,36.76,2.2
112,112,Your,39.27,40.05,0.78,0.08,40.34,-1.07
113,113,mother,40.05,40.22,0.17,0,40.34,-0.29
114,114,does,40.22,40.59,0.37,0,40.34,-0.12
115,115,not,40.59,40.81,0.22,0,40.34,0.25
116,116,look,40.81,41.1,0.29,0,40.34,0.47
117,117,up,41.1,41.26,0.16,0,40.34,0.76
118,118,She,41.49,41.73,0.24,0.23,42.34,-0.85
119,119,feeds,41.73,42.12,0.39,0,42.34,-0.61
120,120,the,42.12,42.38,0.26,0,42.34,-0.22
121,121,fire,42.38,42.79,0.41,0,42.34,0.04
122,122,another,42.79,43.23,0.44,0,42.34,0.45
123,123,stick,43.23,43.61,0.38,0,42.34,0.89
124,124,without,43.61,44.6,0.99,0,42.34,1.27
125,125,turning,44.6,44.8,0.2,0,42.34,2.26
126,126,her,44.8,44.94,0.14,0,42.34,2.46
127,127,head,44.94,45.17,0.23,0,42.34,2.6
128,128,ness,46.24,46.32,0.08,1.07,46.46,-0.22
129,129,tells,46.32,46.63,0.31,0,46.46,-0.14
130,130,you,46.63,46.83,0.2,0,46.46,0.17
131,131,something,46.83,47.66,0.83,0,46.46,0.37
132,132,She,47.85,48.09,0.24,0.19,48.7,-0.85
133,133,has,48.09,48.34,0.25,0,48.7,-0.61
134,134,been,48.34,48.67,0.33,0,48.7,-0.36
135,135,listening,48.67,49.54,0.87,0,48.7,-0.03
136,136,the,49.54,49.68,0.14,0,48.7,0.84
137,137,whole,49.68,50.39,0.71,0,48.7,0.98
138,138,time,50.39,50.43,0.04,0,48.7,1.69
139,139,You,50.81,51.51,0.7,0.38,51.52,-0.71
140,140,watch,51.51,51.76,0.25,0,51.52,-0.01
141,141,her,51.76,52.2,0.44,0,51.52,0.24
142,142,face,52.2,52.32,0.12,0,51.52,0.68
143,143,and,52.96,53.06,0.1,0.64,53.02,-0.06
144,144,you,53.06,53.24,0.18,0,53.02,0.04
145,145,learn,53.24,53.39,0.15,0,53.02,0.22
146,146,your,53.39,53.55,0.16,0,53.02,0.37
147,147,first,53.55,54.28,0.73,0,53.02,0.53
148,148,lesson,54.28,54.43,0.15,0,53.02,1.26
149,149,without,54.43,54.83,0.4,0,53.02,1.41
150,150,a,54.83,54.88,0.05,0,53.02,1.81
151,151,word,54.88,55.12,0.24,0,53.02,1.86
152,152,being,55.12,55.42,0.3,0,53.02,2.1
153,153,spoken,55.42,55.76,0.34,0,53.02,2.4
154,154,The,56,56.38,0.38,0.24,57.1,-1.1
155,155,darkness,56.38,57.45,1.07,0,57.1,-0.72
156,156,past,57.45,57.92,0.47,0,57.1,0.35
157,157,the,57.92,58,0.08,0,57.1,0.82
158,158,fire,58,58.34,0.34,0,57.1,0.9
159,159,light,58.34,58.76,0.42,0,57.1,1.24
160,160,is,58.76,58.92,0.16,0,57.1,1.66
161,161,not,58.92,59.42,0.5,0,60.14,-1.22
162,162,empty,59.42,59.61,0.19,0,60.14,-0.72
163,163,It,59.85,60.02,0.17,0.24,60.14,-0.29
164,164,has,60.02,60.27,0.25,0,60.14,-0.12
165,165,weight,60.27,60.78,0.51,0,60.14,0.13
166,166,The,61.04,61.3,0.26,0.26,61.38,-0.34
167,167,fire,61.3,61.61,0.31,0,61.38,-0.08
168,168,is,61.61,61.73,0.12,0,61.38,0.23
169,169,the,61.73,62.15,0.42,0,61.38,0.35
170,170,line,62.15,62.38,0.23,0,61.38,0.77
171,171,between,62.38,62.97,0.59,0,61.38,1
172,172,you,62.97,63.27,0.3,0,63.44,-0.47
173,173,and,63.27,63.69,0.42,0,63.44,-0.17
174,174,whatever,63.69,63.96,0.27,0,63.44,0.25
175,175,lives,63.96,64.16,0.2,0,63.44,0.52
176,176,on,64.16,64.24,0.08,0,63.44,0.72
177,177,the,64.24,64.32,0.08,0,63.44,0.8
178,178,other,64.32,64.74,0.42,0,63.44,0.88
179,179,side,64.74,65.08,0.34,0,63.44,1.3
180,180,of,65.08,65.24,0.16,0,66.44,-1.36
181,181,it,65.24,65.67,0.43,0,66.44,-1.2
182,182,You,65.74,65.95,0.21,0.07,66.44,-0.7
183,183,fall,65.95,66.27,0.32,0,66.44,-0.49
184,184,asleep,66.27,66.77,0.5,0,66.44,-0.17
185,185,against,66.77,67.36,0.59,0,66.44,0.33
186,186,her,67.36,67.62,0.26,0,66.44,0.92
187,187,side,67.62,67.94,0.32,0,66.44,1.18
188,188,one,68.05,68.47,0.42,0.11,68.58,-0.53
189,189,hand,68.47,68.7,0.23,0,68.58,-0.11
190,190,on,68.7,68.89,0.19,0,68.58,0.12
191,191,the,68.89,69.12,0.23,0,68.58,0.31
192,192,warm,69.12,69.46,0.34,0,68.58,0.54
193,193,stones,69.46,70.28,0.82,0,68.58,0.88
194,194,ringing,70.28,70.56,0.28,0,68.58,1.7
195,195,the,70.56,70.88,0.32,0,68.58,1.98
196,196,hear,70.88,71.02,0.14,0,68.58,2.3
197,197,th,71.02,71.09,0.07,0,68.58,2.44
198,198,dream,72.32,72.4,0.08,1.23,72.5,-0.18
199,199,about,72.4,72.42,0.02,0,72.5,-0.1
200,200,the,72.42,72.69,0.27,0,72.5,-0.08
201,201,sound,72.69,72.84,0.15,0,72.5,0.19
202,202,morning,73.74,74.01,0.27,0.9,74.12,-0.38
203,203,comes,74.01,74.49,0.48,0,74.12,-0.11
204,204,bright,74.49,75.04,0.55,0,74.12,0.37
205,205,and,75.04,75.36,0.32,0,74.12,0.92
206,206,cold,75.36,75.76,0.4,0,75.96,-0.6
207,207,and,75.86,76.09,0.23,0.1,75.96,-0.1
208,208,you,76.09,76.16,0.07,0,75.96,0.13
209,209,run,76.16,76.45,0.29,0,75.96,0.2
210,210,out,76.45,76.47,0.02,0,75.96,0.49
211,211,into,76.47,76.64,0.17,0,75.96,0.51
212,212,the,76.64,76.72,0.08,0,75.96,0.68
213,213,frost,76.72,77.12,0.4,0,75.96,0.76
214,214,like,77.12,77.28,0.16,0,75.96,1.16
215,215,nothing,77.36,77.78,0.42,0.08,75.96,1.4
216,216,happened,77.78,78.69,0.91,0,79.02,-1.24
217,217,But,78.83,79.06,0.23,0.14,79.02,-0.19
218,218,something,79.06,79.83,0.77,0,79.02,0.04
219,219,stayed,79.83,80.34,0.51,0,81.26,-1.43
220,220,in,80.34,80.58,0.24,0,81.26,-0.92
221,221,you,80.58,80.76,0.18,0,81.26,-0.68
222,222,Small,81.43,81.44,0.01,0.67,81.26,0.17
223,223,and,81.44,81.69,0.25,0,81.26,0.18
224,224,permanent,81.69,82.45,0.76,0,82.24,-0.55
225,225,A,82.8,83.24,0.44,0.35,84.16,-1.36
226,226,new,83.24,83.32,0.08,0,84.16,-0.92
227,227,understanding,83.32,85.05,1.73,0,84.16,-0.84
228,228,of,85.05,85.12,0.07,0,84.16,0.89
229,229,what,85.12,85.28,0.16,0,84.16,0.96
230,230,the,85.28,85.49,0.21,0,84.16,1.12
231,231,night,85.49,85.85,0.36,0,84.16,1.33
232,232,actually,85.85,86.46,0.61,0,84.16,1.69
233,233,is,86.46,86.69,0.23,0,87.82,-1.36
234,234,You,86.83,87.02,0.19,0.14,87.82,-0.99
235,235,start,87.02,87.38,0.36,0,87.82,-0.8
236,236,watching,87.38,87.96,0.58,0,87.82,-0.44
237,237,the,87.96,88.18,0.22,0,87.82,0.14
238,238,older,88.18,88.58,0.4,0,87.82,0.36
239,239,hunters,88.58,89.43,0.85,0,87.82,0.76
240,240,differently,89.43,89.85,0.42,0,90.52,-1.09
241,241,You,90.07,90.26,0.19,0.22,90.52,-0.45
242,242,notice,90.26,90.8,0.54,0,90.52,-0.26
243,243,where,90.8,90.97,0.17,0,90.52,0.28
244,244,their,90.97,91.12,0.15,0,90.52,0.45
245,245,eyes,91.12,91.39,0.27,0,90.52,0.6
246,246,go,91.39,91.53,0.14,0,90.52,0.87
247,247,when,91.53,91.81,0.28,0,90.52,1.01
248,248,the,91.81,91.84,0.03,0,90.52,1.29
249,249,sun,91.84,92.52,0.68,0,90.52,1.32
250,250,drops,92.52,92.54,0.02,0,90.52,2
251,251,You,92.75,92.94,0.19,0.21,93.6,-0.85
252,252,notice,92.94,93.35,0.41,0,93.6,-0.66
253,253,how,93.35,93.55,0.2,0,93.6,-0.25
254,254,they,93.55,93.82,0.27,0,93.6,-0.05
255,255,arranged,93.82,94.42,0.6,0,93.6,0.22
256,256,themselves,94.42,95.27,0.85,0,93.6,0.82
257,257,around,95.27,95.47,0.2,0,93.6,1.67
258,258,the,95.47,95.69,0.22,0,93.6,1.87
259,259,fire,95.69,96.08,0.39,0,93.6,2.09
260,260,before,96.08,96.64,0.56,0,93.6,2.48
261,261,full,96.64,96.96,0.32,0,93.6,3.04
262,262,dark,96.96,97.33,0.37,0,93.6,3.36
263,263,Nobody,97.47,98.37,0.9,0.14,98.3,-0.83
264,264,told,98.37,98.52,0.15,0,98.3,0.07
265,265,them,98.52,98.91,0.39,0,98.3,0.22
266,266,to,98.91,99.07,0.16,0,98.3,0.61
267,267,do,99.07,99.25,0.18,0,98.3,0.77
268,268,it,99.25,99.43,0.18,0,98.3,0.95
269,269,They,99.7,100.07,0.37,0.27,100.58,-0.88
270,270,just,100.07,100.44,0.37,0,100.58,-0.51
271,271,do,100.44,100.58,0.14,0,100.58,-0.14
272,272,The,101.11,101.17,0.06,0.53,100.58,0.53
273,273,band,101.17,101.54,0.37,0,102.1,-0.93
274,274,has,101.54,101.82,0.28,0,102.1,-0.56
275,275,a,101.82,101.91,0.09,0,102.1,-0.28
276,276,shape,101.91,102.55,0.64,0,102.1,-0.19
277,277,at,102.55,102.92,0.37,0,102.1,0.45
278,278,night,102.92,103.01,0.09,0,102.1,0.82
279,279,it,103.01,103.19,0.18,0,102.1,0.91
280,280,does,103.19,103.68,0.49,0,102.1,1.09
281,281,not,103.68,103.96,0.28,0,102.1,1.58
282,282,have,103.96,104.24,0.28,0,102.1,1.86
283,283,during,104.24,104.56,0.32,0,102.1,2.14
284,284,the,104.64,104.81,0.17,0.08,102.1,2.54
285,285,day,104.81,105.05,0.24,0,102.1,2.71
286,286,Certain,105.63,105.98,0.35,0.58,106.04,-0.41
287,287,men,105.98,106.14,0.16,0,106.04,-0.06
288,288,always,106.14,106.64,0.5,0,106.04,0.1
289,289,face,106.64,106.97,0.33,0,106.98,-0.34
290,290,outward,106.97,107.6,0.63,0,106.98,-0.01
291,291,Certain,107.86,108.38,0.52,0.26,108.92,-1.06
292,292,men,108.38,108.71,0.33,0,108.92,-0.54
293,293,sleep,108.71,109.13,0.42,0,108.92,-0.21
294,294,closest,109.13,109.63,0.5,0,108.92,0.21
295,295,to,109.63,109.78,0.15,0,108.92,0.71
296,296,the,109.78,110.08,0.3,0,108.92,0.86
297,297,fire,110.08,110.52,0.44,0,108.92,1.16
298,298,s,110.52,110.53,0.01,0,108.92,1.6
299,299,edge,110.53,110.86,0.33,0,108.92,1.61
300,300,The,111.2,112.48,1.28,0.34,112.44,-1.24
301,301,arrangement,112.48,113.24,0.76,0,112.44,0.04
302,302,is,113.24,113.37,0.13,0,112.44,0.8
303,303,not,113.37,113.9,0.53,0,112.44,0.93
304,304,accidental,113.9,114.26,0.36,0,115.04,-1.14
305,305,It,114.46,114.59,0.13,0.2,115.04,-0.58
306,306,is,114.59,114.72,0.13,0,115.04,-0.45
307,307,as,114.72,114.85,0.13,0,115.04,-0.32
308,308,deliberate,114.85,115.54,0.69,0,115.04,-0.19
309,309,as,115.54,115.78,0.24,0,115.04,0.5
310,310,any,115.78,115.87,0.09,0,115.04,0.74
311,311,trap,115.87,116.1,0.23,0,115.04,0.83
312,312,your,116.1,116.63,0.53,0,115.04,1.06
313,313,father,116.63,116.82,0.19,0,115.04,1.59
314,314,sets,116.82,117.09,0.27,0,115.04,1.78
315,315,in,117.09,117.22,0.13,0,115.04,2.05
316,316,the,117.22,117.42,0.2,0,115.04,2.18
317,317,river,117.42,117.69,0.27,0,115.04,2.38
318,318,shall,117.69,118.09,0.4,0,115.04,2.65
319,319,ows,118.09,118.44,0.35,0,115.04,3.05
320,320,old,119.52,119.6,0.08,1.08,119.68,-0.16
321,321,enough,119.6,119.91,0.31,0,119.68,-0.08
322,322,to,119.91,120.03,0.12,0,119.68,0.23
323,323,hold,120.03,120.15,0.12,0,119.68,0.35
324,324,a,120.15,120.92,0.77,0,119.68,0.47
325,325,position,120.92,121.04,0.12,0,119.68,1.24
326,326,in,121.04,121.15,0.11,0,119.68,1.36
327,327,that,121.15,121.47,0.32,0,119.68,1.47
328,328,shape,121.47,121.78,0.31,0,119.68,1.79
329,329,But,122.08,122.41,0.33,0.3,123.2,-1.12
330,330,you,122.41,122.82,0.41,0,123.2,-0.79
331,331,are,122.82,123.07,0.25,0,123.2,-0.38
332,332,old,123.07,123.67,0.6,0,123.2,-0.13
333,333,enough,123.67,124.09,0.42,0,123.2,0.47
334,334,to,124.09,124.24,0.15,0,123.2,0.89
335,335,start,124.24,124.48,0.24,0,123.2,1.04
336,336,learning,124.48,124.8,0.32,0,123.2,1.28
337,337,what,124.8,125.17,0.37,0,123.2,1.6
338,338,it,125.17,125.36,0.19,0,123.2,1.97
339,339,means,125.36,125.87,0.51,0,125.9,-0.54
340,340,Level,126.22,126.59,0.37,0.35,127.82,-1.6
341,341,2,126.59,126.87,0.28,0,127.82,-1.23
342,342,The,127.16,127.43,0.27,0.29,127.82,-0.66
343,343,boy,127.43,127.71,0.28,0,127.82,-0.39
344,344,who,127.71,128.03,0.32,0,127.82,-0.11
345,345,carries,128.03,128.95,0.92,0,127.82,0.21
346,346,fire,128.95,129.04,0.09,0,127.82,1.13
347,347,you,129.23,129.51,0.28,0.19,127.82,1.41
348,348,are,129.51,129.78,0.27,0,127.82,1.69
349,349,11,129.78,130.35,0.57,0,127.82,1.96
350,350,On,130.76,130.83,0.07,0.41,131.54,-0.78
351,351,nights,130.83,131.39,0.56,0,131.54,-0.71
352,352,when,131.39,131.8,0.41,0,131.54,-0.15
353,353,the,131.8,132.06,0.26,0,131.54,0.26
354,354,band,132.06,132.55,0.49,0,131.54,0.52
355,355,moves,132.55,132.88,0.33,0,131.54,1.01
356,356,between,132.88,133.28,0.4,0,131.54,1.34
357,357,camps,133.36,133.71,0.35,0.08,131.54,1.82
358,358,your,133.85,133.94,0.09,0.14,134.24,-0.39
359,359,job,133.94,134.65,0.71,0,134.24,-0.3
360,360,is,134.65,134.7,0.05,0,134.24,0.41
361,361,to,134.7,134.83,0.13,0,134.24,0.46
362,362,carry,134.83,135.25,0.42,0,134.24,0.59
363,363,one,135.25,135.51,0.26,0,134.24,1.01
364,364,of,135.51,135.68,0.17,0,134.24,1.27
365,365,the,135.68,135.94,0.26,0,134.24,1.44
366,366,torches,135.94,136.58,0.64,0,136.72,-0.78
367,367,Birch,136.81,137.43,0.62,0.23,136.72,0.09
368,368,bark,137.43,137.58,0.15,0,136.72,0.71
369,369,and,137.58,137.85,0.27,0,136.72,0.86
370,370,fat,137.85,138.1,0.25,0,136.72,1.13
371,371,soaked,138.1,138.58,0.48,0,136.72,1.38
372,372,moss,138.58,139.04,0.46,0,139.06,-0.48
373,373,bound,139.24,139.33,0.09,0.2,139.06,0.18
374,374,with,139.33,139.52,0.19,0,139.06,0.27
375,375,sin,139.52,139.89,0.37,0,139.06,0.46
376,376,ew,139.89,140.15,0.26,0,140.34,-0.45
377,377,held,140.16,140.44,0.28,0.01,140.34,-0.18
378,378,in,140.44,140.58,0.14,0,140.34,0.1
379,379,both,140.58,140.86,0.28,0,140.34,0.24
380,380,hands,140.86,141.2,0.34,0,140.34,0.52
381,381,out,141.2,141.56,0.36,0,140.34,0.86
382,382,in,141.56,141.58,0.02,0,140.34,1.22
383,383,front,141.58,141.93,0.35,0,140.34,1.24
384,384,of,141.93,142.11,0.18,0,140.34,1.59
385,385,your,142.11,142.35,0.24,0,140.34,1.77
386,386,body,142.35,142.63,0.28,0,143.26,-0.91
387,387,The,142.84,143.05,0.21,0.21,143.26,-0.42
388,388,flame,143.05,143.46,0.41,0,143.26,-0.21
389,389,bends,143.46,143.76,0.3,0,143.26,0.2
390,390,in,143.76,143.89,0.13,0,143.26,0.5
391,391,the,143.89,144.31,0.42,0,143.26,0.63
392,392,wind,144.31,144.4,0.09,0,143.26,1.05
393,393,and,144.4,144.73,0.33,0,143.26,1.14
394,394,you,144.73,144.88,0.15,0,143.26,1.47
395,395,curve,144.88,145.2,0.32,0,143.26,1.62
396,396,yourself,145.2,145.6,0.4,0,143.26,1.94
397,397,around,145.6,146.12,0.52,0,143.26,2.34
398,398,it,146.12,146.3,0.18,0,146.62,-0.5
399,399,using,146.3,147,0.7,0,146.62,-0.32
400,400,your,147,147.13,0.13,0,146.62,0.38
401,401,chest,147.13,147.55,0.42,0,146.62,0.51
402,402,against,147.55,148.16,0.61,0,146.62,0.93
403,403,the,148.16,148.41,0.25,0,146.62,1.54
404,404,cold,148.41,148.76,0.35,0,149.8,-1.39
405,405,air,148.76,149.02,0.26,0,149.8,-1.04
406,406,The,149.37,149.75,0.38,0.35,149.8,-0.43
407,407,hunters,149.75,150.17,0.42,0,149.8,-0.05
408,408,move,150.17,150.51,0.34,0,149.8,0.37
409,409,ahead,150.51,150.9,0.39,0,149.8,0.71
410,410,You,151.3,151.56,0.26,0.4,151.46,-0.16
411,411,stay,151.56,151.7,0.14,0,151.46,0.1
412,412,in,151.7,151.84,0.14,0,151.46,0.24
413,413,the,151.84,151.92,0.08,0,151.46,0.38
414,414,center,151.92,152.32,0.4,0,151.46,0.46
415,415,column,152.32,152.75,0.43,0,151.46,0.86
416,416,with,152.75,153.02,0.27,0,151.46,1.29
417,417,the,153.02,153.19,0.17,0,151.46,1.56
418,418,women,153.19,153.72,0.53,0,151.46,1.73
419,419,and,153.72,153.85,0.13,0,151.46,2.26
420,420,older,153.85,154.17,0.32,0,151.46,2.39
421,421,children,154.17,154.74,0.57,0,155,-0.83
422,422,Behind,154.95,155.38,0.43,0.21,155,-0.05
423,423,you,155.38,155.62,0.24,0,155,0.38
424,424,two,155.73,155.93,0.2,0.11,156.1,-0.37
425,425,of,155.93,156.05,0.12,0,156.1,-0.17
426,426,the,156.05,156.47,0.42,0,156.1,-0.05
427,427,most,156.47,156.57,0.1,0,156.1,0.37
428,428,experienced,156.57,157.36,0.79,0,156.1,0.47
429,429,men,157.36,157.63,0.27,0,156.1,1.26
430,430,walk,157.63,157.91,0.28,0,156.1,1.53
431,431,the,157.91,158.28,0.37,0,156.1,1.81
432,432,rear,158.28,158.56,0.28,0,156.1,2.18
433,433,with,158.64,158.86,0.22,0.08,156.1,2.54
434,434,thrust,158.86,159.32,0.46,0,156.1,2.76
435,435,ing,159.32,159.96,0.64,0,156.1,3.22
436,436,spears,159.96,160.01,0.05,0,156.1,3.86
437,437,angled,160.01,160.51,0.5,0,156.1,3.91
438,438,outward,160.51,161,0.49,0,156.1,4.41
439,439,into,161,161.3,0.3,0,156.1,4.9
440,440,the,161.3,161.6,0.3,0,156.1,5.2
441,441,dark,161.6,161.86,0.26,0,162.48,-0.88
442,442,They,162.06,162.29,0.23,0.2,162.48,-0.42
443,443,do,162.29,162.71,0.42,0,162.48,-0.19
444,444,not,162.71,162.74,0.03,0,162.48,0.23
445,445,speak,162.74,163.13,0.39,0,162.48,0.26
446,446,on,163.13,163.27,0.14,0,162.48,0.65
447,447,night,163.27,163.65,0.38,0,162.48,0.79
448,448,marches,163.65,164.48,0.83,0,164.68,-1.03
449,449,Their,164.48,164.81,0.33,0,164.68,-0.2
450,450,silence,164.81,165,0.19,0,164.68,0.13
451,451,is,165,165.41,0.41,0,164.68,0.32
452,452,a,165.41,165.47,0.06,0,164.68,0.73
453,453,tool,165.47,165.86,0.39,0,164.68,0.79
454,454,same,165.9,166.12,0.22,0.04,166.24,-0.34
455,455,as,166.12,166.25,0.13,0,166.24,-0.12
456,456,the,166.25,166.45,0.2,0,166.24,0.01
457,457,spear,166.45,166.78,0.33,0,166.24,0.21
458,458,You,167.04,167.35,0.31,0.26,168.32,-1.28
459,459,drop,167.35,167.78,0.43,0,168.32,-0.97
460,460,the,167.78,168.08,0.3,0,168.32,-0.54
461,461,torch,168.08,168.63,0.55,0,168.32,-0.24
462,462,on,168.63,168.81,0.18,0,168.32,0.31
463,463,the,168.81,169.12,0.31,0,168.32,0.49
464,464,third,169.12,169.67,0.55,0,168.32,0.8
465,465,night,169.67,169.83,0.16,0,168.32,1.35
466,466,of,169.83,170.08,0.25,0,168.32,1.51
467,467,second,170.08,170.51,0.43,0,168.32,1.76
468,468,season,170.51,171.48,0.97,0,172.18,-1.67
469,469,carrying,171.48,171.51,0.03,0,172.18,-0.7
470,470,it,171.51,171.65,0.14,0,172.18,-0.67
471,471,You,171.86,172.07,0.21,0.21,172.18,-0.32
472,472,catch,172.07,172.44,0.37,0,172.18,-0.11
473,473,a,172.44,172.49,0.05,0,172.18,0.26
474,474,root,172.49,172.77,0.28,0,172.18,0.31
475,475,you,172.77,172.98,0.21,0,172.18,0.59
476,476,did,172.98,173.19,0.21,0,172.18,0.8
477,477,not,173.19,173.4,0.21,0,172.18,1.01
478,478,see,173.4,173.61,0.21,0,172.18,1.22
479,479,and,173.61,173.81,0.2,0,174.24,-0.63
480,480,the,173.81,174.23,0.42,0,174.24,-0.43
481,481,flame,174.23,174.38,0.15,0,174.24,-0.01
482,482,hits,174.38,174.66,0.28,0,174.24,0.14
483,483,the,174.66,174.95,0.29,0,174.24,0.42
484,484,ground,174.95,175.35,0.4,0,174.24,0.71
485,485,and,175.35,175.52,0.17,0,174.24,1.11
486,486,sp,175.52,175.64,0.12,0,174.24,1.28
487,487,utters,175.64,176.01,0.37,0,174.24,1.4
488,488,and,176.01,176.19,0.18,0,174.24,1.77
489,489,for,176.19,176.23,0.04,0,174.24,1.95
490,490,three,176.23,176.91,0.68,0,174.24,1.99
491,491,full,176.91,176.94,0.03,0,174.24,2.67
492,492,heart,176.94,177.21,0.27,0,174.24,2.7
493,493,be,177.21,177.33,0.12,0,174.24,2.97
494,494,ats,177.33,177.51,0.18,0,174.24,3.09
495,495,the,177.51,177.69,0.18,0,174.24,3.27
496,496,column,177.69,178.06,0.37,0,174.24,3.45
497,497,loses,178.06,178.36,0.3,0,174.24,3.82
498,498,half,178.36,178.6,0.24,0,174.24,4.12
499,499,its,178.6,178.82,0.22,0,174.24,4.36
500,500,light,178.82,179.08,0.26,0,174.24,4.58
501,501,Nobody,179.67,180.09,0.42,0.59,180.38,-0.71
502,502,shouts,180.09,180.69,0.6,0,180.38,-0.29
503,503,But,182.16,182.35,0.19,1.47,182.28,-0.12
504,504,dare,182.35,182.58,0.23,0,182.28,0.07
505,505,it,182.58,182.74,0.16,0,182.28,0.3
506,506,the,183.08,183.5,0.42,0.34,183.18,-0.1
507,507,rear,183.5,183.72,0.22,0,183.18,0.32
508,508,guard,183.72,184.18,0.46,0,184.16,-0.44
509,509,moves,184.18,184.64,0.46,0,184.16,0.02
510,510,up,184.64,184.82,0.18,0,184.16,0.48
511,511,beside,184.82,185.38,0.56,0,184.16,0.66
512,512,you,185.38,185.64,0.26,0,184.16,1.22
513,513,and,185.64,186.23,0.59,0,184.16,1.48
514,514,puts,186.23,186.28,0.05,0,184.16,2.07
515,515,his,186.28,186.65,0.37,0,184.16,2.12
516,516,hand,186.65,186.92,0.27,0,184.16,2.49
517,517,flat,186.92,187.29,0.37,0,188.42,-1.5
518,518,on,187.29,187.46,0.17,0,188.42,-1.13
519,519,your,187.46,188.04,0.58,0,188.42,-0.96
520,520,shoulder,188.04,188.58,0.54,0,188.42,-0.38
521,521,Not,189.08,189.09,0.01,0.5,189.56,-0.48
522,522,hard,189.09,189.26,0.17,0,189.56,-0.47
523,523,not,189.36,189.63,0.27,0.1,189.56,-0.2
524,524,gentle,189.63,189.88,0.25,0,189.56,0.07
525,525,just,190.69,190.78,0.09,0.81,190.92,-0.23
526,526,there,190.78,191.13,0.35,0,190.92,-0.14
527,527,He,191.39,191.57,0.18,0.26,192.74,-1.35
528,528,holds,191.57,192.01,0.44,0,192.74,-1.17
529,529,it,192.01,192.19,0.18,0,192.74,-0.73
530,530,until,192.19,192.66,0.47,0,192.74,-0.55
531,531,you,192.66,192.9,0.24,0,192.74,-0.08
532,532,have,192.9,193.51,0.61,0,192.74,0.16
533,533,the,193.51,193.53,0.02,0,192.74,0.77
534,534,torch,193.53,193.97,0.44,0,192.74,0.79
535,535,burning,193.97,194.55,0.58,0,192.74,1.23
536,536,again,194.55,195.28,0.73,0,192.74,1.81
537,537,from,195.28,195.32,0.04,0,192.74,2.54
538,538,the,195.32,195.44,0.12,0,192.74,2.58
539,539,second,195.44,195.76,0.32,0,192.74,2.7
540,540,carrier,195.76,196.2,0.44,0,192.74,3.02
541,541,s,196.2,196.32,0.12,0,192.74,3.46
542,542,co,196.32,196.45,0.13,0,192.74,3.58
543,543,als,196.45,196.48,0.03,0,192.74,3.71
544,544,Then,196.83,197.16,0.33,0.35,197.22,-0.39
545,545,he,197.16,197.19,0.03,0,197.22,-0.06
546,546,walks,197.19,197.51,0.32,0,197.22,-0.03
547,547,back,197.51,197.76,0.25,0,197.22,0.29
548,548,to,197.76,197.88,0.12,0,197.22,0.54
549,549,his,197.88,198.07,0.19,0,197.22,0.66
550,550,post,198.07,198.32,0.25,0,197.22,0.85
551,551,without,198.32,198.8,0.48,0,197.22,1.1
552,552,a,198.8,198.82,0.02,0,197.22,1.58
553,553,word,198.82,199.07,0.25,0,197.22,1.6
554,554,The,199.36,199.91,0.55,0.29,200.86,-1.5
555,555,lesson,199.91,200.69,0.78,0,200.86,-0.95
556,556,in,200.69,200.96,0.27,0,200.86,-0.17
557,557,that,200.96,201.72,0.76,0,200.86,0.1
558,558,touch,201.72,202.32,0.6,0,202.52,-0.8
559,559,your,202.32,202.6,0.28,0,202.52,-0.2
560,560,mistake,202.6,203.09,0.49,0,202.52,0.08
561,561,put,203.09,203.72,0.63,0,202.52,0.57
562,562,people,203.72,203.74,0.02,0,202.52,1.2
563,563,in,203.74,203.87,0.13,0,202.52,1.22
564,564,danger,203.87,204.28,0.41,0,205.08,-1.21
565,565,You,204.49,204.69,0.2,0.21,205.08,-0.59
566,566,are,204.69,204.91,0.22,0,205.08,-0.39
567,567,not,204.91,205.12,0.21,0,205.08,-0.17
568,568,punished,205.12,205.69,0.57,0,205.08,0.04
569,569,for,205.69,205.89,0.2,0,205.08,0.61
570,570,it,205.89,206.06,0.17,0,205.08,0.81
571,571,You,206.47,206.66,0.19,0.41,207.3,-0.83
572,572,are,206.66,207,0.34,0,207.3,-0.64
573,573,expected,207,207.91,0.91,0,207.3,-0.3
574,574,to,207.91,208.28,0.37,0,207.3,0.61
575,575,understand,208.28,208.48,0.2,0,207.3,0.98
576,576,that,208.56,208.79,0.23,0.08,207.3,1.26
577,577,on,208.79,208.94,0.15,0,207.3,1.49
578,578,your,208.94,209.21,0.27,0,207.3,1.64
579,579,own,209.21,209.48,0.27,0,210.04,-0.83
580,580,You,209.88,209.94,0.06,0.4,210.04,-0.16
581,581,do,209.94,210.09,0.15,0,210.04,-0.1
582,582,not,210.09,210.32,0.23,0,210.04,0.05
583,583,drop,210.32,210.65,0.33,0,210.04,0.28
584,584,a,210.65,210.7,0.05,0,210.04,0.61
585,585,torch,210.7,211.08,0.38,0,210.04,0.66
586,586,again,211.08,211.52,0.44,0,212.16,-1.08
587,587,Those,211.78,212.05,0.27,0.26,212.16,-0.38
588,588,long,212.05,212.63,0.58,0,212.16,-0.11
589,589,column,212.63,212.84,0.21,0,212.16,0.47
590,590,walks,212.84,213.22,0.38,0,212.16,0.68
591,591,teach,213.22,213.6,0.38,0,212.16,1.06
592,592,you,213.6,214.16,0.56,0,212.16,1.44
593,593,how,214.16,214.17,0.01,0,212.16,2
594,594,to,214.17,214.44,0.27,0,212.16,2.01
595,595,read,214.44,214.56,0.12,0,212.16,2.28
596,596,the,214.56,214.77,0.21,0,212.16,2.4
597,597,night,214.77,215.14,0.37,0,212.16,2.61
598,598,by,215.14,215.28,0.14,0,212.16,2.98
599,599,its,215.28,215.94,0.66,0,216.54,-1.26
600,600,sounds,215.94,215.98,0.04,0,216.54,-0.6
601,601,An,216.19,216.3,0.11,0.21,216.54,-0.35
602,602,owl,216.3,216.52,0.22,0,216.54,-0.24
603,603,is,216.52,216.66,0.14,0,216.54,-0.02
604,604,neutral,216.66,217.17,0.51,0,216.54,0.12
605,605,Every,217.39,217.86,0.47,0.22,218.24,-0.85
606,606,animal,217.86,218.13,0.27,0,218.24,-0.38
607,607,going,218.13,218.71,0.58,0,218.24,-0.11
608,608,silent,218.71,218.99,0.28,0,218.24,0.47
609,609,at,218.99,219.13,0.14,0,218.24,0.75
610,610,once,219.13,219.42,0.29,0,218.24,0.89
611,611,is,219.42,219.56,0.14,0,218.24,1.18
612,612,not,219.56,219.77,0.21,0,218.24,1.32
613,613,through,220.96,221.04,0.08,1.19,221.08,-0.12
614,614,pine,221.04,221.14,0.1,0,221.08,-0.04
615,615,moves,221.14,221.45,0.31,0,221.08,0.06
616,616,without,221.45,221.99,0.54,0,221.08,0.37
617,617,any,221.99,222.38,0.39,0,221.08,0.91
618,618,pattern,222.38,222.71,0.33,0,221.08,1.3
619,619,Something,222.96,223.65,0.69,0.25,223.7,-0.74
620,620,large,223.65,224.03,0.38,0,223.7,-0.05
621,621,moving,224.03,224.49,0.46,0,223.7,0.33
622,622,through,224.49,225.11,0.62,0,223.7,0.79
623,623,pine,225.11,225.36,0.25,0,223.7,1.41
624,624,has,225.36,225.6,0.24,0,223.7,1.66
625,625,a,225.6,225.68,0.08,0,223.7,1.9
626,626,rhythm,225.68,226.16,0.48,0,223.7,1.98
627,627,even,226.16,226.41,0.25,0,223.7,2.46
628,628,when,226.41,226.65,0.24,0,223.7,2.71
629,629,it,226.65,226.73,0.08,0,223.7,2.95
630,630,is,226.73,226.89,0.16,0,223.7,3.03
631,631,trying,226.89,227.26,0.37,0,223.7,3.19
632,632,to,227.26,227.58,0.32,0,223.7,3.56
633,633,suppress,227.58,227.89,0.31,0,228.58,-1
634,634,one,227.89,228.11,0.22,0,228.58,-0.69
635,635,You,228.25,228.43,0.18,0.14,228.58,-0.33
636,636,learn,228.43,228.74,0.31,0,228.58,-0.15
637,637,to,228.74,228.86,0.12,0,228.58,0.16
638,638,feel,228.86,229.2,0.34,0,228.58,0.28
639,639,the,229.2,229.29,0.09,0,228.58,0.62
640,640,column,229.29,229.66,0.37,0,228.58,0.71
641,641,change,229.66,230.31,0.65,0,228.58,1.08
642,642,before,230.31,230.48,0.17,0,228.58,1.73
643,643,you,230.48,230.73,0.25,0,228.58,1.9
644,644,see,230.73,230.8,0.07,0,228.58,2.15
645,645,it,230.8,230.96,0.16,0,228.58,2.22
646,646,change,230.96,231.28,0.32,0,228.58,2.38
647,647,When,232.08,232.43,0.35,0.8,232.2,-0.12
648,648,the,232.43,232.74,0.31,0,232.2,0.23
649,649,lead,232.74,233.42,0.68,0,232.2,0.54
650,650,hunter,233.42,233.82,0.4,0,233.9,-0.48
651,651,slows,233.82,234.36,0.54,0,233.9,-0.08
652,652,every,234.56,235.09,0.53,0.2,233.9,0.66
653,653,person,235.09,236.15,1.06,0,235.6,-0.51
654,654,slows,236.15,236.26,0.11,0,235.6,0.55
655,655,No,236.58,236.79,0.21,0.32,236.56,0.02
656,656,signal,236.79,237.64,0.85,0,238.4,-1.61
657,657,no,237.69,237.96,0.27,0.05,238.4,-0.71
658,658,sound,237.96,238.38,0.42,0,238.4,-0.44
659,659,The,238.79,238.94,0.15,0.41,238.4,0.39
660,660,shift,238.94,239,0.06,0,238.4,0.54
661,661,moves,239,239.04,0.04,0,238.4,0.6
662,662,back,239.04,239.28,0.24,0,238.4,0.64
663,663,through,239.28,239.52,0.24,0,238.4,0.88
664,664,the,239.52,239.73,0.21,0,238.4,1.12
665,665,group,239.73,240.1,0.37,0,238.4,1.33
666,666,the,240.1,240.16,0.06,0,238.4,1.7
667,667,way,240.16,240.85,0.69,0,238.4,1.76
668,668,cold,240.85,240.94,0.09,0,238.4,2.45
669,669,moves,240.94,241.22,0.28,0,238.4,2.54
670,670,through,241.22,241.74,0.52,0,238.4,2.82
671,671,water,241.74,242.11,0.37,0,242.92,-1.18
672,672,You,242.33,242.56,0.23,0.22,242.92,-0.59
673,673,sleep,242.56,242.92,0.36,0,242.92,-0.36
674,674,lightly,242.92,243.66,0.74,0,242.92,0
675,675,now,243.66,243.67,0.01,0,242.92,0.74
676,676,even,243.67,244.09,0.42,0,242.92,0.75
677,677,at,244.09,244.11,0.02,0,242.92,1.17
678,678,camp,244.11,244.41,0.3,0,242.92,1.19
679,679,You,244.71,245.48,0.77,0.3,245.82,-1.11
680,680,did,245.48,245.92,0.44,0,245.82,-0.34
681,681,not,245.92,246.16,0.24,0,245.82,0.1
682,682,decide,246.16,246.56,0.4,0,245.82,0.34
683,683,to,246.56,246.71,0.15,0,245.82,0.74
684,684,Your,246.93,247.08,0.15,0.22,247.68,-0.75
685,685,body,247.08,247.34,0.26,0,247.68,-0.6
686,686,made,247.34,247.98,0.64,0,247.68,-0.34
687,687,that,247.98,248.13,0.15,0,247.68,0.3
688,688,choice,248.13,248.58,0.45,0,247.68,0.45
689,689,without,248.58,249.11,0.53,0,247.68,0.9
690,690,asking,249.11,249.6,0.49,0,247.68,1.43
691,691,Level,249.86,250.72,0.86,0.26,251.8,-1.94
692,692,three,250.72,251.55,0.83,0,251.8,-1.08
693,693,the,251.86,252.52,0.66,0.31,252.98,-1.12
694,694,scout,252.52,253.28,0.76,0,252.98,-0.46
695,695,You,253.84,254.04,0.2,0.56,253.96,-0.12
696,696,are,254.04,254.24,0.2,0,253.96,0.08
697,697,16,254.24,254.9,0.66,0,253.96,0.28
698,698,and,254.9,255.04,0.14,0,253.96,0.94
699,699,you,255.04,255.2,0.16,0,253.96,1.08
700,700,carry,255.2,255.6,0.4,0,253.96,1.24
701,701,your,255.68,255.9,0.22,0.08,253.96,1.72
702,702,own,255.9,256.1,0.2,0,253.96,1.94
703,703,spear,256.1,256.23,0.13,0,253.96,2.14
704,704,Not,256.97,257.02,0.05,0.74,257.12,-0.15
705,705,the,257.02,257.23,0.21,0,257.12,-0.1
706,706,heavy,257.23,257.58,0.35,0,257.12,0.11
707,707,thrust,257.58,258.04,0.46,0,257.12,0.46
708,708,ing,258.04,258.27,0.23,0,257.12,0.92
709,709,spear,258.27,258.64,0.37,0,257.12,1.15
710,710,of,258.64,258.9,0.26,0,257.12,1.52
711,711,the,258.9,259.03,0.13,0,257.12,1.78
712,712,senior,259.03,259.75,0.72,0,260.22,-1.19
713,713,hunters,259.75,260.02,0.27,0,260.22,-0.47
714,714,A,260.25,260.32,0.07,0.23,260.22,0.03
715,715,throwing,260.32,260.9,0.58,0,260.22,0.1
716,716,spear,260.9,261.52,0.62,0,261.62,-0.72
717,717,its,261.56,261.76,0.2,0.04,261.62,-0.06
718,718,fl,261.76,261.9,0.14,0,261.62,0.14
719,719,int,261.9,262.08,0.18,0,261.62,0.28
720,720,point,262.08,262.47,0.39,0,261.62,0.46
721,721,n,262.47,262.54,0.07,0,261.62,0.85
722,722,apped,262.54,262.68,0.14,0,261.62,0.92
723,723,by,262.68,263.15,0.47,0,261.62,1.06
724,724,hand,263.15,263.49,0.34,0,261.62,1.53
725,725,and,263.49,263.63,0.14,0,263.84,-0.35
726,726,bound,263.63,264.03,0.4,0,263.84,-0.21
727,727,to,264.03,264.16,0.13,0,263.84,0.19
728,728,the,264.16,264.39,0.23,0,263.84,0.32
729,729,shaft,264.39,264.78,0.39,0,263.84,0.55
730,730,with,264.78,265.12,0.34,0,263.84,0.94
731,731,pine,265.12,265.4,0.28,0,263.84,1.28
732,732,pitch,265.4,265.82,0.42,0,263.84,1.56
733,733,and,265.82,266.23,0.41,0,263.84,1.98
734,734,wet,266.23,266.25,0.02,0,263.84,2.39
735,735,sin,266.25,266.48,0.23,0,263.84,2.41
736,736,ew,266.48,266.65,0.17,0,266.94,-0.46
737,737,that,266.65,266.94,0.29,0,266.94,-0.29
738,738,dried,266.94,267.28,0.34,0,266.94,0
739,739,hard,267.28,268,0.72,0,266.94,0.34
740,740,as,268,268.04,0.04,0,266.94,1.06
741,741,rock,268.04,268.24,0.2,0,266.94,1.1
742,742,They,268.8,268.88,0.08,0.56,269,-0.2
743,743,start,268.88,268.96,0.08,0,269,-0.12
744,744,sending,268.96,269.52,0.56,0,269,-0.04
745,745,you,269.52,269.77,0.25,0,269,0.52
746,746,on,269.77,270.22,0.45,0,269,0.77
747,747,forward,270.22,270.5,0.28,0,269,1.22
748,748,runs,270.5,270.82,0.32,0,271.42,-0.92
749,749,Never,271.06,271.46,0.4,0.24,271.42,-0.36
750,750,far,271.46,271.7,0.24,0,271.42,0.04
751,751,Never,272.1,272.95,0.85,0.4,273,-0.9
752,752,alone,272.95,273.16,0.21,0,273,-0.05
753,753,You,273.52,273.95,0.43,0.36,274.62,-1.1
754,754,go,273.95,274.76,0.81,0,274.62,-0.67
755,755,with,274.76,275.12,0.36,0,274.62,0.14
756,756,Kor,275.12,275.55,0.43,0,274.62,0.5
757,757,ik,275.55,275.84,0.29,0,275.96,-0.41
758,758,22,275.97,276.4,0.43,0.13,275.96,0.01
759,759,who,276.4,276.64,0.24,0,275.96,0.44
760,760,has,276.64,276.72,0.08,0,275.96,0.68
761,761,been,276.72,276.98,0.26,0,275.96,0.76
762,762,scouting,276.98,277.23,0.25,0,275.96,1.02
763,763,for,277.23,277.71,0.48,0,275.96,1.27
764,764,four,277.71,278.14,0.43,0,275.96,1.75
765,765,years,278.14,278.3,0.16,0,275.96,2.18
766,766,The,278.5,278.7,0.2,0.2,278.9,-0.4
767,767,two,278.7,278.9,0.2,0,278.9,-0.2
768,768,of,278.9,279.03,0.13,0,278.9,0
769,769,you,279.03,279.26,0.23,0,278.9,0.13
770,770,move,279.26,279.49,0.23,0,278.9,0.36
771,771,ahead,279.49,279.82,0.33,0,278.9,0.59
772,772,of,279.82,280.02,0.2,0,278.9,0.92
773,773,the,280.02,280.15,0.13,0,278.9,1.12
774,774,main,280.15,280.46,0.31,0,278.9,1.25
775,775,group,280.46,280.87,0.41,0,278.9,1.56
776,776,by,280.87,280.88,0.01,0,278.9,1.97
777,777,about,280.88,281.29,0.41,0,278.9,1.98
778,778,the,281.29,281.44,0.15,0,278.9,2.39
779,779,distance,281.44,281.84,0.4,0,278.9,2.54
780,780,a,281.84,281.92,0.08,0,278.9,2.94
781,781,man,282,282.11,0.11,0.08,278.9,3.1
782,782,can,282.11,282.29,0.18,0,278.9,3.21
783,783,shout,282.29,282.62,0.33,0,278.9,3.39
784,784,and,282.62,282.8,0.18,0,278.9,3.72
785,785,be,282.8,283.26,0.46,0,278.9,3.9
786,786,heard,283.26,283.33,0.07,0,284,-0.74
787,787,Your,283.47,283.71,0.24,0.14,284,-0.53
788,788,job,283.71,283.9,0.19,0,284,-0.29
789,789,is,283.9,284.03,0.13,0,284,-0.1
790,790,to,284.03,284.16,0.13,0,284,0.03
791,791,read,284.16,284.46,0.3,0,284,0.16
792,792,the,284.46,284.61,0.15,0,284,0.46
793,793,ground,284.61,284.99,0.38,0,284,0.61
794,794,before,284.99,285.37,0.38,0,284,0.99
795,795,everyone,285.37,286.07,0.7,0,284,1.37
796,796,else,286.07,286.14,0.07,0,284,2.07
797,797,walks,286.14,286.49,0.35,0,284,2.14
798,798,onto,286.49,286.72,0.23,0,284,2.49
799,799,it,286.72,286.85,0.13,0,284,2.72
800,800,learn,287.68,287.76,0.08,0.83,287.86,-0.18
801,801,to,287.76,287.79,0.03,0,287.86,-0.1
802,802,smell,287.79,288.13,0.34,0,287.86,-0.07
803,803,before,288.13,288.28,0.15,0,287.86,0.27
804,804,you,288.28,288.75,0.47,0,287.86,0.42
805,805,look,288.75,289.09,0.34,0,287.86,0.89
806,806,A,289.2,289.26,0.06,0.11,287.86,1.34
807,807,predator,289.26,289.8,0.54,0,289.96,-0.7
808,808,s,289.8,289.93,0.13,0,289.96,-0.16
809,809,presence,289.93,290.47,0.54,0,289.96,-0.03
810,810,reaches,290.47,290.98,0.51,0,289.96,0.51
811,811,your,290.98,291.28,0.3,0,289.96,1.02
812,812,nose,291.28,291.83,0.55,0,289.96,1.32
813,813,before,291.83,292.02,0.19,0,289.96,1.87
814,814,your,292.02,292.25,0.23,0,289.96,2.06
815,815,mind,292.25,292.48,0.23,0,289.96,2.29
816,816,names,292.48,292.92,0.44,0,293.64,-1.16
817,817,it,292.92,293,0.08,0,293.64,-0.72
818,818,Something,293.9,294.14,0.24,0.9,293.64,0.26
819,819,thick,294.14,294.58,0.44,0,295.22,-1.08
820,820,mus,294.75,295.04,0.29,0.17,295.22,-0.47
821,821,ky,295.04,295.18,0.14,0,295.22,-0.18
822,822,wrong,295.35,295.79,0.44,0.17,296.24,-0.89
823,823,in,295.79,295.96,0.17,0,296.24,-0.45
824,824,a,295.96,296.04,0.08,0,296.24,-0.28
825,825,way,296.04,296.63,0.59,0,296.24,-0.2
826,826,that,296.63,296.65,0.02,0,296.24,0.39
827,827,is,296.65,296.82,0.17,0,296.24,0.41
828,828,hard,296.82,297.17,0.35,0,296.24,0.58
829,829,to,297.17,297.33,0.16,0,296.24,0.93
830,830,describe,297.33,298.4,1.07,0,299.08,-1.75
831,831,You,298.44,298.79,0.35,0.04,299.08,-0.64
832,832,catch,298.79,299.48,0.69,0,299.08,-0.29
833,833,it,299.48,299.52,0.04,0,299.08,0.4
834,834,on,299.52,299.68,0.16,0,299.08,0.44
835,835,your,299.68,299.87,0.19,0,299.08,0.6
836,836,third,299.87,300.16,0.29,0,299.08,0.79
837,837,run,300.16,300.42,0.26,0,299.08,1.08
838,838,and,300.42,300.65,0.23,0,300.96,-0.54
839,839,stop,300.65,301.56,0.91,0,300.96,-0.31
840,840,walking,301.56,301.69,0.13,0,300.96,0.6
841,841,Kor,301.91,302.17,0.26,0.22,302.54,-0.63
842,842,ik,302.17,302.34,0.17,0,302.54,-0.37
843,843,stops,302.34,302.78,0.44,0,302.54,-0.2
844,844,half,302.78,303.2,0.42,0,302.54,0.24
845,845,a,303.2,303.21,0.01,0,302.54,0.66
846,846,step,303.21,303.56,0.35,0,302.54,0.67
847,847,after,303.56,304.26,0.7,0,302.54,1.02
848,848,you,304.26,304.31,0.05,0,305.14,-0.88
849,849,He,304.52,304.73,0.21,0.21,305.14,-0.62
850,850,has,304.73,304.95,0.22,0,305.14,-0.41
851,851,it,304.95,305.12,0.17,0,305.14,-0.19
852,852,too,305.12,305.37,0.25,0,305.14,-0.02
853,853,The,306.12,306.35,0.23,0.75,307.02,-0.9
854,854,two,306.35,307.16,0.81,0,307.02,-0.67
855,855,of,307.16,307.36,0.2,0,307.02,0.14
856,856,you,307.36,307.55,0.19,0,307.02,0.34
857,857,stand,307.55,307.76,0.21,0,307.02,0.53
858,858,without,307.84,308.24,0.4,0.08,307.02,0.82
859,859,moving,308.24,308.64,0.4,0,307.02,1.22
860,860,for,308.64,308.85,0.21,0,307.02,1.62
861,861,a,308.85,309.16,0.31,0,307.02,1.83
862,862,long,309.16,309.19,0.03,0,307.02,2.14
863,863,count,309.19,309.53,0.34,0,309.72,-0.53
864,864,long,309.53,309.8,0.27,0,309.72,-0.19
865,865,enough,309.8,310.21,0.41,0,309.72,0.08
866,866,for,310.21,310.41,0.2,0,309.72,0.49
867,867,your,310.41,310.68,0.27,0,309.72,0.69
868,868,own,310.68,310.88,0.2,0,309.72,0.96
869,869,breathing,310.88,311.5,0.62,0,309.72,1.16
870,870,to,311.5,311.9,0.4,0,309.72,1.78
871,871,feel,311.9,311.91,0.01,0,309.72,2.18
872,872,very,311.91,312.17,0.26,0,309.72,2.19
873,873,loud,312.17,312.56,0.39,0,309.72,2.45
874,874,out,313.68,313.76,0.08,1.12,313.8,-0.12
875,875,the,313.76,313.77,0.01,0,313.8,-0.04
876,876,way,313.77,314.05,0.28,0,313.8,-0.03
877,877,water,314.05,314.2,0.15,0,313.8,0.25
878,878,runs,314.2,315.07,0.87,0,313.8,0.4
879,879,in,315.07,315.1,0.03,0,313.8,1.27
880,880,reverse,315.1,315.76,0.66,0,313.8,1.3
881,881,Slow,315.85,316.84,0.99,0.09,317.22,-1.37
882,882,Continuous,317.83,318.64,0.81,0.99,318.4,-0.57
883,883,Nothing,318.97,319.64,0.67,0.33,319.78,-0.81
884,884,sudden,319.64,320.21,0.57,0,319.78,-0.14
885,885,enough,320.21,320.72,0.51,0,319.78,0.43
886,886,to,320.72,320.88,0.16,0,319.78,0.94
887,887,announce,320.88,321.28,0.4,0,319.78,1.1
888,888,you,321.28,321.43,0.15,0,319.78,1.5
889,889,never,322.4,322.47,0.07,0.97,322.54,-0.14
890,890,see,322.47,322.48,0.01,0,322.54,-0.07
891,891,the,322.48,322.75,0.27,0,322.54,-0.06
892,892,cave,322.75,323.12,0.37,0,322.54,0.21
893,893,lion,323.12,323.8,0.68,0,322.54,0.58
894,894,that,323.8,323.86,0.06,0,322.54,1.26
895,895,night,323.86,324.35,0.49,0,322.54,1.32
896,896,But,324.64,324.94,0.3,0.29,325.82,-1.18
897,897,you,324.94,325.2,0.26,0,325.82,-0.88
898,898,find,325.2,325.7,0.5,0,325.82,-0.62
899,899,its,325.7,325.86,0.16,0,325.82,-0.12
900,900,tracks,325.86,326.55,0.69,0,325.82,0.04
901,901,in,326.55,326.62,0.07,0,325.82,0.73
902,902,the,326.62,326.97,0.35,0,325.82,0.8
903,903,frost,326.97,327.44,0.47,0,325.82,1.15
904,904,the,327.44,327.6,0.16,0,325.82,1.62
905,905,next,327.6,328.36,0.76,0,328.84,-1.24
906,906,morning,328.36,328.72,0.36,0,328.84,-0.48
907,907,Two,328.72,328.9,0.18,0,328.84,-0.12
908,908,spear,328.9,329.2,0.3,0,328.84,0.06
909,909,lengths,329.2,329.35,0.15,0,328.84,0.36
910,910,from,329.35,330.12,0.77,0,328.84,0.51
911,911,where,330.12,330.16,0.04,0,328.84,1.28
912,912,you,330.16,330.35,0.19,0,328.84,1.32
913,913,stood,330.35,330.67,0.32,0,331.08,-0.73
914,914,The,330.82,331,0.18,0.15,331.08,-0.26
915,915,print,331,331.3,0.3,0,331.08,-0.08
916,916,is,331.3,331.42,0.12,0,331.08,0.22
917,917,wider,331.42,331.76,0.34,0,331.08,0.34
918,918,than,331.76,332.02,0.26,0,331.08,0.68
919,919,both,332.02,332.2,0.18,0,331.08,0.94
920,920,your,332.2,332.59,0.39,0,331.08,1.12
921,921,hands,332.59,332.87,0.28,0,331.08,1.51
922,922,laid,332.87,333.12,0.25,0,331.08,1.79
923,923,side,333.12,333.29,0.17,0,331.08,2.04
924,924,by,333.29,333.4,0.11,0,331.08,2.21
925,925,side,333.4,333.64,0.24,0,331.08,2.32
926,926,You,334.48,334.59,0.11,0.84,334.56,-0.08
927,927,look,334.59,334.85,0.26,0,334.56,0.03
928,928,at,334.85,334.98,0.13,0,334.56,0.29
929,929,it,334.98,335.1,0.12,0,334.56,0.42
930,930,for,335.1,335.28,0.18,0,334.56,0.54
931,931,a,335.28,335.36,0.08,0,334.56,0.72
932,932,long,335.36,335.8,0.44,0,336.62,-1.26
933,933,time,335.8,335.92,0.12,0,336.62,-0.82
934,934,You,336.07,336.26,0.19,0.15,336.62,-0.55
935,935,bring,336.26,336.58,0.32,0,336.62,-0.36
936,936,the,336.58,336.77,0.19,0,336.62,-0.04
937,937,information,336.77,337.48,0.71,0,336.62,0.15
938,938,back,337.48,337.74,0.26,0,336.62,0.86
939,939,That,338,338.55,0.55,0.26,338.76,-0.76
940,940,is,338.55,338.79,0.24,0,338.76,-0.21
941,941,the,338.79,339.18,0.39,0,338.76,0.03
942,942,job,339.18,339.59,0.41,0,340.86,-1.68
943,943,engage,340.8,340.83,0.03,1.21,340.86,-0.06
944,944,not,340.88,341.11,0.23,0.05,340.86,0.02
945,945,to,341.11,341.29,0.18,0,340.86,0.25
946,946,prove,341.29,342.22,0.93,0,342.04,-0.75
947,947,anything,342.22,342.55,0.33,0,342.04,0.18
948,948,See,342.88,343.38,0.5,0.33,344.34,-1.46
949,949,register,343.73,345.09,1.36,0.35,345.1,-1.37
950,950,return,345.43,346.76,1.33,0.34,346.86,-1.43
951,951,a,346.8,346.87,0.07,0.04,346.86,-0.06
952,952,scout,346.87,347.22,0.35,0,346.86,0.01
953,953,who,347.22,347.44,0.22,0,346.86,0.36
954,954,sees,347.44,347.84,0.4,0,346.86,0.58
955,955,two,347.84,348,0.16,0,346.86,0.98
956,956,little,348,348.32,0.32,0,346.86,1.14
957,957,end,348.32,348.56,0.24,0,346.86,1.46
958,958,angers,348.56,349.04,0.48,0,346.86,1.7
959,959,the,349.04,349.19,0.15,0,346.86,2.18
960,960,band,349.19,349.73,0.54,0,350.04,-0.85
961,961,A,349.84,349.95,0.11,0.11,350.04,-0.2
962,962,scout,349.95,350.32,0.37,0,350.04,-0.09
963,963,who,350.32,350.56,0.24,0,350.04,0.28
964,964,imag,350.56,350.88,0.32,0,350.04,0.52
965,965,ines,350.88,351.2,0.32,0,350.04,0.84
966,966,too,351.2,351.44,0.24,0,350.04,1.16
967,967,much,351.44,351.76,0.32,0,350.04,1.4
968,968,does,351.76,352.05,0.29,0,350.04,1.72
969,969,the,352.05,352.47,0.42,0,352.4,-0.35
970,970,same,352.47,352.64,0.17,0,352.4,0.07
971,971,What,352.96,353.45,0.49,0.32,353.96,-1
972,972,the,353.45,354.19,0.74,0,353.96,-0.51
973,973,job,354.19,354.28,0.09,0,353.96,0.23
974,974,requires,354.28,355.32,1.04,0,353.96,0.32
975,975,is,355.32,355.36,0.04,0,353.96,1.36
976,976,exact,355.36,355.75,0.39,0,353.96,1.4
977,977,truth,355.75,356.08,0.33,0,353.96,1.79
978,978,delivered,356.08,356.78,0.7,0,353.96,2.12
979,979,without,356.78,357.5,0.72,0,358.44,-1.66
980,980,drama,357.5,357.76,0.26,0,358.44,-0.94
981,981,You,358.03,358.25,0.22,0.27,358.44,-0.41
982,982,are,358.25,358.48,0.23,0,358.44,-0.19
983,983,not,358.48,358.72,0.24,0,358.44,0.04
984,984,yet,358.72,358.96,0.24,0,358.44,0.28
985,985,calm,358.96,359.38,0.42,0,358.44,0.52
986,986,about,359.38,359.65,0.27,0,358.44,0.94
987,987,it,359.65,359.81,0.16,0,358.44,1.21
988,988,Your,360.23,360.4,0.17,0.42,360.48,-0.25
989,989,voice,360.4,360.8,0.4,0,360.48,-0.08
990,990,holds,360.8,361.2,0.4,0,360.48,0.32
991,991,when,361.2,361.76,0.56,0,360.48,0.72
992,992,you,361.76,362.04,0.28,0,362.48,-0.72
993,993,report,362.04,362.32,0.28,0,362.48,-0.44
994,994,but,362.4,362.53,0.13,0.08,362.48,-0.08
995,995,your,362.53,362.81,0.28,0,362.48,0.05
996,996,hands,362.81,362.95,0.14,0,362.48,0.33
997,997,do,362.95,363.3,0.35,0,362.48,0.47
998,998,not,363.3,363.72,0.42,0,364.58,-1.28
999,999,Direct,363.74,364.14,0.4,0.02,364.58,-0.84
,,,,,,,,
,,,,,,,,
,,,,,,,,
"[Log] [inspector] smear — pause-following tokens: 3954, median=0.380s, p95=2.660s, negative=1359 (34.4%) (App.tsx, line 2523)",,,,,,,,
"[Log] [inspector] malformed-token drop breakdown: – {non-finite: 0, negative-start: 0, inverted-or-zero-duration: 114, …} (App.tsx, line 2524)",,,,,,,,
"{non-finite: 0, negative-start: 0, inverted-or-zero-duration: 114, past-audio-end: 0, empty-text: 448}Object",,,,,,,,
"[Log] [inspector] CSV (copy below): (App.tsx, line 2525)",,,,,,,,
"[Log] index,text,startSec,endSec,durationSec,gapToPrevTokenSec,nearestPrecedingSilenceEndSec,smearSec (App.tsx, line 2526)",,,,,,,,
"0,Level,0.080,0.520,0.440,,,",,,,,,,,
"1,1,0.520,1.360,0.840,0.000,1.420,-0.900",,,,,,,,
"2,The,1.410,1.530,0.120,0.050,1.420,-0.010",,,,,,,,
"3,child,1.530,1.820,0.290,0.000,1.420,0.110",,,,,,,,
"4,who,1.820,1.990,0.170,0.000,1.420,0.400",,,,,,,,
"5,does,1.990,2.220,0.230,0.000,1.420,0.570",,,,,,,,
"6,not,2.220,2.390,0.170,0.000,1.420,0.800",,,,,,,,
"7,yet,2.390,2.560,0.170,0.000,1.420,0.970",,,,,,,,
"8,know,2.560,2.790,0.230,0.000,1.420,1.140",,,,,,,,
"9,what,2.790,3.040,0.250,0.000,1.420,1.370",,,,,,,,
"10,dark,3.040,3.300,0.260,0.000,1.420,1.620",,,,,,,,
"11,means,3.300,4.110,0.810,0.000,4.160,-0.860",,,,,,,,
"12,you,4.150,4.270,0.120,0.040,4.160,-0.010",,,,,,,,
"13,are,4.270,4.430,0.160,0.000,4.160,0.110",,,,,,,,
"14,seven,4.430,4.720,0.290,0.000,4.160,0.270",,,,,,,,
"15,years,4.720,5.190,0.470,0.000,4.160,0.560",,,,,,,,
"16,old,5.190,5.520,0.330,0.000,5.960,-0.770",,,,,,,,
"17,You,5.760,5.970,0.210,0.240,5.960,-0.200",,,,,,,,
"18,live,5.970,6.250,0.280,0.000,5.960,0.010",,,,,,,,
"19,inside,6.250,6.640,0.390,0.000,5.960,0.290",,,,,,,,
"20,a,6.640,6.740,0.100,0.000,5.960,0.680",,,,,,,,
"21,skin,6.740,7.180,0.440,0.000,5.960,0.780",,,,,,,,
"22,covered,7.180,7.510,0.330,0.000,5.960,1.220",,,,,,,,
"23,shelter,7.510,8.000,0.490,0.000,5.960,1.550",,,,,,,,
"24,at,8.000,8.140,0.140,0.000,5.960,2.040",,,,,,,,
"25,the,8.140,8.340,0.200,0.000,5.960,2.180",,,,,,,,
"26,edge,8.340,8.630,0.290,0.000,5.960,2.380",,,,,,,,
"27,of,8.630,8.800,0.170,0.000,5.960,2.670",,,,,,,,
"28,a,8.800,8.840,0.040,0.000,5.960,2.840",,,,,,,,
"29,shallow,8.840,9.330,0.490,0.000,5.960,2.880",,,,,,,,
"30,valley,9.330,9.910,0.580,0.000,10.240,-0.910",,,,,,,,
"31,The,10.000,10.330,0.330,0.090,10.240,-0.240",,,,,,,,
"32,fire,10.330,10.640,0.310,0.000,10.240,0.090",,,,,,,,
"33,your,10.640,10.800,0.160,0.000,10.240,0.400",,,,,,,,
"34,mother,10.800,11.120,0.320,0.000,10.240,0.560",,,,,,,,
"35,tends,11.120,11.480,0.360,0.000,10.240,0.880",,,,,,,,
"36,smells,11.480,11.640,0.160,0.000,10.240,1.240",,,,,,,,
"37,like,11.640,12.490,0.850,0.000,10.240,1.400",,,,,,,,
"38,pine,12.490,12.540,0.050,0.000,10.240,2.250",,,,,,,,
"39,resin,12.540,12.850,0.310,0.000,10.240,2.300",,,,,,,,
"40,and,12.850,13.070,0.220,0.000,10.240,2.610",,,,,,,,
"41,scor,13.070,13.360,0.290,0.000,10.240,2.830",,,,,,,,
"42,ched,13.360,13.660,0.300,0.000,10.240,3.120",,,,,,,,
"43,bone,13.660,13.940,0.280,0.000,14.780,-1.120",,,,,,,,
"44,Your,14.160,14.440,0.280,0.220,14.780,-0.620",,,,,,,,
"45,grandmother,14.440,15.270,0.830,0.000,14.780,-0.340",,,,,,,,
"46,is,15.270,15.380,0.110,0.000,14.780,0.490",,,,,,,,
"47,asleep,15.380,15.800,0.420,0.000,14.780,0.600",,,,,,,,
"48,against,15.800,16.390,0.590,0.000,14.780,1.020",,,,,,,,
"49,the,16.390,16.810,0.420,0.000,14.780,1.610",,,,,,,,
"50,far,16.810,17.010,0.200,0.000,14.780,2.030",,,,,,,,
"51,wall,17.010,17.080,0.070,0.000,14.780,2.230",,,,,,,,
"52,is,17.760,17.840,0.080,0.680,17.880,-0.120",,,,,,,,
"53,in,17.840,18.020,0.180,0.000,17.880,-0.040",,,,,,,,
"54,the,18.020,18.250,0.230,0.000,17.880,0.140",,,,,,,,
"55,night,18.250,18.390,0.140,0.000,17.880,0.370",,,,,,,,
"56,You,19.160,19.290,0.130,0.770,19.800,-0.640",,,,,,,,
"57,are,19.290,19.550,0.260,0.000,19.800,-0.510",,,,,,,,
"58,wide,19.550,19.930,0.380,0.000,19.800,-0.250",,,,,,,,
"59,awake,19.930,20.360,0.430,0.000,19.800,0.130",,,,,,,,
"60,You,20.640,20.930,0.290,0.280,21.880,-1.240",,,,,,,,
"61,can,20.930,21.220,0.290,0.000,21.880,-0.950",,,,,,,,
"62,hear,21.220,21.910,0.690,0.000,21.880,-0.660",,,,,,,,
"63,something,21.910,22.500,0.590,0.000,21.880,0.030",,,,,,,,
"64,outside,22.500,23.450,0.950,0.000,23.800,-1.300",,,,,,,,
"65,You,23.720,23.750,0.030,0.270,23.800,-0.080",,,,,,,,
"66,do,23.750,23.920,0.170,0.000,23.800,-0.050",,,,,,,,
"67,not,23.920,24.080,0.160,0.000,23.800,0.120",,,,,,,,
"68,know,24.080,24.240,0.160,0.000,23.800,0.280",,,,,,,,
"69,what,24.320,24.600,0.280,0.080,23.800,0.520",,,,,,,,
"70,it,24.600,24.770,0.170,0.000,23.800,0.800",,,,,,,,
"71,is,24.770,24.960,0.190,0.000,25.500,-0.730",,,,,,,,
"72,You,25.190,25.660,0.470,0.230,25.500,-0.310",,,,,,,,
"73,only,25.660,25.870,0.210,0.000,25.500,0.160",,,,,,,,
"74,know,25.870,26.220,0.350,0.000,25.500,0.370",,,,,,,,
"75,the,26.220,26.490,0.270,0.000,25.500,0.720",,,,,,,,
"76,sound,26.490,26.950,0.460,0.000,25.500,0.990",,,,,,,,
"77,is,26.950,27.130,0.180,0.000,25.500,1.450",,,,,,,,
"78,large,27.130,27.590,0.460,0.000,27.740,-0.610",,,,,,,,
"79,it,27.770,27.990,0.220,0.180,27.740,0.030",,,,,,,,
"80,is,27.990,28.390,0.400,0.000,27.740,0.250",,,,,,,,
"81,close,28.390,28.590,0.200,0.000,29.200,-0.810",,,,,,,,
"82,and,28.810,29.040,0.230,0.220,29.200,-0.390",,,,,,,,
"83,the,29.040,29.310,0.270,0.000,29.200,-0.160",,,,,,,,
"84,fire,29.310,29.850,0.540,0.000,29.200,0.110",,,,,,,,
"85,is,29.850,30.200,0.350,0.000,29.200,0.650",,,,,,,,
"86,the,30.200,30.240,0.040,0.000,29.200,1.000",,,,,,,,
"87,only,30.240,30.490,0.250,0.000,29.200,1.040",,,,,,,,
"88,reason,30.490,30.880,0.390,0.000,29.200,1.290",,,,,,,,
"89,you,30.880,30.960,0.080,0.000,29.200,1.680",,,,,,,,
"90,are,30.960,31.120,0.160,0.000,29.200,1.760",,,,,,,,
"91,not,31.120,31.400,0.280,0.000,29.200,1.920",,,,,,,,
"92,screaming,31.400,32.520,1.120,0.000,32.740,-1.340",,,,,,,,
"93,The,32.540,32.800,0.260,0.020,32.740,-0.200",,,,,,,,
"94,sound,32.800,33.290,0.490,0.000,32.740,0.060",,,,,,,,
"95,stops,33.290,33.720,0.430,0.000,32.740,0.550",,,,,,,,
"96,The,34.000,34.280,0.280,0.280,34.820,-0.820",,,,,,,,
"97,night,34.280,34.690,0.410,0.000,34.820,-0.540",,,,,,,,
"98,goes,34.690,35.270,0.580,0.000,34.820,-0.130",,,,,,,,
"99,quiet,35.270,35.690,0.420,0.000,34.820,0.450",,,,,,,,
"100,Your,35.850,36.220,0.370,0.160,36.760,-0.910",,,,,,,,
"101,chest,36.220,36.670,0.450,0.000,36.760,-0.540",,,,,,,,
"102,is,36.670,37.080,0.410,0.000,36.760,-0.090",,,,,,,,
"103,tight,37.080,37.320,0.240,0.000,36.760,0.320",,,,,,,,
"104,in,37.320,37.500,0.180,0.000,36.760,0.560",,,,,,,,
"105,a,37.500,37.650,0.150,0.000,36.760,0.740",,,,,,,,
"106,way,37.650,37.870,0.220,0.000,36.760,0.890",,,,,,,,
"107,you,37.870,38.240,0.370,0.000,36.760,1.110",,,,,,,,
"108,have,38.240,38.390,0.150,0.000,36.760,1.480",,,,,,,,
"109,no,38.390,38.640,0.250,0.000,36.760,1.630",,,,,,,,
"110,word,38.640,38.960,0.320,0.000,36.760,1.880",,,,,,,,
"111,for,38.960,39.190,0.230,0.000,36.760,2.200",,,,,,,,
"112,Your,39.270,40.050,0.780,0.080,40.340,-1.070",,,,,,,,
"113,mother,40.050,40.220,0.170,0.000,40.340,-0.290",,,,,,,,
"114,does,40.220,40.590,0.370,0.000,40.340,-0.120",,,,,,,,
"115,not,40.590,40.810,0.220,0.000,40.340,0.250",,,,,,,,
"116,look,40.810,41.100,0.290,0.000,40.340,0.470",,,,,,,,
"117,up,41.100,41.260,0.160,0.000,40.340,0.760",,,,,,,,
"118,She,41.490,41.730,0.240,0.230,42.340,-0.850",,,,,,,,
"119,feeds,41.730,42.120,0.390,0.000,42.340,-0.610",,,,,,,,
"120,the,42.120,42.380,0.260,0.000,42.340,-0.220",,,,,,,,
"121,fire,42.380,42.790,0.410,0.000,42.340,0.040",,,,,,,,
"122,another,42.790,43.230,0.440,0.000,42.340,0.450",,,,,,,,
"123,stick,43.230,43.610,0.380,0.000,42.340,0.890",,,,,,,,
"124,without,43.610,44.600,0.990,0.000,42.340,1.270",,,,,,,,
"125,turning,44.600,44.800,0.200,0.000,42.340,2.260",,,,,,,,
"126,her,44.800,44.940,0.140,0.000,42.340,2.460",,,,,,,,
"127,head,44.940,45.170,0.230,0.000,42.340,2.600",,,,,,,,
"128,ness,46.240,46.320,0.080,1.070,46.460,-0.220",,,,,,,,
"129,tells,46.320,46.630,0.310,0.000,46.460,-0.140",,,,,,,,
"130,you,46.630,46.830,0.200,0.000,46.460,0.170",,,,,,,,
"131,something,46.830,47.660,0.830,0.000,46.460,0.370",,,,,,,,
"132,She,47.850,48.090,0.240,0.190,48.700,-0.850",,,,,,,,
"133,has,48.090,48.340,0.250,0.000,48.700,-0.610",,,,,,,,
"134,been,48.340,48.670,0.330,0.000,48.700,-0.360",,,,,,,,
"135,listening,48.670,49.540,0.870,0.000,48.700,-0.030",,,,,,,,
"136,the,49.540,49.680,0.140,0.000,48.700,0.840",,,,,,,,
"137,whole,49.680,50.390,0.710,0.000,48.700,0.980",,,,,,,,
"138,time,50.390,50.430,0.040,0.000,48.700,1.690",,,,,,,,
"139,You,50.810,51.510,0.700,0.380,51.520,-0.710",,,,,,,,
"140,watch,51.510,51.760,0.250,0.000,51.520,-0.010",,,,,,,,
"141,her,51.760,52.200,0.440,0.000,51.520,0.240",,,,,,,,
"142,face,52.200,52.320,0.120,0.000,51.520,0.680",,,,,,,,
"143,and,52.960,53.060,0.100,0.640,53.020,-0.060",,,,,,,,
"144,you,53.060,53.240,0.180,0.000,53.020,0.040",,,,,,,,
"145,learn,53.240,53.390,0.150,0.000,53.020,0.220",,,,,,,,
"146,your,53.390,53.550,0.160,0.000,53.020,0.370",,,,,,,,
"147,first,53.550,54.280,0.730,0.000,53.020,0.530",,,,,,,,
"148,lesson,54.280,54.430,0.150,0.000,53.020,1.260",,,,,,,,
"149,without,54.430,54.830,0.400,0.000,53.020,1.410",,,,,,,,
"150,a,54.830,54.880,0.050,0.000,53.020,1.810",,,,,,,,
"151,word,54.880,55.120,0.240,0.000,53.020,1.860",,,,,,,,
"152,being,55.120,55.420,0.300,0.000,53.020,2.100",,,,,,,,
"153,spoken,55.420,55.760,0.340,0.000,53.020,2.400",,,,,,,,
"154,The,56.000,56.380,0.380,0.240,57.100,-1.100",,,,,,,,
"155,darkness,56.380,57.450,1.070,0.000,57.100,-0.720",,,,,,,,
"156,past,57.450,57.920,0.470,0.000,57.100,0.350",,,,,,,,
"157,the,57.920,58.000,0.080,0.000,57.100,0.820",,,,,,,,
"158,fire,58.000,58.340,0.340,0.000,57.100,0.900",,,,,,,,
"159,light,58.340,58.760,0.420,0.000,57.100,1.240",,,,,,,,
"160,is,58.760,58.920,0.160,0.000,57.100,1.660",,,,,,,,
"161,not,58.920,59.420,0.500,0.000,60.140,-1.220",,,,,,,,
"162,empty,59.420,59.610,0.190,0.000,60.140,-0.720",,,,,,,,
"163,It,59.850,60.020,0.170,0.240,60.140,-0.290",,,,,,,,
"164,has,60.020,60.270,0.250,0.000,60.140,-0.120",,,,,,,,
"165,weight,60.270,60.780,0.510,0.000,60.140,0.130",,,,,,,,
"166,The,61.040,61.300,0.260,0.260,61.380,-0.340",,,,,,,,
"167,fire,61.300,61.610,0.310,0.000,61.380,-0.080",,,,,,,,
"168,is,61.610,61.730,0.120,0.000,61.380,0.230",,,,,,,,
"169,the,61.730,62.150,0.420,0.000,61.380,0.350",,,,,,,,
"170,line,62.150,62.380,0.230,0.000,61.380,0.770",,,,,,,,
"171,between,62.380,62.970,0.590,0.000,61.380,1.000",,,,,,,,
"172,you,62.970,63.270,0.300,0.000,63.440,-0.470",,,,,,,,
"173,and,63.270,63.690,0.420,0.000,63.440,-0.170",,,,,,,,
"174,whatever,63.690,63.960,0.270,0.000,63.440,0.250",,,,,,,,
"175,lives,63.960,64.160,0.200,0.000,63.440,0.520",,,,,,,,
"176,on,64.160,64.240,0.080,0.000,63.440,0.720",,,,,,,,
"177,the,64.240,64.320,0.080,0.000,63.440,0.800",,,,,,,,
"178,other,64.320,64.740,0.420,0.000,63.440,0.880",,,,,,,,
"179,side,64.740,65.080,0.340,0.000,63.440,1.300",,,,,,,,
"180,of,65.080,65.240,0.160,0.000,66.440,-1.360",,,,,,,,
"181,it,65.240,65.670,0.430,0.000,66.440,-1.200",,,,,,,,
"182,You,65.740,65.950,0.210,0.070,66.440,-0.700",,,,,,,,
"183,fall,65.950,66.270,0.320,0.000,66.440,-0.490",,,,,,,,
"184,asleep,66.270,66.770,0.500,0.000,66.440,-0.170",,,,,,,,
"185,against,66.770,67.360,0.590,0.000,66.440,0.330",,,,,,,,
"186,her,67.360,67.620,0.260,0.000,66.440,0.920",,,,,,,,
"187,side,67.620,67.940,0.320,0.000,66.440,1.180",,,,,,,,
"188,one,68.050,68.470,0.420,0.110,68.580,-0.530",,,,,,,,
"189,hand,68.470,68.700,0.230,0.000,68.580,-0.110",,,,,,,,
"190,on,68.700,68.890,0.190,0.000,68.580,0.120",,,,,,,,
"191,the,68.890,69.120,0.230,0.000,68.580,0.310",,,,,,,,
"192,warm,69.120,69.460,0.340,0.000,68.580,0.540",,,,,,,,
"193,stones,69.460,70.280,0.820,0.000,68.580,0.880",,,,,,,,
"194,ringing,70.280,70.560,0.280,0.000,68.580,1.700",,,,,,,,
"195,the,70.560,70.880,0.320,0.000,68.580,1.980",,,,,,,,
"196,hear,70.880,71.020,0.140,0.000,68.580,2.300",,,,,,,,
"197,th,71.020,71.090,0.070,0.000,68.580,2.440",,,,,,,,
"198,dream,72.320,72.400,0.080,1.230,72.500,-0.180",,,,,,,,
"199,about,72.400,72.420,0.020,0.000,72.500,-0.100",,,,,,,,
"200,the,72.420,72.690,0.270,0.000,72.500,-0.080",,,,,,,,
"201,sound,72.690,72.840,0.150,0.000,72.500,0.190",,,,,,,,
"202,morning,73.740,74.010,0.270,0.900,74.120,-0.380",,,,,,,,
"203,comes,74.010,74.490,0.480,0.000,74.120,-0.110",,,,,,,,
"204,bright,74.490,75.040,0.550,0.000,74.120,0.370",,,,,,,,
"205,and,75.040,75.360,0.320,0.000,74.120,0.920",,,,,,,,
"206,cold,75.360,75.760,0.400,0.000,75.960,-0.600",,,,,,,,
"207,and,75.860,76.090,0.230,0.100,75.960,-0.100",,,,,,,,
"208,you,76.090,76.160,0.070,0.000,75.960,0.130",,,,,,,,
"209,run,76.160,76.450,0.290,0.000,75.960,0.200",,,,,,,,
"210,out,76.450,76.470,0.020,0.000,75.960,0.490",,,,,,,,
"211,into,76.470,76.640,0.170,0.000,75.960,0.510",,,,,,,,
"212,the,76.640,76.720,0.080,0.000,75.960,0.680",,,,,,,,
"213,frost,76.720,77.120,0.400,0.000,75.960,0.760",,,,,,,,
"214,like,77.120,77.280,0.160,0.000,75.960,1.160",,,,,,,,
"215,nothing,77.360,77.780,0.420,0.080,75.960,1.400",,,,,,,,
"216,happened,77.780,78.690,0.910,0.000,79.020,-1.240",,,,,,,,
"217,But,78.830,79.060,0.230,0.140,79.020,-0.190",,,,,,,,
"218,something,79.060,79.830,0.770,0.000,79.020,0.040",,,,,,,,
"219,stayed,79.830,80.340,0.510,0.000,81.260,-1.430",,,,,,,,
"220,in,80.340,80.580,0.240,0.000,81.260,-0.920",,,,,,,,
"221,you,80.580,80.760,0.180,0.000,81.260,-0.680",,,,,,,,
"222,Small,81.430,81.440,0.010,0.670,81.260,0.170",,,,,,,,
"223,and,81.440,81.690,0.250,0.000,81.260,0.180",,,,,,,,
"224,permanent,81.690,82.450,0.760,0.000,82.240,-0.550",,,,,,,,
"225,A,82.800,83.240,0.440,0.350,84.160,-1.360",,,,,,,,
"226,new,83.240,83.320,0.080,0.000,84.160,-0.920",,,,,,,,
"227,understanding,83.320,85.050,1.730,0.000,84.160,-0.840",,,,,,,,
"228,of,85.050,85.120,0.070,0.000,84.160,0.890",,,,,,,,
"229,what,85.120,85.280,0.160,0.000,84.160,0.960",,,,,,,,
"230,the,85.280,85.490,0.210,0.000,84.160,1.120",,,,,,,,
"231,night,85.490,85.850,0.360,0.000,84.160,1.330",,,,,,,,
"232,actually,85.850,86.460,0.610,0.000,84.160,1.690",,,,,,,,
"233,is,86.460,86.690,0.230,0.000,87.820,-1.360",,,,,,,,
"234,You,86.830,87.020,0.190,0.140,87.820,-0.990",,,,,,,,
"235,start,87.020,87.380,0.360,0.000,87.820,-0.800",,,,,,,,
"236,watching,87.380,87.960,0.580,0.000,87.820,-0.440",,,,,,,,
"237,the,87.960,88.180,0.220,0.000,87.820,0.140",,,,,,,,
"238,older,88.180,88.580,0.400,0.000,87.820,0.360",,,,,,,,
"239,hunters,88.580,89.430,0.850,0.000,87.820,0.760",,,,,,,,
"240,differently,89.430,89.850,0.420,0.000,90.520,-1.090",,,,,,,,
"241,You,90.070,90.260,0.190,0.220,90.520,-0.450",,,,,,,,
"242,notice,90.260,90.800,0.540,0.000,90.520,-0.260",,,,,,,,
"243,where,90.800,90.970,0.170,0.000,90.520,0.280",,,,,,,,
"244,their,90.970,91.120,0.150,0.000,90.520,0.450",,,,,,,,
"245,eyes,91.120,91.390,0.270,0.000,90.520,0.600",,,,,,,,
"246,go,91.390,91.530,0.140,0.000,90.520,0.870",,,,,,,,
"247,when,91.530,91.810,0.280,0.000,90.520,1.010",,,,,,,,
"248,the,91.810,91.840,0.030,0.000,90.520,1.290",,,,,,,,
"249,sun,91.840,92.520,0.680,0.000,90.520,1.320",,,,,,,,
"250,drops,92.520,92.540,0.020,0.000,90.520,2.000",,,,,,,,
"251,You,92.750,92.940,0.190,0.210,93.600,-0.850",,,,,,,,
"252,notice,92.940,93.350,0.410,0.000,93.600,-0.660",,,,,,,,
"253,how,93.350,93.550,0.200,0.000,93.600,-0.250",,,,,,,,
"254,they,93.550,93.820,0.270,0.000,93.600,-0.050",,,,,,,,
"255,arranged,93.820,94.420,0.600,0.000,93.600,0.220",,,,,,,,
"256,themselves,94.420,95.270,0.850,0.000,93.600,0.820",,,,,,,,
"257,around,95.270,95.470,0.200,0.000,93.600,1.670",,,,,,,,
"258,the,95.470,95.690,0.220,0.000,93.600,1.870",,,,,,,,
"259,fire,95.690,96.080,0.390,0.000,93.600,2.090",,,,,,,,
"260,before,96.080,96.640,0.560,0.000,93.600,2.480",,,,,,,,
"261,full,96.640,96.960,0.320,0.000,93.600,3.040",,,,,,,,
"262,dark,96.960,97.330,0.370,0.000,93.600,3.360",,,,,,,,
"263,Nobody,97.470,98.370,0.900,0.140,98.300,-0.830",,,,,,,,
"264,told,98.370,98.520,0.150,0.000,98.300,0.070",,,,,,,,
"265,them,98.520,98.910,0.390,0.000,98.300,0.220",,,,,,,,
"266,to,98.910,99.070,0.160,0.000,98.300,0.610",,,,,,,,
"267,do,99.070,99.250,0.180,0.000,98.300,0.770",,,,,,,,
"268,it,99.250,99.430,0.180,0.000,98.300,0.950",,,,,,,,
"269,They,99.700,100.070,0.370,0.270,100.580,-0.880",,,,,,,,
"270,just,100.070,100.440,0.370,0.000,100.580,-0.510",,,,,,,,
"271,do,100.440,100.580,0.140,0.000,100.580,-0.140",,,,,,,,
"272,The,101.110,101.170,0.060,0.530,100.580,0.530",,,,,,,,
"273,band,101.170,101.540,0.370,0.000,102.100,-0.930",,,,,,,,
"274,has,101.540,101.820,0.280,0.000,102.100,-0.560",,,,,,,,
"275,a,101.820,101.910,0.090,0.000,102.100,-0.280",,,,,,,,
"276,shape,101.910,102.550,0.640,0.000,102.100,-0.190",,,,,,,,
"277,at,102.550,102.920,0.370,0.000,102.100,0.450",,,,,,,,
"278,night,102.920,103.010,0.090,0.000,102.100,0.820",,,,,,,,
"279,it,103.010,103.190,0.180,0.000,102.100,0.910",,,,,,,,
"280,does,103.190,103.680,0.490,0.000,102.100,1.090",,,,,,,,
"281,not,103.680,103.960,0.280,0.000,102.100,1.580",,,,,,,,
"282,have,103.960,104.240,0.280,0.000,102.100,1.860",,,,,,,,
"283,during,104.240,104.560,0.320,0.000,102.100,2.140",,,,,,,,
"284,the,104.640,104.810,0.170,0.080,102.100,2.540",,,,,,,,
"285,day,104.810,105.050,0.240,0.000,102.100,2.710",,,,,,,,
"286,Certain,105.630,105.980,0.350,0.580,106.040,-0.410",,,,,,,,
"287,men,105.980,106.140,0.160,0.000,106.040,-0.060",,,,,,,,
"288,always,106.140,106.640,0.500,0.000,106.040,0.100",,,,,,,,
"289,face,106.640,106.970,0.330,0.000,106.980,-0.340",,,,,,,,
"290,outward,106.970,107.600,0.630,0.000,106.980,-0.010",,,,,,,,
"291,Certain,107.860,108.380,0.520,0.260,108.920,-1.060",,,,,,,,
"292,men,108.380,108.710,0.330,0.000,108.920,-0.540",,,,,,,,
"293,sleep,108.710,109.130,0.420,0.000,108.920,-0.210",,,,,,,,
"294,closest,109.130,109.630,0.500,0.000,108.920,0.210",,,,,,,,
"295,to,109.630,109.780,0.150,0.000,108.920,0.710",,,,,,,,
"296,the,109.780,110.080,0.300,0.000,108.920,0.860",,,,,,,,
"297,fire,110.080,110.520,0.440,0.000,108.920,1.160",,,,,,,,
"298,'s,110.520,110.530,0.010,0.000,108.920,1.600",,,,,,,,
"299,edge,110.530,110.860,0.330,0.000,108.920,1.610",,,,,,,,
"300,The,111.200,112.480,1.280,0.340,112.440,-1.240",,,,,,,,
"301,arrangement,112.480,113.240,0.760,0.000,112.440,0.040",,,,,,,,
"302,is,113.240,113.370,0.130,0.000,112.440,0.800",,,,,,,,
"303,not,113.370,113.900,0.530,0.000,112.440,0.930",,,,,,,,
"304,accidental,113.900,114.260,0.360,0.000,115.040,-1.140",,,,,,,,
"305,It,114.460,114.590,0.130,0.200,115.040,-0.580",,,,,,,,
"306,is,114.590,114.720,0.130,0.000,115.040,-0.450",,,,,,,,
"307,as,114.720,114.850,0.130,0.000,115.040,-0.320",,,,,,,,
"308,deliberate,114.850,115.540,0.690,0.000,115.040,-0.190",,,,,,,,
"309,as,115.540,115.780,0.240,0.000,115.040,0.500",,,,,,,,
"310,any,115.780,115.870,0.090,0.000,115.040,0.740",,,,,,,,
"311,trap,115.870,116.100,0.230,0.000,115.040,0.830",,,,,,,,
"312,your,116.100,116.630,0.530,0.000,115.040,1.060",,,,,,,,
"313,father,116.630,116.820,0.190,0.000,115.040,1.590",,,,,,,,
"314,sets,116.820,117.090,0.270,0.000,115.040,1.780",,,,,,,,
"315,in,117.090,117.220,0.130,0.000,115.040,2.050",,,,,,,,
"316,the,117.220,117.420,0.200,0.000,115.040,2.180",,,,,,,,
"317,river,117.420,117.690,0.270,0.000,115.040,2.380",,,,,,,,
"318,shall,117.690,118.090,0.400,0.000,115.040,2.650",,,,,,,,
"319,ows,118.090,118.440,0.350,0.000,115.040,3.050",,,,,,,,
"320,old,119.520,119.600,0.080,1.080,119.680,-0.160",,,,,,,,
"321,enough,119.600,119.910,0.310,0.000,119.680,-0.080",,,,,,,,
"322,to,119.910,120.030,0.120,0.000,119.680,0.230",,,,,,,,
"323,hold,120.030,120.150,0.120,0.000,119.680,0.350",,,,,,,,
"324,a,120.150,120.920,0.770,0.000,119.680,0.470",,,,,,,,
"325,position,120.920,121.040,0.120,0.000,119.680,1.240",,,,,,,,
"326,in,121.040,121.150,0.110,0.000,119.680,1.360",,,,,,,,
"327,that,121.150,121.470,0.320,0.000,119.680,1.470",,,,,,,,
"328,shape,121.470,121.780,0.310,0.000,119.680,1.790",,,,,,,,
"329,But,122.080,122.410,0.330,0.300,123.200,-1.120",,,,,,,,
"330,you,122.410,122.820,0.410,0.000,123.200,-0.790",,,,,,,,
"331,are,122.820,123.070,0.250,0.000,123.200,-0.380",,,,,,,,
"332,old,123.070,123.670,0.600,0.000,123.200,-0.130",,,,,,,,
"333,enough,123.670,124.090,0.420,0.000,123.200,0.470",,,,,,,,
"334,to,124.090,124.240,0.150,0.000,123.200,0.890",,,,,,,,
"335,start,124.240,124.480,0.240,0.000,123.200,1.040",,,,,,,,
"336,learning,124.480,124.800,0.320,0.000,123.200,1.280",,,,,,,,
"337,what,124.800,125.170,0.370,0.000,123.200,1.600",,,,,,,,
"338,it,125.170,125.360,0.190,0.000,123.200,1.970",,,,,,,,
"339,means,125.360,125.870,0.510,0.000,125.900,-0.540",,,,,,,,
"340,Level,126.220,126.590,0.370,0.350,127.820,-1.600",,,,,,,,
"341,2,126.590,126.870,0.280,0.000,127.820,-1.230",,,,,,,,
"342,The,127.160,127.430,0.270,0.290,127.820,-0.660",,,,,,,,
"343,boy,127.430,127.710,0.280,0.000,127.820,-0.390",,,,,,,,
"344,who,127.710,128.030,0.320,0.000,127.820,-0.110",,,,,,,,
"345,carries,128.030,128.950,0.920,0.000,127.820,0.210",,,,,,,,
"346,fire,128.950,129.040,0.090,0.000,127.820,1.130",,,,,,,,
"347,you,129.230,129.510,0.280,0.190,127.820,1.410",,,,,,,,
"348,are,129.510,129.780,0.270,0.000,127.820,1.690",,,,,,,,
"349,11,129.780,130.350,0.570,0.000,127.820,1.960",,,,,,,,
"350,On,130.760,130.830,0.070,0.410,131.540,-0.780",,,,,,,,
"351,nights,130.830,131.390,0.560,0.000,131.540,-0.710",,,,,,,,
"352,when,131.390,131.800,0.410,0.000,131.540,-0.150",,,,,,,,
"353,the,131.800,132.060,0.260,0.000,131.540,0.260",,,,,,,,
"354,band,132.060,132.550,0.490,0.000,131.540,0.520",,,,,,,,
"355,moves,132.550,132.880,0.330,0.000,131.540,1.010",,,,,,,,
"356,between,132.880,133.280,0.400,0.000,131.540,1.340",,,,,,,,
"357,camps,133.360,133.710,0.350,0.080,131.540,1.820",,,,,,,,
"358,your,133.850,133.940,0.090,0.140,134.240,-0.390",,,,,,,,
"359,job,133.940,134.650,0.710,0.000,134.240,-0.300",,,,,,,,
"360,is,134.650,134.700,0.050,0.000,134.240,0.410",,,,,,,,
"361,to,134.700,134.830,0.130,0.000,134.240,0.460",,,,,,,,
"362,carry,134.830,135.250,0.420,0.000,134.240,0.590",,,,,,,,
"363,one,135.250,135.510,0.260,0.000,134.240,1.010",,,,,,,,
"364,of,135.510,135.680,0.170,0.000,134.240,1.270",,,,,,,,
"365,the,135.680,135.940,0.260,0.000,134.240,1.440",,,,,,,,
"366,torches,135.940,136.580,0.640,0.000,136.720,-0.780",,,,,,,,
"367,Birch,136.810,137.430,0.620,0.230,136.720,0.090",,,,,,,,
"368,bark,137.430,137.580,0.150,0.000,136.720,0.710",,,,,,,,
"369,and,137.580,137.850,0.270,0.000,136.720,0.860",,,,,,,,
"370,fat,137.850,138.100,0.250,0.000,136.720,1.130",,,,,,,,
"371,soaked,138.100,138.580,0.480,0.000,136.720,1.380",,,,,,,,
"372,moss,138.580,139.040,0.460,0.000,139.060,-0.480",,,,,,,,
"373,bound,139.240,139.330,0.090,0.200,139.060,0.180",,,,,,,,
"374,with,139.330,139.520,0.190,0.000,139.060,0.270",,,,,,,,
"375,sin,139.520,139.890,0.370,0.000,139.060,0.460",,,,,,,,
"376,ew,139.890,140.150,0.260,0.000,140.340,-0.450",,,,,,,,
"377,held,140.160,140.440,0.280,0.010,140.340,-0.180",,,,,,,,
"378,in,140.440,140.580,0.140,0.000,140.340,0.100",,,,,,,,
"379,both,140.580,140.860,0.280,0.000,140.340,0.240",,,,,,,,
"380,hands,140.860,141.200,0.340,0.000,140.340,0.520",,,,,,,,
"381,out,141.200,141.560,0.360,0.000,140.340,0.860",,,,,,,,
"382,in,141.560,141.580,0.020,0.000,140.340,1.220",,,,,,,,
"383,front,141.580,141.930,0.350,0.000,140.340,1.240",,,,,,,,
"384,of,141.930,142.110,0.180,0.000,140.340,1.590",,,,,,,,
"385,your,142.110,142.350,0.240,0.000,140.340,1.770",,,,,,,,
"386,body,142.350,142.630,0.280,0.000,143.260,-0.910",,,,,,,,
"387,The,142.840,143.050,0.210,0.210,143.260,-0.420",,,,,,,,
"388,flame,143.050,143.460,0.410,0.000,143.260,-0.210",,,,,,,,
"389,bends,143.460,143.760,0.300,0.000,143.260,0.200",,,,,,,,
"390,in,143.760,143.890,0.130,0.000,143.260,0.500",,,,,,,,
"391,the,143.890,144.310,0.420,0.000,143.260,0.630",,,,,,,,
"392,wind,144.310,144.400,0.090,0.000,143.260,1.050",,,,,,,,
"393,and,144.400,144.730,0.330,0.000,143.260,1.140",,,,,,,,
"394,you,144.730,144.880,0.150,0.000,143.260,1.470",,,,,,,,
"395,curve,144.880,145.200,0.320,0.000,143.260,1.620",,,,,,,,
"396,yourself,145.200,145.600,0.400,0.000,143.260,1.940",,,,,,,,
"397,around,145.600,146.120,0.520,0.000,143.260,2.340",,,,,,,,
"398,it,146.120,146.300,0.180,0.000,146.620,-0.500",,,,,,,,
"399,using,146.300,147.000,0.700,0.000,146.620,-0.320",,,,,,,,
"400,your,147.000,147.130,0.130,0.000,146.620,0.380",,,,,,,,
"401,chest,147.130,147.550,0.420,0.000,146.620,0.510",,,,,,,,
"402,against,147.550,148.160,0.610,0.000,146.620,0.930",,,,,,,,
"403,the,148.160,148.410,0.250,0.000,146.620,1.540",,,,,,,,
"404,cold,148.410,148.760,0.350,0.000,149.800,-1.390",,,,,,,,
"405,air,148.760,149.020,0.260,0.000,149.800,-1.040",,,,,,,,
"406,The,149.370,149.750,0.380,0.350,149.800,-0.430",,,,,,,,
"407,hunters,149.750,150.170,0.420,0.000,149.800,-0.050",,,,,,,,
"408,move,150.170,150.510,0.340,0.000,149.800,0.370",,,,,,,,
"409,ahead,150.510,150.900,0.390,0.000,149.800,0.710",,,,,,,,
"410,You,151.300,151.560,0.260,0.400,151.460,-0.160",,,,,,,,
"411,stay,151.560,151.700,0.140,0.000,151.460,0.100",,,,,,,,
"412,in,151.700,151.840,0.140,0.000,151.460,0.240",,,,,,,,
"413,the,151.840,151.920,0.080,0.000,151.460,0.380",,,,,,,,
"414,center,151.920,152.320,0.400,0.000,151.460,0.460",,,,,,,,
"415,column,152.320,152.750,0.430,0.000,151.460,0.860",,,,,,,,
"416,with,152.750,153.020,0.270,0.000,151.460,1.290",,,,,,,,
"417,the,153.020,153.190,0.170,0.000,151.460,1.560",,,,,,,,
"418,women,153.190,153.720,0.530,0.000,151.460,1.730",,,,,,,,
"419,and,153.720,153.850,0.130,0.000,151.460,2.260",,,,,,,,
"420,older,153.850,154.170,0.320,0.000,151.460,2.390",,,,,,,,
"421,children,154.170,154.740,0.570,0.000,155.000,-0.830",,,,,,,,
"422,Behind,154.950,155.380,0.430,0.210,155.000,-0.050",,,,,,,,
"423,you,155.380,155.620,0.240,0.000,155.000,0.380",,,,,,,,
"424,two,155.730,155.930,0.200,0.110,156.100,-0.370",,,,,,,,
"425,of,155.930,156.050,0.120,0.000,156.100,-0.170",,,,,,,,
"426,the,156.050,156.470,0.420,0.000,156.100,-0.050",,,,,,,,
"427,most,156.470,156.570,0.100,0.000,156.100,0.370",,,,,,,,
"428,experienced,156.570,157.360,0.790,0.000,156.100,0.470",,,,,,,,
"429,men,157.360,157.630,0.270,0.000,156.100,1.260",,,,,,,,
"430,walk,157.630,157.910,0.280,0.000,156.100,1.530",,,,,,,,
"431,the,157.910,158.280,0.370,0.000,156.100,1.810",,,,,,,,
"432,rear,158.280,158.560,0.280,0.000,156.100,2.180",,,,,,,,
"433,with,158.640,158.860,0.220,0.080,156.100,2.540",,,,,,,,
"434,thrust,158.860,159.320,0.460,0.000,156.100,2.760",,,,,,,,
"435,ing,159.320,159.960,0.640,0.000,156.100,3.220",,,,,,,,
"436,spears,159.960,160.010,0.050,0.000,156.100,3.860",,,,,,,,
"437,angled,160.010,160.510,0.500,0.000,156.100,3.910",,,,,,,,
"438,outward,160.510,161.000,0.490,0.000,156.100,4.410",,,,,,,,
"439,into,161.000,161.300,0.300,0.000,156.100,4.900",,,,,,,,
"440,the,161.300,161.600,0.300,0.000,156.100,5.200",,,,,,,,
"441,dark,161.600,161.860,0.260,0.000,162.480,-0.880",,,,,,,,
"442,They,162.060,162.290,0.230,0.200,162.480,-0.420",,,,,,,,
"443,do,162.290,162.710,0.420,0.000,162.480,-0.190",,,,,,,,
"444,not,162.710,162.740,0.030,0.000,162.480,0.230",,,,,,,,
"445,speak,162.740,163.130,0.390,0.000,162.480,0.260",,,,,,,,
"446,on,163.130,163.270,0.140,0.000,162.480,0.650",,,,,,,,
"447,night,163.270,163.650,0.380,0.000,162.480,0.790",,,,,,,,
"448,marches,163.650,164.480,0.830,0.000,164.680,-1.030",,,,,,,,
"449,Their,164.480,164.810,0.330,0.000,164.680,-0.200",,,,,,,,
"450,silence,164.810,165.000,0.190,0.000,164.680,0.130",,,,,,,,
"451,is,165.000,165.410,0.410,0.000,164.680,0.320",,,,,,,,
"452,a,165.410,165.470,0.060,0.000,164.680,0.730",,,,,,,,
"453,tool,165.470,165.860,0.390,0.000,164.680,0.790",,,,,,,,
"454,same,165.900,166.120,0.220,0.040,166.240,-0.340",,,,,,,,
"455,as,166.120,166.250,0.130,0.000,166.240,-0.120",,,,,,,,
"456,the,166.250,166.450,0.200,0.000,166.240,0.010",,,,,,,,
"457,spear,166.450,166.780,0.330,0.000,166.240,0.210",,,,,,,,
"458,You,167.040,167.350,0.310,0.260,168.320,-1.280",,,,,,,,
"459,drop,167.350,167.780,0.430,0.000,168.320,-0.970",,,,,,,,
"460,the,167.780,168.080,0.300,0.000,168.320,-0.540",,,,,,,,
"461,torch,168.080,168.630,0.550,0.000,168.320,-0.240",,,,,,,,
"462,on,168.630,168.810,0.180,0.000,168.320,0.310",,,,,,,,
"463,the,168.810,169.120,0.310,0.000,168.320,0.490",,,,,,,,
"464,third,169.120,169.670,0.550,0.000,168.320,0.800",,,,,,,,
"465,night,169.670,169.830,0.160,0.000,168.320,1.350",,,,,,,,
"466,of,169.830,170.080,0.250,0.000,168.320,1.510",,,,,,,,
"467,second,170.080,170.510,0.430,0.000,168.320,1.760",,,,,,,,
"468,season,170.510,171.480,0.970,0.000,172.180,-1.670",,,,,,,,
"469,carrying,171.480,171.510,0.030,0.000,172.180,-0.700",,,,,,,,
"470,it,171.510,171.650,0.140,0.000,172.180,-0.670",,,,,,,,
"471,You,171.860,172.070,0.210,0.210,172.180,-0.320",,,,,,,,
"472,catch,172.070,172.440,0.370,0.000,172.180,-0.110",,,,,,,,
"473,a,172.440,172.490,0.050,0.000,172.180,0.260",,,,,,,,
"474,root,172.490,172.770,0.280,0.000,172.180,0.310",,,,,,,,
"475,you,172.770,172.980,0.210,0.000,172.180,0.590",,,,,,,,
"476,did,172.980,173.190,0.210,0.000,172.180,0.800",,,,,,,,
"477,not,173.190,173.400,0.210,0.000,172.180,1.010",,,,,,,,
"478,see,173.400,173.610,0.210,0.000,172.180,1.220",,,,,,,,
"479,and,173.610,173.810,0.200,0.000,174.240,-0.630",,,,,,,,
"480,the,173.810,174.230,0.420,0.000,174.240,-0.430",,,,,,,,
"481,flame,174.230,174.380,0.150,0.000,174.240,-0.010",,,,,,,,
"482,hits,174.380,174.660,0.280,0.000,174.240,0.140",,,,,,,,
"483,the,174.660,174.950,0.290,0.000,174.240,0.420",,,,,,,,
"484,ground,174.950,175.350,0.400,0.000,174.240,0.710",,,,,,,,
"485,and,175.350,175.520,0.170,0.000,174.240,1.110",,,,,,,,
"486,sp,175.520,175.640,0.120,0.000,174.240,1.280",,,,,,,,
"487,utters,175.640,176.010,0.370,0.000,174.240,1.400",,,,,,,,
"488,and,176.010,176.190,0.180,0.000,174.240,1.770",,,,,,,,
"489,for,176.190,176.230,0.040,0.000,174.240,1.950",,,,,,,,
"490,three,176.230,176.910,0.680,0.000,174.240,1.990",,,,,,,,
"491,full,176.910,176.940,0.030,0.000,174.240,2.670",,,,,,,,
"492,heart,176.940,177.210,0.270,0.000,174.240,2.700",,,,,,,,
"493,be,177.210,177.330,0.120,0.000,174.240,2.970",,,,,,,,
"494,ats,177.330,177.510,0.180,0.000,174.240,3.090",,,,,,,,
"495,the,177.510,177.690,0.180,0.000,174.240,3.270",,,,,,,,
"496,column,177.690,178.060,0.370,0.000,174.240,3.450",,,,,,,,
"497,loses,178.060,178.360,0.300,0.000,174.240,3.820",,,,,,,,
"498,half,178.360,178.600,0.240,0.000,174.240,4.120",,,,,,,,
"499,its,178.600,178.820,0.220,0.000,174.240,4.360",,,,,,,,
"500,light,178.820,179.080,0.260,0.000,174.240,4.580",,,,,,,,
"501,Nobody,179.670,180.090,0.420,0.590,180.380,-0.710",,,,,,,,
"502,shouts,180.090,180.690,0.600,0.000,180.380,-0.290",,,,,,,,
"503,But,182.160,182.350,0.190,1.470,182.280,-0.120",,,,,,,,
"504,dare,182.350,182.580,0.230,0.000,182.280,0.070",,,,,,,,
"505,it,182.580,182.740,0.160,0.000,182.280,0.300",,,,,,,,
"506,the,183.080,183.500,0.420,0.340,183.180,-0.100",,,,,,,,
"507,rear,183.500,183.720,0.220,0.000,183.180,0.320",,,,,,,,
"508,guard,183.720,184.180,0.460,0.000,184.160,-0.440",,,,,,,,
"509,moves,184.180,184.640,0.460,0.000,184.160,0.020",,,,,,,,
"510,up,184.640,184.820,0.180,0.000,184.160,0.480",,,,,,,,
"511,beside,184.820,185.380,0.560,0.000,184.160,0.660",,,,,,,,
"512,you,185.380,185.640,0.260,0.000,184.160,1.220",,,,,,,,
"513,and,185.640,186.230,0.590,0.000,184.160,1.480",,,,,,,,
"514,puts,186.230,186.280,0.050,0.000,184.160,2.070",,,,,,,,
"515,his,186.280,186.650,0.370,0.000,184.160,2.120",,,,,,,,
"516,hand,186.650,186.920,0.270,0.000,184.160,2.490",,,,,,,,
"517,flat,186.920,187.290,0.370,0.000,188.420,-1.500",,,,,,,,
"518,on,187.290,187.460,0.170,0.000,188.420,-1.130",,,,,,,,
"519,your,187.460,188.040,0.580,0.000,188.420,-0.960",,,,,,,,
"520,shoulder,188.040,188.580,0.540,0.000,188.420,-0.380",,,,,,,,
"521,Not,189.080,189.090,0.010,0.500,189.560,-0.480",,,,,,,,
"522,hard,189.090,189.260,0.170,0.000,189.560,-0.470",,,,,,,,
"523,not,189.360,189.630,0.270,0.100,189.560,-0.200",,,,,,,,
"524,gentle,189.630,189.880,0.250,0.000,189.560,0.070",,,,,,,,
"525,just,190.690,190.780,0.090,0.810,190.920,-0.230",,,,,,,,
"526,there,190.780,191.130,0.350,0.000,190.920,-0.140",,,,,,,,
"527,He,191.390,191.570,0.180,0.260,192.740,-1.350",,,,,,,,
"528,holds,191.570,192.010,0.440,0.000,192.740,-1.170",,,,,,,,
"529,it,192.010,192.190,0.180,0.000,192.740,-0.730",,,,,,,,
"530,until,192.190,192.660,0.470,0.000,192.740,-0.550",,,,,,,,
"531,you,192.660,192.900,0.240,0.000,192.740,-0.080",,,,,,,,
"532,have,192.900,193.510,0.610,0.000,192.740,0.160",,,,,,,,
"533,the,193.510,193.530,0.020,0.000,192.740,0.770",,,,,,,,
"534,torch,193.530,193.970,0.440,0.000,192.740,0.790",,,,,,,,
"535,burning,193.970,194.550,0.580,0.000,192.740,1.230",,,,,,,,
"536,again,194.550,195.280,0.730,0.000,192.740,1.810",,,,,,,,
"537,from,195.280,195.320,0.040,0.000,192.740,2.540",,,,,,,,
"538,the,195.320,195.440,0.120,0.000,192.740,2.580",,,,,,,,
"539,second,195.440,195.760,0.320,0.000,192.740,2.700",,,,,,,,
"540,carrier,195.760,196.200,0.440,0.000,192.740,3.020",,,,,,,,
"541,'s,196.200,196.320,0.120,0.000,192.740,3.460",,,,,,,,
"542,co,196.320,196.450,0.130,0.000,192.740,3.580",,,,,,,,
"543,als,196.450,196.480,0.030,0.000,192.740,3.710",,,,,,,,
"544,Then,196.830,197.160,0.330,0.350,197.220,-0.390",,,,,,,,
"545,he,197.160,197.190,0.030,0.000,197.220,-0.060",,,,,,,,
"546,walks,197.190,197.510,0.320,0.000,197.220,-0.030",,,,,,,,
"547,back,197.510,197.760,0.250,0.000,197.220,0.290",,,,,,,,
"548,to,197.760,197.880,0.120,0.000,197.220,0.540",,,,,,,,
"549,his,197.880,198.070,0.190,0.000,197.220,0.660",,,,,,,,
"550,post,198.070,198.320,0.250,0.000,197.220,0.850",,,,,,,,
"551,without,198.320,198.800,0.480,0.000,197.220,1.100",,,,,,,,
"552,a,198.800,198.820,0.020,0.000,197.220,1.580",,,,,,,,
"553,word,198.820,199.070,0.250,0.000,197.220,1.600",,,,,,,,
"554,The,199.360,199.910,0.550,0.290,200.860,-1.500",,,,,,,,
"555,lesson,199.910,200.690,0.780,0.000,200.860,-0.950",,,,,,,,
"556,in,200.690,200.960,0.270,0.000,200.860,-0.170",,,,,,,,
"557,that,200.960,201.720,0.760,0.000,200.860,0.100",,,,,,,,
"558,touch,201.720,202.320,0.600,0.000,202.520,-0.800",,,,,,,,
"559,your,202.320,202.600,0.280,0.000,202.520,-0.200",,,,,,,,
"560,mistake,202.600,203.090,0.490,0.000,202.520,0.080",,,,,,,,
"561,put,203.090,203.720,0.630,0.000,202.520,0.570",,,,,,,,
"562,people,203.720,203.740,0.020,0.000,202.520,1.200",,,,,,,,
"563,in,203.740,203.870,0.130,0.000,202.520,1.220",,,,,,,,
"564,danger,203.870,204.280,0.410,0.000,205.080,-1.210",,,,,,,,
"565,You,204.490,204.690,0.200,0.210,205.080,-0.590",,,,,,,,
"566,are,204.690,204.910,0.220,0.000,205.080,-0.390",,,,,,,,
"567,not,204.910,205.120,0.210,0.000,205.080,-0.170",,,,,,,,
"568,punished,205.120,205.690,0.570,0.000,205.080,0.040",,,,,,,,
"569,for,205.690,205.890,0.200,0.000,205.080,0.610",,,,,,,,
"570,it,205.890,206.060,0.170,0.000,205.080,0.810",,,,,,,,
"571,You,206.470,206.660,0.190,0.410,207.300,-0.830",,,,,,,,
"572,are,206.660,207.000,0.340,0.000,207.300,-0.640",,,,,,,,
"573,expected,207.000,207.910,0.910,0.000,207.300,-0.300",,,,,,,,
"574,to,207.910,208.280,0.370,0.000,207.300,0.610",,,,,,,,
"575,understand,208.280,208.480,0.200,0.000,207.300,0.980",,,,,,,,
"576,that,208.560,208.790,0.230,0.080,207.300,1.260",,,,,,,,
"577,on,208.790,208.940,0.150,0.000,207.300,1.490",,,,,,,,
"578,your,208.940,209.210,0.270,0.000,207.300,1.640",,,,,,,,
"579,own,209.210,209.480,0.270,0.000,210.040,-0.830",,,,,,,,
"580,You,209.880,209.940,0.060,0.400,210.040,-0.160",,,,,,,,
"581,do,209.940,210.090,0.150,0.000,210.040,-0.100",,,,,,,,
"582,not,210.090,210.320,0.230,0.000,210.040,0.050",,,,,,,,
"583,drop,210.320,210.650,0.330,0.000,210.040,0.280",,,,,,,,
"584,a,210.650,210.700,0.050,0.000,210.040,0.610",,,,,,,,
"585,torch,210.700,211.080,0.380,0.000,210.040,0.660",,,,,,,,
"586,again,211.080,211.520,0.440,0.000,212.160,-1.080",,,,,,,,
"587,Those,211.780,212.050,0.270,0.260,212.160,-0.380",,,,,,,,
"588,long,212.050,212.630,0.580,0.000,212.160,-0.110",,,,,,,,
"589,column,212.630,212.840,0.210,0.000,212.160,0.470",,,,,,,,
"590,walks,212.840,213.220,0.380,0.000,212.160,0.680",,,,,,,,
"591,teach,213.220,213.600,0.380,0.000,212.160,1.060",,,,,,,,
"592,you,213.600,214.160,0.560,0.000,212.160,1.440",,,,,,,,
"593,how,214.160,214.170,0.010,0.000,212.160,2.000",,,,,,,,
"594,to,214.170,214.440,0.270,0.000,212.160,2.010",,,,,,,,
"595,read,214.440,214.560,0.120,0.000,212.160,2.280",,,,,,,,
"596,the,214.560,214.770,0.210,0.000,212.160,2.400",,,,,,,,
"597,night,214.770,215.140,0.370,0.000,212.160,2.610",,,,,,,,
"598,by,215.140,215.280,0.140,0.000,212.160,2.980",,,,,,,,
"599,its,215.280,215.940,0.660,0.000,216.540,-1.260",,,,,,,,
"600,sounds,215.940,215.980,0.040,0.000,216.540,-0.600",,,,,,,,
"601,An,216.190,216.300,0.110,0.210,216.540,-0.350",,,,,,,,
"602,owl,216.300,216.520,0.220,0.000,216.540,-0.240",,,,,,,,
"603,is,216.520,216.660,0.140,0.000,216.540,-0.020",,,,,,,,
"604,neutral,216.660,217.170,0.510,0.000,216.540,0.120",,,,,,,,
"605,Every,217.390,217.860,0.470,0.220,218.240,-0.850",,,,,,,,
"606,animal,217.860,218.130,0.270,0.000,218.240,-0.380",,,,,,,,
"607,going,218.130,218.710,0.580,0.000,218.240,-0.110",,,,,,,,
"608,silent,218.710,218.990,0.280,0.000,218.240,0.470",,,,,,,,
"609,at,218.990,219.130,0.140,0.000,218.240,0.750",,,,,,,,
"610,once,219.130,219.420,0.290,0.000,218.240,0.890",,,,,,,,
"611,is,219.420,219.560,0.140,0.000,218.240,1.180",,,,,,,,
"612,not,219.560,219.770,0.210,0.000,218.240,1.320",,,,,,,,
"613,through,220.960,221.040,0.080,1.190,221.080,-0.120",,,,,,,,
"614,pine,221.040,221.140,0.100,0.000,221.080,-0.040",,,,,,,,
"615,moves,221.140,221.450,0.310,0.000,221.080,0.060",,,,,,,,
"616,without,221.450,221.990,0.540,0.000,221.080,0.370",,,,,,,,
"617,any,221.990,222.380,0.390,0.000,221.080,0.910",,,,,,,,
"618,pattern,222.380,222.710,0.330,0.000,221.080,1.300",,,,,,,,
"619,Something,222.960,223.650,0.690,0.250,223.700,-0.740",,,,,,,,
"620,large,223.650,224.030,0.380,0.000,223.700,-0.050",,,,,,,,
"621,moving,224.030,224.490,0.460,0.000,223.700,0.330",,,,,,,,
"622,through,224.490,225.110,0.620,0.000,223.700,0.790",,,,,,,,
"623,pine,225.110,225.360,0.250,0.000,223.700,1.410",,,,,,,,
"624,has,225.360,225.600,0.240,0.000,223.700,1.660",,,,,,,,
"625,a,225.600,225.680,0.080,0.000,223.700,1.900",,,,,,,,
"626,rhythm,225.680,226.160,0.480,0.000,223.700,1.980",,,,,,,,
"627,even,226.160,226.410,0.250,0.000,223.700,2.460",,,,,,,,
"628,when,226.410,226.650,0.240,0.000,223.700,2.710",,,,,,,,
"629,it,226.650,226.730,0.080,0.000,223.700,2.950",,,,,,,,
"630,is,226.730,226.890,0.160,0.000,223.700,3.030",,,,,,,,
"631,trying,226.890,227.260,0.370,0.000,223.700,3.190",,,,,,,,
"632,to,227.260,227.580,0.320,0.000,223.700,3.560",,,,,,,,
"633,suppress,227.580,227.890,0.310,0.000,228.580,-1.000",,,,,,,,
"634,one,227.890,228.110,0.220,0.000,228.580,-0.690",,,,,,,,
"635,You,228.250,228.430,0.180,0.140,228.580,-0.330",,,,,,,,
"636,learn,228.430,228.740,0.310,0.000,228.580,-0.150",,,,,,,,
"637,to,228.740,228.860,0.120,0.000,228.580,0.160",,,,,,,,
"638,feel,228.860,229.200,0.340,0.000,228.580,0.280",,,,,,,,
"639,the,229.200,229.290,0.090,0.000,228.580,0.620",,,,,,,,
"640,column,229.290,229.660,0.370,0.000,228.580,0.710",,,,,,,,
"641,change,229.660,230.310,0.650,0.000,228.580,1.080",,,,,,,,
"642,before,230.310,230.480,0.170,0.000,228.580,1.730",,,,,,,,
"643,you,230.480,230.730,0.250,0.000,228.580,1.900",,,,,,,,
"644,see,230.730,230.800,0.070,0.000,228.580,2.150",,,,,,,,
"645,it,230.800,230.960,0.160,0.000,228.580,2.220",,,,,,,,
"646,change,230.960,231.280,0.320,0.000,228.580,2.380",,,,,,,,
"647,When,232.080,232.430,0.350,0.800,232.200,-0.120",,,,,,,,
"648,the,232.430,232.740,0.310,0.000,232.200,0.230",,,,,,,,
"649,lead,232.740,233.420,0.680,0.000,232.200,0.540",,,,,,,,
"650,hunter,233.420,233.820,0.400,0.000,233.900,-0.480",,,,,,,,
"651,slows,233.820,234.360,0.540,0.000,233.900,-0.080",,,,,,,,
"652,every,234.560,235.090,0.530,0.200,233.900,0.660",,,,,,,,
"653,person,235.090,236.150,1.060,0.000,235.600,-0.510",,,,,,,,
"654,slows,236.150,236.260,0.110,0.000,235.600,0.550",,,,,,,,
"655,No,236.580,236.790,0.210,0.320,236.560,0.020",,,,,,,,
"656,signal,236.790,237.640,0.850,0.000,238.400,-1.610",,,,,,,,
"657,no,237.690,237.960,0.270,0.050,238.400,-0.710",,,,,,,,
"658,sound,237.960,238.380,0.420,0.000,238.400,-0.440",,,,,,,,
"659,The,238.790,238.940,0.150,0.410,238.400,0.390",,,,,,,,
"660,shift,238.940,239.000,0.060,0.000,238.400,0.540",,,,,,,,
"661,moves,239.000,239.040,0.040,0.000,238.400,0.600",,,,,,,,
"662,back,239.040,239.280,0.240,0.000,238.400,0.640",,,,,,,,
"663,through,239.280,239.520,0.240,0.000,238.400,0.880",,,,,,,,
"664,the,239.520,239.730,0.210,0.000,238.400,1.120",,,,,,,,
"665,group,239.730,240.100,0.370,0.000,238.400,1.330",,,,,,,,
"666,the,240.100,240.160,0.060,0.000,238.400,1.700",,,,,,,,
"667,way,240.160,240.850,0.690,0.000,238.400,1.760",,,,,,,,
"668,cold,240.850,240.940,0.090,0.000,238.400,2.450",,,,,,,,
"669,moves,240.940,241.220,0.280,0.000,238.400,2.540",,,,,,,,
"670,through,241.220,241.740,0.520,0.000,238.400,2.820",,,,,,,,
"671,water,241.740,242.110,0.370,0.000,242.920,-1.180",,,,,,,,
"672,You,242.330,242.560,0.230,0.220,242.920,-0.590",,,,,,,,
"673,sleep,242.560,242.920,0.360,0.000,242.920,-0.360",,,,,,,,
"674,lightly,242.920,243.660,0.740,0.000,242.920,0.000",,,,,,,,
"675,now,243.660,243.670,0.010,0.000,242.920,0.740",,,,,,,,
"676,even,243.670,244.090,0.420,0.000,242.920,0.750",,,,,,,,
"677,at,244.090,244.110,0.020,0.000,242.920,1.170",,,,,,,,
"678,camp,244.110,244.410,0.300,0.000,242.920,1.190",,,,,,,,
"679,You,244.710,245.480,0.770,0.300,245.820,-1.110",,,,,,,,
"680,did,245.480,245.920,0.440,0.000,245.820,-0.340",,,,,,,,
"681,not,245.920,246.160,0.240,0.000,245.820,0.100",,,,,,,,
"682,decide,246.160,246.560,0.400,0.000,245.820,0.340",,,,,,,,
"683,to,246.560,246.710,0.150,0.000,245.820,0.740",,,,,,,,
"684,Your,246.930,247.080,0.150,0.220,247.680,-0.750",,,,,,,,
"685,body,247.080,247.340,0.260,0.000,247.680,-0.600",,,,,,,,
"686,made,247.340,247.980,0.640,0.000,247.680,-0.340",,,,,,,,
"687,that,247.980,248.130,0.150,0.000,247.680,0.300",,,,,,,,
"688,choice,248.130,248.580,0.450,0.000,247.680,0.450",,,,,,,,
"689,without,248.580,249.110,0.530,0.000,247.680,0.900",,,,,,,,
"690,asking,249.110,249.600,0.490,0.000,247.680,1.430",,,,,,,,
"691,Level,249.860,250.720,0.860,0.260,251.800,-1.940",,,,,,,,
"692,three,250.720,251.550,0.830,0.000,251.800,-1.080",,,,,,,,
"693,the,251.860,252.520,0.660,0.310,252.980,-1.120",,,,,,,,
"694,scout,252.520,253.280,0.760,0.000,252.980,-0.460",,,,,,,,
"695,You,253.840,254.040,0.200,0.560,253.960,-0.120",,,,,,,,
"696,are,254.040,254.240,0.200,0.000,253.960,0.080",,,,,,,,
"697,16,254.240,254.900,0.660,0.000,253.960,0.280",,,,,,,,
"698,and,254.900,255.040,0.140,0.000,253.960,0.940",,,,,,,,
"699,you,255.040,255.200,0.160,0.000,253.960,1.080",,,,,,,,
"700,carry,255.200,255.600,0.400,0.000,253.960,1.240",,,,,,,,
"701,your,255.680,255.900,0.220,0.080,253.960,1.720",,,,,,,,
"702,own,255.900,256.100,0.200,0.000,253.960,1.940",,,,,,,,
"703,spear,256.100,256.230,0.130,0.000,253.960,2.140",,,,,,,,
"704,Not,256.970,257.020,0.050,0.740,257.120,-0.150",,,,,,,,
"705,the,257.020,257.230,0.210,0.000,257.120,-0.100",,,,,,,,
"706,heavy,257.230,257.580,0.350,0.000,257.120,0.110",,,,,,,,
"707,thrust,257.580,258.040,0.460,0.000,257.120,0.460",,,,,,,,
"708,ing,258.040,258.270,0.230,0.000,257.120,0.920",,,,,,,,
"709,spear,258.270,258.640,0.370,0.000,257.120,1.150",,,,,,,,
"710,of,258.640,258.900,0.260,0.000,257.120,1.520",,,,,,,,
"711,the,258.900,259.030,0.130,0.000,257.120,1.780",,,,,,,,
"712,senior,259.030,259.750,0.720,0.000,260.220,-1.190",,,,,,,,
"713,hunters,259.750,260.020,0.270,0.000,260.220,-0.470",,,,,,,,
"714,A,260.250,260.320,0.070,0.230,260.220,0.030",,,,,,,,
"715,throwing,260.320,260.900,0.580,0.000,260.220,0.100",,,,,,,,
"716,spear,260.900,261.520,0.620,0.000,261.620,-0.720",,,,,,,,
"717,its,261.560,261.760,0.200,0.040,261.620,-0.060",,,,,,,,
"718,fl,261.760,261.900,0.140,0.000,261.620,0.140",,,,,,,,
"719,int,261.900,262.080,0.180,0.000,261.620,0.280",,,,,,,,
"720,point,262.080,262.470,0.390,0.000,261.620,0.460",,,,,,,,
"721,n,262.470,262.540,0.070,0.000,261.620,0.850",,,,,,,,
"722,apped,262.540,262.680,0.140,0.000,261.620,0.920",,,,,,,,
"723,by,262.680,263.150,0.470,0.000,261.620,1.060",,,,,,,,
"724,hand,263.150,263.490,0.340,0.000,261.620,1.530",,,,,,,,
"725,and,263.490,263.630,0.140,0.000,263.840,-0.350",,,,,,,,
"726,bound,263.630,264.030,0.400,0.000,263.840,-0.210",,,,,,,,
"727,to,264.030,264.160,0.130,0.000,263.840,0.190",,,,,,,,
"728,the,264.160,264.390,0.230,0.000,263.840,0.320",,,,,,,,
"729,shaft,264.390,264.780,0.390,0.000,263.840,0.550",,,,,,,,
"730,with,264.780,265.120,0.340,0.000,263.840,0.940",,,,,,,,
"731,pine,265.120,265.400,0.280,0.000,263.840,1.280",,,,,,,,
"732,pitch,265.400,265.820,0.420,0.000,263.840,1.560",,,,,,,,
"733,and,265.820,266.230,0.410,0.000,263.840,1.980",,,,,,,,
"734,wet,266.230,266.250,0.020,0.000,263.840,2.390",,,,,,,,
"735,sin,266.250,266.480,0.230,0.000,263.840,2.410",,,,,,,,
"736,ew,266.480,266.650,0.170,0.000,266.940,-0.460",,,,,,,,
"737,that,266.650,266.940,0.290,0.000,266.940,-0.290",,,,,,,,
"738,dried,266.940,267.280,0.340,0.000,266.940,0.000",,,,,,,,
"739,hard,267.280,268.000,0.720,0.000,266.940,0.340",,,,,,,,
"740,as,268.000,268.040,0.040,0.000,266.940,1.060",,,,,,,,
"741,rock,268.040,268.240,0.200,0.000,266.940,1.100",,,,,,,,
"742,They,268.800,268.880,0.080,0.560,269.000,-0.200",,,,,,,,
"743,start,268.880,268.960,0.080,0.000,269.000,-0.120",,,,,,,,
"744,sending,268.960,269.520,0.560,0.000,269.000,-0.040",,,,,,,,
"745,you,269.520,269.770,0.250,0.000,269.000,0.520",,,,,,,,
"746,on,269.770,270.220,0.450,0.000,269.000,0.770",,,,,,,,
"747,forward,270.220,270.500,0.280,0.000,269.000,1.220",,,,,,,,
"748,runs,270.500,270.820,0.320,0.000,271.420,-0.920",,,,,,,,
"749,Never,271.060,271.460,0.400,0.240,271.420,-0.360",,,,,,,,
"750,far,271.460,271.700,0.240,0.000,271.420,0.040",,,,,,,,
"751,Never,272.100,272.950,0.850,0.400,273.000,-0.900",,,,,,,,
"752,alone,272.950,273.160,0.210,0.000,273.000,-0.050",,,,,,,,
"753,You,273.520,273.950,0.430,0.360,274.620,-1.100",,,,,,,,
"754,go,273.950,274.760,0.810,0.000,274.620,-0.670",,,,,,,,
"755,with,274.760,275.120,0.360,0.000,274.620,0.140",,,,,,,,
"756,Kor,275.120,275.550,0.430,0.000,274.620,0.500",,,,,,,,
"757,ik,275.550,275.840,0.290,0.000,275.960,-0.410",,,,,,,,
"758,22,275.970,276.400,0.430,0.130,275.960,0.010",,,,,,,,
"759,who,276.400,276.640,0.240,0.000,275.960,0.440",,,,,,,,
"760,has,276.640,276.720,0.080,0.000,275.960,0.680",,,,,,,,
"761,been,276.720,276.980,0.260,0.000,275.960,0.760",,,,,,,,
"762,scouting,276.980,277.230,0.250,0.000,275.960,1.020",,,,,,,,
"763,for,277.230,277.710,0.480,0.000,275.960,1.270",,,,,,,,
"764,four,277.710,278.140,0.430,0.000,275.960,1.750",,,,,,,,
"765,years,278.140,278.300,0.160,0.000,275.960,2.180",,,,,,,,
"766,The,278.500,278.700,0.200,0.200,278.900,-0.400",,,,,,,,
"767,two,278.700,278.900,0.200,0.000,278.900,-0.200",,,,,,,,
"768,of,278.900,279.030,0.130,0.000,278.900,0.000",,,,,,,,
"769,you,279.030,279.260,0.230,0.000,278.900,0.130",,,,,,,,
"770,move,279.260,279.490,0.230,0.000,278.900,0.360",,,,,,,,
"771,ahead,279.490,279.820,0.330,0.000,278.900,0.590",,,,,,,,
"772,of,279.820,280.020,0.200,0.000,278.900,0.920",,,,,,,,
"773,the,280.020,280.150,0.130,0.000,278.900,1.120",,,,,,,,
"774,main,280.150,280.460,0.310,0.000,278.900,1.250",,,,,,,,
"775,group,280.460,280.870,0.410,0.000,278.900,1.560",,,,,,,,
"776,by,280.870,280.880,0.010,0.000,278.900,1.970",,,,,,,,
"777,about,280.880,281.290,0.410,0.000,278.900,1.980",,,,,,,,
"778,the,281.290,281.440,0.150,0.000,278.900,2.390",,,,,,,,
"779,distance,281.440,281.840,0.400,0.000,278.900,2.540",,,,,,,,
"780,a,281.840,281.920,0.080,0.000,278.900,2.940",,,,,,,,
"781,man,282.000,282.110,0.110,0.080,278.900,3.100",,,,,,,,
"782,can,282.110,282.290,0.180,0.000,278.900,3.210",,,,,,,,
"783,shout,282.290,282.620,0.330,0.000,278.900,3.390",,,,,,,,
"784,and,282.620,282.800,0.180,0.000,278.900,3.720",,,,,,,,
"785,be,282.800,283.260,0.460,0.000,278.900,3.900",,,,,,,,
"786,heard,283.260,283.330,0.070,0.000,284.000,-0.740",,,,,,,,
"787,Your,283.470,283.710,0.240,0.140,284.000,-0.530",,,,,,,,
"788,job,283.710,283.900,0.190,0.000,284.000,-0.290",,,,,,,,
"789,is,283.900,284.030,0.130,0.000,284.000,-0.100",,,,,,,,
"790,to,284.030,284.160,0.130,0.000,284.000,0.030",,,,,,,,
"791,read,284.160,284.460,0.300,0.000,284.000,0.160",,,,,,,,
"792,the,284.460,284.610,0.150,0.000,284.000,0.460",,,,,,,,
"793,ground,284.610,284.990,0.380,0.000,284.000,0.610",,,,,,,,
"794,before,284.990,285.370,0.380,0.000,284.000,0.990",,,,,,,,
"795,everyone,285.370,286.070,0.700,0.000,284.000,1.370",,,,,,,,
"796,else,286.070,286.140,0.070,0.000,284.000,2.070",,,,,,,,
"797,walks,286.140,286.490,0.350,0.000,284.000,2.140",,,,,,,,
"798,onto,286.490,286.720,0.230,0.000,284.000,2.490",,,,,,,,
"799,it,286.720,286.850,0.130,0.000,284.000,2.720",,,,,,,,
"800,learn,287.680,287.760,0.080,0.830,287.860,-0.180",,,,,,,,
"801,to,287.760,287.790,0.030,0.000,287.860,-0.100",,,,,,,,
"802,smell,287.790,288.130,0.340,0.000,287.860,-0.070",,,,,,,,
"803,before,288.130,288.280,0.150,0.000,287.860,0.270",,,,,,,,
"804,you,288.280,288.750,0.470,0.000,287.860,0.420",,,,,,,,
"805,look,288.750,289.090,0.340,0.000,287.860,0.890",,,,,,,,
"806,A,289.200,289.260,0.060,0.110,287.860,1.340",,,,,,,,
"807,predator,289.260,289.800,0.540,0.000,289.960,-0.700",,,,,,,,
"808,'s,289.800,289.930,0.130,0.000,289.960,-0.160",,,,,,,,
"809,presence,289.930,290.470,0.540,0.000,289.960,-0.030",,,,,,,,
"810,reaches,290.470,290.980,0.510,0.000,289.960,0.510",,,,,,,,
"811,your,290.980,291.280,0.300,0.000,289.960,1.020",,,,,,,,
"812,nose,291.280,291.830,0.550,0.000,289.960,1.320",,,,,,,,
"813,before,291.830,292.020,0.190,0.000,289.960,1.870",,,,,,,,
"814,your,292.020,292.250,0.230,0.000,289.960,2.060",,,,,,,,
"815,mind,292.250,292.480,0.230,0.000,289.960,2.290",,,,,,,,
"816,names,292.480,292.920,0.440,0.000,293.640,-1.160",,,,,,,,
"817,it,292.920,293.000,0.080,0.000,293.640,-0.720",,,,,,,,
"818,Something,293.900,294.140,0.240,0.900,293.640,0.260",,,,,,,,
"819,thick,294.140,294.580,0.440,0.000,295.220,-1.080",,,,,,,,
"820,mus,294.750,295.040,0.290,0.170,295.220,-0.470",,,,,,,,
"821,ky,295.040,295.180,0.140,0.000,295.220,-0.180",,,,,,,,
"822,wrong,295.350,295.790,0.440,0.170,296.240,-0.890",,,,,,,,
"823,in,295.790,295.960,0.170,0.000,296.240,-0.450",,,,,,,,
"824,a,295.960,296.040,0.080,0.000,296.240,-0.280",,,,,,,,
"825,way,296.040,296.630,0.590,0.000,296.240,-0.200",,,,,,,,
"826,that,296.630,296.650,0.020,0.000,296.240,0.390",,,,,,,,
"827,is,296.650,296.820,0.170,0.000,296.240,0.410",,,,,,,,
"828,hard,296.820,297.170,0.350,0.000,296.240,0.580",,,,,,,,
"829,to,297.170,297.330,0.160,0.000,296.240,0.930",,,,,,,,
"830,describe,297.330,298.400,1.070,0.000,299.080,-1.750",,,,,,,,
"831,You,298.440,298.790,0.350,0.040,299.080,-0.640",,,,,,,,
"832,catch,298.790,299.480,0.690,0.000,299.080,-0.290",,,,,,,,
"833,it,299.480,299.520,0.040,0.000,299.080,0.400",,,,,,,,
"834,on,299.520,299.680,0.160,0.000,299.080,0.440",,,,,,,,
"835,your,299.680,299.870,0.190,0.000,299.080,0.600",,,,,,,,
"836,third,299.870,300.160,0.290,0.000,299.080,0.790",,,,,,,,
"837,run,300.160,300.420,0.260,0.000,299.080,1.080",,,,,,,,
"838,and,300.420,300.650,0.230,0.000,300.960,-0.540",,,,,,,,
"839,stop,300.650,301.560,0.910,0.000,300.960,-0.310",,,,,,,,
"840,walking,301.560,301.690,0.130,0.000,300.960,0.600",,,,,,,,
"841,Kor,301.910,302.170,0.260,0.220,302.540,-0.630",,,,,,,,
"842,ik,302.170,302.340,0.170,0.000,302.540,-0.370",,,,,,,,
"843,stops,302.340,302.780,0.440,0.000,302.540,-0.200",,,,,,,,
"844,half,302.780,303.200,0.420,0.000,302.540,0.240",,,,,,,,
"845,a,303.200,303.210,0.010,0.000,302.540,0.660",,,,,,,,
"846,step,303.210,303.560,0.350,0.000,302.540,0.670",,,,,,,,
"847,after,303.560,304.260,0.700,0.000,302.540,1.020",,,,,,,,
"848,you,304.260,304.310,0.050,0.000,305.140,-0.880",,,,,,,,
"849,He,304.520,304.730,0.210,0.210,305.140,-0.620",,,,,,,,
"850,has,304.730,304.950,0.220,0.000,305.140,-0.410",,,,,,,,
"851,it,304.950,305.120,0.170,0.000,305.140,-0.190",,,,,,,,
"852,too,305.120,305.370,0.250,0.000,305.140,-0.020",,,,,,,,
"853,The,306.120,306.350,0.230,0.750,307.020,-0.900",,,,,,,,
"854,two,306.350,307.160,0.810,0.000,307.020,-0.670",,,,,,,,
"855,of,307.160,307.360,0.200,0.000,307.020,0.140",,,,,,,,
"856,you,307.360,307.550,0.190,0.000,307.020,0.340",,,,,,,,
"857,stand,307.550,307.760,0.210,0.000,307.020,0.530",,,,,,,,
"858,without,307.840,308.240,0.400,0.080,307.020,0.820",,,,,,,,
"859,moving,308.240,308.640,0.400,0.000,307.020,1.220",,,,,,,,
"860,for,308.640,308.850,0.210,0.000,307.020,1.620",,,,,,,,
"861,a,308.850,309.160,0.310,0.000,307.020,1.830",,,,,,,,
"862,long,309.160,309.190,0.030,0.000,307.020,2.140",,,,,,,,
"863,count,309.190,309.530,0.340,0.000,309.720,-0.530",,,,,,,,
"864,long,309.530,309.800,0.270,0.000,309.720,-0.190",,,,,,,,
"865,enough,309.800,310.210,0.410,0.000,309.720,0.080",,,,,,,,
"866,for,310.210,310.410,0.200,0.000,309.720,0.490",,,,,,,,
"867,your,310.410,310.680,0.270,0.000,309.720,0.690",,,,,,,,
"868,own,310.680,310.880,0.200,0.000,309.720,0.960",,,,,,,,
"869,breathing,310.880,311.500,0.620,0.000,309.720,1.160",,,,,,,,
"870,to,311.500,311.900,0.400,0.000,309.720,1.780",,,,,,,,
"871,feel,311.900,311.910,0.010,0.000,309.720,2.180",,,,,,,,
"872,very,311.910,312.170,0.260,0.000,309.720,2.190",,,,,,,,
"873,loud,312.170,312.560,0.390,0.000,309.720,2.450",,,,,,,,
"874,out,313.680,313.760,0.080,1.120,313.800,-0.120",,,,,,,,
"875,the,313.760,313.770,0.010,0.000,313.800,-0.040",,,,,,,,
"876,way,313.770,314.050,0.280,0.000,313.800,-0.030",,,,,,,,
"877,water,314.050,314.200,0.150,0.000,313.800,0.250",,,,,,,,
"878,runs,314.200,315.070,0.870,0.000,313.800,0.400",,,,,,,,
"879,in,315.070,315.100,0.030,0.000,313.800,1.270",,,,,,,,
"880,reverse,315.100,315.760,0.660,0.000,313.800,1.300",,,,,,,,
"881,Slow,315.850,316.840,0.990,0.090,317.220,-1.370",,,,,,,,
"882,Continuous,317.830,318.640,0.810,0.990,318.400,-0.570",,,,,,,,
"883,Nothing,318.970,319.640,0.670,0.330,319.780,-0.810",,,,,,,,
"884,sudden,319.640,320.210,0.570,0.000,319.780,-0.140",,,,,,,,
"885,enough,320.210,320.720,0.510,0.000,319.780,0.430",,,,,,,,
"886,to,320.720,320.880,0.160,0.000,319.780,0.940",,,,,,,,
"887,announce,320.880,321.280,0.400,0.000,319.780,1.100",,,,,,,,
"888,you,321.280,321.430,0.150,0.000,319.780,1.500",,,,,,,,
"889,never,322.400,322.470,0.070,0.970,322.540,-0.140",,,,,,,,
"890,see,322.470,322.480,0.010,0.000,322.540,-0.070",,,,,,,,
"891,the,322.480,322.750,0.270,0.000,322.540,-0.060",,,,,,,,
"892,cave,322.750,323.120,0.370,0.000,322.540,0.210",,,,,,,,
"893,lion,323.120,323.800,0.680,0.000,322.540,0.580",,,,,,,,
"894,that,323.800,323.860,0.060,0.000,322.540,1.260",,,,,,,,
"895,night,323.860,324.350,0.490,0.000,322.540,1.320",,,,,,,,
"896,But,324.640,324.940,0.300,0.290,325.820,-1.180",,,,,,,,
"897,you,324.940,325.200,0.260,0.000,325.820,-0.880",,,,,,,,
"898,find,325.200,325.700,0.500,0.000,325.820,-0.620",,,,,,,,
"899,its,325.700,325.860,0.160,0.000,325.820,-0.120",,,,,,,,
"900,tracks,325.860,326.550,0.690,0.000,325.820,0.040",,,,,,,,
"901,in,326.550,326.620,0.070,0.000,325.820,0.730",,,,,,,,
"902,the,326.620,326.970,0.350,0.000,325.820,0.800",,,,,,,,
"903,frost,326.970,327.440,0.470,0.000,325.820,1.150",,,,,,,,
"904,the,327.440,327.600,0.160,0.000,325.820,1.620",,,,,,,,
"905,next,327.600,328.360,0.760,0.000,328.840,-1.240",,,,,,,,
"906,morning,328.360,328.720,0.360,0.000,328.840,-0.480",,,,,,,,
"907,Two,328.720,328.900,0.180,0.000,328.840,-0.120",,,,,,,,
"908,spear,328.900,329.200,0.300,0.000,328.840,0.060",,,,,,,,
"909,lengths,329.200,329.350,0.150,0.000,328.840,0.360",,,,,,,,
"910,from,329.350,330.120,0.770,0.000,328.840,0.510",,,,,,,,
"911,where,330.120,330.160,0.040,0.000,328.840,1.280",,,,,,,,
"912,you,330.160,330.350,0.190,0.000,328.840,1.320",,,,,,,,
"913,stood,330.350,330.670,0.320,0.000,331.080,-0.730",,,,,,,,
"914,The,330.820,331.000,0.180,0.150,331.080,-0.260",,,,,,,,
"915,print,331.000,331.300,0.300,0.000,331.080,-0.080",,,,,,,,
"916,is,331.300,331.420,0.120,0.000,331.080,0.220",,,,,,,,
"917,wider,331.420,331.760,0.340,0.000,331.080,0.340",,,,,,,,
"918,than,331.760,332.020,0.260,0.000,331.080,0.680",,,,,,,,
"919,both,332.020,332.200,0.180,0.000,331.080,0.940",,,,,,,,
"920,your,332.200,332.590,0.390,0.000,331.080,1.120",,,,,,,,
"921,hands,332.590,332.870,0.280,0.000,331.080,1.510",,,,,,,,
"922,laid,332.870,333.120,0.250,0.000,331.080,1.790",,,,,,,,
"923,side,333.120,333.290,0.170,0.000,331.080,2.040",,,,,,,,
"924,by,333.290,333.400,0.110,0.000,331.080,2.210",,,,,,,,
"925,side,333.400,333.640,0.240,0.000,331.080,2.320",,,,,,,,
"926,You,334.480,334.590,0.110,0.840,334.560,-0.080",,,,,,,,
"927,look,334.590,334.850,0.260,0.000,334.560,0.030",,,,,,,,
"928,at,334.850,334.980,0.130,0.000,334.560,0.290",,,,,,,,
"929,it,334.980,335.100,0.120,0.000,334.560,0.420",,,,,,,,
"930,for,335.100,335.280,0.180,0.000,334.560,0.540",,,,,,,,
"931,a,335.280,335.360,0.080,0.000,334.560,0.720",,,,,,,,
"932,long,335.360,335.800,0.440,0.000,336.620,-1.260",,,,,,,,
"933,time,335.800,335.920,0.120,0.000,336.620,-0.820",,,,,,,,
"934,You,336.070,336.260,0.190,0.150,336.620,-0.550",,,,,,,,
"935,bring,336.260,336.580,0.320,0.000,336.620,-0.360",,,,,,,,
"936,the,336.580,336.770,0.190,0.000,336.620,-0.040",,,,,,,,
"937,information,336.770,337.480,0.710,0.000,336.620,0.150",,,,,,,,
"938,back,337.480,337.740,0.260,0.000,336.620,0.860",,,,,,,,
"939,That,338.000,338.550,0.550,0.260,338.760,-0.760",,,,,,,,
"940,is,338.550,338.790,0.240,0.000,338.760,-0.210",,,,,,,,
"941,the,338.790,339.180,0.390,0.000,338.760,0.030",,,,,,,,
"942,job,339.180,339.590,0.410,0.000,340.860,-1.680",,,,,,,,
"943,engage,340.800,340.830,0.030,1.210,340.860,-0.060",,,,,,,,
"944,not,340.880,341.110,0.230,0.050,340.860,0.020",,,,,,,,
"945,to,341.110,341.290,0.180,0.000,340.860,0.250",,,,,,,,
"946,prove,341.290,342.220,0.930,0.000,342.040,-0.750",,,,,,,,
"947,anything,342.220,342.550,0.330,0.000,342.040,0.180",,,,,,,,
"948,See,342.880,343.380,0.500,0.330,344.340,-1.460",,,,,,,,
"949,register,343.730,345.090,1.360,0.350,345.100,-1.370",,,,,,,,
"950,return,345.430,346.760,1.330,0.340,346.860,-1.430",,,,,,,,
"951,a,346.800,346.870,0.070,0.040,346.860,-0.060",,,,,,,,
"952,scout,346.870,347.220,0.350,0.000,346.860,0.010",,,,,,,,
"953,who,347.220,347.440,0.220,0.000,346.860,0.360",,,,,,,,
"954,sees,347.440,347.840,0.400,0.000,346.860,0.580",,,,,,,,
"955,two,347.840,348.000,0.160,0.000,346.860,0.980",,,,,,,,
"956,little,348.000,348.320,0.320,0.000,346.860,1.140",,,,,,,,
"957,end,348.320,348.560,0.240,0.000,346.860,1.460",,,,,,,,
"958,angers,348.560,349.040,0.480,0.000,346.860,1.700",,,,,,,,
"959,the,349.040,349.190,0.150,0.000,346.860,2.180",,,,,,,,
"960,band,349.190,349.730,0.540,0.000,350.040,-0.850",,,,,,,,
"961,A,349.840,349.950,0.110,0.110,350.040,-0.200",,,,,,,,
"962,scout,349.950,350.320,0.370,0.000,350.040,-0.090",,,,,,,,
"963,who,350.320,350.560,0.240,0.000,350.040,0.280",,,,,,,,
"964,imag,350.560,350.880,0.320,0.000,350.040,0.520",,,,,,,,
"965,ines,350.880,351.200,0.320,0.000,350.040,0.840",,,,,,,,
"966,too,351.200,351.440,0.240,0.000,350.040,1.160",,,,,,,,
"967,much,351.440,351.760,0.320,0.000,350.040,1.400",,,,,,,,
"968,does,351.760,352.050,0.290,0.000,350.040,1.720",,,,,,,,
"969,the,352.050,352.470,0.420,0.000,352.400,-0.350",,,,,,,,
"970,same,352.470,352.640,0.170,0.000,352.400,0.070",,,,,,,,
"971,What,352.960,353.450,0.490,0.320,353.960,-1.000",,,,,,,,
"972,the,353.450,354.190,0.740,0.000,353.960,-0.510",,,,,,,,
"973,job,354.190,354.280,0.090,0.000,353.960,0.230",,,,,,,,
"974,requires,354.280,355.320,1.040,0.000,353.960,0.320",,,,,,,,
"975,is,355.320,355.360,0.040,0.000,353.960,1.360",,,,,,,,
"976,exact,355.360,355.750,0.390,0.000,353.960,1.400",,,,,,,,
"977,truth,355.750,356.080,0.330,0.000,353.960,1.790",,,,,,,,
"978,delivered,356.080,356.780,0.700,0.000,353.960,2.120",,,,,,,,
"979,without,356.780,357.500,0.720,0.000,358.440,-1.660",,,,,,,,
"980,drama,357.500,357.760,0.260,0.000,358.440,-0.940",,,,,,,,
"981,You,358.030,358.250,0.220,0.270,358.440,-0.410",,,,,,,,
"982,are,358.250,358.480,0.230,0.000,358.440,-0.190",,,,,,,,
"983,not,358.480,358.720,0.240,0.000,358.440,0.040",,,,,,,,
"984,yet,358.720,358.960,0.240,0.000,358.440,0.280",,,,,,,,
"985,calm,358.960,359.380,0.420,0.000,358.440,0.520",,,,,,,,
"986,about,359.380,359.650,0.270,0.000,358.440,0.940",,,,,,,,
"987,it,359.650,359.810,0.160,0.000,358.440,1.210",,,,,,,,
"988,Your,360.230,360.400,0.170,0.420,360.480,-0.250",,,,,,,,
"989,voice,360.400,360.800,0.400,0.000,360.480,-0.080",,,,,,,,
"990,holds,360.800,361.200,0.400,0.000,360.480,0.320",,,,,,,,
"991,when,361.200,361.760,0.560,0.000,360.480,0.720",,,,,,,,
"992,you,361.760,362.040,0.280,0.000,362.480,-0.720",,,,,,,,
"993,report,362.040,362.320,0.280,0.000,362.480,-0.440",,,,,,,,
"994,but,362.400,362.530,0.130,0.080,362.480,-0.080",,,,,,,,
"995,your,362.530,362.810,0.280,0.000,362.480,0.050",,,,,,,,
"996,hands,362.810,362.950,0.140,0.000,362.480,0.330",,,,,,,,
"997,do,362.950,363.300,0.350,0.000,362.480,0.470",,,,,,,,
"998,not,363.300,363.720,0.420,0.000,364.580,-1.280",,,,,,,,
"999,Direct,363.740,364.140,0.400,0.020,364.580,-0.840",,,,,,,,
"1000,watches,364.140,364.630,0.490,0.000,364.580,-0.440",,,,,,,,
"1001,your,364.630,364.900,0.270,0.000,364.580,0.050",,,,,,,,
"1002,hands,364.900,365.360,0.460,0.000,364.580,0.320",,,,,,,,
"1003,when,365.360,365.620,0.260,0.000,364.580,0.780",,,,,,,,
"1004,you,365.620,365.750,0.130,0.000,364.580,1.040",,,,,,,,
"1005,speak,365.750,366.050,0.300,0.000,364.580,1.170",,,,,,,,
"1006,You,366.470,366.680,0.210,0.420,367.180,-0.710",,,,,,,,
"1007,see,366.680,367.040,0.360,0.000,367.180,-0.500",,,,,,,,
"1008,him,367.040,367.400,0.360,0.000,367.180,-0.140",,,,,,,,
"1009,doing,367.400,368.220,0.820,0.000,368.800,-1.400",,,,,,,,
"1010,it,368.220,368.280,0.060,0.000,368.800,-0.580",,,,,,,,
"1011,You,368.560,368.710,0.150,0.280,368.800,-0.240",,,,,,,,
"1012,start,368.710,368.960,0.250,0.000,368.800,-0.090",,,,,,,,
"1013,working,368.960,369.300,0.340,0.000,368.800,0.160",,,,,,,,
"1014,on,369.300,369.400,0.100,0.000,368.800,0.500",,,,,,,,
"1015,the,369.400,369.560,0.160,0.000,368.800,0.600",,,,,,,,
"1016,hands,369.560,369.960,0.400,0.000,368.800,0.760",,,,,,,,
"1017,Level,370.000,370.760,0.760,0.040,371.360,-1.360",,,,,,,,
"1018,four,370.760,371.370,0.610,0.000,371.360,-0.600",,,,,,,,
"1019,The,371.860,372.710,0.850,0.490,372.740,-0.880",,,,,,,,
"1020,night,372.710,372.830,0.120,0.000,372.740,-0.030",,,,,,,,
"1021,guard,372.830,373.450,0.620,0.000,373.960,-1.130",,,,,,,,
"1022,You,373.830,374.080,0.250,0.380,373.960,-0.130",,,,,,,,
"1023,are,374.080,374.520,0.440,0.000,373.960,0.120",,,,,,,,
"1024,20,374.520,375.090,0.570,0.000,375.200,-0.680",,,,,,,,
"1025,and,375.090,375.280,0.190,0.000,375.200,-0.110",,,,,,,,
"1026,you,375.280,375.560,0.280,0.000,375.200,0.080",,,,,,,,
"1027,have,375.560,375.680,0.120,0.000,375.200,0.360",,,,,,,,
"1028,your,375.680,375.950,0.270,0.000,375.200,0.480",,,,,,,,
"1029,first,375.950,376.400,0.450,0.000,375.200,0.750",,,,,,,,
"1030,real,376.400,376.750,0.350,0.000,375.200,1.200",,,,,,,,
"1031,position,376.750,377.460,0.710,0.000,375.200,1.550",,,,,,,,
"1032,in,377.460,377.800,0.340,0.000,375.200,2.260",,,,,,,,
"1033,the,377.800,377.930,0.130,0.000,375.200,2.600",,,,,,,,
"1034,night,377.930,378.350,0.420,0.000,379.520,-1.590",,,,,,,,
"1035,circle,378.350,378.860,0.510,0.000,379.520,-1.170",,,,,,,,
"1036,The,379.120,379.440,0.320,0.260,379.520,-0.400",,,,,,,,
"1037,eastern,379.440,379.970,0.530,0.000,379.520,-0.080",,,,,,,,
"1038,post,379.970,380.550,0.580,0.000,380.800,-0.830",,,,,,,,
"1039,facing,380.550,380.970,0.420,0.000,380.800,-0.250",,,,,,,,
"1040,the,380.970,381.140,0.170,0.000,380.800,0.170",,,,,,,,
"1041,tree,381.140,381.590,0.450,0.000,380.800,0.340",,,,,,,,
"1042,line,381.590,381.920,0.330,0.000,380.800,0.790",,,,,,,,
"1043,where,381.920,382.090,0.170,0.000,380.800,1.120",,,,,,,,
"1044,the,382.090,382.360,0.270,0.000,380.800,1.290",,,,,,,,
"1045,river,382.360,382.640,0.280,0.000,380.800,1.560",,,,,,,,
"1046,bends,382.640,382.960,0.320,0.000,380.800,1.840",,,,,,,,
"1047,out,382.960,383.150,0.190,0.000,380.800,2.160",,,,,,,,
"1048,of,383.150,383.280,0.130,0.000,380.800,2.350",,,,,,,,
"1049,sight,383.280,383.470,0.190,0.000,380.800,2.480",,,,,,,,
"1050,You,383.620,383.970,0.350,0.150,384.000,-0.380",,,,,,,,
"1051,sit,383.970,384.360,0.390,0.000,384.000,-0.030",,,,,,,,
"1052,with,384.360,384.420,0.060,0.000,384.000,0.360",,,,,,,,
"1053,your,384.420,384.670,0.250,0.000,384.000,0.420",,,,,,,,
"1054,back,384.670,384.920,0.250,0.000,384.000,0.670",,,,,,,,
"1055,to,384.920,385.050,0.130,0.000,384.000,0.920",,,,,,,,
"1056,the,385.050,385.240,0.190,0.000,384.000,1.050",,,,,,,,
"1057,fire,385.240,385.520,0.280,0.000,384.000,1.240",,,,,,,,
"1058,so,385.520,385.620,0.100,0.000,384.000,1.520",,,,,,,,
"1059,your,385.620,385.870,0.250,0.000,384.000,1.620",,,,,,,,
"1060,eyes,385.870,386.120,0.250,0.000,384.000,1.870",,,,,,,,
"1061,can,386.120,386.310,0.190,0.000,384.000,2.120",,,,,,,,
"1062,adjust,386.310,386.720,0.410,0.000,384.000,2.310",,,,,,,,
"1063,fully,386.720,387.110,0.390,0.000,384.000,2.720",,,,,,,,
"1064,to,387.110,387.140,0.030,0.000,384.000,3.110",,,,,,,,
"1065,the,387.140,387.530,0.390,0.000,384.000,3.140",,,,,,,,
"1066,dark,387.530,387.760,0.230,0.000,384.000,3.530",,,,,,,,
"1067,beyond,387.840,388.200,0.360,0.080,384.000,3.840",,,,,,,,
"1068,the,388.200,388.310,0.110,0.000,384.000,4.200",,,,,,,,
"1069,camp,388.310,388.690,0.380,0.000,384.000,4.310",,,,,,,,
"1070,'s,388.690,389.140,0.450,0.000,389.920,-1.230",,,,,,,,
"1071,edge,389.140,389.180,0.040,0.000,389.920,-0.780",,,,,,,,
"1072,The,389.370,389.580,0.210,0.190,389.920,-0.550",,,,,,,,
"1073,fire,389.580,389.870,0.290,0.000,389.920,-0.340",,,,,,,,
"1074,'s,389.870,390.010,0.140,0.000,389.920,-0.050",,,,,,,,
"1075,warmth,390.010,390.450,0.440,0.000,389.920,0.090",,,,,,,,
"1076,is,390.450,390.590,0.140,0.000,389.920,0.530",,,,,,,,
"1077,on,390.590,390.800,0.210,0.000,389.920,0.670",,,,,,,,
"1078,your,390.800,391.060,0.260,0.000,389.920,0.880",,,,,,,,
"1079,back,391.060,391.310,0.250,0.000,389.920,1.140",,,,,,,,
"1080,and,391.310,391.490,0.180,0.000,389.920,1.390",,,,,,,,
"1081,the,391.490,391.910,0.420,0.000,391.920,-0.430",,,,,,,,
"1082,night,391.910,392.120,0.210,0.000,391.920,-0.010",,,,,,,,
"1083,'s,392.120,392.330,0.210,0.000,391.920,0.200",,,,,,,,
"1084,cold,392.330,392.550,0.220,0.000,391.920,0.410",,,,,,,,
"1085,is,392.550,392.800,0.250,0.000,391.920,0.630",,,,,,,,
"1086,on,392.800,392.960,0.160,0.000,391.920,0.880",,,,,,,,
"1087,your,392.960,393.070,0.110,0.000,391.920,1.040",,,,,,,,
"1088,face,393.070,393.280,0.210,0.000,391.920,1.150",,,,,,,,
"1089,discomfort,394.480,394.560,0.080,1.200,394.640,-0.160",,,,,,,,
"1090,is,394.560,394.610,0.050,0.000,394.640,-0.080",,,,,,,,
"1091,the,394.610,394.850,0.240,0.000,394.640,-0.030",,,,,,,,
"1092,point,394.850,395.000,0.150,0.000,394.640,0.210",,,,,,,,
"1093,It,395.520,395.900,0.380,0.520,394.640,0.880",,,,,,,,
"1094,keeps,395.900,396.110,0.210,0.000,396.580,-0.680",,,,,,,,
"1095,you,396.110,396.430,0.320,0.000,396.580,-0.470",,,,,,,,
"1096,from,396.430,396.690,0.260,0.000,396.580,-0.150",,,,,,,,
"1097,drifting,396.690,397.360,0.670,0.000,396.580,0.110",,,,,,,,
"1098,You,397.780,398.000,0.220,0.420,398.700,-0.920",,,,,,,,
"1099,guard,398.000,398.630,0.630,0.000,398.700,-0.700",,,,,,,,
"1100,your,398.630,399.050,0.420,0.000,398.700,-0.070",,,,,,,,
"1101,stretch,399.050,399.750,0.700,0.000,398.700,0.350",,,,,,,,
"1102,wake,399.840,400.120,0.280,0.090,398.700,1.140",,,,,,,,
"1103,the,400.120,400.330,0.210,0.000,398.700,1.420",,,,,,,,
"1104,next,400.330,400.610,0.280,0.000,398.700,1.630",,,,,,,,
"1105,man,400.610,400.820,0.210,0.000,398.700,1.910",,,,,,,,
"1106,sleep,401.240,401.370,0.130,0.420,398.700,2.540",,,,,,,,
"1107,three,401.370,401.660,0.290,0.000,402.060,-0.690",,,,,,,,
"1108,hours,401.660,402.010,0.350,0.000,402.060,-0.400",,,,,,,,
"1109,at,402.010,402.150,0.140,0.000,402.060,-0.050",,,,,,,,
"1110,most,402.150,402.430,0.280,0.000,402.060,0.090",,,,,,,,
"1111,before,402.430,402.880,0.450,0.000,402.060,0.370",,,,,,,,
"1112,you,402.880,403.140,0.260,0.000,402.060,0.820",,,,,,,,
"1113,are,403.140,403.280,0.140,0.000,402.060,1.080",,,,,,,,
"1114,back,403.280,403.590,0.310,0.000,402.060,1.220",,,,,,,,
"1115,up,403.590,403.990,0.400,0.000,402.060,1.530",,,,,,,,
"1116,This,404.000,404.960,0.960,0.010,405.340,-1.340",,,,,,,,
"1117,runs,404.960,405.920,0.960,0.000,405.340,-0.380",,,,,,,,
"1118,every,405.920,406.270,0.350,0.000,405.340,0.580",,,,,,,,
"1119,night,406.270,406.640,0.370,0.000,406.800,-0.530",,,,,,,,
"1120,no,406.640,406.760,0.120,0.000,406.800,-0.160",,,,,,,,
"1121,matter,406.760,407.130,0.370,0.000,406.800,-0.040",,,,,,,,
"1122,the,407.130,407.190,0.060,0.000,406.800,0.330",,,,,,,,
"1123,weather,407.190,407.730,0.540,0.000,408.100,-0.910",,,,,,,,
"1124,On,408.040,408.060,0.020,0.310,408.100,-0.060",,,,,,,,
"1125,the,408.060,408.220,0.160,0.000,408.100,-0.040",,,,,,,,
"1126,cold,408.220,408.470,0.250,0.000,408.100,0.120",,,,,,,,
"1127,est,408.470,408.650,0.180,0.000,408.100,0.370",,,,,,,,
"1128,nights,408.650,409.020,0.370,0.000,408.100,0.550",,,,,,,,
"1129,when,409.020,409.270,0.250,0.000,408.100,0.920",,,,,,,,
"1130,the,409.270,409.450,0.180,0.000,408.100,1.170",,,,,,,,
"1131,river,409.450,409.760,0.310,0.000,408.100,1.350",,,,,,,,
"1132,ice,409.760,409.940,0.180,0.000,408.100,1.660",,,,,,,,
"1133,cracks,409.940,410.370,0.430,0.000,408.100,1.840",,,,,,,,
"1134,and,410.370,410.790,0.420,0.000,408.100,2.270",,,,,,,,
"1135,carries,410.790,410.960,0.170,0.000,408.100,2.690",,,,,,,,
"1136,those,410.960,411.210,0.250,0.000,408.100,2.860",,,,,,,,
"1137,sounds,411.210,411.520,0.310,0.000,408.100,3.110",,,,,,,,
"1138,through,411.600,412.080,0.480,0.080,408.100,3.500",,,,,,,,
"1139,the,412.080,412.310,0.230,0.000,412.740,-0.660",,,,,,,,
"1140,valley,412.310,412.920,0.610,0.000,412.740,-0.430",,,,,,,,
"1141,nobody,412.980,413.470,0.490,0.060,412.740,0.240",,,,,,,,
"1142,sleeps,413.470,413.960,0.490,0.000,414.360,-0.890",,,,,,,,
"1143,deep,413.960,414.280,0.320,0.000,414.360,-0.400",,,,,,,,
"1144,and,414.280,414.560,0.280,0.000,414.360,-0.080",,,,,,,,
"1145,nobody,414.560,415.010,0.450,0.000,414.360,0.200",,,,,,,,
"1146,sleeps,415.010,415.670,0.660,0.000,416.720,-1.710",,,,,,,,
"1147,long,415.670,415.820,0.150,0.000,416.720,-1.050",,,,,,,,
"1148,The,416.090,416.300,0.210,0.270,416.720,-0.630",,,,,,,,
"1149,body,416.300,416.620,0.320,0.000,416.720,-0.420",,,,,,,,
"1150,does,416.620,417.180,0.560,0.000,416.720,-0.100",,,,,,,,
"1151,not,417.180,417.480,0.300,0.000,416.720,0.460",,,,,,,,
"1152,wait,417.480,417.600,0.120,0.000,416.720,0.760",,,,,,,,
"1153,for,417.600,417.760,0.160,0.000,416.720,0.880",,,,,,,,
"1154,the,417.760,417.840,0.080,0.000,416.720,1.040",,,,,,,,
"1155,mind,417.840,418.080,0.240,0.000,416.720,1.120",,,,,,,,
"1156,to,418.080,418.260,0.180,0.000,416.720,1.360",,,,,,,,
"1157,decide,418.260,418.810,0.550,0.000,416.720,1.540",,,,,,,,
"1158,if,418.810,418.980,0.170,0.000,416.720,2.090",,,,,,,,
"1159,a,418.980,419.480,0.500,0.000,416.720,2.260",,,,,,,,
"1160,sound,419.480,419.600,0.120,0.000,416.720,2.760",,,,,,,,
"1161,is,419.600,419.730,0.130,0.000,416.720,2.880",,,,,,,,
"1162,worth,419.730,420.190,0.460,0.000,416.720,3.010",,,,,,,,
"1163,waking,420.190,420.750,0.560,0.000,421.840,-1.650",,,,,,,,
"1164,for,420.750,421.120,0.370,0.000,421.840,-1.090",,,,,,,,
"1165,Night,421.380,421.840,0.460,0.260,421.840,-0.460",,,,,,,,
"1166,is,421.840,422.230,0.390,0.000,421.840,0.000",,,,,,,,
"1167,not,422.230,422.240,0.010,0.000,421.840,0.390",,,,,,,,
"1168,quiet,422.240,422.690,0.450,0.000,421.840,0.400",,,,,,,,
"1169,It,422.970,423.150,0.180,0.280,423.560,-0.590",,,,,,,,
"1170,is,423.150,423.320,0.170,0.000,423.560,-0.410",,,,,,,,
"1171,full,423.320,423.690,0.370,0.000,423.560,-0.240",,,,,,,,
"1172,of,423.690,424.040,0.350,0.000,423.560,0.130",,,,,,,,
"1173,noise,424.040,424.340,0.300,0.000,423.560,0.480",,,,,,,,
"1174,almost,424.640,425.920,1.280,0.300,425.520,-0.880",,,,,,,,
"1175,all,425.920,426.100,0.180,0.000,425.520,0.400",,,,,,,,
"1176,of,426.100,426.160,0.060,0.000,425.520,0.580",,,,,,,,
"1177,it,426.160,426.350,0.190,0.000,425.520,0.640",,,,,,,,
"1178,meaningless,426.350,427.560,1.210,0.000,428.300,-1.950",,,,,,,,
"1179,Wind,427.690,428.110,0.420,0.130,428.300,-0.610",,,,,,,,
"1180,Small,428.330,428.800,0.470,0.220,429.420,-1.090",,,,,,,,
"1181,animals,428.800,429.460,0.660,0.000,429.420,-0.620",,,,,,,,
"1182,The,429.730,430.310,0.580,0.270,429.420,0.310",,,,,,,,
"1183,fire,430.310,430.400,0.090,0.000,431.500,-1.190",,,,,,,,
"1184,settling,430.400,431.160,0.760,0.000,431.500,-1.100",,,,,,,,
"1185,Br,431.430,432.120,0.690,0.270,431.500,-0.070",,,,,,,,
"1186,anches,432.120,432.200,0.080,0.000,431.500,0.620",,,,,,,,
"1187,pulling,432.200,432.860,0.660,0.000,432.980,-0.780",,,,,,,,
"1188,tight,432.860,433.330,0.470,0.000,432.980,-0.120",,,,,,,,
"1189,in,433.330,433.550,0.220,0.000,432.980,0.350",,,,,,,,
"1190,the,433.550,433.800,0.250,0.000,432.980,0.570",,,,,,,,
"1191,cold,433.800,434.180,0.380,0.000,432.980,0.820",,,,,,,,
"1192,Sleeping,435.600,435.680,0.080,1.420,435.680,-0.080",,,,,,,,
"1193,people,435.680,435.750,0.070,0.000,435.680,0.000",,,,,,,,
"1194,breathing,435.750,436.120,0.370,0.000,435.680,0.070",,,,,,,,
"1195,You,437.000,437.020,0.020,0.880,437.540,-0.540",,,,,,,,
"1196,spend,437.020,437.430,0.410,0.000,437.540,-0.520",,,,,,,,
"1197,your,437.430,437.770,0.340,0.000,437.540,-0.110",,,,,,,,
"1198,second,437.770,438.280,0.510,0.000,437.540,0.230",,,,,,,,
"1199,month,438.280,438.700,0.420,0.000,437.540,0.740",,,,,,,,
"1200,in,438.700,438.900,0.200,0.000,437.540,1.160",,,,,,,,
"1201,rotation,438.900,439.750,0.850,0.000,439.680,-0.780",,,,,,,,
"1202,learning,439.750,440.170,0.420,0.000,439.680,0.070",,,,,,,,
"1203,to,440.170,440.400,0.230,0.000,439.680,0.490",,,,,,,,
"1204,separate,440.400,440.870,0.470,0.000,439.680,0.720",,,,,,,,
"1205,the,440.870,441.280,0.410,0.000,439.680,1.190",,,,,,,,
"1206,that,441.360,441.620,0.260,0.080,439.680,1.680",,,,,,,,
"1207,matter,441.620,441.800,0.180,0.000,439.680,1.940",,,,,,,,
"1208,from,441.800,442.680,0.880,0.000,439.680,2.120",,,,,,,,
"1209,the,442.680,442.730,0.050,0.000,439.680,3.000",,,,,,,,
"1210,enormous,442.730,443.450,0.720,0.000,439.680,3.050",,,,,,,,
"1211,volume,443.450,443.930,0.480,0.000,439.680,3.770",,,,,,,,
"1212,that,443.930,444.320,0.390,0.000,439.680,4.250",,,,,,,,
"1213,do,444.320,444.440,0.120,0.000,439.680,4.640",,,,,,,,
"1214,not,444.440,444.700,0.260,0.000,445.840,-1.400",,,,,,,,
"1215,You,445.060,445.430,0.370,0.360,445.840,-0.780",,,,,,,,
"1216,are,445.430,445.470,0.040,0.000,445.840,-0.410",,,,,,,,
"1217,not,445.470,445.850,0.380,0.000,445.840,-0.370",,,,,,,,
"1218,listening,445.850,446.490,0.640,0.000,445.840,0.010",,,,,,,,
"1219,for,446.490,446.800,0.310,0.000,445.840,0.650",,,,,,,,
"1220,a,446.800,447.240,0.440,0.000,445.840,0.960",,,,,,,,
"1221,sound,447.240,447.270,0.030,0.000,445.840,1.400",,,,,,,,
"1222,You,447.600,448.320,0.720,0.330,448.340,-0.740",,,,,,,,
"1223,are,448.320,448.480,0.160,0.000,448.340,-0.020",,,,,,,,
"1224,listening,448.480,448.960,0.480,0.000,448.340,0.140",,,,,,,,
"1225,for,448.960,449.190,0.230,0.000,448.340,0.620",,,,,,,,
"1226,the,449.190,449.420,0.230,0.000,448.340,0.850",,,,,,,,
"1227,absence,449.420,449.970,0.550,0.000,448.340,1.080",,,,,,,,
"1228,of,449.970,450.350,0.380,0.000,448.340,1.630",,,,,,,,
"1229,one,450.350,450.380,0.030,0.000,451.700,-1.350",,,,,,,,
"1230,When,450.590,450.910,0.320,0.210,451.700,-1.110",,,,,,,,
"1231,the,450.910,451.130,0.220,0.000,451.700,-0.790",,,,,,,,
"1232,brush,451.130,451.510,0.380,0.000,451.700,-0.570",,,,,,,,
"1233,mice,451.510,451.820,0.310,0.000,451.700,-0.190",,,,,,,,
"1234,stop,451.820,452.130,0.310,0.000,451.700,0.120",,,,,,,,
"1235,moving,452.130,452.600,0.470,0.000,451.700,0.430",,,,,,,,
"1236,through,452.600,453.150,0.550,0.000,451.700,0.900",,,,,,,,
"1237,dry,453.150,453.380,0.230,0.000,451.700,1.450",,,,,,,,
"1238,leaves,453.380,453.850,0.470,0.000,451.700,1.680",,,,,,,,
"1239,something,454.000,454.920,0.920,0.150,454.540,-0.540",,,,,,,,
"1240,stop,454.920,455.120,0.200,0.000,454.540,0.380",,,,,,,,
"1241,them,455.120,455.260,0.140,0.000,454.540,0.580",,,,,,,,
"1242,the,456.000,456.080,0.080,0.740,456.280,-0.280",,,,,,,,
"1243,night,456.080,456.100,0.020,0.000,456.280,-0.200",,,,,,,,
"1244,birds,456.100,456.410,0.310,0.000,456.280,-0.180",,,,,,,,
"1245,cut,456.410,456.580,0.170,0.000,456.280,0.130",,,,,,,,
"1246,off,456.580,456.730,0.150,0.000,456.280,0.300",,,,,,,,
"1247,mid,456.730,456.940,0.210,0.000,456.280,0.450",,,,,,,,
"1248,call,457.010,457.380,0.370,0.070,456.280,0.730",,,,,,,,
"1249,something,457.420,457.950,0.530,0.040,456.280,1.140",,,,,,,,
"1250,passed,457.950,458.310,0.360,0.000,456.280,1.670",,,,,,,,
"1251,under,458.310,458.620,0.310,0.000,456.280,2.030",,,,,,,,
"1252,them,458.620,458.870,0.250,0.000,456.280,2.340",,,,,,,,
"1253,These,459.120,460.180,1.060,0.250,460.560,-1.440",,,,,,,,
"1254,gaps,460.180,461.040,0.860,0.000,460.560,-0.380",,,,,,,,
"1255,tell,461.040,461.200,0.160,0.000,460.560,0.480",,,,,,,,
"1256,you,461.200,461.350,0.150,0.000,460.560,0.640",,,,,,,,
"1257,more,461.350,461.520,0.170,0.000,460.560,0.790",,,,,,,,
"1258,than,461.520,461.760,0.240,0.000,460.560,0.960",,,,,,,,
"1259,any,461.760,461.950,0.190,0.000,460.560,1.200",,,,,,,,
"1260,loud,461.950,462.200,0.250,0.000,460.560,1.390",,,,,,,,
"1261,noise,462.200,462.490,0.290,0.000,460.560,1.640",,,,,,,,
"1262,could,462.490,462.840,0.350,0.000,460.560,1.930",,,,,,,,
"1263,You,463.160,463.220,0.060,0.320,463.560,-0.400",,,,,,,,
"1264,get,463.220,463.410,0.190,0.000,463.560,-0.340",,,,,,,,
"1265,it,463.410,463.540,0.130,0.000,463.560,-0.150",,,,,,,,
"1266,wrong,463.540,463.860,0.320,0.000,463.560,-0.020",,,,,,,,
"1267,twice,463.860,464.180,0.320,0.000,463.560,0.300",,,,,,,,
"1268,in,464.180,464.320,0.140,0.000,463.560,0.620",,,,,,,,
"1269,your,464.320,464.560,0.240,0.000,463.560,0.760",,,,,,,,
"1270,first,464.560,464.880,0.320,0.000,463.560,1.000",,,,,,,,
"1271,season,464.880,465.260,0.380,0.000,463.560,1.320",,,,,,,,
"1272,The,465.910,465.920,0.010,0.650,466.680,-0.770",,,,,,,,
"1273,first,465.920,466.580,0.660,0.000,466.680,-0.760",,,,,,,,
"1274,time,466.580,467.060,0.480,0.000,466.680,-0.100",,,,,,,,
"1275,you,467.060,467.680,0.620,0.000,466.680,0.380",,,,,,,,
"1276,raise,467.680,467.720,0.040,0.000,466.680,1.000",,,,,,,,
"1277,an,467.720,467.840,0.120,0.000,466.680,1.040",,,,,,,,
"1278,alert,467.920,468.180,0.260,0.080,466.680,1.240",,,,,,,,
"1279,for,468.180,468.370,0.190,0.000,466.680,1.500",,,,,,,,
"1280,a,468.370,468.440,0.070,0.000,466.680,1.690",,,,,,,,
"1281,branch,468.440,469.240,0.800,0.000,466.680,1.760",,,,,,,,
"1282,dropping,469.240,469.410,0.170,0.000,466.680,2.560",,,,,,,,
"1283,from,469.410,469.680,0.270,0.000,466.680,2.730",,,,,,,,
"1284,a,469.680,469.790,0.110,0.000,466.680,3.000",,,,,,,,
"1285,snow,469.790,470.020,0.230,0.000,466.680,3.110",,,,,,,,
"1286,loaded,470.080,470.490,0.410,0.060,466.680,3.400",,,,,,,,
"1287,tree,470.490,470.760,0.270,0.000,471.260,-0.770",,,,,,,,
"1288,The,470.960,471.160,0.200,0.200,471.260,-0.300",,,,,,,,
"1289,whole,471.160,471.460,0.300,0.000,471.260,-0.100",,,,,,,,
"1290,camp,471.460,471.990,0.530,0.000,471.260,0.200",,,,,,,,
"1291,stands,471.990,472.180,0.190,0.000,471.260,0.730",,,,,,,,
"1292,up,472.180,472.410,0.230,0.000,471.260,0.920",,,,,,,,
"1293,and,472.410,472.510,0.100,0.000,471.260,1.150",,,,,,,,
"1294,it,472.510,472.640,0.130,0.000,471.260,1.250",,,,,,,,
"1295,takes,472.640,473.040,0.400,0.000,471.260,1.380",,,,,,,,
"1296,several,473.040,473.440,0.400,0.000,471.260,1.780",,,,,,,,
"1297,minutes,473.440,473.990,0.550,0.000,471.260,2.180",,,,,,,,
"1298,to,473.990,474.140,0.150,0.000,471.260,2.730",,,,,,,,
"1299,settle,474.140,474.840,0.700,0.000,474.700,-0.560",,,,,,,,
"1300,Nobody,474.860,475.310,0.450,0.020,474.700,0.160",,,,,,,,
"1301,is,475.310,475.460,0.150,0.000,474.700,0.610",,,,,,,,
"1302,angry,475.460,475.850,0.390,0.000,474.700,0.760",,,,,,,,
"1303,with,475.850,476.160,0.310,0.000,477.460,-1.610",,,,,,,,
"1304,you,476.160,476.480,0.320,0.000,477.460,-1.300",,,,,,,,
"1305,But,476.740,476.850,0.110,0.260,477.460,-0.720",,,,,,,,
"1306,the,476.850,477.050,0.200,0.000,477.460,-0.610",,,,,,,,
"1307,waste,477.050,477.590,0.540,0.000,477.460,-0.410",,,,,,,,
"1308,of,477.590,477.620,0.030,0.000,477.460,0.130",,,,,,,,
"1309,it,477.620,477.770,0.150,0.000,477.460,0.160",,,,,,,,
"1310,stays,477.770,478.160,0.390,0.000,477.460,0.310",,,,,,,,
"1311,in,478.160,478.310,0.150,0.000,477.460,0.700",,,,,,,,
"1312,your,478.310,478.610,0.300,0.000,477.460,0.850",,,,,,,,
"1313,chest,478.610,479.020,0.410,0.000,477.460,1.150",,,,,,,,
"1314,the,479.280,479.470,0.190,0.260,479.500,-0.220",,,,,,,,
"1315,specific,479.470,479.980,0.510,0.000,479.500,-0.030",,,,,,,,
"1316,burn,479.980,480.210,0.230,0.000,479.500,0.480",,,,,,,,
"1317,of,480.210,480.350,0.140,0.000,479.500,0.710",,,,,,,,
"1318,a,480.350,480.680,0.330,0.000,479.500,0.850",,,,,,,,
"1319,false,480.680,480.730,0.050,0.000,479.500,1.180",,,,,,,,
"1320,alarm,480.730,481.050,0.320,0.000,479.500,1.230",,,,,,,,
"1321,and,481.230,481.360,0.130,0.180,479.500,1.730",,,,,,,,
"1322,you,481.360,481.550,0.190,0.000,481.720,-0.360",,,,,,,,
"1323,do,481.550,481.670,0.120,0.000,481.720,-0.170",,,,,,,,
"1324,not,481.670,481.860,0.190,0.000,481.720,-0.050",,,,,,,,
"1325,want,481.860,482.110,0.250,0.000,481.720,0.140",,,,,,,,
"1326,to,482.110,482.320,0.210,0.000,481.720,0.390",,,,,,,,
"1327,carry,482.320,482.580,0.260,0.000,481.720,0.600",,,,,,,,
"1328,that,482.580,482.800,0.220,0.000,481.720,0.860",,,,,,,,
"1329,feeling,482.800,483.430,0.630,0.000,481.720,1.080",,,,,,,,
"1330,again,483.430,483.560,0.130,0.000,481.720,1.710",,,,,,,,
"1331,second,484.640,484.720,0.080,1.080,484.840,-0.200",,,,,,,,
"1332,time,484.720,484.940,0.220,0.000,484.840,-0.120",,,,,,,,
"1333,you,485.110,485.360,0.250,0.170,484.840,0.270",,,,,,,,
"1334,wait,485.360,485.710,0.350,0.000,485.960,-0.600",,,,,,,,
"1335,too,485.710,486.060,0.350,0.000,485.960,-0.250",,,,,,,,
"1336,long,486.060,486.290,0.230,0.000,485.960,0.100",,,,,,,,
"1337,You,486.590,486.810,0.220,0.300,487.240,-0.650",,,,,,,,
"1338,hear,486.810,487.130,0.320,0.000,487.240,-0.430",,,,,,,,
"1339,the,487.130,487.380,0.250,0.000,487.240,-0.110",,,,,,,,
"1340,interruption,487.380,488.370,0.990,0.000,487.240,0.140",,,,,,,,
"1341,and,488.370,488.790,0.420,0.000,487.240,1.130",,,,,,,,
"1342,you,488.790,488.800,0.010,0.000,487.240,1.550",,,,,,,,
"1343,talk,488.800,489.040,0.240,0.000,487.240,1.560",,,,,,,,
"1344,yourself,489.040,489.500,0.460,0.000,487.240,1.800",,,,,,,,
"1345,out,489.500,489.680,0.180,0.000,487.240,2.260",,,,,,,,
"1346,of,489.680,489.840,0.160,0.000,487.240,2.440",,,,,,,,
"1347,trusting,489.840,490.240,0.400,0.000,487.240,2.600",,,,,,,,
"1348,it,490.240,490.410,0.170,0.000,491.420,-1.180",,,,,,,,
"1349,The,490.670,490.930,0.260,0.260,491.420,-0.750",,,,,,,,
"1350,threat,490.930,491.620,0.690,0.000,491.420,-0.490",,,,,,,,
"1351,is,491.620,491.650,0.030,0.000,491.420,0.200",,,,,,,,
"1352,a,491.650,491.700,0.050,0.000,491.420,0.230",,,,,,,,
"1353,lone,491.700,492.050,0.350,0.000,491.420,0.280",,,,,,,,
"1354,dire,492.050,492.410,0.360,0.000,491.420,0.630",,,,,,,,
"1355,wolf,492.410,492.780,0.370,0.000,491.420,0.990",,,,,,,,
"1356,testing,492.780,493.360,0.580,0.000,491.420,1.360",,,,,,,,
"1357,the,493.360,493.620,0.260,0.000,491.420,1.940",,,,,,,,
"1358,perimeter,493.620,494.410,0.790,0.000,491.420,2.200",,,,,,,,
"1359,drawn,494.410,494.850,0.440,0.000,495.020,-0.610",,,,,,,,
"1360,by,494.850,495.020,0.170,0.000,495.020,-0.170",,,,,,,,
"1361,the,495.020,495.280,0.260,0.000,495.020,0.000",,,,,,,,
"1362,smell,495.280,495.760,0.480,0.000,495.020,0.260",,,,,,,,
"1363,of,495.760,496.200,0.440,0.000,495.020,0.740",,,,,,,,
"1364,the,496.200,496.240,0.040,0.000,495.020,1.180",,,,,,,,
"1365,previous,496.240,496.770,0.530,0.000,495.020,1.220",,,,,,,,
"1366,day,496.770,496.880,0.110,0.000,495.020,1.750",,,,,,,,
"1367,'s,496.880,496.960,0.080,0.000,495.020,1.860",,,,,,,,
"1368,butcher,497.040,497.450,0.410,0.080,498.520,-1.480",,,,,,,,
"1369,ing,497.450,497.660,0.210,0.000,498.520,-1.070",,,,,,,,
"1370,D,497.840,497.950,0.110,0.180,498.520,-0.680",,,,,,,,
"1371,eret,497.950,498.380,0.430,0.000,498.520,-0.570",,,,,,,,
"1372,spots,498.380,498.590,0.210,0.000,498.520,-0.140",,,,,,,,
"1373,it,498.590,498.730,0.140,0.000,498.520,0.070",,,,,,,,
"1374,from,498.730,499.010,0.280,0.000,498.520,0.210",,,,,,,,
"1375,his,499.010,499.220,0.210,0.000,498.520,0.490",,,,,,,,
"1376,post,499.220,499.500,0.280,0.000,498.520,0.700",,,,,,,,
"1377,and,499.500,499.700,0.200,0.000,498.520,0.980",,,,,,,,
"1378,turns,499.700,500.070,0.370,0.000,498.520,1.180",,,,,,,,
"1379,it,500.070,500.260,0.190,0.000,498.520,1.550",,,,,,,,
"1380,back,500.260,500.490,0.230,0.000,498.520,1.740",,,,,,,,
"1381,with,500.490,500.690,0.200,0.000,498.520,1.970",,,,,,,,
"1382,a,500.690,501.110,0.420,0.000,498.520,2.170",,,,,,,,
"1383,thrown,501.110,501.270,0.160,0.000,498.520,2.590",,,,,,,,
"1384,stone,501.270,501.630,0.360,0.000,498.520,2.750",,,,,,,,
"1385,before,501.630,502.060,0.430,0.000,498.520,3.110",,,,,,,,
"1386,it,502.060,502.270,0.210,0.000,498.520,3.540",,,,,,,,
"1387,gets,502.270,502.650,0.380,0.000,498.520,3.750",,,,,,,,
"1388,close,502.650,502.920,0.270,0.000,498.520,4.130",,,,,,,,
"1389,finds,503.840,503.920,0.080,0.920,503.980,-0.140",,,,,,,,
"1390,you,503.920,503.970,0.050,0.000,503.980,-0.060",,,,,,,,
"1391,at,503.970,504.170,0.200,0.000,503.980,-0.010",,,,,,,,
"1392,your,504.170,504.560,0.390,0.000,503.980,0.190",,,,,,,,
"1393,post,504.560,505.260,0.700,0.000,503.980,0.580",,,,,,,,
"1394,afterward,505.260,505.890,0.630,0.000,506.540,-1.280",,,,,,,,
"1395,He,506.200,506.390,0.190,0.310,506.540,-0.340",,,,,,,,
"1396,tells,506.390,506.900,0.510,0.000,506.540,-0.150",,,,,,,,
"1397,you,506.900,507.200,0.300,0.000,506.540,0.360",,,,,,,,
"1398,one,507.200,507.990,0.790,0.000,508.260,-1.060",,,,,,,,
"1399,thing,507.990,508.080,0.090,0.000,508.260,-0.270",,,,,,,,
"1400,and,508.080,508.410,0.330,0.000,508.260,-0.180",,,,,,,,
"1401,you,508.410,508.520,0.110,0.000,508.260,0.150",,,,,,,,
"1402,never,508.520,508.890,0.370,0.000,508.260,0.260",,,,,,,,
"1403,stop,508.890,509.150,0.260,0.000,508.260,0.630",,,,,,,,
"1404,carrying,509.150,509.540,0.390,0.000,508.260,0.890",,,,,,,,
"1405,it,509.540,509.760,0.220,0.000,508.260,1.280",,,,,,,,
"1406,knows,510.960,511.040,0.080,1.200,511.140,-0.180",,,,,,,,
"1407,before,511.040,511.460,0.420,0.000,511.140,-0.100",,,,,,,,
"1408,the,511.460,511.590,0.130,0.000,511.140,0.320",,,,,,,,
"1409,mind,511.590,512.380,0.790,0.000,511.140,0.450",,,,,,,,
"1410,agrees,512.380,512.700,0.320,0.000,511.140,1.240",,,,,,,,
"1411,When,513.040,513.460,0.420,0.340,513.760,-0.720",,,,,,,,
"1412,something,513.460,514.410,0.950,0.000,513.760,-0.300",,,,,,,,
"1413,in,514.410,514.570,0.160,0.000,513.760,0.650",,,,,,,,
"1414,you,514.570,515.110,0.540,0.000,513.760,0.810",,,,,,,,
"1415,says,515.110,515.200,0.090,0.000,513.760,1.350",,,,,,,,
"1416,a,515.200,515.360,0.160,0.000,513.760,1.440",,,,,,,,
"1417,pattern,515.360,515.760,0.400,0.000,513.760,1.600",,,,,,,,
"1418,has,515.760,515.920,0.160,0.000,513.760,2.000",,,,,,,,
"1419,broken,515.920,516.400,0.480,0.000,513.760,2.160",,,,,,,,
"1420,is,516.960,517.040,0.080,0.560,517.020,-0.060",,,,,,,,
"1421,enough,517.040,517.420,0.380,0.000,517.020,0.020",,,,,,,,
"1422,Stop,517.680,518.380,0.700,0.260,519.080,-1.400",,,,,,,,
"1423,waiting,518.380,518.700,0.320,0.000,519.080,-0.700",,,,,,,,
"1424,for,518.700,518.980,0.280,0.000,519.080,-0.380",,,,,,,,
"1425,your,518.980,519.350,0.370,0.000,519.080,-0.100",,,,,,,,
"1426,mind,519.350,519.720,0.370,0.000,519.080,0.270",,,,,,,,
"1427,to,519.720,520.000,0.280,0.000,519.080,0.640",,,,,,,,
"1428,finish,520.000,520.460,0.460,0.000,519.080,0.920",,,,,,,,
"1429,arguing,520.460,521.110,0.650,0.000,519.080,1.380",,,,,,,,
"1430,Level,523.520,523.830,0.310,2.410,523.500,0.020",,,,,,,,
"1431,5,523.830,523.960,0.130,0.000,523.500,0.330",,,,,,,,
"1432,The,524.100,524.840,0.740,0.140,524.640,-0.540",,,,,,,,
"1433,hunter,524.840,524.990,0.150,0.000,524.640,0.200",,,,,,,,
"1434,who,524.990,525.220,0.230,0.000,524.640,0.350",,,,,,,,
"1435,fights,525.220,525.690,0.470,0.000,524.640,0.580",,,,,,,,
"1436,at,525.690,525.840,0.150,0.000,524.640,1.050",,,,,,,,
"1437,night,525.840,526.230,0.390,0.000,526.340,-0.500",,,,,,,,
"1438,you,526.480,526.610,0.130,0.250,526.340,0.140",,,,,,,,
"1439,are,526.610,526.840,0.230,0.000,526.340,0.270",,,,,,,,
"1440,26,526.840,527.590,0.750,0.000,528.600,-1.760",,,,,,,,
"1441,Fear,527.800,528.390,0.590,0.210,528.600,-0.800",,,,,,,,
"1442,no,528.390,528.740,0.350,0.000,528.600,-0.210",,,,,,,,
"1443,longer,528.740,529.600,0.860,0.000,528.600,0.140",,,,,,,,
"1444,leads,529.600,530.000,0.400,0.000,528.600,1.000",,,,,,,,
"1445,when,530.000,530.160,0.160,0.000,528.600,1.400",,,,,,,,
"1446,you,530.160,530.440,0.280,0.000,528.600,1.560",,,,,,,,
"1447,move,530.440,530.560,0.120,0.000,528.600,1.840",,,,,,,,
"1448,in,530.560,530.640,0.080,0.000,528.600,1.960",,,,,,,,
"1449,darkness,530.640,531.280,0.640,0.000,528.600,2.040",,,,,,,,
"1450,It,531.520,531.670,0.150,0.240,531.680,-0.160",,,,,,,,
"1451,runs,531.670,531.980,0.310,0.000,531.680,-0.010",,,,,,,,
"1452,alongside,531.980,532.910,0.930,0.000,531.680,0.300",,,,,,,,
"1453,you,532.910,532.940,0.030,0.000,531.680,1.230",,,,,,,,
"1454,now,532.940,533.150,0.210,0.000,533.600,-0.660",,,,,,,,
"1455,present,533.290,533.830,0.540,0.140,533.600,-0.310",,,,,,,,
"1456,but,533.830,534.060,0.230,0.000,534.480,-0.650",,,,,,,,
"1457,not,534.060,534.290,0.230,0.000,534.480,-0.420",,,,,,,,
"1458,in,534.290,534.440,0.150,0.000,534.480,-0.190",,,,,,,,
"1459,charge,534.440,534.900,0.460,0.000,534.480,-0.040",,,,,,,,
"1460,The,535.280,535.670,0.390,0.380,536.040,-0.760",,,,,,,,
"1461,night,535.670,536.090,0.420,0.000,536.040,-0.370",,,,,,,,
"1462,that,536.090,536.480,0.390,0.000,536.040,0.050",,,,,,,,
"1463,changes,536.480,537.040,0.560,0.000,536.040,0.440",,,,,,,,
"1464,you,537.040,537.480,0.440,0.000,536.040,1.000",,,,,,,,
"1465,comes,537.480,537.600,0.120,0.000,536.040,1.440",,,,,,,,
"1466,in,537.600,537.760,0.160,0.000,536.040,1.560",,,,,,,,
"1467,late,537.760,538.080,0.320,0.000,536.040,1.720",,,,,,,,
"1468,autumn,538.080,538.560,0.480,0.000,539.380,-1.300",,,,,,,,
"1469,Your,538.800,539.480,0.680,0.240,539.380,-0.580",,,,,,,,
"1470,group,539.480,539.520,0.040,0.000,539.380,0.100",,,,,,,,
"1471,drives,539.520,540.030,0.510,0.000,539.380,0.140",,,,,,,,
"1472,a,540.030,540.080,0.050,0.000,539.380,0.650",,,,,,,,
"1473,small,540.080,540.480,0.400,0.000,539.380,0.700",,,,,,,,
"1474,or,540.480,540.640,0.160,0.000,539.380,1.100",,,,,,,,
"1475,yx,540.640,540.800,0.160,0.000,539.380,1.260",,,,,,,,
"1476,herd,540.800,541.120,0.320,0.000,539.380,1.420",,,,,,,,
"1477,toward,541.120,541.600,0.480,0.000,539.380,1.740",,,,,,,,
"1478,a,541.600,541.680,0.080,0.000,539.380,2.220",,,,,,,,
"1479,valley,541.680,542.240,0.560,0.000,539.380,2.300",,,,,,,,
"1480,narrowing,542.240,542.960,0.720,0.000,543.080,-0.840",,,,,,,,
"1481,and,542.960,543.200,0.240,0.000,543.080,-0.120",,,,,,,,
"1482,three,543.200,544.040,0.840,0.000,543.080,0.120",,,,,,,,
"1483,animals,544.040,544.080,0.040,0.000,543.080,0.960",,,,,,,,
"1484,break,544.080,544.320,0.240,0.000,543.080,1.000",,,,,,,,
"1485,sideways,544.320,544.860,0.540,0.000,543.080,1.240",,,,,,,,
"1486,into,544.860,544.960,0.100,0.000,543.080,1.780",,,,,,,,
"1487,the,544.960,545.720,0.760,0.000,543.080,1.880",,,,,,,,
"1488,trees,545.720,545.740,0.020,0.000,543.080,2.640",,,,,,,,
"1489,instead,545.740,546.270,0.530,0.000,543.080,2.660",,,,,,,,
"1490,of,546.270,546.350,0.080,0.000,543.080,3.190",,,,,,,,
"1491,funnel,546.350,546.770,0.420,0.000,543.080,3.270",,,,,,,,
"1492,ing,546.770,546.980,0.210,0.000,543.080,3.690",,,,,,,,
"1493,through,546.980,547.470,0.490,0.000,548.200,-1.220",,,,,,,,
"1494,Two,547.680,547.890,0.210,0.210,548.200,-0.520",,,,,,,,
"1495,hunters,547.890,548.470,0.580,0.000,548.200,-0.310",,,,,,,,
"1496,go,548.470,548.520,0.050,0.000,548.200,0.270",,,,,,,,
"1497,after,548.520,548.890,0.370,0.000,548.200,0.320",,,,,,,,
"1498,them,548.890,549.150,0.260,0.000,548.200,0.690",,,,,,,,
"1499,You,549.440,551.320,1.880,0.290,551.200,-1.760",,,,,,,,
"1500,are,551.320,551.360,0.040,0.000,551.200,0.120",,,,,,,,
"1501,one,551.360,551.480,0.120,0.000,551.200,0.160",,,,,,,,
"1502,The,552.320,552.480,0.160,0.840,552.440,-0.120",,,,,,,,
"1503,other,552.480,552.740,0.260,0.000,552.440,0.040",,,,,,,,
"1504,is,552.740,552.900,0.160,0.000,553.340,-0.600",,,,,,,,
"1505,Y,552.900,553.120,0.220,0.000,553.340,-0.440",,,,,,,,
"1506,arrow,553.120,553.640,0.520,0.000,553.340,-0.220",,,,,,,,
"1507,30,553.680,554.190,0.510,0.040,554.440,-0.760",,,,,,,,
"1508,years,554.190,554.560,0.370,0.000,554.440,-0.250",,,,,,,,
"1509,old,554.560,554.800,0.240,0.000,554.440,0.120",,,,,,,,
"1510,the,554.960,555.280,0.320,0.160,555.860,-0.900",,,,,,,,
"1511,most,555.280,555.540,0.260,0.000,555.860,-0.580",,,,,,,,
"1512,composed,555.540,556.390,0.850,0.000,555.860,-0.320",,,,,,,,
"1513,man,556.390,556.400,0.010,0.000,555.860,0.530",,,,,,,,
"1514,on,556.400,556.560,0.160,0.000,555.860,0.540",,,,,,,,
"1515,any,556.560,556.810,0.250,0.000,555.860,0.700",,,,,,,,
"1516,hunt,556.810,557.120,0.310,0.000,555.860,0.950",,,,,,,,
"1517,you,557.120,557.360,0.240,0.000,555.860,1.260",,,,,,,,
"1518,have,557.360,557.930,0.570,0.000,555.860,1.500",,,,,,,,
"1519,been,557.930,558.160,0.230,0.000,555.860,2.070",,,,,,,,
"1520,on,558.160,558.200,0.040,0.000,555.860,2.300",,,,,,,,
"1521,is,559.440,559.520,0.080,1.240,559.600,-0.160",,,,,,,,
"1522,going,559.520,559.760,0.240,0.000,559.600,-0.080",,,,,,,,
"1523,fast,559.760,559.950,0.190,0.000,559.600,0.160",,,,,,,,
"1524,You,560.150,560.840,0.690,0.200,559.600,0.550",,,,,,,,
"1525,push,560.840,560.990,0.150,0.000,559.600,1.240",,,,,,,,
"1526,through,560.990,561.540,0.550,0.000,561.680,-0.690",,,,,,,,
"1527,the,561.540,561.800,0.260,0.000,561.680,-0.140",,,,,,,,
"1528,tree,561.800,562.130,0.330,0.000,561.680,0.120",,,,,,,,
"1529,line,562.130,562.480,0.350,0.000,561.680,0.450",,,,,,,,
"1530,into,562.480,562.810,0.330,0.000,561.680,0.800",,,,,,,,
"1531,heavier,562.810,563.590,0.780,0.000,561.680,1.130",,,,,,,,
"1532,timber,563.590,564.010,0.420,0.000,564.180,-0.590",,,,,,,,
"1533,and,564.010,564.160,0.150,0.000,564.180,-0.170",,,,,,,,
"1534,the,564.160,564.310,0.150,0.000,564.180,-0.020",,,,,,,,
"1535,animals,564.310,564.720,0.410,0.000,564.180,0.130",,,,,,,,
"1536,are,564.720,564.900,0.180,0.000,564.180,0.540",,,,,,,,
"1537,already,564.900,565.220,0.320,0.000,564.180,0.720",,,,,,,,
"1538,gone,565.220,565.380,0.160,0.000,564.180,1.040",,,,,,,,
"1539,ahead,565.380,565.890,0.510,0.000,564.180,1.200",,,,,,,,
"1540,of,565.890,566.120,0.230,0.000,564.180,1.710",,,,,,,,
"1541,you,566.120,566.250,0.130,0.000,564.180,1.940",,,,,,,,
"1542,into,566.250,566.440,0.190,0.000,564.180,2.070",,,,,,,,
"1543,the,566.440,566.670,0.230,0.000,564.180,2.260",,,,,,,,
"1544,dark,566.670,566.890,0.220,0.000,567.380,-0.710",,,,,,,,
"1545,Y,567.050,567.110,0.060,0.160,567.380,-0.330",,,,,,,,
"1546,arrow,567.110,567.420,0.310,0.000,567.380,-0.270",,,,,,,,
"1547,signals,567.420,567.850,0.430,0.000,567.380,0.040",,,,,,,,
"1548,to,567.850,568.020,0.170,0.000,567.380,0.470",,,,,,,,
"1549,stop,568.020,568.220,0.200,0.000,567.380,0.640",,,,,,,,
"1550,You,568.870,568.880,0.010,0.650,569.800,-0.930",,,,,,,,
"1551,both,568.880,569.390,0.510,0.000,569.800,-0.920",,,,,,,,
"1552,go,569.390,569.650,0.260,0.000,569.800,-0.410",,,,,,,,
"1553,still,569.650,570.680,1.030,0.000,569.800,-0.150",,,,,,,,
"1554,You,570.720,571.440,0.720,0.040,571.360,-0.640",,,,,,,,
"1555,listen,571.440,571.890,0.450,0.000,572.620,-1.180",,,,,,,,
"1556,What,571.990,572.220,0.230,0.100,572.620,-0.630",,,,,,,,
"1557,you,572.220,572.840,0.620,0.000,572.620,-0.400",,,,,,,,
"1558,hear,572.840,572.990,0.150,0.000,572.620,0.220",,,,,,,,
"1559,instead,572.990,573.450,0.460,0.000,572.620,0.370",,,,,,,,
"1560,of,573.450,573.610,0.160,0.000,572.620,0.830",,,,,,,,
"1561,or,573.610,573.750,0.140,0.000,572.620,0.990",,,,,,,,
"1562,yx,573.750,573.900,0.150,0.000,572.620,1.130",,,,,,,,
"1563,is,573.900,574.050,0.150,0.000,572.620,1.280",,,,,,,,
"1564,something,574.050,574.740,0.690,0.000,574.600,-0.550",,,,,,,,
"1565,low,574.740,574.940,0.200,0.000,574.600,0.140",,,,,,,,
"1566,and,574.940,575.530,0.590,0.000,574.600,0.340",,,,,,,,
"1567,close,575.530,575.590,0.060,0.000,574.600,0.930",,,,,,,,
"1568,to,575.590,575.680,0.090,0.000,574.600,0.990",,,,,,,,
"1569,the,575.680,576.010,0.330,0.000,574.600,1.080",,,,,,,,
"1570,ground,576.010,576.350,0.340,0.000,574.600,1.410",,,,,,,,
"1571,A,576.640,577.400,0.760,0.290,577.800,-1.160",,,,,,,,
"1572,breathing,577.400,578.480,1.080,0.000,577.800,-0.400",,,,,,,,
"1573,that,578.480,578.720,0.240,0.000,577.800,0.680",,,,,,,,
"1574,belongs,578.800,579.180,0.380,0.080,577.800,1.000",,,,,,,,
"1575,to,579.180,579.290,0.110,0.000,577.800,1.380",,,,,,,,
"1576,neither,579.290,579.760,0.470,0.000,577.800,1.490",,,,,,,,
"1577,of,579.760,580.090,0.330,0.000,580.380,-0.620",,,,,,,,
"1578,you,580.090,580.140,0.050,0.000,580.380,-0.290",,,,,,,,
"1579,You,580.280,580.470,0.190,0.140,580.380,-0.100",,,,,,,,
"1580,cannot,580.470,580.890,0.420,0.000,580.380,0.090",,,,,,,,
"1581,locate,580.890,581.280,0.390,0.000,580.380,0.510",,,,,,,,
"1582,it,581.280,581.380,0.100,0.000,580.380,0.900",,,,,,,,
"1583,in,581.380,581.510,0.130,0.000,580.380,1.000",,,,,,,,
"1584,the,581.510,581.760,0.250,0.000,580.380,1.130",,,,,,,,
"1585,trees,581.760,582.030,0.270,0.000,582.560,-0.800",,,,,,,,
"1586,You,582.220,582.490,0.270,0.190,582.560,-0.340",,,,,,,,
"1587,do,582.490,582.510,0.020,0.000,582.560,-0.070",,,,,,,,
"1588,not,582.510,582.870,0.360,0.000,582.560,-0.050",,,,,,,,
"1589,move,582.870,582.990,0.120,0.000,582.560,0.310",,,,,,,,
"1590,Y,583.290,583.480,0.190,0.300,583.980,-0.690",,,,,,,,
"1591,arrow,583.480,584.640,1.160,0.000,583.980,-0.500",,,,,,,,
"1592,does,584.640,584.680,0.040,0.000,583.980,0.660",,,,,,,,
"1593,not,584.680,584.880,0.200,0.000,583.980,0.700",,,,,,,,
"1594,move,584.880,585.060,0.180,0.000,583.980,0.900",,,,,,,,
"1595,The,586.320,586.400,0.080,1.260,586.500,-0.180",,,,,,,,
"1596,breathing,586.400,586.420,0.020,0.000,586.500,-0.100",,,,,,,,
"1597,stops,586.420,586.820,0.400,0.000,586.500,-0.080",,,,,,,,
"1598,Three,587.720,587.740,0.020,0.900,588.180,-0.460",,,,,,,,
"1599,seconds,587.740,588.490,0.750,0.000,588.180,-0.440",,,,,,,,
"1600,Then,588.800,589.360,0.560,0.310,590.140,-1.340",,,,,,,,
"1601,Y,589.360,589.450,0.090,0.000,590.140,-0.780",,,,,,,,
"1602,arrow,589.450,590.470,1.020,0.000,590.140,-0.690",,,,,,,,
"1603,shifts,590.470,590.890,0.420,0.000,590.140,0.330",,,,,,,,
"1604,his,590.890,591.280,0.390,0.000,590.140,0.750",,,,,,,,
"1605,weight,591.280,592.010,0.730,0.000,590.140,1.140",,,,,,,,
"1606,back,592.010,592.240,0.230,0.000,590.140,1.870",,,,,,,,
"1607,one,592.240,592.280,0.040,0.000,590.140,2.100",,,,,,,,
"1608,foot,592.280,592.450,0.170,0.000,590.140,2.140",,,,,,,,
"1609,at,592.450,592.560,0.110,0.000,590.140,2.310",,,,,,,,
"1610,a,592.560,592.720,0.160,0.000,590.140,2.420",,,,,,,,
"1611,time,592.720,593.440,0.720,0.000,593.600,-0.880",,,,,,,,
"1612,and,593.440,593.590,0.150,0.000,593.600,-0.160",,,,,,,,
"1613,you,593.590,593.840,0.250,0.000,593.600,-0.010",,,,,,,,
"1614,mirror,593.840,594.310,0.470,0.000,593.600,0.240",,,,,,,,
"1615,him,594.310,594.540,0.230,0.000,593.600,0.710",,,,,,,,
"1616,exactly,594.540,595.240,0.700,0.000,593.600,0.940",,,,,,,,
"1617,You,595.370,595.570,0.200,0.130,596.400,-1.030",,,,,,,,
"1618,walk,595.570,595.890,0.320,0.000,596.400,-0.830",,,,,,,,
"1619,backward,595.890,596.520,0.630,0.000,596.400,-0.510",,,,,,,,
"1620,out,596.520,596.760,0.240,0.000,596.400,0.120",,,,,,,,
"1621,of,596.760,596.920,0.160,0.000,596.400,0.360",,,,,,,,
"1622,the,596.920,597.160,0.240,0.000,596.400,0.520",,,,,,,,
"1623,forest,597.160,597.950,0.790,0.000,596.400,0.760",,,,,,,,
"1624,with,597.950,597.990,0.040,0.000,596.400,1.550",,,,,,,,
"1625,your,597.990,598.270,0.280,0.000,596.400,1.590",,,,,,,,
"1626,spear,598.270,598.660,0.390,0.000,596.400,1.870",,,,,,,,
"1627,forward,598.660,599.440,0.780,0.000,599.420,-0.760",,,,,,,,
"1628,your,599.440,599.800,0.360,0.000,599.420,0.020",,,,,,,,
"1629,free,599.800,599.920,0.120,0.000,599.420,0.380",,,,,,,,
"1630,hand,599.920,600.240,0.320,0.000,599.420,0.500",,,,,,,,
"1631,trailing,600.240,600.750,0.510,0.000,599.420,0.820",,,,,,,,
"1632,behind,600.750,601.600,0.850,0.000,599.420,1.330",,,,,,,,
"1633,you,601.600,601.650,0.050,0.000,599.420,2.180",,,,,,,,
"1634,to,601.650,601.770,0.120,0.000,599.420,2.230",,,,,,,,
"1635,feel,601.770,602.080,0.310,0.000,599.420,2.350",,,,,,,,
"1636,for,602.080,602.320,0.240,0.000,603.580,-1.500",,,,,,,,
"1637,the,602.320,602.560,0.240,0.000,603.580,-1.260",,,,,,,,
"1638,tree,602.560,602.880,0.320,0.000,603.580,-1.020",,,,,,,,
"1639,line,602.880,603.280,0.400,0.000,603.580,-0.700",,,,,,,,
"1640,You,603.540,603.680,0.140,0.260,603.580,-0.040",,,,,,,,
"1641,reach,603.680,604.110,0.430,0.000,603.580,0.100",,,,,,,,
"1642,the,604.110,604.390,0.280,0.000,603.580,0.530",,,,,,,,
"1643,open,604.390,604.640,0.250,0.000,603.580,0.810",,,,,,,,
"1644,me,604.640,604.810,0.170,0.000,605.040,-0.400",,,,,,,,
"1645,adow,604.810,605.120,0.310,0.000,605.040,-0.230",,,,,,,,
"1646,and,605.120,605.360,0.240,0.000,605.040,0.080",,,,,,,,
"1647,you,605.360,605.550,0.190,0.000,605.040,0.320",,,,,,,,
"1648,both,605.550,606.200,0.650,0.000,606.420,-0.870",,,,,,,,
"1649,run,606.200,606.240,0.040,0.000,606.420,-0.220",,,,,,,,
"1650,not,606.320,606.440,0.120,0.080,606.420,-0.100",,,,,,,,
"1651,deciding,606.440,606.970,0.530,0.000,606.420,0.020",,,,,,,,
"1652,to,606.970,607.100,0.130,0.000,606.420,0.550",,,,,,,,
"1653,run,607.100,607.300,0.200,0.000,606.420,0.680",,,,,,,,
"1654,just,607.640,607.770,0.130,0.340,607.880,-0.240",,,,,,,,
"1655,running,607.770,608.190,0.420,0.000,607.880,-0.110",,,,,,,,
"1656,You,608.410,608.600,0.190,0.220,609.080,-0.670",,,,,,,,
"1657,return,608.600,608.980,0.380,0.000,609.080,-0.480",,,,,,,,
"1658,to,608.980,609.110,0.130,0.000,609.080,-0.100",,,,,,,,
"1659,the,609.110,609.310,0.200,0.000,609.080,0.030",,,,,,,,
"1660,main,609.310,609.580,0.270,0.000,609.080,0.230",,,,,,,,
"1661,group,609.580,610.020,0.440,0.000,609.080,0.500",,,,,,,,
"1662,and,610.020,610.390,0.370,0.000,609.080,0.940",,,,,,,,
"1663,report,610.390,610.520,0.130,0.000,609.080,1.310",,,,,,,,
"1664,The,610.810,611.840,1.030,0.290,611.660,-0.850",,,,,,,,
"1665,leader,611.840,612.200,0.360,0.000,611.660,0.180",,,,,,,,
"1666,listens,612.200,612.560,0.360,0.000,611.660,0.540",,,,,,,,
"1667,and,612.560,612.770,0.210,0.000,611.660,0.900",,,,,,,,
"1668,sends,612.770,613.130,0.360,0.000,611.660,1.110",,,,,,,,
"1669,nobody,613.130,613.630,0.500,0.000,611.660,1.470",,,,,,,,
"1670,back,613.630,613.970,0.340,0.000,614.500,-0.870",,,,,,,,
"1671,The,614.110,614.320,0.210,0.140,614.500,-0.390",,,,,,,,
"1672,or,614.320,614.510,0.190,0.000,614.500,-0.180",,,,,,,,
"1673,yx,614.510,614.600,0.090,0.000,614.500,0.010",,,,,,,,
"1674,are,614.600,614.820,0.220,0.000,614.500,0.100",,,,,,,,
"1675,gone,614.820,615.120,0.300,0.000,614.500,0.320",,,,,,,,
"1676,Whatever,615.330,615.920,0.590,0.210,616.340,-1.010",,,,,,,,
"1677,shared,615.920,616.650,0.730,0.000,616.340,-0.420",,,,,,,,
"1678,that,616.650,616.710,0.060,0.000,616.340,0.310",,,,,,,,
"1679,timber,616.710,617.130,0.420,0.000,616.340,0.370",,,,,,,,
"1680,with,617.130,617.380,0.250,0.000,616.340,0.790",,,,,,,,
"1681,you,617.380,617.600,0.220,0.000,616.340,1.040",,,,,,,,
"1682,was,617.600,617.870,0.270,0.000,616.340,1.260",,,,,,,,
"1683,not,617.870,618.480,0.610,0.000,616.340,1.530",,,,,,,,
"1684,worth,618.480,618.520,0.040,0.000,616.340,2.140",,,,,,,,
"1685,finding,618.520,618.880,0.360,0.000,616.340,2.180",,,,,,,,
"1686,by,619.520,619.600,0.080,0.640,619.720,-0.200",,,,,,,,
"1687,the,619.600,619.680,0.080,0.000,619.720,-0.120",,,,,,,,
"1688,fire,619.680,619.910,0.230,0.000,619.720,-0.040",,,,,,,,
"1689,you,619.910,620.060,0.150,0.000,619.720,0.190",,,,,,,,
"1690,think,620.060,620.160,0.100,0.000,619.720,0.340",,,,,,,,
"1691,about,620.160,620.830,0.670,0.000,619.720,0.440",,,,,,,,
"1692,the,620.830,620.940,0.110,0.000,619.720,1.110",,,,,,,,
"1693,three,620.940,621.150,0.210,0.000,619.720,1.220",,,,,,,,
"1694,seconds,621.150,621.520,0.370,0.000,619.720,1.430",,,,,,,,
"1695,after,621.520,621.810,0.290,0.000,619.720,1.800",,,,,,,,
"1696,the,621.810,621.980,0.170,0.000,619.720,2.090",,,,,,,,
"1697,breathing,621.980,622.560,0.580,0.000,619.720,2.260",,,,,,,,
"1698,stopped,622.560,622.900,0.340,0.000,619.720,2.840",,,,,,,,
"1699,Something,623.840,623.860,0.020,0.940,623.940,-0.100",,,,,,,,
"1700,in,623.860,623.920,0.060,0.000,623.940,-0.080",,,,,,,,
"1701,the,623.920,624.050,0.130,0.000,623.940,-0.020",,,,,,,,
"1702,dark,624.050,624.330,0.280,0.000,623.940,0.110",,,,,,,,
"1703,assessed,624.330,624.860,0.530,0.000,623.940,0.390",,,,,,,,
"1704,you,624.860,625.240,0.380,0.000,623.940,0.920",,,,,,,,
"1705,and,625.240,625.270,0.030,0.000,623.940,1.300",,,,,,,,
"1706,made,625.270,625.540,0.270,0.000,623.940,1.330",,,,,,,,
"1707,a,625.540,625.600,0.060,0.000,623.940,1.600",,,,,,,,
"1708,decision,625.600,626.140,0.540,0.000,623.940,1.660",,,,,,,,
"1709,You,626.400,626.770,0.370,0.260,627.180,-0.780",,,,,,,,
"1710,do,626.770,627.140,0.370,0.000,627.180,-0.410",,,,,,,,
"1711,not,627.140,627.390,0.250,0.000,627.180,-0.040",,,,,,,,
"1712,know,627.390,627.990,0.600,0.000,627.180,0.210",,,,,,,,
"1713,what,627.990,628.130,0.140,0.000,627.180,0.810",,,,,,,,
"1714,it,628.130,628.240,0.110,0.000,627.180,0.950",,,,,,,,
"1715,decided,628.240,629.030,0.790,0.000,629.160,-0.920",,,,,,,,
"1716,or,629.030,629.190,0.160,0.000,629.160,-0.130",,,,,,,,
"1717,why,629.190,629.360,0.170,0.000,629.160,0.030",,,,,,,,
"1718,know,630.480,630.560,0.080,1.120,630.620,-0.140",,,,,,,,
"1719,are,630.560,630.780,0.220,0.000,630.620,-0.060",,,,,,,,
"1720,at,630.780,630.930,0.150,0.000,630.620,0.160",,,,,,,,
"1721,the,630.930,631.030,0.100,0.000,630.620,0.310",,,,,,,,
"1722,fire,631.030,631.880,0.850,0.000,630.620,0.410",,,,,,,,
"1723,because,631.880,632.030,0.150,0.000,630.620,1.260",,,,,,,,
"1724,whatever,632.030,632.580,0.550,0.000,630.620,1.410",,,,,,,,
"1725,it,632.580,632.730,0.150,0.000,630.620,1.960",,,,,,,,
"1726,was,632.730,632.950,0.220,0.000,630.620,2.110",,,,,,,,
"1727,let,632.950,633.170,0.220,0.000,630.620,2.330",,,,,,,,
"1728,you,633.170,633.390,0.220,0.000,630.620,2.550",,,,,,,,
"1729,leave,633.390,633.780,0.390,0.000,630.620,2.770",,,,,,,,
"1730,That,634.800,634.930,0.130,1.020,634.940,-0.140",,,,,,,,
"1731,is,634.930,635.020,0.090,0.000,634.940,-0.010",,,,,,,,
"1732,a,635.020,635.070,0.050,0.000,634.940,0.080",,,,,,,,
"1733,different,635.070,635.240,0.170,0.000,634.940,0.130",,,,,,,,
"1734,kind,635.240,635.720,0.480,0.000,634.940,0.300",,,,,,,,
"1735,of,635.720,636.120,0.400,0.000,634.940,0.780",,,,,,,,
"1736,knowledge,636.120,636.270,0.150,0.000,634.940,1.180",,,,,,,,
"1737,than,636.270,636.470,0.200,0.000,634.940,1.330",,,,,,,,
"1738,anything,636.470,636.890,0.420,0.000,634.940,1.530",,,,,,,,
"1739,you,636.890,637.020,0.130,0.000,634.940,1.950",,,,,,,,
"1740,were,637.020,637.260,0.240,0.000,634.940,2.080",,,,,,,,
"1741,taught,637.260,637.520,0.260,0.000,634.940,2.320",,,,,,,,
"1742,not,638.800,638.880,0.080,1.280,638.960,-0.160",,,,,,,,
"1743,in,638.880,639.080,0.200,0.000,638.960,-0.080",,,,,,,,
"1744,the,639.080,639.380,0.300,0.000,638.960,0.120",,,,,,,,
"1745,same,639.380,640.200,0.820,0.000,638.960,0.420",,,,,,,,
"1746,place,640.200,640.330,0.130,0.000,638.960,1.240",,,,,,,,
"1747,You,640.640,640.970,0.330,0.310,641.620,-0.980",,,,,,,,
"1748,get,640.970,641.220,0.250,0.000,641.620,-0.650",,,,,,,,
"1749,quieter,641.220,641.910,0.690,0.000,641.620,-0.400",,,,,,,,
"1750,after,641.910,642.370,0.460,0.000,641.620,0.290",,,,,,,,
"1751,that,642.370,642.950,0.580,0.000,643.320,-0.950",,,,,,,,
"1752,Not,643.120,643.440,0.320,0.170,643.320,-0.200",,,,,,,,
"1753,afraid,643.440,644.070,0.630,0.000,644.300,-0.860",,,,,,,,
"1754,but,644.070,644.320,0.250,0.000,644.300,-0.230",,,,,,,,
"1755,rearr,644.320,644.760,0.440,0.000,644.300,0.020",,,,,,,,
"1756,anged,644.760,644.960,0.200,0.000,644.300,0.460",,,,,,,,
"1757,inside,644.960,645.330,0.370,0.000,644.300,0.660",,,,,,,,
"1758,understand,646.720,646.800,0.080,1.390,646.900,-0.180",,,,,,,,
"1759,that,646.800,646.970,0.170,0.000,646.900,-0.100",,,,,,,,
"1760,surviving,646.970,647.780,0.810,0.000,646.900,0.070",,,,,,,,
"1761,is,647.780,648.120,0.340,0.000,646.900,0.880",,,,,,,,
"1762,not,648.120,648.250,0.130,0.000,646.900,1.220",,,,,,,,
"1763,only,648.250,648.590,0.340,0.000,646.900,1.350",,,,,,,,
"1764,about,648.590,649.040,0.450,0.000,646.900,1.690",,,,,,,,
"1765,what,649.040,649.400,0.360,0.000,646.900,2.140",,,,,,,,
"1766,you,649.400,649.760,0.360,0.000,646.900,2.500",,,,,,,,
"1767,do,649.760,649.850,0.090,0.000,646.900,2.860",,,,,,,,
"1768,There,650.160,650.870,0.710,0.310,651.000,-0.840",,,,,,,,
"1769,is,650.870,651.060,0.190,0.000,651.000,-0.130",,,,,,,,
"1770,a,651.060,651.290,0.230,0.000,651.000,0.060",,,,,,,,
"1771,space,651.290,651.520,0.230,0.000,651.000,0.290",,,,,,,,
"1772,between,651.520,651.840,0.320,0.000,651.000,0.520",,,,,,,,
"1773,your,651.840,652.680,0.840,0.000,653.020,-1.180",,,,,,,,
"1774,action,652.680,652.800,0.120,0.000,653.020,-0.340",,,,,,,,
"1775,and,652.800,653.000,0.200,0.000,653.020,-0.220",,,,,,,,
"1776,something,653.000,653.310,0.310,0.000,653.020,-0.020",,,,,,,,
"1777,else,653.310,653.860,0.550,0.000,653.020,0.290",,,,,,,,
"1778,'s,653.860,654.220,0.360,0.000,654.720,-0.860",,,,,,,,
"1779,action,654.220,654.410,0.190,0.000,654.720,-0.500",,,,,,,,
"1780,And,654.600,654.800,0.200,0.190,654.720,-0.120",,,,,,,,
"1781,in,654.800,654.970,0.170,0.000,654.720,0.080",,,,,,,,
"1782,that,654.970,655.200,0.230,0.000,654.720,0.250",,,,,,,,
"1783,space,655.200,655.530,0.330,0.000,654.720,0.480",,,,,,,,
"1784,lives,655.530,655.860,0.330,0.000,654.720,0.810",,,,,,,,
"1785,an,655.860,656.100,0.240,0.000,654.720,1.140",,,,,,,,
"1786,element,656.100,656.400,0.300,0.000,654.720,1.380",,,,,,,,
"1787,that,656.400,656.940,0.540,0.000,654.720,1.680",,,,,,,,
"1788,no,656.940,656.950,0.010,0.000,654.720,2.220",,,,,,,,
"1789,amount,656.950,657.370,0.420,0.000,654.720,2.230",,,,,,,,
"1790,of,657.370,657.440,0.070,0.000,654.720,2.650",,,,,,,,
"1791,skill,657.440,657.840,0.400,0.000,654.720,2.720",,,,,,,,
"1792,removes,657.840,658.240,0.400,0.000,654.720,3.120",,,,,,,,
"1793,entirely,658.320,658.760,0.440,0.080,654.720,3.600",,,,,,,,
"1794,You,659.650,659.810,0.160,0.890,659.820,-0.170",,,,,,,,
"1795,do,659.810,660.030,0.220,0.000,659.820,-0.010",,,,,,,,
"1796,not,660.030,660.410,0.380,0.000,659.820,0.210",,,,,,,,
"1797,say,660.410,660.710,0.300,0.000,659.820,0.590",,,,,,,,
"1798,this,660.710,661.160,0.450,0.000,659.820,0.890",,,,,,,,
"1799,to,661.160,661.380,0.220,0.000,659.820,1.340",,,,,,,,
"1800,anyone,661.380,662.390,1.010,0.000,662.940,-1.560",,,,,,,,
"1801,for,662.390,662.400,0.010,0.000,662.940,-0.550",,,,,,,,
"1802,a,662.400,662.510,0.110,0.000,662.940,-0.540",,,,,,,,
"1803,long,662.510,662.960,0.450,0.000,662.940,-0.430",,,,,,,,
"1804,time,662.960,663.410,0.450,0.000,662.940,0.020",,,,,,,,
"1805,You,663.760,664.200,0.440,0.350,665.000,-1.240",,,,,,,,
"1806,carry,664.200,664.640,0.440,0.000,665.000,-0.800",,,,,,,,
"1807,it,664.640,664.860,0.220,0.000,665.000,-0.360",,,,,,,,
"1808,Level,665.280,665.470,0.190,0.420,665.000,0.280",,,,,,,,
"1809,six,665.470,665.630,0.160,0.000,665.000,0.470",,,,,,,,
"1810,the,665.910,666.400,0.490,0.280,666.400,-0.490",,,,,,,,
"1811,one,666.400,666.580,0.180,0.000,666.400,0.000",,,,,,,,
"1812,they,666.580,666.800,0.220,0.000,666.400,0.180",,,,,,,,
"1813,follow,666.800,667.270,0.470,0.000,666.400,0.400",,,,,,,,
"1814,you,667.350,667.460,0.110,0.080,667.640,-0.290",,,,,,,,
"1815,are,667.460,668.210,0.750,0.000,667.640,-0.180",,,,,,,,
"1816,33,668.210,668.370,0.160,0.000,667.640,0.570",,,,,,,,
"1817,You,668.600,668.840,0.240,0.230,669.400,-0.800",,,,,,,,
"1818,lead,668.840,669.160,0.320,0.000,669.400,-0.560",,,,,,,,
"1819,the,669.160,669.400,0.240,0.000,669.400,-0.240",,,,,,,,
"1820,night,669.400,669.840,0.440,0.000,669.400,0.000",,,,,,,,
"1821,scouts,669.840,670.270,0.430,0.000,669.400,0.440",,,,,,,,
"1822,now,670.270,670.540,0.270,0.000,669.400,0.870",,,,,,,,
"1823,Four,670.950,671.060,0.110,0.410,671.480,-0.530",,,,,,,,
"1824,of,671.060,671.220,0.160,0.000,671.480,-0.420",,,,,,,,
"1825,them,671.220,671.540,0.320,0.000,671.480,-0.260",,,,,,,,
"1826,besides,671.540,672.090,0.550,0.000,671.480,0.060",,,,,,,,
"1827,yourself,672.090,672.800,0.710,0.000,671.480,0.610",,,,,,,,
"1828,ranging,672.870,673.120,0.250,0.070,671.480,1.390",,,,,,,,
"1829,from,673.120,673.360,0.240,0.000,671.480,1.640",,,,,,,,
"1830,17,673.360,674.160,0.800,0.000,671.480,1.880",,,,,,,,
"1831,to,674.160,674.330,0.170,0.000,671.480,2.680",,,,,,,,
"1832,24,674.330,674.850,0.520,0.000,671.480,2.850",,,,,,,,
"1833,They,675.110,675.580,0.470,0.260,676.000,-0.890",,,,,,,,
"1834,are,675.580,675.720,0.140,0.000,676.000,-0.420",,,,,,,,
"1835,not,675.720,675.980,0.260,0.000,676.000,-0.280",,,,,,,,
"1836,yours,675.980,676.410,0.430,0.000,676.000,-0.020",,,,,,,,
"1837,in,676.410,676.580,0.170,0.000,676.000,0.410",,,,,,,,
"1838,any,676.580,676.840,0.260,0.000,676.000,0.580",,,,,,,,
"1839,formal,676.840,677.460,0.620,0.000,676.000,0.840",,,,,,,,
"1840,sense,677.460,677.730,0.270,0.000,676.000,1.460",,,,,,,,
"1841,There,678.310,678.480,0.170,0.580,678.900,-0.590",,,,,,,,
"1842,is,678.480,678.730,0.250,0.000,678.900,-0.420",,,,,,,,
"1843,no,678.730,678.820,0.090,0.000,678.900,-0.170",,,,,,,,
"1844,formal,678.820,679.330,0.510,0.000,678.900,-0.080",,,,,,,,
"1845,sense,679.330,680.120,0.790,0.000,678.900,0.430",,,,,,,,
"1846,But,680.480,680.910,0.430,0.360,681.500,-1.020",,,,,,,,
"1847,when,680.910,681.550,0.640,0.000,681.500,-0.590",,,,,,,,
"1848,you,681.550,681.910,0.360,0.000,681.500,0.050",,,,,,,,
"1849,slow,681.910,682.240,0.330,0.000,681.500,0.410",,,,,,,,
"1850,they,683.120,683.390,0.270,0.880,683.060,0.060",,,,,,,,
"1851,slow,683.390,683.740,0.350,0.000,683.060,0.330",,,,,,,,
"1852,When,684.110,684.460,0.350,0.370,684.440,-0.330",,,,,,,,
"1853,you,684.460,684.610,0.150,0.000,684.440,0.020",,,,,,,,
"1854,stop,684.610,684.990,0.380,0.000,684.440,0.170",,,,,,,,
"1855,they,685.130,685.480,0.350,0.140,685.540,-0.410",,,,,,,,
"1856,stop,685.480,685.830,0.350,0.000,685.540,-0.060",,,,,,,,
"1857,When,686.080,686.440,0.360,0.250,687.100,-1.020",,,,,,,,
"1858,you,686.440,687.130,0.690,0.000,687.100,-0.660",,,,,,,,
"1859,speak,687.130,687.190,0.060,0.000,687.100,0.030",,,,,,,,
"1860,at,687.190,687.300,0.110,0.000,687.100,0.090",,,,,,,,
"1861,the,687.300,687.610,0.310,0.000,687.100,0.200",,,,,,,,
"1862,fire,687.610,687.900,0.290,0.000,687.100,0.510",,,,,,,,
"1863,before,687.900,688.420,0.520,0.000,687.100,0.800",,,,,,,,
"1864,a,688.420,688.560,0.140,0.000,687.100,1.320",,,,,,,,
"1865,hard,688.560,689.000,0.440,0.000,687.100,1.460",,,,,,,,
"1866,night,689.000,689.520,0.520,0.000,689.640,-0.640",,,,,,,,
"1867,their,689.520,689.760,0.240,0.000,689.640,-0.120",,,,,,,,
"1868,attention,689.760,690.190,0.430,0.000,689.640,0.120",,,,,,,,
"1869,is,690.190,690.250,0.060,0.000,689.640,0.550",,,,,,,,
"1870,different,690.250,690.900,0.650,0.000,689.640,0.610",,,,,,,,
"1871,from,690.900,690.940,0.040,0.000,689.640,1.260",,,,,,,,
"1872,what,690.940,691.090,0.150,0.000,689.640,1.300",,,,,,,,
"1873,they,691.090,691.280,0.190,0.000,689.640,1.450",,,,,,,,
"1874,give,691.280,691.470,0.190,0.000,689.640,1.640",,,,,,,,
"1875,anyone,691.470,691.760,0.290,0.000,689.640,1.830",,,,,,,,
"1876,else,691.760,691.950,0.190,0.000,689.640,2.120",,,,,,,,
"1877,You,692.160,692.680,0.520,0.210,693.520,-1.360",,,,,,,,
"1878,did,692.680,693.670,0.990,0.000,693.520,-0.840",,,,,,,,
"1879,not,693.670,693.720,0.050,0.000,693.520,0.150",,,,,,,,
"1880,ask,693.720,694.240,0.520,0.000,693.520,0.200",,,,,,,,
"1881,for,694.240,694.450,0.210,0.000,693.520,0.720",,,,,,,,
"1882,this,694.450,694.730,0.280,0.000,693.520,0.930",,,,,,,,
"1883,You,694.960,695.110,0.150,0.230,695.120,-0.160",,,,,,,,
"1884,are,695.110,695.260,0.150,0.000,695.120,-0.010",,,,,,,,
"1885,not,695.260,695.410,0.150,0.000,695.120,0.140",,,,,,,,
"1886,sure,695.410,695.510,0.100,0.000,695.120,0.290",,,,,,,,
"1887,when,695.510,695.620,0.110,0.000,695.120,0.390",,,,,,,,
"1888,it,695.620,696.030,0.410,0.000,695.120,0.500",,,,,,,,
"1889,started,696.030,696.370,0.340,0.000,695.120,0.910",,,,,,,,
"1890,The,696.490,696.760,0.270,0.120,697.540,-1.050",,,,,,,,
"1891,weight,696.760,697.330,0.570,0.000,697.540,-0.780",,,,,,,,
"1892,of,697.330,697.520,0.190,0.000,697.540,-0.210",,,,,,,,
"1893,it,697.520,697.710,0.190,0.000,697.540,-0.020",,,,,,,,
"1894,is,697.710,698.000,0.290,0.000,697.540,0.170",,,,,,,,
"1895,not,698.000,698.260,0.260,0.000,697.540,0.460",,,,,,,,
"1896,the,698.260,698.460,0.200,0.000,697.540,0.720",,,,,,,,
"1897,same,698.460,699.040,0.580,0.000,697.540,0.920",,,,,,,,
"1898,as,699.040,699.110,0.070,0.000,697.540,1.500",,,,,,,,
"1899,the,699.110,699.280,0.170,0.000,697.540,1.570",,,,,,,,
"1900,fear,699.280,699.760,0.480,0.000,697.540,1.740",,,,,,,,
"1901,from,699.760,700.050,0.290,0.000,697.540,2.220",,,,,,,,
"1902,your,700.050,700.330,0.280,0.000,697.540,2.510",,,,,,,,
"1903,younger,700.330,701.160,0.830,0.000,701.580,-1.250",,,,,,,,
"1904,years,701.160,701.210,0.050,0.000,701.580,-0.420",,,,,,,,
"1905,That,701.430,701.720,0.290,0.220,701.580,-0.150",,,,,,,,
"1906,fear,701.720,702.010,0.290,0.000,701.580,0.140",,,,,,,,
"1907,was,702.010,702.230,0.220,0.000,701.580,0.430",,,,,,,,
"1908,about,702.230,702.590,0.360,0.000,701.580,0.650",,,,,,,,
"1909,your,702.590,702.880,0.290,0.000,701.580,1.010",,,,,,,,
"1910,own,702.880,703.100,0.220,0.000,701.580,1.300",,,,,,,,
"1911,body,703.100,703.380,0.280,0.000,703.820,-0.720",,,,,,,,
"1912,This,703.910,704.080,0.170,0.530,703.820,0.090",,,,,,,,
"1913,sits,704.080,704.380,0.300,0.000,703.820,0.260",,,,,,,,
"1914,differently,704.380,705.280,0.900,0.000,705.660,-1.280",,,,,,,,
"1915,It,705.450,705.720,0.270,0.170,705.660,-0.210",,,,,,,,
"1916,is,705.720,705.760,0.040,0.000,705.660,0.060",,,,,,,,
"1917,about,705.760,706.080,0.320,0.000,705.660,0.100",,,,,,,,
"1918,theirs,706.080,706.290,0.210,0.000,705.660,0.420",,,,,,,,
"1919,Your,707.760,708.000,0.240,1.470,707.840,-0.080",,,,,,,,
"1920,youngest,708.000,709.020,1.020,0.000,709.160,-1.160",,,,,,,,
"1921,scout,709.020,709.090,0.070,0.000,709.160,-0.140",,,,,,,,
"1922,is,709.090,709.210,0.120,0.000,709.160,-0.070",,,,,,,,
"1923,Fen,709.210,709.420,0.210,0.000,709.160,0.050",,,,,,,,
"1924,He,709.650,709.850,0.200,0.230,710.480,-0.830",,,,,,,,
"1925,has,709.850,710.050,0.200,0.000,710.480,-0.630",,,,,,,,
"1926,the,710.050,710.290,0.240,0.000,710.480,-0.430",,,,,,,,
"1927,instincts,710.290,711.000,0.710,0.000,710.480,-0.190",,,,,,,,
"1928,but,711.150,711.420,0.270,0.150,710.480,0.670",,,,,,,,
"1929,his,711.420,711.830,0.410,0.000,711.760,-0.340",,,,,,,,
"1930,feet,711.830,711.950,0.120,0.000,711.760,0.070",,,,,,,,
"1931,carry,711.950,712.340,0.390,0.000,711.760,0.190",,,,,,,,
"1932,his,712.340,712.580,0.240,0.000,711.760,0.580",,,,,,,,
"1933,excitement,712.580,713.560,0.980,0.000,711.760,0.820",,,,,,,,
"1934,on,713.560,713.640,0.080,0.000,711.760,1.800",,,,,,,,
"1935,runs,713.640,713.800,0.160,0.000,711.760,1.880",,,,,,,,
"1936,quick,714.640,714.720,0.080,0.840,714.760,-0.120",,,,,,,,
"1937,consistently,714.800,715.750,0.950,0.080,714.760,0.040",,,,,,,,
"1938,you,716.050,716.190,0.140,0.300,716.560,-0.510",,,,,,,,
"1939,watch,716.190,716.590,0.400,0.000,716.560,-0.370",,,,,,,,
"1940,him,716.590,716.810,0.220,0.000,716.560,0.030",,,,,,,,
"1941,for,716.810,717.050,0.240,0.000,716.560,0.250",,,,,,,,
"1942,two,717.050,717.290,0.240,0.000,716.560,0.490",,,,,,,,
"1943,full,717.290,717.680,0.390,0.000,716.560,0.730",,,,,,,,
"1944,seasons,717.680,718.170,0.490,0.000,716.560,1.120",,,,,,,,
"1945,and,718.170,718.470,0.300,0.000,716.560,1.610",,,,,,,,
"1946,say,718.470,718.790,0.320,0.000,716.560,1.910",,,,,,,,
"1947,almost,718.790,719.020,0.230,0.000,716.560,2.230",,,,,,,,
"1948,nothing,719.020,719.370,0.350,0.000,716.560,2.460",,,,,,,,
"1949,let,720.160,720.210,0.050,0.790,720.320,-0.160",,,,,,,,
"1950,him,720.210,720.240,0.030,0.000,720.320,-0.110",,,,,,,,
"1951,see,720.240,720.440,0.200,0.000,720.320,-0.080",,,,,,,,
"1952,the,720.440,720.650,0.210,0.000,720.320,0.120",,,,,,,,
"1953,contrast,720.650,721.520,0.870,0.000,720.320,0.330",,,,,,,,
"1954,Then,721.580,721.860,0.280,0.060,722.240,-0.660",,,,,,,,
"1955,one,721.860,722.110,0.250,0.000,722.240,-0.380",,,,,,,,
"1956,evening,722.110,722.710,0.600,0.000,722.240,-0.130",,,,,,,,
"1957,before,722.710,723.220,0.510,0.000,722.240,0.470",,,,,,,,
"1958,a,723.220,723.300,0.080,0.000,722.240,0.980",,,,,,,,
"1959,run,723.300,723.550,0.250,0.000,722.240,1.060",,,,,,,,
"1960,you,723.550,723.770,0.220,0.000,722.240,1.310",,,,,,,,
"1961,tell,723.770,724.310,0.540,0.000,722.240,1.530",,,,,,,,
"1962,him,724.310,724.390,0.080,0.000,722.240,2.070",,,,,,,,
"1963,plainly,724.390,725.040,0.650,0.000,725.140,-0.750",,,,,,,,
"1964,slow,725.040,725.270,0.230,0.000,725.140,-0.100",,,,,,,,
"1965,is,725.270,725.380,0.110,0.000,725.140,0.130",,,,,,,,
"1966,not,725.380,725.540,0.160,0.000,725.140,0.240",,,,,,,,
"1967,about,725.540,725.670,0.130,0.000,725.140,0.400",,,,,,,,
"1968,the,725.670,726.110,0.440,0.000,725.140,0.530",,,,,,,,
"1969,danger,726.110,726.460,0.350,0.000,725.140,0.970",,,,,,,,
"1970,being,726.460,726.650,0.190,0.000,725.140,1.320",,,,,,,,
"1971,less,726.650,726.880,0.230,0.000,725.140,1.510",,,,,,,,
"1972,Slow,727.120,727.480,0.360,0.240,728.180,-1.060",,,,,,,,
"1973,is,727.480,727.660,0.180,0.000,728.180,-0.700",,,,,,,,
"1974,about,727.660,728.120,0.460,0.000,728.180,-0.520",,,,,,,,
"1975,being,728.120,728.580,0.460,0.000,728.180,-0.060",,,,,,,,
"1976,harder,728.580,729.190,0.610,0.000,728.180,0.400",,,,,,,,
"1977,to,729.190,729.310,0.120,0.000,728.180,1.010",,,,,,,,
"1978,detect,729.310,729.860,0.550,0.000,728.180,1.130",,,,,,,,
"1979,after,731.680,731.760,0.080,1.820,731.760,-0.080",,,,,,,,
"1980,the,731.760,731.810,0.050,0.000,731.760,0.000",,,,,,,,
"1981,decision,731.810,732.200,0.390,0.000,731.760,0.050",,,,,,,,
"1982,has,732.200,733.100,0.900,0.000,731.760,0.440",,,,,,,,
"1983,already,733.100,733.630,0.530,0.000,731.760,1.340",,,,,,,,
"1984,been,733.630,733.970,0.340,0.000,731.760,1.870",,,,,,,,
"1985,made,733.970,734.360,0.390,0.000,731.760,2.210",,,,,,,,
"1986,Before,734.720,735.140,0.420,0.360,734.860,-0.140",,,,,,,,
"1987,that,735.140,735.830,0.690,0.000,736.060,-0.920",,,,,,,,
"1988,moment,735.830,735.840,0.010,0.000,736.060,-0.230",,,,,,,,
"1989,slow,736.000,736.400,0.400,0.160,736.060,-0.060",,,,,,,,
"1990,is,736.400,736.560,0.160,0.000,736.060,0.340",,,,,,,,
"1991,the,736.560,736.720,0.160,0.000,736.060,0.500",,,,,,,,
"1992,sharp,736.720,736.970,0.250,0.000,736.060,0.660",,,,,,,,
"1993,est,736.970,737.120,0.150,0.000,736.060,0.910",,,,,,,,
"1994,thing,737.200,737.490,0.290,0.080,736.060,1.140",,,,,,,,
"1995,you,737.490,737.630,0.140,0.000,736.060,1.430",,,,,,,,
"1996,have,737.630,737.780,0.150,0.000,736.060,1.570",,,,,,,,
"1997,On,738.250,738.520,0.270,0.470,738.440,-0.190",,,,,,,,
"1998,the,738.520,738.650,0.130,0.000,738.440,0.080",,,,,,,,
"1999,next,738.650,738.930,0.280,0.000,738.440,0.210",,,,,,,,
"2000,run,738.930,739.160,0.230,0.000,738.440,0.490",,,,,,,,
"2001,he,739.310,739.480,0.170,0.150,738.440,0.870",,,,,,,,
"2002,slows,739.480,739.840,0.360,0.000,740.380,-0.900",,,,,,,,
"2003,Not,740.160,740.290,0.130,0.320,740.380,-0.220",,,,,,,,
"2004,completely,740.290,741.200,0.910,0.000,741.860,-1.570",,,,,,,,
"2005,but,741.270,741.430,0.160,0.070,741.860,-0.590",,,,,,,,
"2006,you,741.430,741.690,0.260,0.000,741.860,-0.430",,,,,,,,
"2007,can,741.690,741.890,0.200,0.000,741.860,-0.170",,,,,,,,
"2008,see,741.890,742.120,0.230,0.000,741.860,0.030",,,,,,,,
"2009,it,742.120,742.270,0.150,0.000,741.860,0.260",,,,,,,,
"2010,You,743.080,743.760,0.680,0.810,743.740,-0.660",,,,,,,,
"2011,remember,743.760,744.160,0.400,0.000,743.740,0.020",,,,,,,,
"2012,D,744.160,744.240,0.080,0.000,743.740,0.420",,,,,,,,
"2013,ere,744.240,744.440,0.200,0.000,743.740,0.500",,,,,,,,
"2014,tt,744.440,744.580,0.140,0.000,743.740,0.700",,,,,,,,
"2015,'s,744.580,744.700,0.120,0.000,743.740,0.840",,,,,,,,
"2016,hand,744.700,744.800,0.100,0.000,743.740,0.960",,,,,,,,
"2017,on,744.800,745.140,0.340,0.000,743.740,1.060",,,,,,,,
"2018,your,745.140,745.580,0.440,0.000,743.740,1.400",,,,,,,,
"2019,shoulder,745.580,745.980,0.400,0.000,743.740,1.840",,,,,,,,
"2020,over,745.980,746.260,0.280,0.000,743.740,2.240",,,,,,,,
"2021,the,746.260,746.470,0.210,0.000,743.740,2.520",,,,,,,,
"2022,drop,746.470,746.740,0.270,0.000,743.740,2.730",,,,,,,,
"2023,torch,746.740,747.200,0.460,0.000,748.000,-1.260",,,,,,,,
"2024,You,747.310,747.520,0.210,0.110,748.000,-0.690",,,,,,,,
"2025,remember,747.520,748.290,0.770,0.000,748.000,-0.480",,,,,,,,
"2026,Kor,748.290,748.320,0.030,0.000,748.000,0.290",,,,,,,,
"2027,ik,748.320,748.430,0.110,0.000,748.000,0.320",,,,,,,,
"2028,stopping,748.430,748.990,0.560,0.000,748.000,0.430",,,,,,,,
"2029,half,748.990,749.270,0.280,0.000,748.000,0.990",,,,,,,,
"2030,a,749.270,749.360,0.090,0.000,748.000,1.270",,,,,,,,
"2031,step,749.360,749.680,0.320,0.000,748.000,1.360",,,,,,,,
"2032,after,749.680,749.980,0.300,0.000,748.000,1.680",,,,,,,,
"2033,you,749.980,750.160,0.180,0.000,748.000,1.980",,,,,,,,
"2034,in,750.160,750.270,0.110,0.000,748.000,2.160",,,,,,,,
"2035,the,750.270,750.410,0.140,0.000,748.000,2.270",,,,,,,,
"2036,dark,750.410,750.690,0.280,0.000,748.000,2.410",,,,,,,,
"2037,that,751.050,751.100,0.050,0.360,751.500,-0.450",,,,,,,,
"2038,word,751.100,751.290,0.190,0.000,751.500,-0.400",,,,,,,,
"2039,less,751.290,751.520,0.230,0.000,751.500,-0.210",,,,,,,,
"2040,confirmation,751.520,752.240,0.720,0.000,751.500,0.020",,,,,,,,
"2041,that,752.240,752.470,0.230,0.000,751.500,0.740",,,,,,,,
"2042,your,752.470,752.720,0.250,0.000,751.500,0.970",,,,,,,,
"2043,nose,752.720,752.980,0.260,0.000,751.500,1.220",,,,,,,,
"2044,had,752.980,753.130,0.150,0.000,751.500,1.480",,,,,,,,
"2045,caught,753.130,753.830,0.700,0.000,751.500,1.630",,,,,,,,
"2046,something,753.830,754.010,0.180,0.000,751.500,2.330",,,,,,,,
"2047,real,754.010,754.250,0.240,0.000,751.500,2.510",,,,,,,,
"2048,things,755.520,755.600,0.080,1.270,755.720,-0.200",,,,,,,,
"2049,that,755.600,755.720,0.120,0.000,755.720,-0.120",,,,,,,,
"2050,kept,755.720,756.100,0.380,0.000,755.720,0.000",,,,,,,,
"2051,you,756.100,756.870,0.770,0.000,755.720,0.380",,,,,,,,
"2052,alive,756.870,756.940,0.070,0.000,755.720,1.150",,,,,,,,
"2053,were,756.940,757.250,0.310,0.000,757.460,-0.520",,,,,,,,
"2054,not,757.250,757.540,0.290,0.000,757.460,-0.210",,,,,,,,
"2055,only,757.540,757.920,0.380,0.000,757.460,0.080",,,,,,,,
"2056,your,757.920,758.300,0.380,0.000,757.460,0.460",,,,,,,,
"2057,own,758.300,758.590,0.290,0.000,757.460,0.840",,,,,,,,
"2058,choices,758.590,759.390,0.800,0.000,759.760,-1.170",,,,,,,,
"2059,They,759.670,759.820,0.150,0.280,759.760,-0.090",,,,,,,,
"2060,were,759.820,760.090,0.270,0.000,759.760,0.060",,,,,,,,
"2061,built,760.090,760.320,0.230,0.000,759.760,0.330",,,,,,,,
"2062,into,760.320,760.640,0.320,0.000,759.760,0.560",,,,,,,,
"2063,you,760.640,760.790,0.150,0.000,759.760,0.880",,,,,,,,
"2064,by,760.790,761.040,0.250,0.000,759.760,1.030",,,,,,,,
"2065,people,761.040,761.410,0.370,0.000,759.760,1.280",,,,,,,,
"2066,who,761.410,761.590,0.180,0.000,759.760,1.650",,,,,,,,
"2067,made,761.590,761.670,0.080,0.000,759.760,1.830",,,,,,,,
"2068,room,761.670,762.100,0.430,0.000,759.760,1.910",,,,,,,,
"2069,for,762.100,762.440,0.340,0.000,759.760,2.340",,,,,,,,
"2070,you,762.440,762.480,0.040,0.000,759.760,2.680",,,,,,,,
"2071,to,762.480,762.600,0.120,0.000,759.760,2.720",,,,,,,,
"2072,learn,762.600,762.910,0.310,0.000,759.760,2.840",,,,,,,,
"2073,without,762.910,763.350,0.440,0.000,763.500,-0.590",,,,,,,,
"2074,killing,763.350,763.790,0.440,0.000,763.500,-0.150",,,,,,,,
"2075,your,763.790,764.080,0.290,0.000,763.500,0.290",,,,,,,,
"2076,willingness,764.080,764.810,0.730,0.000,763.500,0.580",,,,,,,,
"2077,to,764.810,764.830,0.020,0.000,763.500,1.310",,,,,,,,
"2078,try,764.830,765.190,0.360,0.000,763.500,1.330",,,,,,,,
"2079,You,765.280,765.820,0.540,0.090,766.460,-1.180",,,,,,,,
"2080,tried,765.820,766.720,0.900,0.000,766.460,-0.640",,,,,,,,
"2081,to,766.800,766.850,0.050,0.080,766.460,0.340",,,,,,,,
"2082,build,766.850,767.170,0.320,0.000,766.460,0.390",,,,,,,,
"2083,that,767.170,767.420,0.250,0.000,766.460,0.710",,,,,,,,
"2084,same,767.420,767.590,0.170,0.000,766.460,0.960",,,,,,,,
"2085,room,767.590,768.110,0.520,0.000,766.460,1.130",,,,,,,,
"2086,for,768.110,768.140,0.030,0.000,766.460,1.650",,,,,,,,
"2087,Fen,768.140,768.300,0.160,0.000,766.460,1.680",,,,,,,,
"2088,You,768.490,768.680,0.190,0.190,769.040,-0.550",,,,,,,,
"2089,do,768.680,768.810,0.130,0.000,769.040,-0.360",,,,,,,,
"2090,not,768.810,769.000,0.190,0.000,769.040,-0.230",,,,,,,,
"2091,always,769.000,769.380,0.380,0.000,769.040,-0.040",,,,,,,,
"2092,manage,769.380,769.760,0.380,0.000,769.040,0.340",,,,,,,,
"2093,it,769.760,769.890,0.130,0.000,769.040,0.720",,,,,,,,
"2094,Some,770.160,770.870,0.710,0.270,771.020,-0.860",,,,,,,,
"2095,nights,770.870,771.360,0.490,0.000,771.020,-0.150",,,,,,,,
"2096,the,771.600,771.780,0.180,0.240,771.020,0.580",,,,,,,,
"2097,danger,771.780,772.320,0.540,0.000,771.020,0.760",,,,,,,,
"2098,too,772.320,772.680,0.360,0.000,771.020,1.300",,,,,,,,
"2099,close,772.680,773.280,0.600,0.000,773.500,-0.820",,,,,,,,
"2100,and,773.280,773.450,0.170,0.000,773.500,-0.220",,,,,,,,
"2101,you,773.450,773.620,0.170,0.000,773.500,-0.050",,,,,,,,
"2102,have,773.620,773.840,0.220,0.000,773.500,0.120",,,,,,,,
"2103,to,773.840,773.990,0.150,0.000,773.500,0.340",,,,,,,,
"2104,hard,773.990,774.290,0.300,0.000,773.500,0.490",,,,,,,,
"2105,with,774.290,774.680,0.390,0.000,773.500,0.790",,,,,,,,
"2106,them,774.680,774.800,0.120,0.000,773.500,1.180",,,,,,,,
"2107,in,774.800,774.890,0.090,0.000,773.500,1.300",,,,,,,,
"2108,ways,774.890,775.100,0.210,0.000,773.500,1.390",,,,,,,,
"2109,you,775.100,775.270,0.170,0.000,773.500,1.600",,,,,,,,
"2110,regret,775.270,775.680,0.410,0.000,775.880,-0.610",,,,,,,,
"2111,by,775.680,775.820,0.140,0.000,775.880,-0.200",,,,,,,,
"2112,the,775.820,775.930,0.110,0.000,775.880,-0.060",,,,,,,,
"2113,time,775.930,776.130,0.200,0.000,775.880,0.050",,,,,,,,
"2114,you,776.130,776.320,0.190,0.000,775.880,0.250",,,,,,,,
"2115,are,776.320,776.430,0.110,0.000,775.880,0.440",,,,,,,,
"2116,sitting,776.430,776.800,0.370,0.000,775.880,0.550",,,,,,,,
"2117,at,776.800,776.880,0.080,0.000,775.880,0.920",,,,,,,,
"2118,the,776.880,777.360,0.480,0.000,775.880,1.000",,,,,,,,
"2119,watching,777.360,778.090,0.730,0.000,775.880,1.480",,,,,,,,
"2120,their,778.090,778.780,0.690,0.000,779.960,-1.870",,,,,,,,
"2121,faces,778.780,779.020,0.240,0.000,779.960,-1.180",,,,,,,,
"2122,Every,779.310,779.760,0.450,0.290,779.960,-0.650",,,,,,,,
"2123,dawn,779.760,780.130,0.370,0.000,779.960,-0.200",,,,,,,,
"2124,is,780.130,780.400,0.270,0.000,779.960,0.170",,,,,,,,
"2125,temporary,780.400,781.150,0.750,0.000,781.200,-0.800",,,,,,,,
"2126,The,781.510,781.710,0.200,0.360,781.200,0.310",,,,,,,,
"2127,dark,781.710,782.080,0.370,0.000,781.200,0.510",,,,,,,,
"2128,comes,782.080,782.530,0.450,0.000,781.200,0.880",,,,,,,,
"2129,back,782.530,782.890,0.360,0.000,781.200,1.330",,,,,,,,
"2130,the,782.890,783.320,0.430,0.000,781.200,1.690",,,,,,,,
"2131,same,783.320,783.560,0.240,0.000,781.200,2.120",,,,,,,,
"2132,way,783.560,783.920,0.360,0.000,781.200,2.360",,,,,,,,
"2133,your,783.920,784.360,0.440,0.000,781.200,2.720",,,,,,,,
"2134,mother,784.360,784.480,0.120,0.000,781.200,3.160",,,,,,,,
"2135,fed,784.480,784.720,0.240,0.000,781.200,3.280",,,,,,,,
"2136,the,784.720,784.930,0.210,0.000,781.200,3.520",,,,,,,,
"2137,fire,784.930,785.220,0.290,0.000,785.980,-1.050",,,,,,,,
"2138,without,785.270,786.140,0.870,0.050,785.980,-0.710",,,,,,,,
"2139,announcement,786.140,786.780,0.640,0.000,785.980,0.160",,,,,,,,
"2140,without,786.920,787.440,0.520,0.140,787.300,-0.380",,,,,,,,
"2141,end,787.440,787.760,0.320,0.000,787.300,0.140",,,,,,,,
"2142,Level,787.950,788.870,0.920,0.190,789.460,-1.510",,,,,,,,
"2143,7,788.870,788.930,0.060,0.000,789.460,-0.590",,,,,,,,
"2144,the,789.290,789.560,0.270,0.360,789.460,-0.170",,,,,,,,
"2145,one,789.560,789.930,0.370,0.000,789.460,0.100",,,,,,,,
"2146,the,789.930,790.680,0.750,0.000,790.600,-0.670",,,,,,,,
"2147,band,790.680,790.820,0.140,0.000,790.600,0.080",,,,,,,,
"2148,depends,790.820,791.720,0.900,0.000,790.600,0.220",,,,,,,,
"2149,on,791.720,791.950,0.230,0.000,790.600,1.120",,,,,,,,
"2150,you,792.240,792.470,0.230,0.290,792.380,-0.140",,,,,,,,
"2151,are,792.470,792.740,0.270,0.000,792.380,0.090",,,,,,,,
"2152,41,792.740,793.190,0.450,0.000,792.380,0.360",,,,,,,,
"2153,There,794.800,795.000,0.200,1.610,794.920,-0.120",,,,,,,,
"2154,are,795.000,795.170,0.170,0.000,794.920,0.080",,,,,,,,
"2155,children,795.170,795.320,0.150,0.000,794.920,0.250",,,,,,,,
"2156,here,795.320,795.840,0.520,0.000,794.920,0.400",,,,,,,,
"2157,who,795.840,796.120,0.280,0.000,794.920,0.920",,,,,,,,
"2158,have,796.120,796.250,0.130,0.000,794.920,1.200",,,,,,,,
"2159,never,796.250,796.510,0.260,0.000,794.920,1.330",,,,,,,,
"2160,known,796.510,796.790,0.280,0.000,794.920,1.590",,,,,,,,
"2161,a,796.790,796.840,0.050,0.000,794.920,1.870",,,,,,,,
"2162,night,796.840,797.120,0.280,0.000,794.920,1.920",,,,,,,,
"2163,where,797.120,797.400,0.280,0.000,794.920,2.200",,,,,,,,
"2164,someone,797.400,797.840,0.440,0.000,794.920,2.480",,,,,,,,
"2165,other,797.840,798.100,0.260,0.000,794.920,2.920",,,,,,,,
"2166,than,798.100,798.310,0.210,0.000,794.920,3.180",,,,,,,,
"2167,you,798.310,798.450,0.140,0.000,794.920,3.390",,,,,,,,
"2168,the,799.200,799.280,0.080,0.750,799.380,-0.180",,,,,,,,
"2169,person,799.280,799.400,0.120,0.000,799.380,-0.100",,,,,,,,
"2170,the,799.400,799.580,0.180,0.000,799.380,0.020",,,,,,,,
"2171,adults,799.580,799.720,0.140,0.000,799.380,0.200",,,,,,,,
"2172,looked,799.720,800.350,0.630,0.000,799.380,0.340",,,,,,,,
"2173,to,800.350,800.610,0.260,0.000,799.380,0.970",,,,,,,,
"2174,when,800.610,800.750,0.140,0.000,799.380,1.230",,,,,,,,
"2175,something,800.750,801.320,0.570,0.000,799.380,1.370",,,,,,,,
"2176,moved,801.320,801.640,0.320,0.000,799.380,1.940",,,,,,,,
"2177,at,801.640,801.770,0.130,0.000,799.380,2.260",,,,,,,,
"2178,the,801.770,801.960,0.190,0.000,799.380,2.390",,,,,,,,
"2179,perimeter,801.960,802.540,0.580,0.000,799.380,2.580",,,,,,,,
"2180,That,802.800,803.920,1.120,0.260,803.920,-1.120",,,,,,,,
"2181,reaches,803.920,804.240,0.320,0.000,803.920,0.000",,,,,,,,
"2182,you,804.240,804.400,0.160,0.000,803.920,0.320",,,,,,,,
"2183,one,804.400,804.560,0.160,0.000,803.920,0.480",,,,,,,,
"2184,morning,804.560,805.040,0.480,0.000,803.920,0.640",,,,,,,,
"2185,when,805.040,805.300,0.260,0.000,803.920,1.120",,,,,,,,
"2186,a,805.300,805.380,0.080,0.000,803.920,1.380",,,,,,,,
"2187,girl,805.380,805.650,0.270,0.000,803.920,1.460",,,,,,,,
"2188,of,805.650,805.970,0.320,0.000,803.920,1.730",,,,,,,,
"2189,about,805.970,806.130,0.160,0.000,803.920,2.050",,,,,,,,
"2190,nine,806.130,806.400,0.270,0.000,803.920,2.210",,,,,,,,
"2191,walks,806.400,806.740,0.340,0.000,803.920,2.480",,,,,,,,
"2192,to,806.740,806.880,0.140,0.000,803.920,2.820",,,,,,,,
"2193,you,806.880,807.100,0.220,0.000,803.920,2.960",,,,,,,,
"2194,at,807.100,807.220,0.120,0.000,803.920,3.180",,,,,,,,
"2195,the,807.220,807.420,0.200,0.000,803.920,3.300",,,,,,,,
"2196,fire,807.420,807.690,0.270,0.000,803.920,3.500",,,,,,,,
"2197,'s,807.690,807.860,0.170,0.000,803.920,3.770",,,,,,,,
"2198,edge,807.860,808.090,0.230,0.000,803.920,3.940",,,,,,,,
"2199,puts,808.180,808.480,0.300,0.090,808.720,-0.540",,,,,,,,
"2200,a,808.480,808.710,0.230,0.000,808.720,-0.240",,,,,,,,
"2201,piece,808.710,808.900,0.190,0.000,808.720,-0.010",,,,,,,,
"2202,of,808.900,809.130,0.230,0.000,808.720,0.180",,,,,,,,
"2203,dried,809.130,809.520,0.390,0.000,808.720,0.410",,,,,,,,
"2204,meat,809.520,809.760,0.240,0.000,808.720,0.800",,,,,,,,
"2205,in,809.760,809.880,0.120,0.000,808.720,1.040",,,,,,,,
"2206,your,809.880,810.120,0.240,0.000,808.720,1.160",,,,,,,,
"2207,hand,810.120,810.350,0.230,0.000,808.720,1.400",,,,,,,,
"2208,and,810.480,810.630,0.150,0.130,808.720,1.760",,,,,,,,
"2209,walks,810.630,811.160,0.530,0.000,808.720,1.910",,,,,,,,
"2210,away,811.160,811.200,0.040,0.000,808.720,2.440",,,,,,,,
"2211,without,811.200,811.630,0.430,0.000,808.720,2.480",,,,,,,,
"2212,any,811.630,811.810,0.180,0.000,808.720,2.910",,,,,,,,
"2213,explanation,811.810,812.480,0.670,0.000,808.720,3.090",,,,,,,,
"2214,You,812.660,812.840,0.180,0.180,812.880,-0.220",,,,,,,,
"2215,hold,812.840,813.080,0.240,0.000,812.880,-0.040",,,,,,,,
"2216,the,813.080,813.260,0.180,0.000,812.880,0.200",,,,,,,,
"2217,meat,813.260,813.500,0.240,0.000,812.880,0.380",,,,,,,,
"2218,and,813.500,813.910,0.410,0.000,812.880,0.620",,,,,,,,
"2219,understand,813.910,814.400,0.490,0.000,812.880,1.030",,,,,,,,
"2220,you,814.400,814.560,0.160,0.000,812.880,1.520",,,,,,,,
"2221,have,814.560,814.640,0.080,0.000,812.880,1.680",,,,,,,,
"2222,become,814.640,815.070,0.430,0.000,812.880,1.760",,,,,,,,
"2223,something,815.070,816.010,0.940,0.000,816.180,-1.110",,,,,,,,
"2224,this,816.010,816.060,0.050,0.000,816.180,-0.170",,,,,,,,
"2225,group,816.060,816.370,0.310,0.000,816.180,-0.120",,,,,,,,
"2226,has,816.370,816.590,0.220,0.000,816.180,0.190",,,,,,,,
"2227,no,816.590,816.720,0.130,0.000,816.180,0.410",,,,,,,,
"2228,simple,816.720,817.180,0.460,0.000,816.180,0.540",,,,,,,,
"2229,word,817.180,817.440,0.260,0.000,816.180,1.000",,,,,,,,
"2230,for,817.440,817.680,0.240,0.000,818.420,-0.980",,,,,,,,
"2231,Your,817.940,818.150,0.210,0.260,818.420,-0.480",,,,,,,,
"2232,back,818.150,818.370,0.220,0.000,818.420,-0.270",,,,,,,,
"2233,has,818.370,818.790,0.420,0.000,818.420,-0.050",,,,,,,,
"2234,decades,818.790,819.210,0.420,0.000,818.420,0.370",,,,,,,,
"2235,stored,819.210,819.590,0.380,0.000,818.420,0.790",,,,,,,,
"2236,in,819.590,819.840,0.250,0.000,818.420,1.170",,,,,,,,
"2237,it,819.840,820.160,0.320,0.000,820.560,-0.720",,,,,,,,
"2238,long,820.600,820.800,0.200,0.440,820.560,0.040",,,,,,,,
"2239,crou,820.880,821.090,0.210,0.080,820.560,0.320",,,,,,,,
"2240,ches,821.090,821.380,0.290,0.000,820.560,0.530",,,,,,,,
"2241,in,821.380,821.520,0.140,0.000,820.560,0.820",,,,,,,,
"2242,cold,821.520,822.180,0.660,0.000,820.560,0.960",,,,,,,,
"2243,grass,822.180,822.210,0.030,0.000,820.560,1.620",,,,,,,,
"2244,the,822.350,822.540,0.190,0.140,822.920,-0.570",,,,,,,,
"2245,particular,822.540,823.280,0.740,0.000,822.920,-0.380",,,,,,,,
"2246,ac,823.280,823.420,0.140,0.000,822.920,0.360",,,,,,,,
"2247,he,823.420,823.560,0.140,0.000,822.920,0.500",,,,,,,,
"2248,of,823.560,823.700,0.140,0.000,822.920,0.640",,,,,,,,
"2249,held,823.700,824.100,0.400,0.000,822.920,0.780",,,,,,,,
"2250,still,824.100,824.360,0.260,0.000,822.920,1.180",,,,,,,,
"2251,ness,824.360,824.950,0.590,0.000,822.920,1.440",,,,,,,,
"2252,Your,824.960,825.840,0.880,0.010,826.520,-1.560",,,,,,,,
"2253,knees,825.840,826.960,1.120,0.000,826.520,-0.680",,,,,,,,
"2254,announced,826.960,827.360,0.400,0.000,826.520,0.440",,,,,,,,
"2255,themselves,827.360,827.760,0.400,0.000,826.520,0.840",,,,,,,,
"2256,on,827.760,827.900,0.140,0.000,826.520,1.240",,,,,,,,
"2257,cold,827.900,828.180,0.280,0.000,826.520,1.380",,,,,,,,
"2258,mornings,828.180,829.160,0.980,0.000,826.520,1.660",,,,,,,,
"2259,before,829.160,829.180,0.020,0.000,826.520,2.640",,,,,,,,
"2260,you,829.180,829.370,0.190,0.000,826.520,2.660",,,,,,,,
"2261,are,829.370,829.580,0.210,0.000,826.520,2.850",,,,,,,,
"2262,fully,829.580,829.930,0.350,0.000,826.520,3.060",,,,,,,,
"2263,awake,829.930,830.300,0.370,0.000,830.920,-0.990",,,,,,,,
"2264,You,830.490,830.800,0.310,0.190,830.920,-0.430",,,,,,,,
"2265,are,830.800,830.910,0.110,0.000,830.920,-0.120",,,,,,,,
"2266,not,830.910,831.120,0.210,0.000,830.920,-0.010",,,,,,,,
"2267,old,831.120,831.330,0.210,0.000,830.920,0.200",,,,,,,,
"2268,by,831.330,831.500,0.170,0.000,830.920,0.410",,,,,,,,
"2269,some,831.500,831.910,0.410,0.000,830.920,0.580",,,,,,,,
"2270,measures,831.910,832.330,0.420,0.000,830.920,0.990",,,,,,,,
"2271,but,832.480,833.720,1.240,0.150,833.600,-1.120",,,,,,,,
"2272,you,833.720,833.840,0.120,0.000,833.600,0.120",,,,,,,,
"2273,are,833.840,834.080,0.240,0.000,833.600,0.240",,,,,,,,
"2274,old,834.080,834.320,0.240,0.000,833.600,0.480",,,,,,,,
"2275,the,834.320,834.520,0.200,0.000,833.600,0.720",,,,,,,,
"2276,way,834.520,834.720,0.200,0.000,833.600,0.920",,,,,,,,
"2277,that,834.720,834.840,0.120,0.000,833.600,1.120",,,,,,,,
"2278,20,834.840,835.720,0.880,0.000,833.600,1.240",,,,,,,,
"2279,years,835.720,835.740,0.020,0.000,833.600,2.120",,,,,,,,
"2280,of,835.740,835.870,0.130,0.000,833.600,2.140",,,,,,,,
"2281,moving,835.870,836.280,0.410,0.000,833.600,2.270",,,,,,,,
"2282,at,836.280,836.410,0.130,0.000,833.600,2.680",,,,,,,,
"2283,night,836.410,836.750,0.340,0.000,836.680,-0.270",,,,,,,,
"2284,makes,836.750,837.090,0.340,0.000,836.680,0.070",,,,,,,,
"2285,a,837.090,837.150,0.060,0.000,836.680,0.410",,,,,,,,
"2286,body,837.150,837.420,0.270,0.000,836.680,0.470",,,,,,,,
"2287,old,837.420,837.620,0.200,0.000,836.680,0.740",,,,,,,,
"2288,There,837.820,838.050,0.230,0.200,838.420,-0.600",,,,,,,,
"2289,are,838.050,838.470,0.420,0.000,838.420,-0.370",,,,,,,,
"2290,faster,838.470,838.890,0.420,0.000,838.420,0.050",,,,,,,,
"2291,men,838.890,838.970,0.080,0.000,838.420,0.470",,,,,,,,
"2292,now,838.970,839.160,0.190,0.000,838.420,0.550",,,,,,,,
"2293,There,839.510,840.320,0.810,0.350,840.340,-0.830",,,,,,,,
"2294,are,840.320,840.480,0.160,0.000,840.340,-0.020",,,,,,,,
"2295,scouts,840.480,840.970,0.490,0.000,840.340,0.140",,,,,,,,
"2296,with,840.970,841.880,0.910,0.000,840.340,0.630",,,,,,,,
"2297,sharper,841.880,841.900,0.020,0.000,840.340,1.540",,,,,,,,
"2298,ears,841.900,842.230,0.330,0.000,842.520,-0.620",,,,,,,,
"2299,You,842.480,842.730,0.250,0.250,842.520,-0.040",,,,,,,,
"2300,say,842.730,843.020,0.290,0.000,842.520,0.210",,,,,,,,
"2301,so,843.020,843.150,0.130,0.000,843.880,-0.860",,,,,,,,
"2302,You,843.400,843.650,0.250,0.250,843.880,-0.480",,,,,,,,
"2303,tell,843.650,843.980,0.330,0.000,843.880,-0.230",,,,,,,,
"2304,Fen,843.980,844.220,0.240,0.000,843.880,0.100",,,,,,,,
"2305,25,844.630,844.890,0.260,0.410,844.960,-0.330",,,,,,,,
"2306,now,844.890,845.140,0.250,0.000,844.960,-0.070",,,,,,,,
"2307,and,845.300,845.550,0.250,0.160,844.960,0.340",,,,,,,,
"2308,leading,845.550,846.440,0.890,0.000,844.960,0.590",,,,,,,,
"2309,runs,846.440,846.470,0.030,0.000,844.960,1.480",,,,,,,,
"2310,you,846.470,846.720,0.250,0.000,844.960,1.510",,,,,,,,
"2311,no,846.720,846.890,0.170,0.000,844.960,1.760",,,,,,,,
"2312,longer,846.890,847.520,0.630,0.000,844.960,1.930",,,,,,,,
"2313,go,847.520,847.870,0.350,0.000,844.960,2.560",,,,,,,,
"2314,on,847.870,848.320,0.450,0.000,848.520,-0.650",,,,,,,,
"2315,that,848.400,848.560,0.160,0.080,848.520,-0.120",,,,,,,,
"2316,his,848.560,848.740,0.180,0.000,848.520,0.040",,,,,,,,
"2317,ears,848.740,848.840,0.100,0.000,848.520,0.220",,,,,,,,
"2318,are,848.840,848.990,0.150,0.000,848.520,0.320",,,,,,,,
"2319,better,848.990,849.720,0.730,0.000,848.520,0.470",,,,,,,,
"2320,than,849.720,849.760,0.040,0.000,848.520,1.200",,,,,,,,
"2321,yours,849.760,850.060,0.300,0.000,848.520,1.240",,,,,,,,
"2322,in,850.060,850.180,0.120,0.000,848.520,1.540",,,,,,,,
"2323,the,850.180,850.360,0.180,0.000,848.520,1.660",,,,,,,,
"2324,bir,850.360,850.540,0.180,0.000,848.520,1.840",,,,,,,,
"2325,ch,850.540,850.680,0.140,0.000,848.520,2.020",,,,,,,,
"2326,dance,850.680,850.960,0.280,0.000,848.520,2.160",,,,,,,,
"2327,He,851.200,851.390,0.190,0.240,852.340,-1.140",,,,,,,,
"2328,takes,851.390,851.870,0.480,0.000,852.340,-0.950",,,,,,,,
"2329,it,851.870,852.060,0.190,0.000,852.340,-0.470",,,,,,,,
"2330,as,852.060,852.470,0.410,0.000,852.340,-0.280",,,,,,,,
"2331,modesty,852.470,852.920,0.450,0.000,852.340,0.130",,,,,,,,
"2332,at,852.920,853.110,0.190,0.000,852.340,0.580",,,,,,,,
"2333,first,853.110,853.520,0.410,0.000,852.340,0.770",,,,,,,,
"2334,You,854.480,854.560,0.080,0.960,854.680,-0.200",,,,,,,,
"2335,explain,854.560,855.040,0.480,0.000,854.680,-0.120",,,,,,,,
"2336,that,855.040,855.490,0.450,0.000,854.680,0.360",,,,,,,,
"2337,it,855.490,855.880,0.390,0.000,854.680,0.810",,,,,,,,
"2338,is,855.880,855.940,0.060,0.000,854.680,1.200",,,,,,,,
"2339,not,855.940,856.280,0.340,0.000,856.860,-0.920",,,,,,,,
"2340,It,856.650,856.840,0.190,0.370,856.860,-0.210",,,,,,,,
"2341,is,856.840,857.060,0.220,0.000,856.860,-0.020",,,,,,,,
"2342,a,857.060,857.170,0.110,0.000,856.860,0.200",,,,,,,,
"2343,fact,857.170,857.620,0.450,0.000,856.860,0.310",,,,,,,,
"2344,he,857.620,857.840,0.220,0.000,856.860,0.760",,,,,,,,
"2345,needs,857.840,858.620,0.780,0.000,856.860,0.980",,,,,,,,
"2346,to,858.620,858.630,0.010,0.000,856.860,1.760",,,,,,,,
"2347,act,858.630,859.050,0.420,0.000,859.440,-0.810",,,,,,,,
"2348,on,859.050,859.280,0.230,0.000,859.440,-0.390",,,,,,,,
"2349,and,859.390,859.550,0.160,0.110,859.440,-0.050",,,,,,,,
"2350,acting,859.550,860.000,0.450,0.000,859.440,0.110",,,,,,,,
"2351,it,860.000,860.440,0.440,0.000,859.440,0.560",,,,,,,,
"2352,correctly,860.440,860.640,0.200,0.000,859.440,1.000",,,,,,,,
"2353,means,860.640,861.010,0.370,0.000,859.440,1.200",,,,,,,,
"2354,his,861.010,861.120,0.110,0.000,859.440,1.570",,,,,,,,
"2355,responsibility,861.120,862.160,1.040,0.000,859.440,1.680",,,,,,,,
"2356,at,862.160,862.530,0.370,0.000,862.900,-0.740",,,,,,,,
"2357,night,862.530,862.690,0.160,0.000,862.900,-0.370",,,,,,,,
"2358,is,862.690,862.840,0.150,0.000,862.900,-0.210",,,,,,,,
"2359,larger,862.840,863.290,0.450,0.000,862.900,-0.060",,,,,,,,
"2360,than,863.290,863.590,0.300,0.000,862.900,0.390",,,,,,,,
"2361,it,863.590,863.740,0.150,0.000,862.900,0.690",,,,,,,,
"2362,was,863.740,863.960,0.220,0.000,862.900,0.840",,,,,,,,
"2363,not,864.160,864.420,0.260,0.200,864.660,-0.500",,,,,,,,
"2364,smaller,864.420,864.860,0.440,0.000,864.660,-0.240",,,,,,,,
"2365,A,865.070,865.270,0.200,0.210,865.520,-0.450",,,,,,,,
"2366,predator,865.270,865.740,0.470,0.000,865.520,-0.250",,,,,,,,
"2367,gets,865.740,866.040,0.300,0.000,865.520,0.220",,,,,,,,
"2368,through,866.040,866.640,0.600,0.000,865.520,0.520",,,,,,,,
"2369,the,866.640,867.080,0.440,0.000,865.520,1.120",,,,,,,,
"2370,western,867.080,867.200,0.120,0.000,865.520,1.560",,,,,,,,
"2371,perimeter,867.200,867.690,0.490,0.000,865.520,1.680",,,,,,,,
"2372,on,867.690,867.810,0.120,0.000,865.520,2.170",,,,,,,,
"2373,a,867.810,867.840,0.030,0.000,865.520,2.290",,,,,,,,
"2374,winter,867.840,867.920,0.080,0.000,865.520,2.320",,,,,,,,
"2375,night,867.920,868.600,0.680,0.000,868.820,-0.900",,,,,,,,
"2376,and,868.600,868.620,0.020,0.000,868.820,-0.220",,,,,,,,
"2377,kills,868.620,868.890,0.270,0.000,868.820,-0.200",,,,,,,,
"2378,one,868.890,869.050,0.160,0.000,868.820,0.070",,,,,,,,
"2379,of,869.050,869.160,0.110,0.000,868.820,0.230",,,,,,,,
"2380,the,869.160,869.320,0.160,0.000,868.820,0.340",,,,,,,,
"2381,youngest,869.320,869.760,0.440,0.000,868.820,0.500",,,,,,,,
"2382,members,869.760,870.240,0.480,0.000,868.820,0.940",,,,,,,,
"2383,of,870.240,870.250,0.010,0.000,868.820,1.420",,,,,,,,
"2384,the,870.250,870.500,0.250,0.000,868.820,1.430",,,,,,,,
"2385,band,870.500,870.630,0.130,0.000,868.820,1.680",,,,,,,,
"2386,before,870.630,871.350,0.720,0.000,868.820,1.810",,,,,,,,
"2387,anyone,871.350,871.440,0.090,0.000,868.820,2.530",,,,,,,,
"2388,can,871.440,871.600,0.160,0.000,868.820,2.620",,,,,,,,
"2389,reach,871.680,872.020,0.340,0.080,868.820,2.860",,,,,,,,
"2390,the,872.020,872.120,0.100,0.000,868.820,3.200",,,,,,,,
"2391,site,872.120,872.610,0.490,0.000,873.360,-1.240",,,,,,,,
"2392,The,873.000,873.130,0.130,0.390,873.360,-0.360",,,,,,,,
"2393,child,873.130,873.550,0.420,0.000,873.360,-0.230",,,,,,,,
"2394,is,873.550,873.700,0.150,0.000,873.360,0.190",,,,,,,,
"2395,barely,873.700,874.210,0.510,0.000,873.360,0.340",,,,,,,,
"2396,four,874.210,874.640,0.430,0.000,873.360,0.850",,,,,,,,
"2397,years,874.640,874.970,0.330,0.000,873.360,1.280",,,,,,,,
"2398,old,874.970,875.210,0.240,0.000,875.700,-0.730",,,,,,,,
"2399,You,875.720,875.750,0.030,0.510,875.700,0.020",,,,,,,,
"2400,are,875.750,875.970,0.220,0.000,875.700,0.050",,,,,,,,
"2401,at,875.970,876.170,0.200,0.000,875.700,0.270",,,,,,,,
"2402,the,876.170,876.390,0.220,0.000,875.700,0.470",,,,,,,,
"2403,eastern,876.390,876.980,0.590,0.000,875.700,0.690",,,,,,,,
"2404,post,876.980,877.560,0.580,0.000,878.020,-1.040",,,,,,,,
"2405,The,877.580,877.830,0.250,0.020,878.020,-0.440",,,,,,,,
"2406,attack,877.830,878.600,0.770,0.000,878.020,-0.190",,,,,,,,
"2407,comes,878.600,878.880,0.280,0.000,878.020,0.580",,,,,,,,
"2408,from,878.880,879.160,0.280,0.000,878.020,0.860",,,,,,,,
"2409,the,879.160,879.370,0.210,0.000,878.020,1.140",,,,,,,,
"2410,direction,879.370,880.280,0.910,0.000,878.020,1.350",,,,,,,,
"2411,that,880.280,880.300,0.020,0.000,878.020,2.260",,,,,,,,
"2412,is,880.300,880.430,0.130,0.000,878.020,2.280",,,,,,,,
"2413,not,880.430,880.640,0.210,0.000,881.400,-0.970",,,,,,,,
"2414,yours,880.640,881.000,0.360,0.000,881.400,-0.760",,,,,,,,
"2415,You,881.210,881.420,0.210,0.210,881.400,-0.190",,,,,,,,
"2416,sit,881.420,881.620,0.200,0.000,881.400,0.020",,,,,,,,
"2417,with,881.620,881.920,0.300,0.000,881.400,0.220",,,,,,,,
"2418,that,881.920,882.190,0.270,0.000,881.400,0.520",,,,,,,,
"2419,for,882.190,882.400,0.210,0.000,881.400,0.790",,,,,,,,
"2420,a,882.400,882.450,0.050,0.000,881.400,1.000",,,,,,,,
"2421,long,882.450,883.030,0.580,0.000,883.560,-1.110",,,,,,,,
"2422,You,883.240,883.450,0.210,0.210,883.560,-0.320",,,,,,,,
"2423,go,883.450,883.590,0.140,0.000,883.560,-0.110",,,,,,,,
"2424,back,883.590,884.000,0.410,0.000,883.560,0.030",,,,,,,,
"2425,through,884.000,884.320,0.320,0.000,883.560,0.440",,,,,,,,
"2426,every,884.320,884.670,0.350,0.000,883.560,0.760",,,,,,,,
"2427,decision,884.670,885.200,0.530,0.000,883.560,1.110",,,,,,,,
"2428,of,885.200,885.650,0.450,0.000,883.560,1.640",,,,,,,,
"2429,that,885.650,885.740,0.090,0.000,886.500,-0.850",,,,,,,,
"2430,night,885.740,886.000,0.260,0.000,886.500,-0.760",,,,,,,,
"2431,The,886.270,886.420,0.150,0.270,886.500,-0.230",,,,,,,,
"2432,positioning,886.420,887.190,0.770,0.000,886.500,-0.080",,,,,,,,
"2433,was,887.190,887.400,0.210,0.000,887.660,-0.470",,,,,,,,
"2434,right,887.400,887.750,0.350,0.000,887.660,-0.260",,,,,,,,
"2435,The,887.930,888.160,0.230,0.180,887.660,0.270",,,,,,,,
"2436,rot,888.160,888.470,0.310,0.000,888.560,-0.400",,,,,,,,
"2437,ations,888.470,888.890,0.420,0.000,888.560,-0.090",,,,,,,,
"2438,were,888.890,889.080,0.190,0.000,888.560,0.330",,,,,,,,
"2439,right,889.080,889.430,0.350,0.000,888.560,0.520",,,,,,,,
"2440,The,890.280,890.480,0.200,0.850,890.460,-0.180",,,,,,,,
"2441,arrangement,890.480,891.120,0.640,0.000,890.460,0.020",,,,,,,,
"2442,was,891.120,891.310,0.190,0.000,890.460,0.660",,,,,,,,
"2443,what,891.310,891.560,0.250,0.000,890.460,0.850",,,,,,,,
"2444,it,891.560,891.670,0.110,0.000,890.460,1.100",,,,,,,,
"2445,has,891.670,891.860,0.190,0.000,890.460,1.210",,,,,,,,
"2446,always,891.860,892.500,0.640,0.000,893.160,-1.300",,,,,,,,
"2447,been,892.500,892.540,0.040,0.000,893.160,-0.660",,,,,,,,
"2448,None,892.690,892.940,0.250,0.150,893.160,-0.470",,,,,,,,
"2449,of,892.940,893.070,0.130,0.000,893.160,-0.220",,,,,,,,
"2450,that,893.070,893.310,0.240,0.000,893.160,-0.090",,,,,,,,
"2451,lifts,893.310,893.660,0.350,0.000,893.160,0.150",,,,,,,,
"2452,the,893.660,893.820,0.160,0.000,893.160,0.500",,,,,,,,
"2453,weight,893.820,894.200,0.380,0.000,893.160,0.660",,,,,,,,
"2454,What,894.480,895.270,0.790,0.280,895.480,-1.000",,,,,,,,
"2455,you,895.270,895.360,0.090,0.000,895.480,-0.210",,,,,,,,
"2456,arrive,895.360,896.120,0.760,0.000,895.480,-0.120",,,,,,,,
"2457,at,896.120,896.360,0.240,0.000,896.740,-0.620",,,,,,,,
"2458,eventually,897.080,897.440,0.360,0.720,897.760,-0.680",,,,,,,,
"2459,is,897.680,897.710,0.030,0.240,897.760,-0.080",,,,,,,,
"2460,that,897.710,897.930,0.220,0.000,897.760,-0.050",,,,,,,,
"2461,you,897.930,898.090,0.160,0.000,897.760,0.170",,,,,,,,
"2462,can,898.090,898.150,0.060,0.000,897.760,0.330",,,,,,,,
"2463,build,898.150,898.520,0.370,0.000,897.760,0.390",,,,,,,,
"2464,the,898.520,898.910,0.390,0.000,897.760,0.760",,,,,,,,
"2465,best,898.910,899.020,0.110,0.000,897.760,1.150",,,,,,,,
"2466,structure,899.020,899.410,0.390,0.000,897.760,1.260",,,,,,,,
"2467,knowledge,899.410,899.910,0.500,0.000,897.760,1.650",,,,,,,,
"2468,and,899.910,900.070,0.160,0.000,897.760,2.150",,,,,,,,
"2469,experience,900.070,900.640,0.570,0.000,897.760,2.310",,,,,,,,
"2470,allow,900.640,900.960,0.320,0.000,901.120,-0.480",,,,,,,,
"2471,and,901.030,901.150,0.120,0.070,901.120,-0.090",,,,,,,,
"2472,the,901.150,901.360,0.210,0.000,901.120,0.030",,,,,,,,
"2473,night,901.360,901.750,0.390,0.000,901.120,0.240",,,,,,,,
"2474,will,901.750,901.840,0.090,0.000,901.120,0.630",,,,,,,,
"2475,still,901.840,902.160,0.320,0.000,901.120,0.720",,,,,,,,
"2476,find,902.160,902.460,0.300,0.000,901.120,1.040",,,,,,,,
"2477,the,902.460,902.680,0.220,0.000,901.120,1.340",,,,,,,,
"2478,gap,902.680,902.890,0.210,0.000,901.120,1.560",,,,,,,,
"2479,that,902.890,903.580,0.690,0.000,901.120,1.770",,,,,,,,
"2480,structure,903.580,903.870,0.290,0.000,901.120,2.460",,,,,,,,
"2481,cannot,903.870,904.330,0.460,0.000,901.120,2.750",,,,,,,,
"2482,close,904.330,904.700,0.370,0.000,905.800,-1.470",,,,,,,,
"2483,Accept,904.900,905.460,0.560,0.200,905.800,-0.900",,,,,,,,
"2484,ing,905.460,905.580,0.120,0.000,905.800,-0.340",,,,,,,,
"2485,that,905.580,906.310,0.730,0.000,905.800,-0.220",,,,,,,,
"2486,without,906.310,906.400,0.090,0.000,905.800,0.510",,,,,,,,
"2487,it,906.400,906.550,0.150,0.000,905.800,0.600",,,,,,,,
"2488,hollow,906.550,907.000,0.450,0.000,905.800,0.750",,,,,,,,
"2489,ing,907.000,907.220,0.220,0.000,905.800,1.200",,,,,,,,
"2490,out,907.220,907.470,0.250,0.000,905.800,1.420",,,,,,,,
"2491,your,907.470,908.120,0.650,0.000,905.800,1.670",,,,,,,,
"2492,readiness,908.120,908.640,0.520,0.000,908.780,-0.660",,,,,,,,
"2493,is,908.640,908.740,0.100,0.000,908.780,-0.140",,,,,,,,
"2494,harder,908.740,909.050,0.310,0.000,908.780,-0.040",,,,,,,,
"2495,than,909.050,909.160,0.110,0.000,908.780,0.270",,,,,,,,
"2496,any,909.160,909.300,0.140,0.000,908.780,0.380",,,,,,,,
"2497,technique,909.300,910.030,0.730,0.000,908.780,0.520",,,,,,,,
"2498,you,910.030,910.060,0.030,0.000,908.780,1.250",,,,,,,,
"2499,have,910.060,910.250,0.190,0.000,908.780,1.280",,,,,,,,
"2500,ever,910.250,910.450,0.200,0.000,908.780,1.470",,,,,,,,
"2501,learned,910.450,910.810,0.360,0.000,908.780,1.670",,,,,,,,
"2502,harder,910.960,911.520,0.560,0.150,911.780,-0.820",,,,,,,,
"2503,than,911.520,911.940,0.420,0.000,911.780,-0.260",,,,,,,,
"2504,any,911.940,912.170,0.230,0.000,911.780,0.160",,,,,,,,
"2505,night,912.170,912.790,0.620,0.000,911.780,0.390",,,,,,,,
"2506,run,912.790,912.920,0.130,0.000,911.780,1.010",,,,,,,,
"2507,in,912.920,913.210,0.290,0.000,911.780,1.140",,,,,,,,
"2508,open,913.210,913.510,0.300,0.000,911.780,1.430",,,,,,,,
"2509,ground,913.510,913.780,0.270,0.000,911.780,1.730",,,,,,,,
"2510,rebuild,914.880,914.960,0.080,1.100,915.040,-0.160",,,,,,,,
"2511,You,915.010,915.250,0.240,0.050,915.040,-0.030",,,,,,,,
"2512,add,915.250,915.390,0.140,0.000,915.040,0.210",,,,,,,,
"2513,a,915.390,915.580,0.190,0.000,915.040,0.350",,,,,,,,
"2514,post,915.580,916.270,0.690,0.000,916.500,-0.920",,,,,,,,
"2515,that,916.270,916.300,0.030,0.000,916.500,-0.230",,,,,,,,
"2516,covers,916.300,916.830,0.530,0.000,916.500,-0.200",,,,,,,,
"2517,the,916.830,917.050,0.220,0.000,916.500,0.330",,,,,,,,
"2518,gap,917.050,917.280,0.230,0.000,916.500,0.550",,,,,,,,
"2519,the,917.280,917.530,0.250,0.000,916.500,0.780",,,,,,,,
"2520,night,917.530,917.950,0.420,0.000,916.500,1.030",,,,,,,,
"2521,found,917.950,918.370,0.420,0.000,916.500,1.450",,,,,,,,
"2522,You,919.030,919.100,0.070,0.660,919.560,-0.530",,,,,,,,
"2523,do,919.100,919.450,0.350,0.000,919.560,-0.460",,,,,,,,
"2524,not,919.450,919.730,0.280,0.000,919.560,-0.110",,,,,,,,
"2525,put,919.730,920.080,0.350,0.000,919.560,0.170",,,,,,,,
"2526,down,920.080,920.640,0.560,0.000,919.560,0.520",,,,,,,,
"2527,the,920.640,920.840,0.200,0.000,919.560,1.080",,,,,,,,
"2528,grief,920.840,921.170,0.330,0.000,921.640,-0.800",,,,,,,,
"2529,You,921.520,921.680,0.160,0.350,921.640,-0.120",,,,,,,,
"2530,carry,921.680,921.940,0.260,0.000,921.640,0.040",,,,,,,,
"2531,it,921.940,922.840,0.900,0.000,921.640,0.300",,,,,,,,
"2532,alongside,922.840,922.990,0.150,0.000,921.640,1.200",,,,,,,,
"2533,everything,922.990,923.770,0.780,0.000,923.860,-0.870",,,,,,,,
"2534,else,923.770,924.090,0.320,0.000,923.860,-0.090",,,,,,,,
"2535,and,924.250,924.480,0.230,0.160,923.860,0.390",,,,,,,,
"2536,you,924.480,924.740,0.260,0.000,926.160,-1.680",,,,,,,,
"2537,keep,924.740,925.050,0.310,0.000,926.160,-1.420",,,,,,,,
"2538,working,925.050,925.610,0.560,0.000,926.160,-1.110",,,,,,,,
"2539,Level,925.850,926.250,0.400,0.240,926.160,-0.310",,,,,,,,
"2540,eight,926.250,926.650,0.400,0.000,926.160,0.090",,,,,,,,
"2541,the,926.790,927.360,0.570,0.140,927.180,-0.390",,,,,,,,
"2542,one,927.360,927.400,0.040,0.000,927.180,0.180",,,,,,,,
"2543,who,927.400,927.520,0.120,0.000,927.180,0.220",,,,,,,,
"2544,teaches,927.520,927.920,0.400,0.000,927.180,0.340",,,,,,,,
"2545,what,927.920,928.250,0.330,0.000,927.180,0.740",,,,,,,,
"2546,cannot,928.250,928.440,0.190,0.000,927.180,1.070",,,,,,,,
"2547,be,928.440,929.320,0.880,0.000,927.180,1.260",,,,,,,,
"2548,taught,929.320,929.470,0.150,0.000,927.180,2.140",,,,,,,,
"2549,easily,929.470,929.910,0.440,0.000,927.180,2.290",,,,,,,,
"2550,you,930.090,930.320,0.230,0.180,927.180,2.910",,,,,,,,
"2551,are,930.320,930.570,0.250,0.000,927.180,3.140",,,,,,,,
"2552,49,930.570,931.070,0.500,0.000,932.100,-1.530",,,,,,,,
"2553,Three,931.320,931.650,0.330,0.250,932.100,-0.780",,,,,,,,
"2554,of,931.650,932.070,0.420,0.000,932.100,-0.450",,,,,,,,
"2555,your,932.070,932.230,0.160,0.000,932.100,-0.030",,,,,,,,
"2556,old,932.230,932.490,0.260,0.000,932.100,0.130",,,,,,,,
"2557,scouts,932.490,932.980,0.490,0.000,932.100,0.390",,,,,,,,
"2558,lead,932.980,933.840,0.860,0.000,932.100,0.880",,,,,,,,
"2559,their,933.840,933.880,0.040,0.000,932.100,1.740",,,,,,,,
"2560,own,933.880,934.000,0.120,0.000,932.100,1.780",,,,,,,,
"2561,groups,934.000,934.320,0.320,0.000,932.100,1.900",,,,,,,,
"2562,now,934.320,934.560,0.240,0.000,932.100,2.220",,,,,,,,
"2563,in,934.560,934.720,0.160,0.000,932.100,2.460",,,,,,,,
"2564,different,934.720,935.180,0.460,0.000,932.100,2.620",,,,,,,,
"2565,parts,935.180,935.420,0.240,0.000,932.100,3.080",,,,,,,,
"2566,of,935.420,935.500,0.080,0.000,932.100,3.320",,,,,,,,
"2567,the,935.500,936.120,0.620,0.000,936.440,-0.940",,,,,,,,
"2568,territory,936.120,936.140,0.020,0.000,936.440,-0.320",,,,,,,,
"2569,When,936.290,936.490,0.200,0.150,936.440,-0.150",,,,,,,,
"2570,the,936.490,936.670,0.180,0.000,936.440,0.050",,,,,,,,
"2571,bands,936.670,936.890,0.220,0.000,936.440,0.230",,,,,,,,
"2572,come,936.890,937.090,0.200,0.000,936.440,0.450",,,,,,,,
"2573,together,937.090,937.490,0.400,0.000,936.440,0.650",,,,,,,,
"2574,at,937.490,937.590,0.100,0.000,936.440,1.050",,,,,,,,
"2575,the,937.590,937.760,0.170,0.000,936.440,1.150",,,,,,,,
"2576,seasonal,937.760,938.140,0.380,0.000,936.440,1.320",,,,,,,,
"2577,meeting,938.140,938.590,0.450,0.000,936.440,1.700",,,,,,,,
"2578,place,938.590,938.870,0.280,0.000,936.440,2.150",,,,,,,,
"2579,by,938.870,938.960,0.090,0.000,936.440,2.430",,,,,,,,
"2580,the,938.960,939.170,0.210,0.000,936.440,2.520",,,,,,,,
"2581,wide,939.170,939.450,0.280,0.000,936.440,2.730",,,,,,,,
"2582,river,939.450,939.840,0.390,0.000,940.360,-0.910",,,,,,,,
"2583,those,940.360,940.380,0.020,0.520,940.360,0.000",,,,,,,,
"2584,men,940.380,940.590,0.210,0.000,940.360,0.020",,,,,,,,
"2585,find,940.590,940.910,0.320,0.000,940.360,0.230",,,,,,,,
"2586,you,940.910,941.130,0.220,0.000,940.360,0.550",,,,,,,,
"2587,at,941.130,941.250,0.120,0.000,940.360,0.770",,,,,,,,
"2588,the,941.250,941.500,0.250,0.000,940.360,0.890",,,,,,,,
"2589,fire,941.500,941.770,0.270,0.000,940.360,1.140",,,,,,,,
"2590,sit,942.000,942.130,0.130,0.230,940.360,1.640",,,,,,,,
"2591,close,942.130,942.500,0.370,0.000,940.360,1.770",,,,,,,,
"2592,and,942.730,943.080,0.350,0.230,943.300,-0.570",,,,,,,,
"2593,the,943.080,943.110,0.030,0.000,943.300,-0.220",,,,,,,,
"2594,talk,943.110,943.380,0.270,0.000,943.300,-0.190",,,,,,,,
"2595,moves,943.380,943.750,0.370,0.000,943.300,0.080",,,,,,,,
"2596,between,943.750,944.260,0.510,0.000,943.300,0.450",,,,,,,,
"2597,ordinary,944.260,944.960,0.700,0.000,943.300,0.960",,,,,,,,
"2598,things,944.960,945.310,0.350,0.000,943.300,1.660",,,,,,,,
"2599,and,945.310,945.480,0.170,0.000,945.720,-0.410",,,,,,,,
"2600,the,945.480,945.650,0.170,0.000,945.720,-0.240",,,,,,,,
"2601,kind,945.650,945.840,0.190,0.000,945.720,-0.070",,,,,,,,
"2602,of,945.840,945.990,0.150,0.000,945.720,0.120",,,,,,,,
"2603,talk,945.990,946.360,0.370,0.000,945.720,0.270",,,,,,,,
"2604,that,946.360,946.490,0.130,0.000,945.720,0.640",,,,,,,,
"2605,only,946.490,946.680,0.190,0.000,945.720,0.770",,,,,,,,
"2606,happens,946.680,947.130,0.450,0.000,945.720,0.960",,,,,,,,
"2607,between,947.130,947.500,0.370,0.000,945.720,1.410",,,,,,,,
"2608,people,947.500,947.850,0.350,0.000,945.720,1.780",,,,,,,,
"2609,who,947.850,948.020,0.170,0.000,945.720,2.130",,,,,,,,
"2610,have,948.020,948.260,0.240,0.000,945.720,2.300",,,,,,,,
"2611,shared,948.260,948.580,0.320,0.000,945.720,2.540",,,,,,,,
"2612,a,948.580,949.110,0.530,0.000,945.720,2.860",,,,,,,,
"2613,particular,949.110,949.360,0.250,0.000,945.720,3.390",,,,,,,,
"2614,kind,949.360,949.680,0.320,0.000,945.720,3.640",,,,,,,,
"2615,of,949.680,949.760,0.080,0.000,945.720,3.960",,,,,,,,
"2616,night,949.760,950.080,0.320,0.000,945.720,4.040",,,,,,,,
"2617,two,951.520,951.570,0.050,1.440,951.640,-0.120",,,,,,,,
"2618,young,951.570,951.600,0.030,0.000,951.640,-0.070",,,,,,,,
"2619,scouts,951.600,952.100,0.500,0.000,951.640,-0.040",,,,,,,,
"2620,to,952.100,952.260,0.160,0.000,951.640,0.460",,,,,,,,
"2621,you,952.260,952.530,0.270,0.000,951.640,0.620",,,,,,,,
"2622,at,952.530,952.920,0.390,0.000,951.640,0.890",,,,,,,,
"2623,the,952.920,952.960,0.040,0.000,951.640,1.280",,,,,,,,
"2624,gathering,952.960,953.750,0.790,0.000,951.640,1.320",,,,,,,,
"2625,He,954.010,954.180,0.170,0.260,954.840,-0.830",,,,,,,,
"2626,does,954.180,954.560,0.380,0.000,954.840,-0.660",,,,,,,,
"2627,not,954.560,954.820,0.260,0.000,954.840,-0.280",,,,,,,,
"2628,ask,954.820,955.050,0.230,0.000,954.840,-0.020",,,,,,,,
"2629,you,955.050,955.250,0.200,0.000,954.840,0.210",,,,,,,,
"2630,to,955.250,955.670,0.420,0.000,954.840,0.410",,,,,,,,
"2631,teach,955.670,955.920,0.250,0.000,954.840,0.830",,,,,,,,
"2632,them,955.920,956.400,0.480,0.000,954.840,1.080",,,,,,,,
"2633,anything,956.400,956.970,0.570,0.000,957.460,-1.060",,,,,,,,
"2634,He,957.060,957.800,0.740,0.090,957.460,-0.400",,,,,,,,
"2635,places,957.800,957.850,0.050,0.000,957.460,0.340",,,,,,,,
"2636,them,957.850,958.150,0.300,0.000,957.460,0.390",,,,,,,,
"2637,near,958.150,958.450,0.300,0.000,957.460,0.690",,,,,,,,
"2638,you,958.450,958.680,0.230,0.000,957.460,0.990",,,,,,,,
"2639,and,958.830,959.060,0.230,0.150,959.320,-0.490",,,,,,,,
"2640,you,959.060,959.290,0.230,0.000,959.320,-0.260",,,,,,,,
"2641,understand,959.290,959.970,0.680,0.000,959.320,-0.030",,,,,,,,
"2642,what,959.970,960.510,0.540,0.000,959.320,0.650",,,,,,,,
"2643,he,960.510,960.550,0.040,0.000,959.320,1.190",,,,,,,,
"2644,is,960.550,960.660,0.110,0.000,959.320,1.230",,,,,,,,
"2645,asking,960.660,961.120,0.460,0.000,962.000,-1.340",,,,,,,,
"2646,You,961.350,961.570,0.220,0.230,962.000,-0.650",,,,,,,,
"2647,watch,961.570,961.950,0.380,0.000,962.000,-0.430",,,,,,,,
"2648,the,961.950,962.360,0.410,0.000,962.000,-0.050",,,,,,,,
"2649,two,962.360,962.420,0.060,0.000,962.000,0.360",,,,,,,,
"2650,of,962.420,962.570,0.150,0.000,962.000,0.420",,,,,,,,
"2651,them,962.570,962.960,0.390,0.000,962.000,0.570",,,,,,,,
"2652,over,962.960,963.220,0.260,0.000,962.000,0.960",,,,,,,,
"2653,several,963.220,963.660,0.440,0.000,962.000,1.220",,,,,,,,
"2654,evenings,963.660,964.360,0.700,0.000,964.720,-1.060",,,,,,,,
"2655,One,964.380,964.590,0.210,0.020,964.720,-0.340",,,,,,,,
"2656,has,964.590,964.760,0.170,0.000,964.720,-0.130",,,,,,,,
"2657,good,964.760,965.020,0.260,0.000,964.720,0.040",,,,,,,,
"2658,instincts,965.020,965.600,0.580,0.000,964.720,0.300",,,,,,,,
"2659,but,965.600,965.790,0.190,0.000,964.720,0.880",,,,,,,,
"2660,is,965.790,966.000,0.210,0.000,964.720,1.070",,,,,,,,
"2661,afraid,966.000,966.310,0.310,0.000,964.720,1.280",,,,,,,,
"2662,of,966.310,966.440,0.130,0.000,964.720,1.590",,,,,,,,
"2663,fear,966.440,966.700,0.260,0.000,964.720,1.720",,,,,,,,
"2664,which,967.110,967.140,0.030,0.410,964.720,2.390",,,,,,,,
"2665,is,967.140,967.270,0.130,0.000,967.460,-0.320",,,,,,,,
"2666,the,967.270,967.530,0.260,0.000,967.460,-0.190",,,,,,,,
"2667,worst,967.530,967.780,0.250,0.000,967.460,0.070",,,,,,,,
"2668,combination,967.780,968.560,0.780,0.000,967.460,0.320",,,,,,,,
"2669,you,968.560,968.830,0.270,0.000,967.460,1.100",,,,,,,,
"2670,know,968.830,969.060,0.230,0.000,969.660,-0.830",,,,,,,,
"2671,The,969.220,969.960,0.740,0.160,969.660,-0.440",,,,,,,,
"2672,fear,969.960,970.110,0.150,0.000,969.660,0.300",,,,,,,,
"2673,itself,970.110,970.630,0.520,0.000,969.660,0.450",,,,,,,,
"2674,is,970.630,970.810,0.180,0.000,969.660,0.970",,,,,,,,
"2675,not,970.810,971.100,0.290,0.000,969.660,1.150",,,,,,,,
"2676,the,971.100,971.350,0.250,0.000,969.660,1.440",,,,,,,,
"2677,problem,971.350,971.980,0.630,0.000,972.360,-1.010",,,,,,,,
"2678,Fear,972.330,972.710,0.380,0.350,972.360,-0.030",,,,,,,,
"2679,is,972.710,972.790,0.080,0.000,972.360,0.350",,,,,,,,
"2680,information,972.790,973.780,0.990,0.000,974.760,-1.970",,,,,,,,
"2681,The,974.080,974.520,0.440,0.300,974.760,-0.680",,,,,,,,
"2682,problem,974.520,974.960,0.440,0.000,974.760,-0.240",,,,,,,,
"2683,is,974.960,975.140,0.180,0.000,974.760,0.200",,,,,,,,
"2684,what,975.140,975.560,0.420,0.000,975.660,-0.520",,,,,,,,
"2685,happens,975.560,976.240,0.680,0.000,975.660,-0.100",,,,,,,,
"2686,man,976.240,976.320,0.080,0.000,975.660,0.580",,,,,,,,
"2687,needs,976.320,981.360,5.040,0.000,980.540,-4.220",,,,,,,,
"2688,to,981.440,981.490,0.050,0.080,980.540,0.900",,,,,,,,
"2689,understand,981.490,982.090,0.600,0.000,980.540,0.950",,,,,,,,
"2690,that,982.090,982.370,0.280,0.000,980.540,1.550",,,,,,,,
"2691,the,982.370,982.760,0.390,0.000,980.540,1.830",,,,,,,,
"2692,tight,982.760,982.910,0.150,0.000,980.540,2.220",,,,,,,,
"2693,ness,982.910,983.140,0.230,0.000,980.540,2.370",,,,,,,,
"2694,in,983.140,983.310,0.170,0.000,980.540,2.600",,,,,,,,
"2695,his,983.310,983.460,0.150,0.000,980.540,2.770",,,,,,,,
"2696,chest,983.460,983.780,0.320,0.000,980.540,2.920",,,,,,,,
"2697,before,983.780,984.160,0.380,0.000,980.540,3.240",,,,,,,,
"2698,a,984.160,984.220,0.060,0.000,980.540,3.620",,,,,,,,
"2699,hard,984.220,984.470,0.250,0.000,980.540,3.680",,,,,,,,
"2700,night,984.470,984.790,0.320,0.000,984.880,-0.410",,,,,,,,
"2701,is,984.790,984.920,0.130,0.000,984.880,-0.090",,,,,,,,
"2702,not,984.920,985.100,0.180,0.000,984.880,0.040",,,,,,,,
"2703,a,985.100,985.170,0.070,0.000,984.880,0.220",,,,,,,,
"2704,sign,985.170,985.510,0.340,0.000,984.880,0.290",,,,,,,,
"2705,of,985.510,985.550,0.040,0.000,984.880,0.630",,,,,,,,
"2706,weakness,985.550,986.160,0.610,0.000,984.880,0.670",,,,,,,,
"2707,arriving,986.160,986.710,0.550,0.000,987.120,-0.960",,,,,,,,
"2708,It,986.900,987.040,0.140,0.190,987.120,-0.220",,,,,,,,
"2709,is,987.040,987.170,0.130,0.000,987.120,-0.080",,,,,,,,
"2710,the,987.170,987.560,0.390,0.000,987.120,0.050",,,,,,,,
"2711,body,987.560,987.710,0.150,0.000,987.120,0.440",,,,,,,,
"2712,getting,987.710,988.120,0.410,0.000,987.120,0.590",,,,,,,,
"2713,ready,988.120,988.460,0.340,0.000,989.260,-1.140",,,,,,,,
"2714,You,988.700,988.860,0.160,0.240,989.260,-0.560",,,,,,,,
"2715,tell,988.860,989.200,0.340,0.000,989.260,-0.400",,,,,,,,
"2716,him,989.200,989.330,0.130,0.000,989.260,-0.060",,,,,,,,
"2717,directly,989.330,990.310,0.980,0.000,990.600,-1.270",,,,,,,,
"2718,because,990.310,990.360,0.050,0.000,990.600,-0.290",,,,,,,,
"2719,he,990.360,990.490,0.130,0.000,990.600,-0.240",,,,,,,,
"2720,is,990.490,990.730,0.240,0.000,990.600,-0.110",,,,,,,,
"2721,young,990.730,990.960,0.230,0.000,990.600,0.130",,,,,,,,
"2722,enough,990.960,991.460,0.500,0.000,990.600,0.360",,,,,,,,
"2723,that,991.460,991.760,0.300,0.000,990.600,0.860",,,,,,,,
"2724,direct,991.760,992.230,0.470,0.000,990.600,1.160",,,,,,,,
"2725,still,992.230,992.380,0.150,0.000,990.600,1.630",,,,,,,,
"2726,works,992.380,993.160,0.780,0.000,993.280,-0.900",,,,,,,,
"2727,You,993.290,993.470,0.180,0.130,993.280,0.010",,,,,,,,
"2728,see,993.470,993.710,0.240,0.000,993.280,0.190",,,,,,,,
"2729,it,993.710,993.850,0.140,0.000,993.280,0.430",,,,,,,,
"2730,take,993.850,994.160,0.310,0.000,993.280,0.570",,,,,,,,
"2731,in,994.160,994.320,0.160,0.000,993.280,0.880",,,,,,,,
"2732,his,994.320,994.540,0.220,0.000,993.280,1.040",,,,,,,,
"2733,face,994.540,994.850,0.310,0.000,995.720,-1.180",,,,,,,,
"2734,The,995.080,995.310,0.230,0.230,995.720,-0.640",,,,,,,,
"2735,other,995.310,995.910,0.600,0.000,995.720,-0.410",,,,,,,,
"2736,one,995.910,995.930,0.020,0.000,995.720,0.190",,,,,,,,
"2737,is,995.930,996.080,0.150,0.000,995.720,0.210",,,,,,,,
"2738,nearly,996.080,996.550,0.470,0.000,996.660,-0.580",,,,,,,,
"2739,the,996.550,996.740,0.190,0.000,996.660,-0.110",,,,,,,,
"2740,opposite,996.740,997.720,0.980,0.000,996.660,0.080",,,,,,,,
"2741,She,997.760,998.760,1.000,0.040,998.520,-0.760",,,,,,,,
"2742,moves,998.760,998.960,0.200,0.000,998.520,0.240",,,,,,,,
"2743,into,998.960,999.240,0.280,0.000,998.520,0.440",,,,,,,,
"2744,dark,999.240,999.500,0.260,0.000,998.520,0.720",,,,,,,,
"2745,terrain,999.500,1000.290,0.790,0.000,1000.320,-0.820",,,,,,,,
"2746,with,1000.290,1000.370,0.080,0.000,1000.320,-0.030",,,,,,,,
"2747,an,1000.370,1000.490,0.120,0.000,1000.320,0.050",,,,,,,,
"2748,ease,1000.490,1000.710,0.220,0.000,1000.320,0.170",,,,,,,,
"2749,that,1000.710,1000.990,0.280,0.000,1000.320,0.390",,,,,,,,
"2750,looks,1000.990,1001.340,0.350,0.000,1000.320,0.670",,,,,,,,
"2751,like,1001.340,1001.620,0.280,0.000,1000.320,1.020",,,,,,,,
"2752,calm,1001.620,1002.000,0.380,0.000,1000.320,1.300",,,,,,,,
"2753,but,1002.000,1002.110,0.110,0.000,1002.480,-0.480",,,,,,,,
"2754,is,1002.110,1002.260,0.150,0.000,1002.480,-0.370",,,,,,,,
"2755,actually,1002.260,1002.800,0.540,0.000,1002.480,-0.220",,,,,,,,
"2756,the,1002.800,1003.110,0.310,0.000,1002.480,0.320",,,,,,,,
"2757,absence,1003.110,1003.530,0.420,0.000,1002.480,0.630",,,,,,,,
"2758,of,1003.530,1003.650,0.120,0.000,1002.480,1.050",,,,,,,,
"2759,proper,1003.650,1004.150,0.500,0.000,1002.480,1.170",,,,,,,,
"2760,attention,1004.150,1004.510,0.360,0.000,1002.480,1.670",,,,,,,,
"2761,her,1005.600,1005.630,0.030,1.090,1005.820,-0.220",,,,,,,,
"2762,to,1005.630,1005.680,0.050,0.000,1005.820,-0.190",,,,,,,,
"2763,the,1005.680,1005.880,0.200,0.000,1005.820,-0.140",,,,,,,,
"2764,perimeter,1005.880,1006.960,1.080,0.000,1005.820,0.060",,,,,,,,
"2765,edge,1006.960,1007.020,0.060,0.000,1005.820,1.140",,,,,,,,
"2766,one,1007.020,1007.230,0.210,0.000,1005.820,1.200",,,,,,,,
"2767,evening,1007.230,1007.790,0.560,0.000,1005.820,1.410",,,,,,,,
"2768,and,1007.790,1008.040,0.250,0.000,1008.180,-0.390",,,,,,,,
"2769,ask,1008.040,1008.290,0.250,0.000,1008.180,-0.140",,,,,,,,
"2770,her,1008.290,1008.640,0.350,0.000,1008.180,0.110",,,,,,,,
"2771,to,1008.640,1008.700,0.060,0.000,1008.180,0.460",,,,,,,,
"2772,stand,1008.700,1009.120,0.420,0.000,1008.180,0.520",,,,,,,,
"2773,still,1009.120,1009.750,0.630,0.000,1008.180,0.940",,,,,,,,
"2774,and,1009.750,1009.760,0.010,0.000,1008.180,1.570",,,,,,,,
"2775,report,1009.760,1010.170,0.410,0.000,1008.180,1.580",,,,,,,,
"2776,what,1010.170,1010.320,0.150,0.000,1008.180,1.990",,,,,,,,
"2777,she,1010.320,1010.560,0.240,0.000,1008.180,2.140",,,,,,,,
"2778,notices,1010.640,1011.070,0.430,0.080,1008.180,2.460",,,,,,,,
"2779,At,1011.510,1011.980,0.470,0.440,1012.340,-0.830",,,,,,,,
"2780,first,1011.980,1012.190,0.210,0.000,1012.340,-0.360",,,,,,,,
"2781,she,1012.190,1012.510,0.320,0.000,1012.340,-0.150",,,,,,,,
"2782,reports,1012.510,1013.140,0.630,0.000,1012.340,0.170",,,,,,,,
"2783,the,1013.140,1013.440,0.300,0.000,1012.340,0.800",,,,,,,,
"2784,obvious,1013.440,1014.110,0.670,0.000,1012.340,1.100",,,,,,,,
"2785,You,1014.690,1014.710,0.020,0.580,1014.960,-0.270",,,,,,,,
"2786,wait,1014.710,1015.130,0.420,0.000,1014.960,-0.250",,,,,,,,
"2787,The,1015.360,1015.650,0.290,0.230,1016.320,-0.960",,,,,,,,
"2788,reports,1015.650,1016.520,0.870,0.000,1016.320,-0.670",,,,,,,,
"2789,get,1016.520,1016.610,0.090,0.000,1016.320,0.200",,,,,,,,
"2790,finer,1016.610,1017.090,0.480,0.000,1016.320,0.290",,,,,,,,
"2791,A,1017.560,1017.650,0.090,0.470,1018.180,-0.620",,,,,,,,
"2792,smell,1017.650,1018.710,1.060,0.000,1018.180,-0.530",,,,,,,,
"2793,change,1018.710,1019.120,0.410,0.000,1018.180,0.530",,,,,,,,
"2794,at,1019.120,1019.280,0.160,0.000,1018.180,0.940",,,,,,,,
"2795,the,1019.280,1019.480,0.200,0.000,1018.180,1.100",,,,,,,,
"2796,base,1019.480,1019.750,0.270,0.000,1018.180,1.300",,,,,,,,
"2797,of,1019.750,1019.870,0.120,0.000,1018.180,1.570",,,,,,,,
"2798,a,1019.870,1019.920,0.050,0.000,1018.180,1.690",,,,,,,,
"2799,slope,1019.920,1020.000,0.080,0.000,1018.180,1.740",,,,,,,,
"2800,A,1020.480,1020.700,0.220,0.480,1021.140,-0.660",,,,,,,,
"2801,sound,1020.700,1020.890,0.190,0.000,1021.140,-0.440",,,,,,,,
"2802,she,1020.890,1021.080,0.190,0.000,1021.140,-0.250",,,,,,,,
"2803,had,1021.080,1021.280,0.200,0.000,1021.140,-0.060",,,,,,,,
"2804,not,1021.280,1021.480,0.200,0.000,1021.140,0.140",,,,,,,,
"2805,consciously,1021.480,1022.320,0.840,0.000,1021.140,0.340",,,,,,,,
"2806,registered,1022.320,1022.880,0.560,0.000,1021.140,1.180",,,,,,,,
"2807,until,1022.880,1023.380,0.500,0.000,1021.140,1.740",,,,,,,,
"2808,it,1023.380,1023.430,0.050,0.000,1021.140,2.240",,,,,,,,
"2809,was,1023.430,1023.580,0.150,0.000,1021.140,2.290",,,,,,,,
"2810,gone,1023.580,1023.850,0.270,0.000,1021.140,2.440",,,,,,,,
"2811,You,1024.150,1025.240,1.090,0.300,1025.360,-1.210",,,,,,,,
"2812,tell,1025.240,1025.330,0.090,0.000,1025.360,-0.120",,,,,,,,
"2813,her,1025.330,1025.840,0.510,0.000,1025.360,-0.030",,,,,,,,
"2814,that,1025.840,1026.080,0.240,0.000,1025.360,0.480",,,,,,,,
"2815,That,1026.720,1026.800,0.080,0.640,1026.860,-0.140",,,,,,,,
"2816,second,1026.800,1026.900,0.100,0.000,1026.860,-0.060",,,,,,,,
"2817,kind,1026.900,1027.220,0.320,0.000,1026.860,0.040",,,,,,,,
"2818,of,1027.220,1027.790,0.570,0.000,1026.860,0.360",,,,,,,,
"2819,noticing,1027.790,1028.140,0.350,0.000,1029.040,-1.250",,,,,,,,
"2820,That,1028.290,1028.670,0.380,0.150,1029.040,-0.750",,,,,,,,
"2821,is,1028.670,1028.780,0.110,0.000,1029.040,-0.370",,,,,,,,
"2822,where,1028.780,1029.190,0.410,0.000,1029.040,-0.260",,,,,,,,
"2823,the,1029.190,1029.430,0.240,0.000,1029.040,0.150",,,,,,,,
"2824,whole,1029.430,1029.840,0.410,0.000,1029.040,0.390",,,,,,,,
"2825,skill,1029.840,1030.250,0.410,0.000,1029.040,0.800",,,,,,,,
"2826,lives,1030.250,1030.870,0.620,0.000,1029.040,1.210",,,,,,,,
"2827,You,1030.960,1031.640,0.680,0.090,1032.060,-1.100",,,,,,,,
"2828,are,1031.640,1032.310,0.670,0.000,1032.060,-0.420",,,,,,,,
"2829,not,1032.310,1032.680,0.370,0.000,1032.060,0.250",,,,,,,,
"2830,certain,1032.680,1032.960,0.280,0.000,1032.060,0.620",,,,,,,,
"2831,you,1032.960,1033.250,0.290,0.000,1032.060,0.900",,,,,,,,
"2832,gave,1033.250,1033.520,0.270,0.000,1032.060,1.190",,,,,,,,
"2833,either,1033.520,1033.920,0.400,0.000,1032.060,1.460",,,,,,,,
"2834,of,1033.920,1034.040,0.120,0.000,1032.060,1.860",,,,,,,,
"2835,them,1034.040,1034.150,0.110,0.000,1032.060,1.980",,,,,,,,
"2836,what,1034.150,1034.590,0.440,0.000,1032.060,2.090",,,,,,,,
"2837,they,1034.590,1034.940,0.350,0.000,1032.060,2.530",,,,,,,,
"2838,needed,1034.940,1035.230,0.290,0.000,1035.560,-0.620",,,,,,,,
"2839,You,1035.470,1035.630,0.160,0.240,1035.560,-0.090",,,,,,,,
"2840,were,1035.630,1035.890,0.260,0.000,1035.560,0.070",,,,,,,,
"2841,not,1035.890,1036.090,0.200,0.000,1035.560,0.330",,,,,,,,
"2842,certain,1036.090,1036.560,0.470,0.000,1035.560,0.530",,,,,,,,
"2843,D,1036.560,1036.610,0.050,0.000,1035.560,1.000",,,,,,,,
"2844,arr,1036.610,1036.820,0.210,0.000,1035.560,1.050",,,,,,,,
"2845,att,1036.820,1037.010,0.190,0.000,1035.560,1.260",,,,,,,,
"2846,and,1037.010,1037.280,0.270,0.000,1035.560,1.450",,,,,,,,
"2847,Kor,1037.280,1037.410,0.130,0.000,1035.560,1.720",,,,,,,,
"2848,ik,1037.410,1037.670,0.260,0.000,1035.560,1.850",,,,,,,,
"2849,gave,1037.670,1037.800,0.130,0.000,1035.560,2.110",,,,,,,,
"2850,you,1037.800,1038.090,0.290,0.000,1035.560,2.240",,,,,,,,
"2851,everything,1038.090,1038.560,0.470,0.000,1035.560,2.530",,,,,,,,
"2852,you,1038.560,1038.720,0.160,0.000,1035.560,3.000",,,,,,,,
"2853,needed,1038.800,1039.160,0.360,0.080,1039.820,-1.020",,,,,,,,
"2854,You,1039.270,1039.390,0.120,0.110,1039.820,-0.550",,,,,,,,
"2855,gave,1039.390,1040.120,0.730,0.000,1039.820,-0.430",,,,,,,,
"2856,what,1040.120,1040.180,0.060,0.000,1039.820,0.300",,,,,,,,
"2857,you,1040.180,1040.400,0.220,0.000,1039.820,0.360",,,,,,,,
"2858,had,1040.400,1040.670,0.270,0.000,1039.820,0.580",,,,,,,,
"2859,The,1040.840,1041.080,0.240,0.170,1039.820,1.020",,,,,,,,
"2860,rest,1041.080,1041.350,0.270,0.000,1042.040,-0.960",,,,,,,,
"2861,belongs,1041.350,1041.870,0.520,0.000,1042.040,-0.690",,,,,,,,
"2862,to,1041.870,1042.020,0.150,0.000,1042.040,-0.170",,,,,,,,
"2863,the,1042.020,1042.240,0.220,0.000,1042.040,-0.020",,,,,,,,
"2864,nights,1042.240,1042.870,0.630,0.000,1042.040,0.200",,,,,,,,
"2865,they,1042.870,1042.970,0.100,0.000,1042.040,0.830",,,,,,,,
"2866,will,1042.970,1043.290,0.320,0.000,1042.040,0.930",,,,,,,,
"2867,face,1043.290,1043.550,0.260,0.000,1042.040,1.250",,,,,,,,
"2868,without,1043.550,1044.020,0.470,0.000,1042.040,1.510",,,,,,,,
"2869,you,1044.020,1044.640,0.620,0.000,1046.620,-2.600",,,,,,,,
"2870,Level,1046.480,1046.560,0.080,1.840,1046.620,-0.140",,,,,,,,
"2871,9,1046.560,1047.200,0.640,0.000,1047.960,-1.400",,,,,,,,
"2872,The,1047.350,1047.830,0.480,0.150,1047.960,-0.610",,,,,,,,
"2873,one,1047.830,1047.900,0.070,0.000,1047.960,-0.130",,,,,,,,
"2874,whose,1047.900,1048.190,0.290,0.000,1047.960,-0.060",,,,,,,,
"2875,name,1048.190,1048.470,0.280,0.000,1047.960,0.230",,,,,,,,
"2876,the,1048.470,1048.680,0.210,0.000,1047.960,0.510",,,,,,,,
"2877,stories,1048.680,1049.180,0.500,0.000,1047.960,0.720",,,,,,,,
"2878,use,1049.180,1049.520,0.340,0.000,1047.960,1.220",,,,,,,,
"2879,You,1049.780,1049.960,0.180,0.260,1050.180,-0.400",,,,,,,,
"2880,are,1049.960,1050.630,0.670,0.000,1050.180,-0.220",,,,,,,,
"2881,58,1050.630,1050.750,0.120,0.000,1050.180,0.450",,,,,,,,
"2882,Your,1051.050,1051.530,0.480,0.300,1052.100,-1.050",,,,,,,,
"2883,hair,1051.530,1052.380,0.850,0.000,1052.100,-0.570",,,,,,,,
"2884,has,1052.380,1052.440,0.060,0.000,1052.100,0.280",,,,,,,,
"2885,gone,1052.440,1052.880,0.440,0.000,1052.100,0.340",,,,,,,,
"2886,pale,1052.880,1053.200,0.320,0.000,1052.100,0.780",,,,,,,,
"2887,at,1053.200,1053.480,0.280,0.000,1052.100,1.100",,,,,,,,
"2888,the,1053.480,1053.490,0.010,0.000,1052.100,1.380",,,,,,,,
"2889,edges,1053.490,1053.700,0.210,0.000,1052.100,1.390",,,,,,,,
"2890,Your,1054.560,1054.610,0.050,0.860,1054.740,-0.180",,,,,,,,
"2891,hands,1054.610,1054.640,0.030,0.000,1054.740,-0.130",,,,,,,,
"2892,are,1054.640,1054.870,0.230,0.000,1054.740,-0.100",,,,,,,,
"2893,steady,1054.870,1055.080,0.210,0.000,1054.740,0.130",,,,,,,,
"2894,now,1055.080,1055.910,0.830,0.000,1054.740,0.340",,,,,,,,
"2895,The,1055.980,1056.190,0.210,0.070,1056.780,-0.800",,,,,,,,
"2896,same,1056.190,1056.510,0.320,0.000,1056.780,-0.590",,,,,,,,
"2897,hands,1056.510,1056.940,0.430,0.000,1056.780,-0.270",,,,,,,,
"2898,that,1056.940,1057.280,0.340,0.000,1056.780,0.160",,,,,,,,
"2899,could,1057.280,1057.710,0.430,0.000,1056.780,0.500",,,,,,,,
"2900,not,1057.710,1057.970,0.260,0.000,1056.780,0.930",,,,,,,,
"2901,hold,1057.970,1058.710,0.740,0.000,1056.780,1.190",,,,,,,,
"2902,still,1058.710,1058.800,0.090,0.000,1056.780,1.930",,,,,,,,
"2903,over,1058.800,1059.130,0.330,0.000,1056.780,2.020",,,,,,,,
"2904,your,1059.130,1059.280,0.150,0.000,1056.780,2.350",,,,,,,,
"2905,first,1059.280,1059.600,0.320,0.000,1056.780,2.500",,,,,,,,
"2906,real,1059.600,1059.840,0.240,0.000,1056.780,2.820",,,,,,,,
"2907,guarding,1059.840,1060.300,0.460,0.000,1056.780,3.060",,,,,,,,
"2908,post,1060.300,1060.530,0.230,0.000,1056.780,3.520",,,,,,,,
"2909,They,1060.620,1060.930,0.310,0.090,1061.320,-0.700",,,,,,,,
"2910,are,1060.930,1061.240,0.310,0.000,1061.320,-0.390",,,,,,,,
"2911,also,1061.240,1061.370,0.130,0.000,1061.320,-0.080",,,,,,,,
"2912,marked,1061.370,1061.670,0.300,0.000,1061.320,0.050",,,,,,,,
"2913,with,1061.670,1061.900,0.230,0.000,1061.320,0.350",,,,,,,,
"2914,everything,1061.900,1062.470,0.570,0.000,1061.320,0.580",,,,,,,,
"2915,the,1062.470,1062.640,0.170,0.000,1061.320,1.150",,,,,,,,
"2916,years,1062.640,1062.920,0.280,0.000,1061.320,1.320",,,,,,,,
"2917,put,1062.920,1063.140,0.220,0.000,1061.320,1.600",,,,,,,,
"2918,into,1063.140,1063.320,0.180,0.000,1061.320,1.820",,,,,,,,
"2919,them,1063.320,1063.580,0.260,0.000,1061.320,2.000",,,,,,,,
"2920,The,1063.990,1064.640,0.650,0.410,1064.640,-0.650",,,,,,,,
"2921,white,1064.640,1064.960,0.320,0.000,1064.640,0.000",,,,,,,,
"2922,line,1064.960,1065.530,0.570,0.000,1064.640,0.320",,,,,,,,
"2923,across,1065.530,1065.600,0.070,0.000,1064.640,0.890",,,,,,,,
"2924,your,1065.680,1065.850,0.170,0.080,1064.640,1.040",,,,,,,,
"2925,left,1065.850,1066.090,0.240,0.000,1064.640,1.210",,,,,,,,
"2926,palm,1066.090,1066.340,0.250,0.000,1064.640,1.450",,,,,,,,
"2927,from,1066.340,1066.590,0.250,0.000,1064.640,1.700",,,,,,,,
"2928,a,1066.590,1066.970,0.380,0.000,1064.640,1.950",,,,,,,,
"2929,night,1066.970,1067.010,0.040,0.000,1064.640,2.330",,,,,,,,
"2930,in,1067.010,1067.130,0.120,0.000,1064.640,2.370",,,,,,,,
"2931,the,1067.130,1067.280,0.150,0.000,1064.640,2.490",,,,,,,,
"2932,limestone,1067.280,1067.850,0.570,0.000,1064.640,2.640",,,,,,,,
"2933,hills,1067.850,1068.160,0.310,0.000,1064.640,3.210",,,,,,,,
"2934,The,1068.350,1068.640,0.290,0.190,1068.840,-0.490",,,,,,,,
"2935,shortened,1068.640,1069.110,0.470,0.000,1068.840,-0.200",,,,,,,,
"2936,finger,1069.110,1069.330,0.220,0.000,1068.840,0.270",,,,,,,,
"2937,on,1069.330,1069.750,0.420,0.000,1068.840,0.490",,,,,,,,
"2938,your,1069.750,1069.860,0.110,0.000,1068.840,0.910",,,,,,,,
"2939,right,1069.860,1070.240,0.380,0.000,1068.840,1.020",,,,,,,,
"2940,hand,1070.240,1070.560,0.320,0.000,1068.840,1.400",,,,,,,,
"2941,from,1070.560,1070.720,0.160,0.000,1068.840,1.720",,,,,,,,
"2942,something,1070.720,1071.300,0.580,0.000,1068.840,1.880",,,,,,,,
"2943,you,1071.300,1071.360,0.060,0.000,1068.840,2.460",,,,,,,,
"2944,do,1071.360,1071.630,0.270,0.000,1068.840,2.520",,,,,,,,
"2945,not,1071.630,1072.140,0.510,0.000,1068.840,2.790",,,,,,,,
"2946,describe,1072.140,1072.350,0.210,0.000,1068.840,3.300",,,,,,,,
"2947,in,1072.350,1072.480,0.130,0.000,1068.840,3.510",,,,,,,,
"2948,detail,1072.480,1072.890,0.410,0.000,1073.600,-1.120",,,,,,,,
"2949,The,1073.080,1073.260,0.180,0.190,1073.600,-0.520",,,,,,,,
"2950,thick,1073.260,1073.580,0.320,0.000,1073.600,-0.340",,,,,,,,
"2951,ened,1073.580,1073.840,0.260,0.000,1073.600,-0.020",,,,,,,,
"2952,kn,1073.840,1074.020,0.180,0.000,1073.600,0.240",,,,,,,,
"2953,uckles,1074.020,1074.330,0.310,0.000,1073.600,0.420",,,,,,,,
"2954,from,1074.330,1074.870,0.540,0.000,1073.600,0.730",,,,,,,,
"2955,four,1074.870,1074.880,0.010,0.000,1073.600,1.270",,,,,,,,
"2956,decades,1074.880,1075.440,0.560,0.000,1073.600,1.280",,,,,,,,
"2957,of,1075.440,1075.550,0.110,0.000,1073.600,1.840",,,,,,,,
"2958,gripping,1075.550,1076.000,0.450,0.000,1073.600,1.950",,,,,,,,
"2959,things,1076.000,1076.470,0.470,0.000,1073.600,2.400",,,,,,,,
"2960,hard,1076.470,1076.600,0.130,0.000,1073.600,2.870",,,,,,,,
"2961,in,1076.600,1076.940,0.340,0.000,1073.600,3.000",,,,,,,,
"2962,the,1076.940,1077.400,0.460,0.000,1078.180,-1.240",,,,,,,,
"2963,cold,1077.400,1077.530,0.130,0.000,1078.180,-0.780",,,,,,,,
"2964,Other,1077.720,1078.110,0.390,0.190,1078.180,-0.460",,,,,,,,
"2965,bands,1078.110,1078.540,0.430,0.000,1078.180,-0.070",,,,,,,,
"2966,know,1078.540,1078.810,0.270,0.000,1078.180,0.360",,,,,,,,
"2967,your,1078.810,1079.120,0.310,0.000,1078.180,0.630",,,,,,,,
"2968,name,1079.120,1079.430,0.310,0.000,1080.120,-1.000",,,,,,,,
"2969,Not,1079.660,1080.140,0.480,0.230,1080.120,-0.460",,,,,,,,
"2970,the,1080.140,1080.150,0.010,0.000,1080.120,0.020",,,,,,,,
"2971,way,1080.150,1080.380,0.230,0.000,1080.120,0.030",,,,,,,,
"2972,a,1080.380,1080.570,0.190,0.000,1080.120,0.260",,,,,,,,
"2973,man,1080.570,1080.700,0.130,0.000,1080.120,0.450",,,,,,,,
"2974,is,1080.700,1080.860,0.160,0.000,1080.120,0.580",,,,,,,,
"2975,known,1080.860,1081.200,0.340,0.000,1080.120,0.740",,,,,,,,
"2976,for,1081.200,1081.590,0.390,0.000,1080.120,1.080",,,,,,,,
"2977,a,1081.590,1081.960,0.370,0.000,1080.120,1.470",,,,,,,,
"2978,single,1081.960,1082.000,0.040,0.000,1080.120,1.840",,,,,,,,
"2979,event,1082.000,1082.320,0.320,0.000,1080.120,1.880",,,,,,,,
"2980,a,1083.360,1083.440,0.080,1.040,1083.540,-0.180",,,,,,,,
"2981,specific,1083.440,1083.720,0.280,0.000,1083.540,-0.100",,,,,,,,
"2982,ridge,1083.720,1083.880,0.160,0.000,1083.540,0.180",,,,,,,,
"2983,is,1083.880,1084.760,0.880,0.000,1083.540,0.340",,,,,,,,
"2984,known,1084.760,1084.890,0.130,0.000,1083.540,1.220",,,,,,,,
"2985,Or,1085.120,1085.310,0.190,0.230,1086.020,-0.900",,,,,,,,
"2986,a,1085.310,1085.390,0.080,0.000,1086.020,-0.710",,,,,,,,
"2987,reliable,1085.390,1086.140,0.750,0.000,1086.020,-0.630",,,,,,,,
"2988,river,1086.140,1086.660,0.520,0.000,1086.020,0.120",,,,,,,,
"2989,crossing,1086.660,1087.510,0.850,0.000,1086.020,0.640",,,,,,,,
"2990,of,1088.960,1089.010,0.050,1.450,1089.100,-0.140",,,,,,,,
"2991,the,1089.010,1089.040,0.030,0.000,1089.100,-0.090",,,,,,,,
"2992,world,1089.040,1089.500,0.460,0.000,1089.100,-0.060",,,,,,,,
"2993,that,1089.500,1090.370,0.870,0.000,1089.100,0.400",,,,,,,,
"2994,people,1090.370,1090.590,0.220,0.000,1090.680,-0.310",,,,,,,,
"2995,orient,1090.590,1091.170,0.580,0.000,1090.680,-0.090",,,,,,,,
"2996,by,1091.170,1091.370,0.200,0.000,1090.680,0.490",,,,,,,,
"2997,when,1091.370,1091.780,0.410,0.000,1090.680,0.690",,,,,,,,
"2998,the,1091.780,1092.090,0.310,0.000,1092.340,-0.560",,,,,,,,
"2999,bands,1092.090,1093.110,1.020,0.000,1092.340,-0.250",,,,,,,,
"3000,gather,1093.110,1093.280,0.170,0.000,1092.340,0.770",,,,,,,,
"3001,and,1093.280,1093.530,0.250,0.000,1092.340,0.940",,,,,,,,
"3002,the,1093.530,1093.600,0.070,0.000,1092.340,1.190",,,,,,,,
"3003,talk,1093.600,1094.000,0.400,0.000,1092.340,1.260",,,,,,,,
"3004,turns,1094.000,1094.230,0.230,0.000,1092.340,1.660",,,,,,,,
"3005,to,1094.230,1094.480,0.250,0.000,1092.340,1.890",,,,,,,,
"3006,night,1094.480,1094.800,0.320,0.000,1092.340,2.140",,,,,,,,
"3007,to,1095.440,1095.480,0.040,0.640,1095.500,-0.060",,,,,,,,
"3008,what,1095.480,1095.720,0.240,0.000,1095.500,-0.020",,,,,,,,
"3009,lives,1095.720,1095.870,0.150,0.000,1095.500,0.220",,,,,,,,
"3010,in,1095.870,1096.020,0.150,0.000,1095.500,0.370",,,,,,,,
"3011,it,1096.020,1096.260,0.240,0.000,1095.500,0.520",,,,,,,,
"3012,To,1096.440,1096.740,0.300,0.180,1096.940,-0.500",,,,,,,,
"3013,how,1096.740,1096.770,0.030,0.000,1096.940,-0.200",,,,,,,,
"3014,to,1096.770,1096.890,0.120,0.000,1096.940,-0.170",,,,,,,,
"3015,read,1096.890,1097.100,0.210,0.000,1096.940,-0.050",,,,,,,,
"3016,an,1097.100,1097.220,0.120,0.000,1096.940,0.160",,,,,,,,
"3017,animal,1097.220,1097.590,0.370,0.000,1096.940,0.280",,,,,,,,
"3018,that,1097.590,1097.830,0.240,0.000,1096.940,0.650",,,,,,,,
"3019,is,1097.830,1097.940,0.110,0.000,1096.940,0.890",,,,,,,,
"3020,following,1097.940,1098.500,0.560,0.000,1096.940,1.000",,,,,,,,
"3021,you,1098.500,1098.680,0.180,0.000,1096.940,1.560",,,,,,,,
"3022,against,1098.680,1099.230,0.550,0.000,1096.940,1.740",,,,,,,,
"3023,one,1099.230,1099.510,0.280,0.000,1096.940,2.290",,,,,,,,
"3024,that,1099.510,1099.600,0.090,0.000,1096.940,2.570",,,,,,,,
"3025,only,1099.600,1099.840,0.240,0.000,1096.940,2.660",,,,,,,,
"3026,crossed,1099.840,1100.320,0.480,0.000,1096.940,2.900",,,,,,,,
"3027,your,1100.320,1100.580,0.260,0.000,1096.940,3.380",,,,,,,,
"3028,path,1100.580,1100.850,0.270,0.000,1101.420,-0.840",,,,,,,,
"3029,People,1101.260,1101.470,0.210,0.410,1101.420,-0.160",,,,,,,,
"3030,look,1101.470,1101.790,0.320,0.000,1101.420,0.050",,,,,,,,
"3031,toward,1101.790,1102.150,0.360,0.000,1101.420,0.370",,,,,,,,
"3032,where,1102.150,1102.490,0.340,0.000,1101.420,0.730",,,,,,,,
"3033,you,1102.490,1102.690,0.200,0.000,1101.420,1.070",,,,,,,,
"3034,are,1102.690,1102.880,0.190,0.000,1101.420,1.270",,,,,,,,
"3035,sitting,1102.880,1103.370,0.490,0.000,1103.940,-1.060",,,,,,,,
"3036,Not,1103.580,1103.990,0.410,0.210,1103.940,-0.360",,,,,,,,
"3037,because,1103.990,1104.250,0.260,0.000,1103.940,0.050",,,,,,,,
"3038,you,1104.250,1104.450,0.200,0.000,1103.940,0.310",,,,,,,,
"3039,stand,1104.450,1104.880,0.430,0.000,1103.940,0.510",,,,,,,,
"3040,and,1104.880,1105.040,0.160,0.000,1103.940,0.940",,,,,,,,
"3041,announce,1105.040,1105.360,0.320,0.000,1103.940,1.100",,,,,,,,
"3042,anything,1105.360,1105.910,0.550,0.000,1107.060,-1.700",,,,,,,,
"3043,Because,1106.090,1106.760,0.670,0.180,1107.060,-0.970",,,,,,,,
"3044,over,1106.760,1106.890,0.130,0.000,1107.060,-0.300",,,,,,,,
"3045,enough,1106.890,1107.310,0.420,0.000,1107.060,-0.170",,,,,,,,
"3046,years,1107.310,1107.610,0.300,0.000,1107.060,0.250",,,,,,,,
"3047,your,1107.610,1107.900,0.290,0.000,1107.060,0.550",,,,,,,,
"3048,name,1107.900,1108.150,0.250,0.000,1107.060,0.840",,,,,,,,
"3049,has,1108.150,1108.400,0.250,0.000,1107.060,1.090",,,,,,,,
"3050,attached,1108.400,1108.900,0.500,0.000,1107.060,1.340",,,,,,,,
"3051,to,1108.900,1109.100,0.200,0.000,1107.060,1.840",,,,,,,,
"3052,kind,1109.100,1109.500,0.400,0.000,1107.060,2.040",,,,,,,,
"3053,of,1109.500,1109.520,0.020,0.000,1107.060,2.440",,,,,,,,
"3054,knowledge,1109.520,1110.240,0.720,0.000,1107.060,2.460",,,,,,,,
"3055,people,1110.240,1110.550,0.310,0.000,1107.060,3.180",,,,,,,,
"3056,understand,1110.550,1111.520,0.970,0.000,1111.620,-1.070",,,,,,,,
"3057,is,1111.520,1111.660,0.140,0.000,1111.620,-0.100",,,,,,,,
"3058,not,1111.660,1111.880,0.220,0.000,1111.620,0.040",,,,,,,,
"3059,easily,1111.880,1112.900,1.020,0.000,1112.520,-0.640",,,,,,,,
"3060,replaced,1112.900,1112.940,0.040,0.000,1112.520,0.380",,,,,,,,
"3061,Young,1113.150,1113.480,0.330,0.210,1112.520,0.630",,,,,,,,
"3062,hunters,1113.480,1113.990,0.510,0.000,1112.520,0.960",,,,,,,,
"3063,from,1113.990,1114.280,0.290,0.000,1112.520,1.470",,,,,,,,
"3064,other,1114.280,1114.640,0.360,0.000,1112.520,1.760",,,,,,,,
"3065,bands,1114.640,1115.000,0.360,0.000,1112.520,2.120",,,,,,,,
"3066,sit,1115.000,1115.260,0.260,0.000,1112.520,2.480",,,,,,,,
"3067,near,1115.260,1115.670,0.410,0.000,1112.520,2.740",,,,,,,,
"3068,your,1115.670,1115.800,0.130,0.000,1112.520,3.150",,,,,,,,
"3069,fire,1115.800,1116.160,0.360,0.000,1112.520,3.280",,,,,,,,
"3070,and,1116.160,1116.300,0.140,0.000,1112.520,3.640",,,,,,,,
"3071,listen,1116.300,1116.580,0.280,0.000,1112.520,3.780",,,,,,,,
"3072,know,1117.280,1117.360,0.080,0.700,1117.440,-0.160",,,,,,,,
"3073,what,1117.360,1117.410,0.050,0.000,1117.440,-0.080",,,,,,,,
"3074,they,1117.410,1117.650,0.240,0.000,1117.440,-0.030",,,,,,,,
"3075,see,1117.650,1117.840,0.190,0.000,1117.440,0.210",,,,,,,,
"3076,The,1118.020,1118.220,0.200,0.180,1118.880,-0.860",,,,,,,,
"3077,same,1118.220,1118.680,0.460,0.000,1118.880,-0.660",,,,,,,,
"3078,thing,1118.680,1118.830,0.150,0.000,1118.880,-0.200",,,,,,,,
"3079,you,1118.830,1118.990,0.160,0.000,1118.880,-0.050",,,,,,,,
"3080,saw,1118.990,1119.230,0.240,0.000,1118.880,0.110",,,,,,,,
"3081,when,1119.230,1119.450,0.220,0.000,1118.880,0.350",,,,,,,,
"3082,you,1119.450,1119.640,0.190,0.000,1118.880,0.570",,,,,,,,
"3083,first,1119.640,1119.940,0.300,0.000,1118.880,0.760",,,,,,,,
"3084,looked,1119.940,1120.320,0.380,0.000,1118.880,1.060",,,,,,,,
"3085,at,1120.320,1120.440,0.120,0.000,1118.880,1.440",,,,,,,,
"3086,D,1120.440,1120.580,0.140,0.000,1118.880,1.560",,,,,,,,
"3087,arr,1120.580,1120.690,0.110,0.000,1118.880,1.700",,,,,,,,
"3088,att,1120.690,1121.040,0.350,0.000,1121.720,-1.030",,,,,,,,
"3089,Proof,1121.430,1121.920,0.490,0.390,1121.720,-0.290",,,,,,,,
"3090,that,1121.920,1122.160,0.240,0.000,1121.720,0.200",,,,,,,,
"3091,surviving,1122.240,1122.750,0.510,0.080,1121.720,0.520",,,,,,,,
"3092,a,1122.750,1122.850,0.100,0.000,1121.720,1.030",,,,,,,,
"3093,long,1122.850,1123.020,0.170,0.000,1121.720,1.130",,,,,,,,
"3094,time,1123.020,1123.550,0.530,0.000,1121.720,1.300",,,,,,,,
"3095,is,1123.550,1123.580,0.030,0.000,1121.720,1.830",,,,,,,,
"3096,possible,1123.580,1124.110,0.530,0.000,1124.900,-1.320",,,,,,,,
"3097,An,1124.330,1124.440,0.110,0.220,1124.900,-0.570",,,,,,,,
"3098,answer,1124.440,1124.850,0.410,0.000,1124.900,-0.460",,,,,,,,
"3099,to,1124.850,1124.990,0.140,0.000,1124.900,-0.050",,,,,,,,
"3100,the,1124.990,1125.200,0.210,0.000,1124.900,0.090",,,,,,,,
"3101,question,1125.200,1125.730,0.530,0.000,1124.900,0.300",,,,,,,,
"3102,of,1125.730,1126.310,0.580,0.000,1124.900,0.830",,,,,,,,
"3103,whether,1126.310,1126.370,0.060,0.000,1124.900,1.410",,,,,,,,
"3104,you,1126.370,1126.730,0.360,0.000,1124.900,1.470",,,,,,,,
"3105,can,1126.730,1126.800,0.070,0.000,1124.900,1.830",,,,,,,,
"3106,face,1126.800,1127.020,0.220,0.000,1124.900,1.900",,,,,,,,
"3107,the,1127.020,1127.200,0.180,0.000,1124.900,2.120",,,,,,,,
"3108,night,1127.200,1127.520,0.320,0.000,1124.900,2.300",,,,,,,,
"3109,across,1127.520,1127.980,0.460,0.000,1124.900,2.620",,,,,,,,
"3110,a,1127.980,1128.040,0.060,0.000,1124.900,3.080",,,,,,,,
"3111,whole,1128.040,1128.150,0.110,0.000,1124.900,3.140",,,,,,,,
"3112,life,1128.150,1128.940,0.790,0.000,1124.900,3.250",,,,,,,,
"3113,without,1128.940,1129.280,0.340,0.000,1124.900,4.040",,,,,,,,
"3114,it,1129.280,1129.470,0.190,0.000,1124.900,4.380",,,,,,,,
"3115,eventually,1129.470,1130.200,0.730,0.000,1124.900,4.570",,,,,,,,
"3116,winning,1130.200,1130.820,0.620,0.000,1131.220,-1.020",,,,,,,,
"3117,You,1130.970,1131.280,0.310,0.150,1131.220,-0.250",,,,,,,,
"3118,tell,1131.280,1131.670,0.390,0.000,1131.220,0.060",,,,,,,,
"3119,them,1131.670,1131.820,0.150,0.000,1131.220,0.450",,,,,,,,
"3120,the,1131.820,1132.090,0.270,0.000,1131.220,0.600",,,,,,,,
"3121,full,1132.090,1132.360,0.270,0.000,1131.220,0.870",,,,,,,,
"3122,cost,1132.360,1132.660,0.300,0.000,1131.220,1.140",,,,,,,,
"3123,Same,1133.200,1133.210,0.010,0.540,1133.020,0.180",,,,,,,,
"3124,as,1133.210,1133.440,0.230,0.000,1133.020,0.190",,,,,,,,
"3125,you,1133.440,1133.480,0.040,0.000,1133.020,0.420",,,,,,,,
"3126,always,1133.480,1133.840,0.360,0.000,1133.020,0.460",,,,,,,,
"3127,do,1133.840,1134.480,0.640,0.000,1134.700,-0.860",,,,,,,,
"3128,You,1134.480,1134.680,0.200,0.000,1134.700,-0.220",,,,,,,,
"3129,tell,1134.680,1134.950,0.270,0.000,1134.700,-0.020",,,,,,,,
"3130,them,1134.950,1135.210,0.260,0.000,1134.700,0.250",,,,,,,,
"3131,the,1135.210,1135.390,0.180,0.000,1134.700,0.510",,,,,,,,
"3132,calm,1135.390,1135.880,0.490,0.000,1134.700,0.690",,,,,,,,
"3133,they,1135.880,1136.010,0.130,0.000,1134.700,1.180",,,,,,,,
"3134,see,1136.010,1136.160,0.150,0.000,1134.700,1.310",,,,,,,,
"3135,was,1136.160,1136.430,0.270,0.000,1134.700,1.460",,,,,,,,
"3136,not,1136.430,1136.560,0.130,0.000,1134.700,1.730",,,,,,,,
"3137,always,1136.560,1136.960,0.400,0.000,1134.700,1.860",,,,,,,,
"3138,there,1136.960,1137.290,0.330,0.000,1137.820,-0.860",,,,,,,,
"3139,You,1137.520,1137.780,0.260,0.230,1137.820,-0.300",,,,,,,,
"3140,tell,1137.780,1137.890,0.110,0.000,1137.820,-0.040",,,,,,,,
"3141,them,1137.890,1138.090,0.200,0.000,1137.820,0.070",,,,,,,,
"3142,about,1138.090,1138.560,0.470,0.000,1137.820,0.270",,,,,,,,
"3143,the,1138.560,1138.630,0.070,0.000,1137.820,0.740",,,,,,,,
"3144,dropped,1138.630,1139.050,0.420,0.000,1137.820,0.810",,,,,,,,
"3145,torch,1139.050,1139.750,0.700,0.000,1139.960,-0.910",,,,,,,,
"3146,The,1139.760,1139.930,0.170,0.010,1139.960,-0.200",,,,,,,,
"3147,three,1139.930,1140.220,0.290,0.000,1139.960,-0.030",,,,,,,,
"3148,seconds,1140.220,1140.370,0.150,0.000,1139.960,0.260",,,,,,,,
"3149,in,1140.370,1140.740,0.370,0.000,1139.960,0.410",,,,,,,,
"3150,the,1140.740,1141.160,0.420,0.000,1139.960,0.780",,,,,,,,
"3151,forest,1141.160,1141.290,0.130,0.000,1139.960,1.200",,,,,,,,
"3152,The,1141.430,1141.600,0.170,0.140,1141.840,-0.410",,,,,,,,
"3153,child,1141.600,1141.930,0.330,0.000,1141.840,-0.240",,,,,,,,
"3154,you,1141.930,1142.060,0.130,0.000,1141.840,0.090",,,,,,,,
"3155,could,1142.060,1142.350,0.290,0.000,1141.840,0.220",,,,,,,,
"3156,not,1142.350,1142.520,0.170,0.000,1141.840,0.510",,,,,,,,
"3157,reach,1142.520,1142.800,0.280,0.000,1141.840,0.680",,,,,,,,
"3158,in,1142.800,1142.920,0.120,0.000,1141.840,0.960",,,,,,,,
"3159,time,1142.920,1143.150,0.230,0.000,1141.840,1.080",,,,,,,,
"3160,You,1143.910,1144.050,0.140,0.760,1144.700,-0.790",,,,,,,,
"3161,tell,1144.050,1144.880,0.830,0.000,1144.700,-0.650",,,,,,,,
"3162,them,1144.880,1144.960,0.080,0.000,1144.700,0.180",,,,,,,,
"3163,about,1144.960,1145.360,0.400,0.000,1144.700,0.260",,,,,,,,
"3164,nights,1145.440,1145.920,0.480,0.080,1144.700,0.740",,,,,,,,
"3165,you,1145.920,1146.000,0.080,0.000,1144.700,1.220",,,,,,,,
"3166,got,1146.000,1146.680,0.680,0.000,1147.000,-1.000",,,,,,,,
"3167,it,1146.680,1146.780,0.100,0.000,1147.000,-0.320",,,,,,,,
"3168,right,1146.780,1147.150,0.370,0.000,1147.000,-0.220",,,,,,,,
"3169,only,1147.150,1147.530,0.380,0.000,1147.000,0.150",,,,,,,,
"3170,because,1147.530,1148.190,0.660,0.000,1147.000,0.530",,,,,,,,
"3171,something,1148.190,1149.140,0.950,0.000,1149.400,-1.210",,,,,,,,
"3172,in,1149.140,1149.510,0.370,0.000,1149.400,-0.260",,,,,,,,
"3173,the,1149.510,1149.520,0.010,0.000,1149.400,0.110",,,,,,,,
"3174,dark,1149.520,1149.930,0.410,0.000,1149.400,0.120",,,,,,,,
"3175,chose,1149.930,1150.360,0.430,0.000,1151.620,-1.690",,,,,,,,
"3176,to,1150.360,1150.550,0.190,0.000,1151.620,-1.260",,,,,,,,
"3177,let,1150.550,1150.880,0.330,0.000,1151.620,-1.070",,,,,,,,
"3178,you,1150.880,1151.320,0.440,0.000,1151.620,-0.740",,,,,,,,
"3179,Most,1151.390,1151.770,0.380,0.070,1151.620,-0.230",,,,,,,,
"3180,of,1151.770,1151.960,0.190,0.000,1151.620,0.150",,,,,,,,
"3181,them,1151.960,1152.400,0.440,0.000,1151.620,0.340",,,,,,,,
"3182,hear,1152.400,1152.640,0.240,0.000,1151.620,0.780",,,,,,,,
"3183,the,1152.640,1152.950,0.310,0.000,1151.620,1.020",,,,,,,,
"3184,strength,1152.950,1154.040,1.090,0.000,1154.120,-1.170",,,,,,,,
"3185,Fear,1154.100,1154.590,0.490,0.060,1155.340,-1.240",,,,,,,,
"3186,as,1154.590,1154.730,0.140,0.000,1155.340,-0.750",,,,,,,,
"3187,a,1154.730,1154.830,0.100,0.000,1155.340,-0.610",,,,,,,,
"3188,tool,1154.830,1155.250,0.420,0.000,1155.340,-0.510",,,,,,,,
"3189,Slow,1155.560,1155.980,0.420,0.310,1156.480,-0.920",,,,,,,,
"3190,as,1155.980,1156.190,0.210,0.000,1156.480,-0.500",,,,,,,,
"3191,a,1156.190,1156.790,0.600,0.000,1156.480,-0.290",,,,,,,,
"3192,weapon,1156.790,1156.920,0.130,0.000,1156.480,0.310",,,,,,,,
"3193,The,1157.230,1157.540,0.310,0.310,1158.360,-1.130",,,,,,,,
"3194,body,1157.540,1157.940,0.400,0.000,1158.360,-0.820",,,,,,,,
"3195,ahead,1157.940,1158.600,0.660,0.000,1158.360,-0.420",,,,,,,,
"3196,of,1158.600,1158.690,0.090,0.000,1158.360,0.240",,,,,,,,
"3197,the,1158.690,1159.000,0.310,0.000,1158.360,0.330",,,,,,,,
"3198,mind,1159.000,1159.640,0.640,0.000,1158.360,0.640",,,,,,,,
"3199,They,1159.840,1160.070,0.230,0.200,1158.360,1.480",,,,,,,,
"3200,do,1160.070,1160.200,0.130,0.000,1158.360,1.710",,,,,,,,
"3201,not,1160.200,1160.390,0.190,0.000,1158.360,1.840",,,,,,,,
"3202,take,1160.390,1160.660,0.270,0.000,1158.360,2.030",,,,,,,,
"3203,in,1160.660,1160.800,0.140,0.000,1158.360,2.300",,,,,,,,
"3204,the,1160.800,1161.000,0.200,0.000,1158.360,2.440",,,,,,,,
"3205,losses,1161.000,1161.370,0.370,0.000,1158.360,2.640",,,,,,,,
"3206,the,1161.370,1161.460,0.090,0.000,1158.360,3.010",,,,,,,,
"3207,same,1161.460,1161.880,0.420,0.000,1158.360,3.100",,,,,,,,
"3208,way,1161.880,1162.200,0.320,0.000,1162.900,-1.020",,,,,,,,
"3209,They,1162.330,1162.550,0.220,0.130,1162.900,-0.570",,,,,,,,
"3210,are,1162.550,1162.750,0.200,0.000,1162.900,-0.350",,,,,,,,
"3211,not,1162.750,1162.970,0.220,0.000,1162.900,-0.150",,,,,,,,
"3212,ready,1162.970,1163.290,0.320,0.000,1162.900,0.070",,,,,,,,
"3213,for,1163.290,1163.490,0.200,0.000,1162.900,0.390",,,,,,,,
"3214,them,1163.490,1163.840,0.350,0.000,1162.900,0.590",,,,,,,,
"3215,yet,1163.840,1163.960,0.120,0.000,1162.900,0.940",,,,,,,,
"3216,You,1164.240,1164.950,0.710,0.280,1165.560,-1.320",,,,,,,,
"3217,know,1164.950,1165.010,0.060,0.000,1165.560,-0.610",,,,,,,,
"3218,this,1165.010,1165.450,0.440,0.000,1165.560,-0.550",,,,,,,,
"3219,because,1165.450,1166.220,0.770,0.000,1165.560,-0.110",,,,,,,,
"3220,you,1166.220,1166.720,0.500,0.000,1165.560,0.660",,,,,,,,
"3221,were,1166.720,1166.760,0.040,0.000,1165.560,1.160",,,,,,,,
"3222,not,1166.760,1166.880,0.120,0.000,1165.560,1.200",,,,,,,,
"3223,ready,1166.880,1167.200,0.320,0.000,1165.560,1.320",,,,,,,,
"3224,either,1167.200,1167.670,0.470,0.000,1168.180,-0.980",,,,,,,,
"3225,Sitting,1167.900,1168.600,0.700,0.230,1168.180,-0.280",,,,,,,,
"3226,at,1168.600,1168.620,0.020,0.000,1168.180,0.420",,,,,,,,
"3227,someone,1168.620,1169.160,0.540,0.000,1168.180,0.440",,,,,,,,
"3228,else,1169.160,1169.480,0.320,0.000,1168.180,0.980",,,,,,,,
"3229,'s,1169.480,1169.630,0.150,0.000,1168.180,1.300",,,,,,,,
"3230,fire,1169.630,1169.950,0.320,0.000,1168.180,1.450",,,,,,,,
"3231,at,1169.950,1170.110,0.160,0.000,1168.180,1.770",,,,,,,,
"3232,their,1170.110,1170.500,0.390,0.000,1168.180,1.930",,,,,,,,
"3233,age,1170.500,1170.740,0.240,0.000,1171.060,-0.560",,,,,,,,
"3234,being,1170.740,1171.350,0.610,0.000,1171.060,-0.320",,,,,,,,
"3235,told,1171.350,1171.450,0.100,0.000,1171.060,0.290",,,,,,,,
"3236,the,1171.450,1171.770,0.320,0.000,1171.060,0.390",,,,,,,,
"3237,whole,1171.770,1172.070,0.300,0.000,1171.060,0.710",,,,,,,,
"3238,truth,1172.070,1172.500,0.430,0.000,1172.740,-0.670",,,,,,,,
"3239,and,1172.500,1172.730,0.230,0.000,1172.740,-0.240",,,,,,,,
"3240,only,1172.730,1173.160,0.430,0.000,1172.740,-0.010",,,,,,,,
"3241,catching,1173.160,1173.520,0.360,0.000,1172.740,0.420",,,,,,,,
"3242,part,1173.600,1173.840,0.240,0.080,1172.740,0.860",,,,,,,,
"3243,of,1173.840,1174.000,0.160,0.000,1172.740,1.100",,,,,,,,
"3244,it,1174.000,1174.070,0.070,0.000,1175.440,-1.440",,,,,,,,
"3245,The,1174.180,1174.940,0.760,0.110,1175.440,-1.260",,,,,,,,
"3246,knowledge,1174.940,1175.360,0.420,0.000,1175.440,-0.500",,,,,,,,
"3247,that,1175.360,1175.690,0.330,0.000,1175.440,-0.080",,,,,,,,
"3248,comes,1175.690,1176.080,0.390,0.000,1175.440,0.250",,,,,,,,
"3249,from,1176.080,1176.400,0.320,0.000,1175.440,0.640",,,,,,,,
"3250,actual,1176.400,1176.880,0.480,0.000,1175.440,0.960",,,,,,,,
"3251,experience,1176.880,1177.690,0.810,0.000,1175.440,1.440",,,,,,,,
"3252,cannot,1177.690,1178.170,0.480,0.000,1175.440,2.250",,,,,,,,
"3253,be,1178.170,1178.330,0.160,0.000,1175.440,2.730",,,,,,,,
"3254,handed,1178.330,1178.720,0.390,0.000,1175.440,2.890",,,,,,,,
"3255,over,1178.720,1179.130,0.410,0.000,1175.440,3.280",,,,,,,,
"3256,by,1179.130,1179.480,0.350,0.000,1175.440,3.690",,,,,,,,
"3257,talking,1179.480,1179.640,0.160,0.000,1175.440,4.040",,,,,,,,
"3258,to,1180.640,1180.720,0.080,1.000,1180.800,-0.160",,,,,,,,
"3259,grow,1180.720,1180.910,0.190,0.000,1180.800,-0.080",,,,,,,,
"3260,inside,1180.910,1181.160,0.250,0.000,1180.800,0.110",,,,,,,,
"3261,the,1181.160,1182.060,0.900,0.000,1180.800,0.360",,,,,,,,
"3262,living,1182.060,1182.480,0.420,0.000,1180.800,1.260",,,,,,,,
"3263,of,1182.480,1182.690,0.210,0.000,1183.140,-0.660",,,,,,,,
"3264,it,1182.690,1182.900,0.210,0.000,1183.140,-0.450",,,,,,,,
"3265,All,1183.210,1183.520,0.310,0.310,1183.140,0.070",,,,,,,,
"3266,you,1183.520,1183.940,0.420,0.000,1183.140,0.380",,,,,,,,
"3267,can,1183.940,1184.140,0.200,0.000,1183.140,0.800",,,,,,,,
"3268,do,1184.140,1184.380,0.240,0.000,1183.140,1.000",,,,,,,,
"3269,is,1184.380,1184.770,0.390,0.000,1183.140,1.240",,,,,,,,
"3270,be,1184.770,1184.800,0.030,0.000,1183.140,1.630",,,,,,,,
"3271,honest,1184.800,1185.440,0.640,0.000,1185.600,-0.800",,,,,,,,
"3272,and,1185.440,1185.600,0.160,0.000,1185.600,-0.160",,,,,,,,
"3273,let,1185.600,1185.760,0.160,0.000,1185.600,0.000",,,,,,,,
"3274,them,1185.760,1185.910,0.150,0.000,1185.600,0.160",,,,,,,,
"3275,take,1185.910,1186.160,0.250,0.000,1185.600,0.310",,,,,,,,
"3276,what,1186.160,1186.330,0.170,0.000,1185.600,0.560",,,,,,,,
"3277,they,1186.330,1186.480,0.150,0.000,1185.600,0.730",,,,,,,,
"3278,are,1186.480,1186.690,0.210,0.000,1185.600,0.880",,,,,,,,
"3279,able,1186.690,1186.970,0.280,0.000,1185.600,1.090",,,,,,,,
"3280,to,1186.970,1187.030,0.060,0.000,1185.600,1.370",,,,,,,,
"3281,carry,1187.030,1187.810,0.780,0.000,1187.780,-0.750",,,,,,,,
"3282,right,1187.810,1187.890,0.080,0.000,1187.780,0.030",,,,,,,,
"3283,now,1187.890,1188.030,0.140,0.000,1187.780,0.110",,,,,,,,
"3284,Level,1188.240,1188.760,0.520,0.210,1189.960,-1.720",,,,,,,,
"3285,10,1188.760,1189.380,0.620,0.000,1189.960,-1.200",,,,,,,,
"3286,The,1189.780,1190.000,0.220,0.400,1189.960,-0.180",,,,,,,,
"3287,one,1190.000,1190.620,0.620,0.000,1191.060,-1.060",,,,,,,,
"3288,the,1190.620,1190.630,0.010,0.000,1191.060,-0.440",,,,,,,,
"3289,fire,1190.630,1191.050,0.420,0.000,1191.060,-0.430",,,,,,,,
"3290,remembers,1191.050,1192.000,0.950,0.000,1191.060,-0.010",,,,,,,,
"3291,You,1192.440,1192.580,0.140,0.440,1191.060,1.380",,,,,,,,
"3292,are,1192.580,1192.840,0.260,0.000,1191.060,1.520",,,,,,,,
"3293,64,1192.840,1193.480,0.640,0.000,1194.160,-1.320",,,,,,,,
"3294,The,1193.750,1194.160,0.410,0.270,1194.160,-0.410",,,,,,,,
"3295,night,1194.160,1194.400,0.240,0.000,1194.160,0.000",,,,,,,,
"3296,runs,1194.400,1194.720,0.320,0.000,1194.160,0.240",,,,,,,,
"3297,belong,1194.720,1195.120,0.400,0.000,1194.160,0.560",,,,,,,,
"3298,to,1195.120,1195.230,0.110,0.000,1194.160,0.960",,,,,,,,
"3299,someone,1195.230,1195.350,0.120,0.000,1194.160,1.070",,,,,,,,
"3300,else,1195.350,1196.120,0.770,0.000,1196.640,-1.290",,,,,,,,
"3301,now,1196.120,1196.180,0.060,0.000,1196.640,-0.520",,,,,,,,
"3302,Your,1196.380,1196.670,0.290,0.200,1196.640,-0.260",,,,,,,,
"3303,legs,1196.670,1196.900,0.230,0.000,1196.640,0.030",,,,,,,,
"3304,still,1196.900,1197.260,0.360,0.000,1196.640,0.260",,,,,,,,
"3305,work,1197.260,1197.490,0.230,0.000,1196.640,0.620",,,,,,,,
"3306,but,1197.490,1197.760,0.270,0.000,1198.020,-0.530",,,,,,,,
"3307,your,1197.760,1198.020,0.260,0.000,1198.020,-0.260",,,,,,,,
"3308,eyes,1198.020,1198.210,0.190,0.000,1198.020,0.000",,,,,,,,
"3309,have,1198.210,1198.450,0.240,0.000,1198.020,0.190",,,,,,,,
"3310,lost,1198.450,1198.870,0.420,0.000,1198.020,0.430",,,,,,,,
"3311,the,1198.870,1198.930,0.060,0.000,1198.020,0.850",,,,,,,,
"3312,edge,1198.930,1199.290,0.360,0.000,1198.020,0.910",,,,,,,,
"3313,of,1199.290,1199.440,0.150,0.000,1198.020,1.270",,,,,,,,
"3314,darkness,1199.440,1199.840,0.400,0.000,1198.020,1.420",,,,,,,,
"3315,precision,1199.920,1200.390,0.470,0.080,1198.020,1.900",,,,,,,,
"3316,that,1200.390,1200.470,0.080,0.000,1198.020,2.370",,,,,,,,
"3317,forward,1200.470,1201.260,0.790,0.000,1198.020,2.450",,,,,,,,
"3318,scouting,1201.260,1201.590,0.330,0.000,1198.020,3.240",,,,,,,,
"3319,demands,1201.590,1202.030,0.440,0.000,1203.040,-1.450",,,,,,,,
"3320,You,1202.210,1202.400,0.190,0.180,1203.040,-0.830",,,,,,,,
"3321,know,1202.400,1202.640,0.240,0.000,1203.040,-0.640",,,,,,,,
"3322,this,1202.640,1202.880,0.240,0.000,1203.040,-0.400",,,,,,,,
"3323,without,1202.880,1203.330,0.450,0.000,1203.040,-0.160",,,,,,,,
"3324,needing,1203.330,1203.990,0.660,0.000,1203.040,0.290",,,,,,,,
"3325,anyone,1203.990,1204.140,0.150,0.000,1203.040,0.950",,,,,,,,
"3326,to,1204.140,1204.260,0.120,0.000,1203.040,1.100",,,,,,,,
"3327,tell,1204.260,1204.560,0.300,0.000,1203.040,1.220",,,,,,,,
"3328,you,1204.560,1204.800,0.240,0.000,1203.040,1.520",,,,,,,,
"3329,winters,1206.000,1206.060,0.060,1.200,1206.220,-0.220",,,,,,,,
"3330,ago,1206.060,1206.080,0.020,0.000,1206.220,-0.160",,,,,,,,
"3331,you,1206.080,1206.310,0.230,0.000,1206.220,-0.140",,,,,,,,
"3332,stepped,1206.310,1206.520,0.210,0.000,1206.220,0.090",,,,,,,,
"3333,back,1206.520,1207.410,0.890,0.000,1206.220,0.300",,,,,,,,
"3334,from,1207.410,1207.560,0.150,0.000,1206.220,1.190",,,,,,,,
"3335,active,1207.560,1208.060,0.500,0.000,1206.220,1.340",,,,,,,,
"3336,perimeter,1208.060,1208.820,0.760,0.000,1206.220,1.840",,,,,,,,
"3337,work,1208.820,1209.300,0.480,0.000,1209.400,-0.580",,,,,,,,
"3338,and,1209.300,1209.380,0.080,0.000,1209.400,-0.100",,,,,,,,
"3339,gave,1209.380,1209.610,0.230,0.000,1209.400,-0.020",,,,,,,,
"3340,it,1209.610,1209.830,0.220,0.000,1209.400,0.210",,,,,,,,
"3341,fully,1209.830,1210.150,0.320,0.000,1209.400,0.430",,,,,,,,
"3342,to,1210.150,1210.240,0.090,0.000,1209.400,0.750",,,,,,,,
"3343,friends,1210.240,1210.670,0.430,0.000,1209.400,0.840",,,,,,,,
"3344,people,1210.670,1210.790,0.120,0.000,1209.400,1.270",,,,,,,,
"3345,Who,1211.220,1211.640,0.420,0.430,1211.820,-0.600",,,,,,,,
"3346,have,1211.640,1211.660,0.020,0.000,1211.820,-0.180",,,,,,,,
"3347,by,1211.660,1211.790,0.130,0.000,1211.820,-0.160",,,,,,,,
"3348,now,1211.790,1211.950,0.160,0.000,1211.820,-0.030",,,,,,,,
"3349,become,1211.950,1212.320,0.370,0.000,1211.820,0.130",,,,,,,,
"3350,the,1212.320,1212.500,0.180,0.000,1211.820,0.500",,,,,,,,
"3351,ones,1212.500,1212.780,0.280,0.000,1211.820,0.680",,,,,,,,
"3352,teaching,1212.780,1213.280,0.500,0.000,1211.820,0.960",,,,,,,,
"3353,the,1213.280,1213.540,0.260,0.000,1211.820,1.460",,,,,,,,
"3354,people,1213.540,1213.800,0.260,0.000,1211.820,1.720",,,,,,,,
"3355,after,1213.800,1214.360,0.560,0.000,1211.820,1.980",,,,,,,,
"3356,them,1214.360,1214.390,0.030,0.000,1211.820,2.540",,,,,,,,
"3357,What,1214.640,1215.360,0.720,0.250,1215.400,-0.760",,,,,,,,
"3358,you,1215.360,1215.550,0.190,0.000,1215.400,-0.040",,,,,,,,
"3359,do,1215.550,1216.200,0.650,0.000,1215.400,0.150",,,,,,,,
"3360,now,1216.200,1216.480,0.280,0.000,1216.640,-0.440",,,,,,,,
"3361,is,1216.480,1216.640,0.160,0.000,1216.640,-0.160",,,,,,,,
"3362,harder,1216.640,1216.980,0.340,0.000,1216.640,0.000",,,,,,,,
"3363,to,1216.980,1217.140,0.160,0.000,1216.640,0.340",,,,,,,,
"3364,put,1217.140,1217.520,0.380,0.000,1216.640,0.500",,,,,,,,
"3365,a,1217.520,1217.880,0.360,0.000,1219.320,-1.800",,,,,,,,
"3366,name,1217.880,1217.920,0.040,0.000,1219.320,-1.440",,,,,,,,
"3367,to,1217.920,1218.090,0.170,0.000,1219.320,-1.400",,,,,,,,
"3368,You,1218.320,1218.560,0.240,0.230,1219.320,-1.000",,,,,,,,
"3369,sit,1218.560,1218.800,0.240,0.000,1219.320,-0.760",,,,,,,,
"3370,at,1218.800,1218.960,0.160,0.000,1219.320,-0.520",,,,,,,,
"3371,the,1218.960,1219.200,0.240,0.000,1219.320,-0.360",,,,,,,,
"3372,center,1219.200,1219.780,0.580,0.000,1219.320,-0.120",,,,,,,,
"3373,fire,1219.780,1220.000,0.220,0.000,1219.320,0.460",,,,,,,,
"3374,on,1220.000,1220.240,0.240,0.000,1219.320,0.680",,,,,,,,
"3375,long,1220.240,1220.630,0.390,0.000,1219.320,0.920",,,,,,,,
"3376,winter,1220.630,1221.050,0.420,0.000,1219.320,1.310",,,,,,,,
"3377,nights,1221.050,1221.520,0.470,0.000,1219.320,1.730",,,,,,,,
"3378,when,1221.520,1221.600,0.080,0.000,1219.320,2.200",,,,,,,,
"3379,the,1221.600,1221.720,0.120,0.000,1219.320,2.280",,,,,,,,
"3380,band,1221.720,1222.070,0.350,0.000,1219.320,2.400",,,,,,,,
"3381,is,1222.070,1222.440,0.370,0.000,1219.320,2.750",,,,,,,,
"3382,settled,1222.440,1222.560,0.120,0.000,1219.320,3.120",,,,,,,,
"3383,deep,1222.560,1222.830,0.270,0.000,1219.320,3.240",,,,,,,,
"3384,in,1222.830,1222.960,0.130,0.000,1219.320,3.510",,,,,,,,
"3385,the,1222.960,1223.080,0.120,0.000,1219.320,3.640",,,,,,,,
"3386,valley,1223.080,1223.570,0.490,0.000,1223.880,-0.800",,,,,,,,
"3387,and,1223.570,1223.960,0.390,0.000,1223.880,-0.310",,,,,,,,
"3388,the,1223.960,1223.980,0.020,0.000,1223.880,0.080",,,,,,,,
"3389,cold,1223.980,1224.240,0.260,0.000,1223.880,0.100",,,,,,,,
"3390,has,1224.240,1224.510,0.270,0.000,1223.880,0.360",,,,,,,,
"3391,pulled,1224.510,1224.850,0.340,0.000,1223.880,0.630",,,,,,,,
"3392,everything,1224.850,1225.600,0.750,0.000,1223.880,0.970",,,,,,,,
"3393,close,1225.600,1225.870,0.270,0.000,1226.520,-0.920",,,,,,,,
"3394,Children,1226.070,1226.710,0.640,0.200,1226.520,-0.450",,,,,,,,
"3395,gather,1226.710,1227.130,0.420,0.000,1226.520,0.190",,,,,,,,
"3396,near,1227.130,1227.290,0.160,0.000,1226.520,0.610",,,,,,,,
"3397,you,1227.290,1227.490,0.200,0.000,1226.520,0.770",,,,,,,,
"3398,Young,1228.960,1229.170,0.210,1.470,1229.020,-0.060",,,,,,,,
"3399,hunters,1229.170,1229.580,0.410,0.000,1229.020,0.150",,,,,,,,
"3400,too,1229.580,1229.660,0.080,0.000,1229.020,0.560",,,,,,,,
"3401,new,1229.660,1229.920,0.260,0.000,1229.020,0.640",,,,,,,,
"3402,for,1229.920,1230.280,0.360,0.000,1229.020,0.900",,,,,,,,
"3403,real,1230.280,1230.320,0.040,0.000,1229.020,1.260",,,,,,,,
"3404,posts,1230.320,1230.610,0.290,0.000,1229.020,1.300",,,,,,,,
"3405,sit,1230.610,1230.830,0.220,0.000,1229.020,1.590",,,,,,,,
"3406,at,1230.830,1230.890,0.060,0.000,1229.020,1.810",,,,,,,,
"3407,the,1230.890,1231.060,0.170,0.000,1229.020,1.870",,,,,,,,
"3408,outer,1231.060,1231.350,0.290,0.000,1229.020,2.040",,,,,,,,
"3409,edge,1231.350,1231.580,0.230,0.000,1229.020,2.330",,,,,,,,
"3410,of,1231.580,1231.690,0.110,0.000,1229.020,2.560",,,,,,,,
"3411,your,1231.690,1232.000,0.310,0.000,1229.020,2.670",,,,,,,,
"3412,fire,1232.000,1232.400,0.400,0.000,1229.020,2.980",,,,,,,,
"3413,ring,1232.400,1232.800,0.400,0.000,1232.940,-0.540",,,,,,,,
"3414,and,1232.800,1233.000,0.200,0.000,1232.940,-0.140",,,,,,,,
"3415,listen,1233.000,1233.390,0.390,0.000,1232.940,0.060",,,,,,,,
"3416,to,1233.390,1233.530,0.140,0.000,1232.940,0.450",,,,,,,,
"3417,what,1233.530,1233.810,0.280,0.000,1232.940,0.590",,,,,,,,
"3418,you,1233.810,1234.200,0.390,0.000,1232.940,0.870",,,,,,,,
"3419,say,1234.200,1234.220,0.020,0.000,1232.940,1.260",,,,,,,,
"3420,in,1234.220,1234.350,0.130,0.000,1232.940,1.280",,,,,,,,
"3421,the,1234.350,1234.540,0.190,0.000,1232.940,1.410",,,,,,,,
"3422,dark,1234.540,1234.810,0.270,0.000,1232.940,1.600",,,,,,,,
"3423,hours,1234.810,1235.160,0.350,0.000,1232.940,1.870",,,,,,,,
"3424,You,1235.360,1235.550,0.190,0.200,1235.820,-0.460",,,,,,,,
"3425,are,1235.550,1235.840,0.290,0.000,1235.820,-0.270",,,,,,,,
"3426,not,1235.840,1235.950,0.110,0.000,1235.820,0.020",,,,,,,,
"3427,telling,1235.950,1236.370,0.420,0.000,1235.820,0.130",,,,,,,,
"3428,stories,1236.370,1236.950,0.580,0.000,1235.820,0.550",,,,,,,,
"3429,to,1236.950,1237.040,0.090,0.000,1235.820,1.130",,,,,,,,
"3430,fill,1237.040,1237.370,0.330,0.000,1235.820,1.220",,,,,,,,
"3431,time,1237.370,1237.680,0.310,0.000,1235.820,1.550",,,,,,,,
"3432,are,1238.320,1238.400,0.080,0.640,1238.480,-0.160",,,,,,,,
"3433,passing,1238.400,1238.630,0.230,0.000,1238.480,-0.080",,,,,,,,
"3434,something,1238.630,1238.870,0.240,0.000,1238.480,0.150",,,,,,,,
"3435,You,1239.720,1239.780,0.060,0.850,1240.980,-1.260",,,,,,,,
"3436,describe,1239.780,1240.490,0.710,0.000,1240.980,-1.200",,,,,,,,
"3437,what,1240.490,1240.860,0.370,0.000,1240.980,-0.490",,,,,,,,
"3438,D,1240.860,1240.920,0.060,0.000,1240.980,-0.120",,,,,,,,
"3439,ore,1240.920,1241.180,0.260,0.000,1240.980,-0.060",,,,,,,,
"3440,tt,1241.180,1241.360,0.180,0.000,1240.980,0.200",,,,,,,,
"3441,'s,1241.360,1241.620,0.260,0.000,1240.980,0.380",,,,,,,,
"3442,hand,1241.620,1241.870,0.250,0.000,1240.980,0.640",,,,,,,,
"3443,felt,1241.870,1242.470,0.600,0.000,1240.980,0.890",,,,,,,,
"3444,like,1242.470,1242.640,0.170,0.000,1240.980,1.490",,,,,,,,
"3445,on,1242.640,1242.720,0.080,0.000,1240.980,1.660",,,,,,,,
"3446,your,1242.720,1242.890,0.170,0.000,1240.980,1.740",,,,,,,,
"3447,shoulder,1242.890,1243.760,0.870,0.000,1243.900,-1.010",,,,,,,,
"3448,and,1243.760,1243.970,0.210,0.000,1243.900,-0.140",,,,,,,,
"3449,what,1243.970,1244.260,0.290,0.000,1243.900,0.070",,,,,,,,
"3450,it,1244.260,1244.310,0.050,0.000,1243.900,0.360",,,,,,,,
"3451,meant,1244.310,1244.770,0.460,0.000,1245.780,-1.470",,,,,,,,
"3452,You,1245.160,1245.210,0.050,0.390,1245.780,-0.620",,,,,,,,
"3453,describe,1245.210,1245.790,0.580,0.000,1245.780,-0.570",,,,,,,,
"3454,the,1245.790,1246.010,0.220,0.000,1245.780,0.010",,,,,,,,
"3455,three,1246.010,1246.370,0.360,0.000,1245.780,0.230",,,,,,,,
"3456,seconds,1246.370,1246.880,0.510,0.000,1245.780,0.590",,,,,,,,
"3457,in,1246.880,1247.060,0.180,0.000,1245.780,1.100",,,,,,,,
"3458,the,1247.060,1247.240,0.180,0.000,1245.780,1.280",,,,,,,,
"3459,forest,1247.240,1247.910,0.670,0.000,1245.780,1.460",,,,,,,,
"3460,with,1247.910,1247.970,0.060,0.000,1245.780,2.130",,,,,,,,
"3461,Y,1247.970,1248.040,0.070,0.000,1245.780,2.190",,,,,,,,
"3462,arrow,1248.040,1248.480,0.440,0.000,1248.680,-0.640",,,,,,,,
"3463,when,1248.480,1248.720,0.240,0.000,1248.680,-0.200",,,,,,,,
"3464,something,1248.720,1249.060,0.340,0.000,1248.680,0.040",,,,,,,,
"3465,in,1249.060,1249.280,0.220,0.000,1248.680,0.380",,,,,,,,
"3466,dark,1249.280,1249.580,0.300,0.000,1248.680,0.600",,,,,,,,
"3467,made,1249.580,1249.870,0.290,0.000,1248.680,0.900",,,,,,,,
"3468,a,1249.870,1249.920,0.050,0.000,1248.680,1.190",,,,,,,,
"3469,choice,1249.920,1250.630,0.710,0.000,1251.680,-1.760",,,,,,,,
"3470,You,1250.700,1250.860,0.160,0.070,1251.680,-0.980",,,,,,,,
"3471,describe,1250.860,1251.470,0.610,0.000,1251.680,-0.820",,,,,,,,
"3472,the,1251.470,1251.700,0.230,0.000,1251.680,-0.210",,,,,,,,
"3473,child,1251.700,1252.080,0.380,0.000,1251.680,0.020",,,,,,,,
"3474,you,1252.080,1252.320,0.240,0.000,1251.680,0.400",,,,,,,,
"3475,could,1252.320,1252.690,0.370,0.000,1251.680,0.640",,,,,,,,
"3476,not,1252.690,1252.890,0.200,0.000,1251.680,1.010",,,,,,,,
"3477,save,1252.890,1253.430,0.540,0.000,1251.680,1.210",,,,,,,,
"3478,and,1253.430,1253.450,0.020,0.000,1251.680,1.750",,,,,,,,
"3479,what,1253.450,1253.850,0.400,0.000,1253.940,-0.490",,,,,,,,
"3480,you,1253.850,1253.980,0.130,0.000,1253.940,-0.090",,,,,,,,
"3481,did,1253.980,1254.210,0.230,0.000,1253.940,0.040",,,,,,,,
"3482,in,1254.210,1254.360,0.150,0.000,1253.940,0.270",,,,,,,,
"3483,the,1254.360,1254.590,0.230,0.000,1253.940,0.420",,,,,,,,
"3484,weeks,1254.590,1255.240,0.650,0.000,1253.940,0.650",,,,,,,,
"3485,after,1255.240,1255.440,0.200,0.000,1253.940,1.300",,,,,,,,
"3486,and,1256.160,1256.280,0.120,0.720,1256.240,-0.080",,,,,,,,
"3487,why,1256.280,1256.480,0.200,0.000,1256.240,0.040",,,,,,,,
"3488,you,1256.480,1256.670,0.190,0.000,1256.240,0.240",,,,,,,,
"3489,did,1256.670,1256.730,0.060,0.000,1256.240,0.430",,,,,,,,
"3490,not,1256.730,1257.080,0.350,0.000,1256.240,0.490",,,,,,,,
"3491,let,1257.080,1257.480,0.400,0.000,1256.240,0.840",,,,,,,,
"3492,that,1257.480,1257.610,0.130,0.000,1256.240,1.240",,,,,,,,
"3493,weight,1257.610,1258.030,0.420,0.000,1256.240,1.370",,,,,,,,
"3494,take,1258.030,1258.250,0.220,0.000,1256.240,1.790",,,,,,,,
"3495,the,1258.250,1258.440,0.190,0.000,1256.240,2.010",,,,,,,,
"3496,work,1258.440,1258.700,0.260,0.000,1256.240,2.200",,,,,,,,
"3497,from,1258.700,1258.970,0.270,0.000,1259.600,-0.900",,,,,,,,
"3498,you,1258.970,1259.170,0.200,0.000,1259.600,-0.630",,,,,,,,
"3499,You,1259.440,1259.610,0.170,0.270,1259.600,-0.160",,,,,,,,
"3500,describe,1259.610,1260.230,0.620,0.000,1259.600,0.010",,,,,,,,
"3501,the,1260.230,1260.240,0.010,0.000,1259.600,0.630",,,,,,,,
"3502,look,1260.240,1260.650,0.410,0.000,1259.600,0.640",,,,,,,,
"3503,on,1260.650,1260.800,0.150,0.000,1259.600,1.050",,,,,,,,
"3504,F,1260.800,1260.860,0.060,0.000,1259.600,1.200",,,,,,,,
"3505,enn,1260.860,1261.050,0.190,0.000,1259.600,1.260",,,,,,,,
"3506,'s,1261.050,1261.200,0.150,0.000,1259.600,1.450",,,,,,,,
"3507,face,1261.200,1261.680,0.480,0.000,1259.600,1.600",,,,,,,,
"3508,the,1261.680,1261.870,0.190,0.000,1259.600,2.080",,,,,,,,
"3509,first,1261.870,1262.170,0.300,0.000,1259.600,2.270",,,,,,,,
"3510,time,1262.170,1262.410,0.240,0.000,1259.600,2.570",,,,,,,,
"3511,slowing,1262.410,1263.080,0.670,0.000,1259.600,2.810",,,,,,,,
"3512,his,1263.080,1263.100,0.020,0.000,1259.600,3.480",,,,,,,,
"3513,feet,1263.100,1263.330,0.230,0.000,1259.600,3.500",,,,,,,,
"3514,made,1263.330,1263.630,0.300,0.000,1263.900,-0.570",,,,,,,,
"3515,a,1263.630,1263.640,0.010,0.000,1263.900,-0.270",,,,,,,,
"3516,difference,1263.640,1264.280,0.640,0.000,1263.900,-0.260",,,,,,,,
"3517,he,1264.280,1264.410,0.130,0.000,1263.900,0.380",,,,,,,,
"3518,could,1264.410,1264.720,0.310,0.000,1263.900,0.510",,,,,,,,
"3519,feel,1264.720,1264.980,0.260,0.000,1263.900,0.820",,,,,,,,
"3520,in,1264.980,1265.110,0.130,0.000,1263.900,1.080",,,,,,,,
"3521,his,1265.110,1265.280,0.170,0.000,1263.900,1.210",,,,,,,,
"3522,whole,1265.280,1265.830,0.550,0.000,1263.900,1.380",,,,,,,,
"3523,body,1265.830,1265.870,0.040,0.000,1263.900,1.930",,,,,,,,
"3524,You,1266.250,1266.770,0.520,0.380,1267.340,-1.090",,,,,,,,
"3525,tell,1266.770,1267.640,0.870,0.000,1267.340,-0.570",,,,,,,,
"3526,them,1267.640,1267.840,0.200,0.000,1267.340,0.300",,,,,,,,
"3527,the,1267.840,1268.070,0.230,0.000,1267.340,0.500",,,,,,,,
"3528,dark,1268.070,1268.330,0.260,0.000,1267.340,0.730",,,,,,,,
"3529,cannot,1268.330,1268.790,0.460,0.000,1267.340,0.990",,,,,,,,
"3530,be,1268.790,1269.260,0.470,0.000,1267.340,1.450",,,,,,,,
"3531,finished,1269.260,1269.610,0.350,0.000,1269.920,-0.660",,,,,,,,
"3532,It,1269.840,1270.010,0.170,0.230,1269.920,-0.080",,,,,,,,
"3533,comes,1270.010,1270.380,0.370,0.000,1269.920,0.090",,,,,,,,
"3534,back,1270.380,1270.680,0.300,0.000,1269.920,0.460",,,,,,,,
"3535,every,1270.680,1271.140,0.460,0.000,1269.920,0.760",,,,,,,,
"3536,night,1271.140,1271.410,0.270,0.000,1271.660,-0.520",,,,,,,,
"3537,the,1271.410,1271.980,0.570,0.000,1271.660,-0.250",,,,,,,,
"3538,same,1271.980,1272.000,0.020,0.000,1271.660,0.320",,,,,,,,
"3539,as,1272.000,1272.130,0.130,0.000,1271.660,0.340",,,,,,,,
"3540,it,1272.130,1272.410,0.280,0.000,1271.660,0.470",,,,,,,,
"3541,always,1272.410,1272.740,0.330,0.000,1271.660,0.750",,,,,,,,
"3542,has,1272.740,1273.040,0.300,0.000,1271.660,1.080",,,,,,,,
"3543,and,1273.040,1273.920,0.880,0.000,1273.920,-0.880",,,,,,,,
"3544,it,1273.920,1274.000,0.080,0.000,1273.920,0.000",,,,,,,,
"3545,expects,1274.000,1274.400,0.400,0.000,1273.920,0.080",,,,,,,,
"3546,the,1274.400,1274.590,0.190,0.000,1273.920,0.480",,,,,,,,
"3547,same,1274.590,1274.840,0.250,0.000,1273.920,0.670",,,,,,,,
"3548,quality,1274.840,1274.950,0.110,0.000,1273.920,0.920",,,,,,,,
"3549,of,1274.950,1275.800,0.850,0.000,1273.920,1.030",,,,,,,,
"3550,attention,1275.800,1275.970,0.170,0.000,1273.920,1.880",,,,,,,,
"3551,on,1275.970,1276.090,0.120,0.000,1273.920,2.050",,,,,,,,
"3552,the,1276.090,1276.350,0.260,0.000,1273.920,2.170",,,,,,,,
"3553,thousand,1276.350,1276.790,0.440,0.000,1273.920,2.430",,,,,,,,
"3554,th,1276.790,1276.940,0.150,0.000,1273.920,2.870",,,,,,,,
"3555,night,1276.940,1277.220,0.280,0.000,1273.920,3.020",,,,,,,,
"3556,as,1277.220,1277.440,0.220,0.000,1277.600,-0.380",,,,,,,,
"3557,it,1277.440,1277.460,0.020,0.000,1277.600,-0.160",,,,,,,,
"3558,did,1277.460,1277.700,0.240,0.000,1277.600,-0.140",,,,,,,,
"3559,on,1277.700,1277.770,0.070,0.000,1277.600,0.100",,,,,,,,
"3560,the,1277.770,1277.960,0.190,0.000,1277.600,0.170",,,,,,,,
"3561,first,1277.960,1278.550,0.590,0.000,1277.600,0.360",,,,,,,,
"3562,You,1278.560,1279.100,0.540,0.010,1280.200,-1.640",,,,,,,,
"3563,tell,1279.100,1280.360,1.260,0.000,1280.200,-1.100",,,,,,,,
"3564,them,1280.360,1280.560,0.200,0.000,1280.200,0.160",,,,,,,,
"3565,the,1280.560,1280.800,0.240,0.000,1280.200,0.360",,,,,,,,
"3566,fire,1280.800,1281.280,0.480,0.000,1280.200,0.600",,,,,,,,
"3567,is,1281.360,1281.420,0.060,0.080,1280.200,1.160",,,,,,,,
"3568,the,1281.420,1281.630,0.210,0.000,1280.200,1.220",,,,,,,,
"3569,line,1281.630,1281.790,0.160,0.000,1280.200,1.430",,,,,,,,
"3570,and,1281.790,1281.940,0.150,0.000,1280.200,1.590",,,,,,,,
"3571,they,1281.940,1282.610,0.670,0.000,1282.400,-0.460",,,,,,,,
"3572,are,1282.610,1282.690,0.080,0.000,1282.400,0.210",,,,,,,,
"3573,the,1282.690,1282.830,0.140,0.000,1282.400,0.290",,,,,,,,
"3574,ones,1282.830,1283.100,0.270,0.000,1282.400,0.430",,,,,,,,
"3575,responsible,1283.100,1283.880,0.780,0.000,1282.400,0.700",,,,,,,,
"3576,for,1283.880,1284.090,0.210,0.000,1282.400,1.480",,,,,,,,
"3577,keeping,1284.090,1284.580,0.490,0.000,1282.400,1.690",,,,,,,,
"3578,it,1284.580,1284.720,0.140,0.000,1282.400,2.180",,,,,,,,
"3579,fed,1284.720,1284.890,0.170,0.000,1285.440,-0.720",,,,,,,,
"3580,You,1285.140,1285.430,0.290,0.250,1285.440,-0.300",,,,,,,,
"3581,sit,1285.430,1285.560,0.130,0.000,1285.440,-0.010",,,,,,,,
"3582,in,1285.560,1285.700,0.140,0.000,1285.440,0.120",,,,,,,,
"3583,the,1285.700,1285.910,0.210,0.000,1285.440,0.260",,,,,,,,
"3584,warmth,1285.910,1286.400,0.490,0.000,1285.440,0.470",,,,,,,,
"3585,of,1286.400,1286.550,0.150,0.000,1285.440,0.960",,,,,,,,
"3586,a,1286.550,1286.640,0.090,0.000,1285.440,1.110",,,,,,,,
"3587,hear,1286.640,1286.850,0.210,0.000,1285.440,1.200",,,,,,,,
"3588,th,1286.850,1286.960,0.110,0.000,1285.440,1.410",,,,,,,,
"3589,your,1286.960,1287.210,0.250,0.000,1285.440,1.520",,,,,,,,
"3590,family,1287.210,1287.460,0.250,0.000,1285.440,1.770",,,,,,,,
"3591,has,1287.460,1287.620,0.160,0.000,1285.440,2.020",,,,,,,,
"3592,tended,1287.620,1288.370,0.750,0.000,1285.440,2.180",,,,,,,,
"3593,across,1288.370,1288.540,0.170,0.000,1285.440,2.930",,,,,,,,
"3594,more,1288.540,1288.790,0.250,0.000,1285.440,3.100",,,,,,,,
"3595,seasons,1288.790,1289.240,0.450,0.000,1285.440,3.350",,,,,,,,
"3596,than,1289.240,1289.500,0.260,0.000,1285.440,3.800",,,,,,,,
"3597,you,1289.500,1289.680,0.180,0.000,1285.440,4.060",,,,,,,,
"3598,can,1289.680,1289.870,0.190,0.000,1285.440,4.240",,,,,,,,
"3599,count,1289.870,1290.260,0.390,0.000,1290.720,-0.850",,,,,,,,
"3600,and,1290.260,1290.380,0.120,0.000,1290.720,-0.460",,,,,,,,
"3601,you,1290.380,1290.560,0.180,0.000,1290.720,-0.340",,,,,,,,
"3602,listen,1290.560,1291.070,0.510,0.000,1290.720,-0.160",,,,,,,,
"3603,to,1291.070,1291.110,0.040,0.000,1290.720,0.350",,,,,,,,
"3604,the,1291.110,1291.260,0.150,0.000,1290.720,0.390",,,,,,,,
"3605,night,1291.260,1291.680,0.420,0.000,1290.720,0.540",,,,,,,,
"3606,the,1291.680,1291.840,0.160,0.000,1290.720,0.960",,,,,,,,
"3607,way,1291.840,1292.000,0.160,0.000,1290.720,1.120",,,,,,,,
"3608,you,1292.000,1292.190,0.190,0.000,1290.720,1.280",,,,,,,,
"3609,have,1292.190,1292.450,0.260,0.000,1290.720,1.470",,,,,,,,
"3610,listened,1292.450,1292.950,0.500,0.000,1290.720,1.730",,,,,,,,
"3611,to,1292.950,1293.100,0.150,0.000,1290.720,2.230",,,,,,,,
"3612,it,1293.100,1293.400,0.300,0.000,1290.720,2.380",,,,,,,,
"3613,for,1293.400,1293.420,0.020,0.000,1290.720,2.680",,,,,,,,
"3614,50,1293.420,1293.810,0.390,0.000,1290.720,2.700",,,,,,,,
"3615,years,1293.810,1294.170,0.360,0.000,1294.640,-0.830",,,,,,,,
"3616,You,1294.320,1294.540,0.220,0.150,1294.640,-0.320",,,,,,,,
"3617,still,1294.540,1294.830,0.290,0.000,1294.640,-0.100",,,,,,,,
"3618,catch,1294.830,1295.150,0.320,0.000,1294.640,0.190",,,,,,,,
"3619,the,1295.150,1295.340,0.190,0.000,1294.640,0.510",,,,,,,,
"3620,interrupt,1295.340,1296.150,0.810,0.000,1294.640,0.700",,,,,,,,
"3621,ions,1296.150,1296.190,0.040,0.000,1294.640,1.510",,,,,,,,
"3622,You,1296.570,1296.680,0.110,0.380,1296.640,-0.070",,,,,,,,
"3623,still,1296.680,1297.000,0.320,0.000,1296.640,0.040",,,,,,,,
"3624,feel,1297.000,1297.270,0.270,0.000,1296.640,0.360",,,,,,,,
"3625,when,1297.270,1297.600,0.330,0.000,1296.640,0.630",,,,,,,,
"3626,air,1297.600,1297.840,0.240,0.000,1296.640,0.960",,,,,,,,
"3627,outside,1297.840,1298.390,0.550,0.000,1296.640,1.200",,,,,,,,
"3628,the,1298.390,1298.470,0.080,0.000,1296.640,1.750",,,,,,,,
"3629,camp,1298.470,1299.250,0.780,0.000,1296.640,1.830",,,,,,,,
"3630,shifts,1299.250,1299.420,0.170,0.000,1296.640,2.610",,,,,,,,
"3631,in,1299.420,1299.580,0.160,0.000,1296.640,2.780",,,,,,,,
"3632,a,1299.580,1299.660,0.080,0.000,1296.640,2.940",,,,,,,,
"3633,certain,1299.660,1300.210,0.550,0.000,1301.260,-1.600",,,,,,,,
"3634,way,1300.210,1300.450,0.240,0.000,1301.260,-1.050",,,,,,,,
"3635,The,1300.680,1300.920,0.240,0.230,1301.260,-0.580",,,,,,,,
"3636,knowledge,1300.920,1301.570,0.650,0.000,1301.260,-0.340",,,,,,,,
"3637,has,1301.570,1301.990,0.420,0.000,1302.160,-0.590",,,,,,,,
"3638,not,1301.990,1302.110,0.120,0.000,1302.160,-0.170",,,,,,,,
"3639,left,1302.110,1302.430,0.320,0.000,1302.160,-0.050",,,,,,,,
"3640,you,1302.430,1302.670,0.240,0.000,1302.160,0.270",,,,,,,,
"3641,It,1302.960,1303.800,0.840,0.290,1304.340,-1.380",,,,,,,,
"3642,lives,1303.800,1304.800,1.000,0.000,1304.340,-0.540",,,,,,,,
"3643,in,1304.800,1304.840,0.040,0.000,1304.340,0.460",,,,,,,,
"3644,a,1304.840,1304.880,0.040,0.000,1304.340,0.500",,,,,,,,
"3645,different,1304.880,1305.200,0.320,0.000,1304.340,0.540",,,,,,,,
"3646,place,1305.200,1305.540,0.340,0.000,1304.340,0.860",,,,,,,,
"3647,now,1305.540,1305.730,0.190,0.000,1304.340,1.200",,,,,,,,
"3648,The,1305.930,1306.110,0.180,0.200,1304.340,1.590",,,,,,,,
"3649,place,1306.110,1306.540,0.430,0.000,1304.340,1.770",,,,,,,,
"3650,a,1306.540,1306.620,0.080,0.000,1304.340,2.200",,,,,,,,
"3651,thing,1306.620,1306.880,0.260,0.000,1304.340,2.280",,,,,,,,
"3652,moves,1306.880,1307.220,0.340,0.000,1304.340,2.540",,,,,,,,
"3653,to,1307.220,1307.370,0.150,0.000,1304.340,2.880",,,,,,,,
"3654,when,1307.370,1307.620,0.250,0.000,1304.340,3.030",,,,,,,,
"3655,it,1307.620,1307.750,0.130,0.000,1304.340,3.280",,,,,,,,
"3656,stops,1307.750,1308.090,0.340,0.000,1304.340,3.410",,,,,,,,
"3657,being,1308.090,1308.430,0.340,0.000,1304.340,3.750",,,,,,,,
"3658,something,1308.430,1308.930,0.500,0.000,1304.340,4.090",,,,,,,,
"3659,you,1308.930,1309.350,0.420,0.000,1309.580,-0.650",,,,,,,,
"3660,do,1309.350,1309.440,0.090,0.000,1309.580,-0.230",,,,,,,,
"3661,and,1309.440,1309.770,0.330,0.000,1309.580,-0.140",,,,,,,,
"3662,becomes,1309.770,1310.240,0.470,0.000,1309.580,0.190",,,,,,,,
"3663,something,1310.240,1310.560,0.320,0.000,1309.580,0.660",,,,,,,,
"3664,you,1310.640,1310.830,0.190,0.080,1309.580,1.060",,,,,,,,
"3665,simply,1310.830,1311.080,0.250,0.000,1309.580,1.250",,,,,,,,
"3666,are,1311.080,1311.910,0.830,0.000,1312.860,-1.780",,,,,,,,
"3667,F,1311.970,1312.000,0.030,0.060,1312.860,-0.890",,,,,,,,
"3668,enn,1312.000,1312.270,0.270,0.000,1312.860,-0.860",,,,,,,,
"3669,'s,1312.270,1312.510,0.240,0.000,1312.860,-0.590",,,,,,,,
"3670,youngest,1312.510,1313.170,0.660,0.000,1312.860,-0.350",,,,,,,,
"3671,scout,1313.170,1313.620,0.450,0.000,1312.860,0.310",,,,,,,,
"3672,a,1313.860,1313.890,0.030,0.240,1312.860,1.000",,,,,,,,
"3673,girl,1313.890,1314.320,0.430,0.000,1314.460,-0.570",,,,,,,,
"3674,of,1314.320,1314.710,0.390,0.000,1314.460,-0.140",,,,,,,,
"3675,15,1314.710,1314.970,0.260,0.000,1314.460,0.250",,,,,,,,
"3676,sits,1315.150,1315.510,0.360,0.180,1314.460,0.690",,,,,,,,
"3677,just,1315.510,1315.860,0.350,0.000,1315.840,-0.330",,,,,,,,
"3678,past,1315.860,1316.500,0.640,0.000,1315.840,0.020",,,,,,,,
"3679,her,1316.500,1316.520,0.020,0.000,1315.840,0.660",,,,,,,,
"3680,fire,1316.520,1316.850,0.330,0.000,1315.840,0.680",,,,,,,,
"3681,light,1316.850,1317.350,0.500,0.000,1315.840,1.010",,,,,,,,
"3682,on,1317.350,1317.520,0.170,0.000,1315.840,1.510",,,,,,,,
"3683,a,1317.520,1317.560,0.040,0.000,1315.840,1.680",,,,,,,,
"3684,clear,1317.560,1317.950,0.390,0.000,1315.840,1.720",,,,,,,,
"3685,cold,1317.950,1318.240,0.290,0.000,1315.840,2.110",,,,,,,,
"3686,night,1318.240,1318.720,0.480,0.000,1318.940,-0.700",,,,,,,,
"3687,watching,1318.720,1319.650,0.930,0.000,1318.940,-0.220",,,,,,,,
"3688,the,1319.650,1319.790,0.140,0.000,1320.880,-1.230",,,,,,,,
"3689,tree,1319.790,1320.190,0.400,0.000,1320.880,-1.090",,,,,,,,
"3690,line,1320.190,1320.540,0.350,0.000,1320.880,-0.690",,,,,,,,
"3691,Back,1320.820,1321.280,0.460,0.280,1320.880,-0.060",,,,,,,,
"3692,straight,1321.280,1321.970,0.690,0.000,1321.900,-0.620",,,,,,,,
"3693,but,1321.970,1322.390,0.420,0.000,1321.900,0.070",,,,,,,,
"3694,not,1322.390,1322.560,0.170,0.000,1321.900,0.490",,,,,,,,
"3695,locked,1322.560,1323.140,0.580,0.000,1323.560,-1.000",,,,,,,,
"3696,Weight,1323.410,1324.200,0.790,0.270,1323.560,-0.150",,,,,,,,
"3697,even,1324.200,1324.390,0.190,0.000,1325.160,-0.960",,,,,,,,
"3698,Eyes,1324.670,1325.240,0.570,0.280,1325.160,-0.490",,,,,,,,
"3699,moving,1325.240,1325.640,0.400,0.000,1325.160,0.080",,,,,,,,
"3700,in,1325.640,1325.920,0.280,0.000,1325.160,0.480",,,,,,,,
"3701,a,1325.920,1325.990,0.070,0.000,1325.160,0.760",,,,,,,,
"3702,slow,1325.990,1326.400,0.410,0.000,1325.160,0.830",,,,,,,,
"3703,sweep,1326.400,1327.120,0.720,0.000,1327.240,-0.840",,,,,,,,
"3704,rather,1327.120,1327.560,0.440,0.000,1327.240,-0.120",,,,,,,,
"3705,than,1327.560,1327.840,0.280,0.000,1327.240,0.320",,,,,,,,
"3706,fixed,1327.840,1328.220,0.380,0.000,1327.240,0.600",,,,,,,,
"3707,on,1328.220,1328.520,0.300,0.000,1327.240,0.980",,,,,,,,
"3708,one,1328.520,1328.580,0.060,0.000,1327.240,1.280",,,,,,,,
"3709,point,1328.580,1328.950,0.370,0.000,1329.660,-1.080",,,,,,,,
"3710,One,1329.170,1329.390,0.220,0.220,1329.660,-0.490",,,,,,,,
"3711,hand,1329.390,1329.680,0.290,0.000,1329.660,-0.270",,,,,,,,
"3712,loose,1329.680,1330.050,0.370,0.000,1329.660,0.020",,,,,,,,
"3713,on,1330.050,1330.190,0.140,0.000,1329.660,0.390",,,,,,,,
"3714,her,1330.190,1330.420,0.230,0.000,1329.660,0.530",,,,,,,,
"3715,spear,1330.420,1330.740,0.320,0.000,1329.660,0.760",,,,,,,,
"3716,shaft,1330.740,1331.270,0.530,0.000,1329.660,1.080",,,,,,,,
"3717,You,1331.440,1331.750,0.310,0.170,1332.240,-0.800",,,,,,,,
"3718,watch,1331.750,1332.260,0.510,0.000,1332.240,-0.490",,,,,,,,
"3719,her,1332.260,1332.640,0.380,0.000,1332.240,0.020",,,,,,,,
"3720,for,1332.640,1332.990,0.350,0.000,1332.240,0.400",,,,,,,,
"3721,a,1332.990,1333.080,0.090,0.000,1332.240,0.750",,,,,,,,
"3722,long,1333.080,1333.440,0.360,0.000,1332.240,0.840",,,,,,,,
"3723,time,1333.440,1333.840,0.400,0.000,1332.240,1.200",,,,,,,,
"3724,without,1333.840,1334.380,0.540,0.000,1332.240,1.600",,,,,,,,
"3725,making,1334.380,1334.860,0.480,0.000,1332.240,2.140",,,,,,,,
"3726,a,1334.860,1335.240,0.380,0.000,1332.240,2.620",,,,,,,,
"3727,sound,1335.240,1335.370,0.130,0.000,1335.900,-0.660",,,,,,,,
"3728,She,1335.550,1335.790,0.240,0.180,1335.900,-0.350",,,,,,,,
"3729,does,1335.790,1336.090,0.300,0.000,1335.900,-0.110",,,,,,,,
"3730,not,1336.090,1336.320,0.230,0.000,1335.900,0.190",,,,,,,,
"3731,know,1336.320,1336.630,0.310,0.000,1335.900,0.420",,,,,,,,
"3732,you,1336.630,1336.880,0.250,0.000,1335.900,0.730",,,,,,,,
"3733,are,1336.880,1337.140,0.260,0.000,1335.900,0.980",,,,,,,,
"3734,watching,1337.140,1337.950,0.810,0.000,1338.060,-0.920",,,,,,,,
"3735,She,1337.990,1338.180,0.190,0.040,1338.060,-0.070",,,,,,,,
"3736,is,1338.180,1338.410,0.230,0.000,1338.060,0.120",,,,,,,,
"3737,entirely,1338.410,1338.960,0.550,0.000,1338.060,0.350",,,,,,,,
"3738,in,1338.960,1339.080,0.120,0.000,1338.060,0.900",,,,,,,,
"3739,her,1339.080,1339.760,0.680,0.000,1338.060,1.020",,,,,,,,
"3740,She,1340.640,1340.750,0.110,0.880,1340.720,-0.080",,,,,,,,
"3741,is,1340.750,1340.880,0.130,0.000,1340.720,0.030",,,,,,,,
"3742,doing,1340.880,1341.070,0.190,0.000,1340.720,0.160",,,,,,,,
"3743,the,1341.070,1341.220,0.150,0.000,1340.720,0.350",,,,,,,,
"3744,thing,1341.220,1341.960,0.740,0.000,1340.720,0.500",,,,,,,,
"3745,that,1341.960,1341.990,0.030,0.000,1340.720,1.240",,,,,,,,
"3746,cannot,1341.990,1342.380,0.390,0.000,1340.720,1.270",,,,,,,,
"3747,be,1342.380,1342.510,0.130,0.000,1340.720,1.660",,,,,,,,
"3748,scratched,1342.510,1343.100,0.590,0.000,1340.720,1.790",,,,,,,,
"3749,into,1343.100,1343.360,0.260,0.000,1340.720,2.380",,,,,,,,
"3750,bone,1343.360,1343.680,0.320,0.000,1343.920,-0.560",,,,,,,,
"3751,or,1343.680,1343.860,0.180,0.000,1343.920,-0.240",,,,,,,,
"3752,pressed,1343.860,1344.710,0.850,0.000,1343.920,-0.060",,,,,,,,
"3753,into,1344.710,1344.760,0.050,0.000,1343.920,0.790",,,,,,,,
"3754,clay,1344.760,1345.130,0.370,0.000,1345.340,-0.580",,,,,,,,
"3755,or,1345.130,1345.360,0.230,0.000,1345.340,-0.210",,,,,,,,
"3756,passed,1345.360,1345.750,0.390,0.000,1345.340,0.020",,,,,,,,
"3757,through,1345.750,1346.080,0.330,0.000,1345.340,0.410",,,,,,,,
"3758,any,1346.080,1346.330,0.250,0.000,1345.340,0.740",,,,,,,,
"3759,medium,1346.330,1346.820,0.490,0.000,1345.340,0.990",,,,,,,,
"3760,other,1346.820,1347.480,0.660,0.000,1345.340,1.480",,,,,,,,
"3761,than,1347.480,1347.610,0.130,0.000,1345.340,2.140",,,,,,,,
"3762,one,1347.610,1347.820,0.210,0.000,1345.340,2.270",,,,,,,,
"3763,watching,1347.820,1348.490,0.670,0.000,1345.340,2.480",,,,,,,,
"3764,body,1348.490,1348.820,0.330,0.000,1345.340,3.150",,,,,,,,
"3765,alongside,1348.820,1349.570,0.750,0.000,1345.340,3.480",,,,,,,,
"3766,another,1349.570,1350.240,0.670,0.000,1345.340,4.230",,,,,,,,
"3767,watching,1350.240,1350.820,0.580,0.000,1345.340,4.900",,,,,,,,
"3768,body,1350.820,1351.200,0.380,0.000,1351.380,-0.560",,,,,,,,
"3769,Repe,1351.320,1351.600,0.280,0.120,1351.380,-0.060",,,,,,,,
"3770,ated,1351.600,1352.040,0.440,0.000,1351.380,0.220",,,,,,,,
"3771,across,1352.040,1352.160,0.120,0.000,1351.380,0.660",,,,,,,,
"3772,more,1352.160,1352.400,0.240,0.000,1351.380,0.780",,,,,,,,
"3773,generations,1352.400,1353.330,0.930,0.000,1351.380,1.020",,,,,,,,
"3774,than,1353.330,1353.820,0.490,0.000,1351.380,1.950",,,,,,,,
"3775,anyone,1353.820,1354.210,0.390,0.000,1351.380,2.440",,,,,,,,
"3776,alive,1354.210,1354.640,0.430,0.000,1355.880,-1.670",,,,,,,,
"3777,can,1354.640,1354.900,0.260,0.000,1355.880,-1.240",,,,,,,,
"3778,count,1354.900,1355.330,0.430,0.000,1355.880,-0.980",,,,,,,,
"3779,She,1355.700,1355.850,0.150,0.370,1355.880,-0.180",,,,,,,,
"3780,will,1355.850,1356.550,0.700,0.000,1355.880,-0.030",,,,,,,,
"3781,teach,1356.550,1356.620,0.070,0.000,1355.880,0.670",,,,,,,,
"3782,the,1356.620,1356.970,0.350,0.000,1355.880,0.740",,,,,,,,
"3783,one,1356.970,1357.140,0.170,0.000,1355.880,1.090",,,,,,,,
"3784,after,1357.140,1357.570,0.430,0.000,1355.880,1.260",,,,,,,,
"3785,her,1357.570,1358.090,0.520,0.000,1358.240,-0.670",,,,,,,,
"3786,That,1358.360,1358.470,0.110,0.270,1358.240,0.120",,,,,,,,
"3787,one,1358.470,1358.720,0.250,0.000,1358.240,0.230",,,,,,,,
"3788,will,1358.720,1358.930,0.210,0.000,1358.240,0.480",,,,,,,,
"3789,teach,1358.930,1359.360,0.430,0.000,1358.240,0.690",,,,,,,,
"3790,next,1359.360,1359.680,0.320,0.000,1358.240,1.120",,,,,,,,
"3791,The,1359.910,1360.760,0.850,0.230,1361.080,-1.170",,,,,,,,
"3792,knowledge,1360.760,1360.910,0.150,0.000,1361.080,-0.320",,,,,,,,
"3793,traveling,1360.910,1361.620,0.710,0.000,1361.080,-0.170",,,,,,,,
"3794,the,1361.620,1361.900,0.280,0.000,1361.080,0.540",,,,,,,,
"3795,only,1361.900,1362.180,0.280,0.000,1361.080,0.820",,,,,,,,
"3796,way,1362.180,1362.420,0.240,0.000,1361.080,1.100",,,,,,,,
"3797,it,1362.420,1362.660,0.240,0.000,1361.080,1.340",,,,,,,,
"3798,has,1362.660,1362.820,0.160,0.000,1361.080,1.580",,,,,,,,
"3799,ever,1362.820,1363.510,0.690,0.000,1361.080,1.740",,,,,,,,
"3800,traveled,1363.510,1363.930,0.420,0.000,1361.080,2.430",,,,,,,,
"3801,through,1363.930,1364.360,0.430,0.000,1364.400,-0.470",,,,,,,,
"3802,the,1364.360,1364.570,0.210,0.000,1364.400,-0.040",,,,,,,,
"3803,living,1364.570,1365.320,0.750,0.000,1364.400,0.170",,,,,,,,
"3804,night,1365.320,1365.440,0.120,0.000,1364.400,0.920",,,,,,,,
"3805,after,1365.440,1365.890,0.450,0.000,1364.400,1.040",,,,,,,,
"3806,night,1365.890,1366.080,0.190,0.000,1364.400,1.490",,,,,,,,
"3807,along,1366.720,1367.120,0.400,0.640,1366.800,-0.080",,,,,,,,
"3808,the,1367.120,1367.370,0.250,0.000,1366.800,0.320",,,,,,,,
"3809,line,1367.370,1368.060,0.690,0.000,1366.800,0.570",,,,,,,,
"3810,where,1368.060,1368.270,0.210,0.000,1366.800,1.260",,,,,,,,
"3811,fire,1368.270,1368.640,0.370,0.000,1366.800,1.470",,,,,,,,
"3812,light,1368.640,1369.120,0.480,0.000,1366.800,1.840",,,,,,,,
"3813,ends,1369.120,1369.500,0.380,0.000,1366.800,2.320",,,,,,,,
"3814,and,1369.500,1369.780,0.280,0.000,1366.800,2.700",,,,,,,,
"3815,the,1369.780,1370.060,0.280,0.000,1371.500,-1.720",,,,,,,,
"3816,dark,1370.060,1370.790,0.730,0.000,1371.500,-1.440",,,,,,,,
"3817,begins,1370.790,1371.010,0.220,0.000,1371.500,-0.710",,,,,,,,
"3818,Somewhere,1371.360,1371.810,0.450,0.350,1371.500,-0.140",,,,,,,,
"3819,right,1371.810,1372.240,0.430,0.000,1371.500,0.310",,,,,,,,
"3820,a,1372.240,1372.600,0.360,0.000,1371.500,0.740",,,,,,,,
"3821,child,1372.600,1372.800,0.200,0.000,1371.500,1.100",,,,,,,,
"3822,is,1372.800,1372.960,0.160,0.000,1371.500,1.300",,,,,,,,
"3823,pressed,1372.960,1373.360,0.400,0.000,1371.500,1.460",,,,,,,,
"3824,against,1373.360,1373.860,0.500,0.000,1371.500,1.860",,,,,,,,
"3825,their,1373.860,1374.430,0.570,0.000,1371.500,2.360",,,,,,,,
"3826,mother,1374.430,1374.760,0.330,0.000,1375.600,-1.170",,,,,,,,
"3827,'s,1374.760,1374.810,0.050,0.000,1375.600,-0.840",,,,,,,,
"3828,side,1374.810,1375.100,0.290,0.000,1375.600,-0.790",,,,,,,,
"3829,There,1375.320,1375.680,0.360,0.220,1375.600,-0.280",,,,,,,,
"3830,is,1375.680,1375.820,0.140,0.000,1375.600,0.080",,,,,,,,
"3831,a,1375.820,1375.900,0.080,0.000,1375.600,0.220",,,,,,,,
"3832,sound,1375.900,1376.250,0.350,0.000,1375.600,0.300",,,,,,,,
"3833,from,1376.250,1376.660,0.410,0.000,1375.600,0.650",,,,,,,,
"3834,outside,1376.660,1377.120,0.460,0.000,1377.640,-0.980",,,,,,,,
"3835,The,1377.490,1377.510,0.020,0.370,1377.640,-0.150",,,,,,,,
"3836,child,1377.510,1377.930,0.420,0.000,1377.640,-0.130",,,,,,,,
"3837,has,1377.930,1378.070,0.140,0.000,1377.640,0.290",,,,,,,,
"3838,no,1378.070,1378.200,0.130,0.000,1377.640,0.430",,,,,,,,
"3839,word,1378.200,1378.500,0.300,0.000,1377.640,0.560",,,,,,,,
"3840,for,1378.500,1378.670,0.170,0.000,1377.640,0.860",,,,,,,,
"3841,what,1378.670,1379.320,0.650,0.000,1377.640,1.030",,,,,,,,
"3842,they,1379.320,1379.360,0.040,0.000,1377.640,1.680",,,,,,,,
"3843,feel,1379.360,1379.700,0.340,0.000,1380.520,-1.160",,,,,,,,
"3844,The,1379.940,1380.010,0.070,0.240,1380.520,-0.580",,,,,,,,
"3845,tight,1380.010,1380.780,0.770,0.000,1380.520,-0.510",,,,,,,,
"3846,ness,1380.780,1380.990,0.210,0.000,1380.520,0.260",,,,,,,,
"3847,in,1380.990,1381.130,0.140,0.000,1380.520,0.470",,,,,,,,
"3848,the,1381.130,1381.380,0.250,0.000,1380.520,0.610",,,,,,,,
"3849,chest,1381.380,1381.800,0.420,0.000,1382.340,-0.960",,,,,,,,
"3850,The,1382.050,1382.400,0.350,0.250,1382.340,-0.290",,,,,,,,
"3851,sudden,1382.400,1382.810,0.410,0.000,1382.340,0.060",,,,,,,,
"3852,total,1382.810,1383.510,0.700,0.000,1383.140,-0.330",,,,,,,,
"3853,attention,1383.510,1383.990,0.480,0.000,1384.620,-1.110",,,,,,,,
"3854,The,1384.230,1384.490,0.260,0.240,1384.620,-0.390",,,,,,,,
"3855,understanding,1384.490,1385.680,1.190,0.000,1385.760,-1.270",,,,,,,,
"3856,arriving,1385.750,1386.080,0.330,0.070,1385.760,-0.010",,,,,,,,
"3857,without,1386.080,1386.400,0.320,0.000,1385.760,0.320",,,,,,,,
"3858,explanation,1386.400,1386.920,0.520,0.000,1385.760,0.640",,,,,,,,
"3859,That,1387.750,1387.820,0.070,0.830,1387.820,-0.070",,,,,,,,
"3860,the,1387.820,1387.970,0.150,0.000,1387.820,0.000",,,,,,,,
"3861,space,1387.970,1388.350,0.380,0.000,1387.820,0.150",,,,,,,,
"3862,past,1388.350,1388.640,0.290,0.000,1387.820,0.530",,,,,,,,
"3863,the,1388.640,1388.860,0.220,0.000,1387.820,0.820",,,,,,,,
"3864,fire,1388.860,1389.160,0.300,0.000,1387.820,1.040",,,,,,,,
"3865,light,1389.160,1389.530,0.370,0.000,1387.820,1.340",,,,,,,,
"3866,is,1389.530,1389.700,0.170,0.000,1387.820,1.710",,,,,,,,
"3867,not,1389.700,1389.900,0.200,0.000,1387.820,1.880",,,,,,,,
"3868,empty,1389.900,1390.490,0.590,0.000,1391.140,-1.240",,,,,,,,
"3869,That,1390.550,1390.790,0.240,0.060,1391.140,-0.590",,,,,,,,
"3870,child,1390.790,1391.160,0.370,0.000,1391.140,-0.350",,,,,,,,
"3871,will,1391.160,1391.460,0.300,0.000,1391.140,0.020",,,,,,,,
"3872,learn,1391.460,1392.090,0.630,0.000,1391.140,0.320",,,,,,,,
"3873,They,1392.360,1392.960,0.600,0.270,1392.940,-0.580",,,,,,,,
"3874,will,1392.960,1393.200,0.240,0.000,1392.940,0.020",,,,,,,,
"3875,learn,1393.280,1393.540,0.260,0.080,1392.940,0.340",,,,,,,,
"3876,what,1393.540,1393.710,0.170,0.000,1392.940,0.600",,,,,,,,
"3877,the,1393.710,1393.860,0.150,0.000,1392.940,0.770",,,,,,,,
"3878,sounds,1393.860,1394.600,0.740,0.000,1392.940,0.920",,,,,,,,
"3879,mean,1394.600,1394.750,0.150,0.000,1392.940,1.660",,,,,,,,
"3880,They,1394.920,1395.200,0.280,0.170,1395.580,-0.660",,,,,,,,
"3881,will,1395.200,1395.480,0.280,0.000,1395.580,-0.380",,,,,,,,
"3882,learn,1395.480,1395.820,0.340,0.000,1395.580,-0.100",,,,,,,,
"3883,to,1395.820,1395.960,0.140,0.000,1395.580,0.240",,,,,,,,
"3884,slow,1395.960,1396.240,0.280,0.000,1395.580,0.380",,,,,,,,
"3885,their,1396.240,1396.580,0.340,0.000,1395.580,0.660",,,,,,,,
"3886,feet,1396.580,1396.820,0.240,0.000,1395.580,1.000",,,,,,,,
"3887,One,1397.350,1397.470,0.120,0.530,1398.160,-0.810",,,,,,,,
"3888,day,1397.470,1397.820,0.350,0.000,1398.160,-0.690",,,,,,,,
"3889,they,1397.820,1398.290,0.470,0.000,1398.160,-0.340",,,,,,,,
"3890,will,1398.290,1399.120,0.830,0.000,1398.160,0.130",,,,,,,,
"3891,sit,1399.120,1399.160,0.040,0.000,1398.160,0.960",,,,,,,,
"3892,a,1399.160,1399.280,0.120,0.000,1398.160,1.000",,,,,,,,
"3893,cold,1399.280,1399.730,0.450,0.000,1398.160,1.120",,,,,,,,
"3894,post,1399.730,1400.160,0.430,0.000,1398.160,1.570",,,,,,,,
"3895,with,1400.160,1400.450,0.290,0.000,1398.160,2.000",,,,,,,,
"3896,their,1400.450,1400.670,0.220,0.000,1398.160,2.290",,,,,,,,
"3897,back,1400.670,1401.090,0.420,0.000,1398.160,2.510",,,,,,,,
"3898,to,1401.090,1401.470,0.380,0.000,1398.160,2.930",,,,,,,,
"3899,the,1401.470,1401.580,0.110,0.000,1398.160,3.310",,,,,,,,
"3900,fire,1401.580,1401.770,0.190,0.000,1401.860,-0.280",,,,,,,,
"3901,and,1401.770,1401.980,0.210,0.000,1401.860,-0.090",,,,,,,,
"3902,their,1401.980,1402.350,0.370,0.000,1401.860,0.120",,,,,,,,
"3903,face,1402.350,1402.640,0.290,0.000,1401.860,0.490",,,,,,,,
"3904,toward,1402.640,1403.080,0.440,0.000,1401.860,0.780",,,,,,,,
"3905,the,1403.080,1403.300,0.220,0.000,1403.900,-0.820",,,,,,,,
"3906,dark,1403.300,1403.590,0.290,0.000,1403.900,-0.600",,,,,,,,
"3907,They,1403.770,1404.310,0.540,0.180,1404.240,-0.470",,,,,,,,
"3908,will,1404.310,1404.390,0.080,0.000,1404.240,0.070",,,,,,,,
"3909,carry,1404.390,1404.760,0.370,0.000,1404.240,0.150",,,,,,,,
"3910,a,1404.760,1404.830,0.070,0.000,1404.240,0.520",,,,,,,,
"3911,torch,1404.830,1405.280,0.450,0.000,1404.240,0.590",,,,,,,,
"3912,in,1405.280,1405.400,0.120,0.000,1404.240,1.040",,,,,,,,
"3913,both,1405.400,1406.120,0.720,0.000,1404.240,1.160",,,,,,,,
"3914,hands,1406.120,1406.160,0.040,0.000,1404.240,1.880",,,,,,,,
"3915,and,1406.160,1406.360,0.200,0.000,1404.240,1.920",,,,,,,,
"3916,guard,1406.360,1406.690,0.330,0.000,1404.240,2.120",,,,,,,,
"3917,it,1406.690,1406.840,0.150,0.000,1404.240,2.450",,,,,,,,
"3918,with,1406.840,1407.090,0.250,0.000,1404.240,2.600",,,,,,,,
"3919,their,1407.090,1407.570,0.480,0.000,1404.240,2.850",,,,,,,,
"3920,body,1407.570,1407.720,0.150,0.000,1404.240,3.330",,,,,,,,
"3921,against,1407.720,1408.200,0.480,0.000,1404.240,3.480",,,,,,,,
"3922,the,1408.200,1408.400,0.200,0.000,1404.240,3.960",,,,,,,,
"3923,wind,1408.400,1408.700,0.300,0.000,1409.120,-0.720",,,,,,,,
"3924,They,1408.870,1409.200,0.330,0.170,1409.120,-0.250",,,,,,,,
"3925,will,1409.200,1409.460,0.260,0.000,1409.120,0.080",,,,,,,,
"3926,spend,1409.460,1409.740,0.280,0.000,1409.120,0.340",,,,,,,,
"3927,a,1409.740,1409.800,0.060,0.000,1409.120,0.620",,,,,,,,
"3928,whole,1409.800,1410.310,0.510,0.000,1409.120,0.680",,,,,,,,
"3929,life,1410.310,1410.560,0.250,0.000,1410.720,-0.410",,,,,,,,
"3930,finding,1410.560,1410.960,0.400,0.000,1410.720,-0.160",,,,,,,,
"3931,out,1410.960,1411.120,0.160,0.000,1410.720,0.240",,,,,,,,
"3932,what,1411.120,1411.280,0.160,0.000,1410.720,0.400",,,,,,,,
"3933,the,1411.280,1411.360,0.080,0.000,1410.720,0.560",,,,,,,,
"3934,night,1411.360,1411.850,0.490,0.000,1410.720,0.640",,,,,,,,
"3935,holds,1411.850,1411.990,0.140,0.000,1410.720,1.130",,,,,,,,
"3936,They,1412.780,1413.020,0.240,0.790,1413.040,-0.260",,,,,,,,
"3937,always,1413.020,1413.610,0.590,0.000,1413.040,-0.020",,,,,,,,
"3938,have,1413.610,1414.000,0.390,0.000,1414.680,-1.070",,,,,,,,
"3939,They,1414.290,1414.680,0.390,0.290,1414.680,-0.390",,,,,,,,
"3940,always,1414.680,1415.510,0.830,0.000,1416.460,-1.780",,,,,,,,
"3941,will,1415.510,1415.660,0.150,0.000,1416.460,-0.950",,,,,,,,
"3942,The,1415.950,1416.230,0.280,0.290,1416.460,-0.510",,,,,,,,
"3943,dark,1416.230,1416.560,0.330,0.000,1416.460,-0.230",,,,,,,,
"3944,does,1416.560,1417.310,0.750,0.000,1417.300,-0.740",,,,,,,,
"3945,not,1417.310,1417.320,0.010,0.000,1417.300,0.010",,,,,,,,
"3946,change,1417.320,1417.900,0.580,0.000,1417.300,0.020",,,,,,,,
"3947,Only,1418.360,1418.580,0.220,0.460,1418.880,-0.520",,,,,,,,
"3948,the,1418.580,1418.870,0.290,0.000,1418.880,-0.300",,,,,,,,
"3949,ones,1418.870,1419.380,0.510,0.000,1418.880,-0.010",,,,,,,,
"3950,who,1419.380,1419.520,0.140,0.000,1418.880,0.500",,,,,,,,
"3951,learn,1419.520,1419.760,0.240,0.000,1418.880,0.640",,,,,,,,
"3952,to,1419.840,1419.940,0.100,0.080,1418.880,0.960",,,,,,,,
"3953,face,1419.940,1420.290,0.350,0.000,1418.880,1.060",,,,,,,,
"3954,it,1420.290,1420.480,0.190,0.000,1421.280,-0.990",,,,,,,,