
[00:00:00.000 --> 00:00:00.080]  
[00:00:00.080 --> 00:00:00.290]   Level
[00:00:00.290 --> 00:00:00.460]   one
[00:00:00.460 --> 00:00:00.550]  .
[00:00:00.550 --> 00:00:00.660]   The
[00:00:00.660 --> 00:00:01.400]   child
[00:00:01.400 --> 00:00:01.440]   who
[00:00:01.440 --> 00:00:01.730]   does
[00:00:01.730 --> 00:00:01.950]   not
[00:00:01.950 --> 00:00:02.170]   yet
[00:00:02.170 --> 00:00:02.460]   know
[00:00:02.460 --> 00:00:02.750]   what
[00:00:02.750 --> 00:00:03.040]   dark
[00:00:03.040 --> 00:00:03.400]   means
[00:00:03.400 --> 00:00:03.570]  ,
[00:00:03.570 --> 00:00:03.730]   you
[00:00:03.730 --> 00:00:04.150]   are
[00:00:04.150 --> 00:00:04.430]   seven
[00:00:04.430 --> 00:00:04.820]   years
[00:00:04.820 --> 00:00:05.050]   old
[00:00:05.050 --> 00:00:05.290]  .
[00:00:05.290 --> 00:00:05.960]   You
[00:00:05.960 --> 00:00:06.320]   live
[00:00:06.320 --> 00:00:06.720]   inside
[00:00:06.720 --> 00:00:06.780]   a
[00:00:06.780 --> 00:00:07.040]   skin
[00:00:07.040 --> 00:00:07.040]  -
[00:00:07.040 --> 00:00:07.430]  cover
[00:00:07.430 --> 00:00:07.740]  ed
[00:00:07.740 --> 00:00:08.030]   shelter
[00:00:08.030 --> 00:00:08.160]   at
[00:00:08.160 --> 00:00:08.360]   the
[00:00:08.360 --> 00:00:08.620]   edge
[00:00:08.620 --> 00:00:08.750]   of
[00:00:08.750 --> 00:00:08.810]   a
[00:00:08.810 --> 00:00:09.360]   shallow
[00:00:09.360 --> 00:00:09.680]   valley
[00:00:09.680 --> 00:00:09.880]  .
[00:00:09.880 --> 00:00:10.050]   The
[00:00:10.050 --> 00:00:10.470]   fire
[00:00:10.470 --> 00:00:10.600]   your
[00:00:10.600 --> 00:00:11.100]   mother
[00:00:11.100 --> 00:00:11.490]   tends
[00:00:11.490 --> 00:00:11.940]   smells
[00:00:11.940 --> 00:00:12.220]   like
[00:00:12.220 --> 00:00:12.480]   pine
[00:00:12.480 --> 00:00:12.580]   resin
[00:00:12.580 --> 00:00:13.340]   and
[00:00:13.340 --> 00:00:13.360]   scor
[00:00:13.360 --> 00:00:13.620]  ched
[00:00:13.620 --> 00:00:13.900]   bone
[00:00:13.900 --> 00:00:14.110]  .
[00:00:14.110 --> 00:00:14.390]   Your
[00:00:14.390 --> 00:00:15.240]   grandmother
[00:00:15.240 --> 00:00:15.310]   is
[00:00:15.310 --> 00:00:16.090]   asleep
[00:00:16.090 --> 00:00:16.220]   against
[00:00:16.220 --> 00:00:16.510]   the
[00:00:16.510 --> 00:00:16.640]   far
[00:00:16.640 --> 00:00:16.910]   wall
[00:00:16.910 --> 00:00:17.180]  .
[00:00:17.180 --> 00:00:17.900]   It
[00:00:17.900 --> 00:00:18.200]   is
[00:00:18.200 --> 00:00:18.470]   deep
[00:00:18.470 --> 00:00:18.620]   in
[00:00:18.620 --> 00:00:18.720]   the
[00:00:18.720 --> 00:00:19.140]   night
[00:00:19.140 --> 00:00:19.380]  .
[00:00:19.380 --> 00:00:19.440]   You
[00:00:19.440 --> 00:00:20.120]   are
[00:00:20.120 --> 00:00:20.250]   wide
[00:00:20.250 --> 00:00:20.670]   awake
[00:00:20.670 --> 00:00:20.890]  .
[00:00:20.890 --> 00:00:21.140]   You
[00:00:21.140 --> 00:00:21.390]   can
[00:00:21.390 --> 00:00:21.760]   hear
[00:00:21.760 --> 00:00:22.870]   something
[00:00:22.870 --> 00:00:23.070]   outside
[00:00:23.070 --> 00:00:23.320]  .
[00:00:23.320 --> 00:00:23.570]   You
[00:00:23.570 --> 00:00:23.720]   do
[00:00:23.720 --> 00:00:23.960]   not
[00:00:23.960 --> 00:00:24.640]   know
[00:00:24.640 --> 00:00:24.680]   what
[00:00:24.680 --> 00:00:24.800]   it
[00:00:24.800 --> 00:00:24.960]   is
[00:00:24.960 --> 00:00:25.250]  .
[00:00:25.250 --> 00:00:25.460]   You
[00:00:25.460 --> 00:00:25.920]   only
[00:00:25.920 --> 00:00:26.120]   know
[00:00:26.120 --> 00:00:26.200]  
[00:00:26.200 --> 00:00:26.330]   the
[00:00:26.330 --> 00:00:26.710]   sound
[00:00:26.710 --> 00:00:26.860]   is
[00:00:26.860 --> 00:00:27.250]   large
[00:00:27.250 --> 00:00:27.520]  ,
[00:00:27.520 --> 00:00:27.550]   it
[00:00:27.550 --> 00:00:27.700]   is
[00:00:27.700 --> 00:00:28.080]   close
[00:00:28.080 --> 00:00:28.230]  ,
[00:00:28.230 --> 00:00:28.450]   and
[00:00:28.450 --> 00:00:28.670]   the
[00:00:28.670 --> 00:00:28.970]   fire
[00:00:28.970 --> 00:00:29.160]   is
[00:00:29.160 --> 00:00:29.420]   the
[00:00:29.420 --> 00:00:29.640]   only
[00:00:29.640 --> 00:00:30.270]   reason
[00:00:30.270 --> 00:00:30.310]   you
[00:00:30.310 --> 00:00:30.530]   are
[00:00:30.530 --> 00:00:30.750]   not
[00:00:30.750 --> 00:00:31.420]   screaming
[00:00:31.420 --> 00:00:32.080]  .
[00:00:32.080 --> 00:00:32.300]   The
[00:00:32.300 --> 00:00:33.180]   sound
[00:00:33.180 --> 00:00:33.640]   stops
[00:00:33.640 --> 00:00:33.900]  .
[00:00:33.900 --> 00:00:34.580]   The
[00:00:34.580 --> 00:00:34.710]   night
[00:00:34.710 --> 00:00:35.020]   goes
[00:00:35.020 --> 00:00:35.480]   quiet
[00:00:35.480 --> 00:00:35.750]  .
[00:00:35.750 --> 00:00:36.220]   Your
[00:00:36.220 --> 00:00:36.580]   chest
[00:00:36.580 --> 00:00:36.750]   is
[00:00:36.750 --> 00:00:37.330]   tight
[00:00:37.330 --> 00:00:37.400]   in
[00:00:37.400 --> 00:00:37.490]   a
[00:00:37.490 --> 00:00:37.770]   way
[00:00:37.770 --> 00:00:38.050]   you
[00:00:38.050 --> 00:00:38.420]   have
[00:00:38.420 --> 00:00:38.600]   no
[00:00:38.600 --> 00:00:39.140]   word
[00:00:39.140 --> 00:00:39.250]   for
[00:00:39.250 --> 00:00:39.520]  .
[00:00:39.520 --> 00:00:39.890]   Your
[00:00:39.890 --> 00:00:40.450]   mother
[00:00:40.450 --> 00:00:40.930]   does
[00:00:40.930 --> 00:00:41.140]   not
[00:00:41.140 --> 00:00:41.450]   look
[00:00:41.450 --> 00:00:41.600]   up
[00:00:41.600 --> 00:00:41.830]  .
[00:00:41.830 --> 00:00:42.210]   She
[00:00:42.210 --> 00:00:42.550]   feeds
[00:00:42.550 --> 00:00:42.690]   the
[00:00:42.690 --> 00:00:42.990]   fire
[00:00:42.990 --> 00:00:43.540]   another
[00:00:43.540 --> 00:00:43.930]   stick
[00:00:43.930 --> 00:00:44.480]   without
[00:00:44.480 --> 00:00:45.260]   turning
[00:00:45.260 --> 00:00:45.290]   her
[00:00:45.290 --> 00:00:45.570]   head
[00:00:45.570 --> 00:00:45.800]  .
[00:00:45.800 --> 00:00:46.100]   That
[00:00:46.100 --> 00:00:46.440]   still
[00:00:46.440 --> 00:00:47.100]  ness
[00:00:47.100 --> 00:00:47.200]   tells
[00:00:47.200 --> 00:00:47.540]   you
[00:00:47.540 --> 00:00:47.780]   something
[00:00:47.780 --> 00:00:47.860]  .
[00:00:48.660 --> 00:00:48.660]   She
[00:00:48.660 --> 00:00:48.690]   has
[00:00:48.690 --> 00:00:48.740]   been
[00:00:48.740 --> 00:00:49.180]   listening
[00:00:49.180 --> 00:00:50.060]   the
[00:00:50.060 --> 00:00:50.120]   whole
[00:00:50.120 --> 00:00:50.450]   time
[00:00:50.450 --> 00:00:50.700]  .
[00:00:50.700 --> 00:00:50.950]   You
[00:00:50.950 --> 00:00:51.370]   watch
[00:00:51.370 --> 00:00:51.700]   her
[00:00:51.700 --> 00:00:51.960]   face
[00:00:51.960 --> 00:00:52.110]  ,
[00:00:52.110 --> 00:00:52.400]   and
[00:00:52.400 --> 00:00:52.810]   you
[00:00:52.810 --> 00:00:53.030]   learn
[00:00:53.030 --> 00:00:53.360]   your
[00:00:53.360 --> 00:00:53.780]   first
[00:00:53.780 --> 00:00:54.620]   lesson
[00:00:54.620 --> 00:00:54.840]   without
[00:00:54.840 --> 00:00:54.890]  
[00:00:54.890 --> 00:00:54.920]   a
[00:00:54.920 --> 00:00:55.110]   word
[00:00:55.110 --> 00:00:55.330]   being
[00:00:55.330 --> 00:00:55.470]   spoken
[00:00:55.470 --> 00:00:56.190]  .
[00:00:56.190 --> 00:00:56.260]   The
[00:00:56.260 --> 00:00:56.960]   darkness
[00:00:56.960 --> 00:00:57.380]   past
[00:00:57.380 --> 00:00:57.630]   the
[00:00:57.630 --> 00:00:58.010]   fire
[00:00:58.010 --> 00:00:58.410]  light
[00:00:58.410 --> 00:00:58.970]   is
[00:00:58.970 --> 00:00:59.000]   not
[00:00:59.000 --> 00:00:59.450]   empty
[00:00:59.450 --> 00:00:59.740]  .
[00:00:59.740 --> 00:00:59.930]   It
[00:00:59.930 --> 00:01:00.800]   has
[00:01:00.800 --> 00:01:00.800]   weight
[00:01:00.800 --> 00:01:01.090]  .
[00:01:01.090 --> 00:01:01.370]   The
[00:01:01.370 --> 00:01:01.840]   fire
[00:01:01.840 --> 00:01:02.020]   is
[00:01:02.020 --> 00:01:02.230]   the
[00:01:02.230 --> 00:01:02.400]   line
[00:01:02.400 --> 00:01:02.900]   between
[00:01:02.900 --> 00:01:03.120]   you
[00:01:03.120 --> 00:01:03.800]   and
[00:01:03.800 --> 00:01:03.950]   whatever
[00:01:03.950 --> 00:01:04.350]   lives
[00:01:04.350 --> 00:01:04.440]   on
[00:01:04.440 --> 00:01:04.660]   the
[00:01:04.660 --> 00:01:05.020]   other
[00:01:05.020 --> 00:01:05.310]   side
[00:01:05.310 --> 00:01:05.450]   of
[00:01:05.450 --> 00:01:05.700]   it
[00:01:05.700 --> 00:01:05.810]  .
[00:01:05.810 --> 00:01:06.010]   You
[00:01:06.010 --> 00:01:06.550]   fall
[00:01:06.550 --> 00:01:06.760]   asleep
[00:01:06.760 --> 00:01:07.270]   against
[00:01:07.270 --> 00:01:07.490]   her
[00:01:07.490 --> 00:01:07.710]   side
[00:01:07.710 --> 00:01:08.360]  ,
[00:01:08.360 --> 00:01:08.550]   one
[00:01:08.550 --> 00:01:09.400]   hand
[00:01:09.400 --> 00:01:09.400]   on
[00:01:09.400 --> 00:01:09.610]   the
[00:01:09.610 --> 00:01:09.890]   warm
[00:01:09.890 --> 00:01:10.800]   stones
[00:01:10.800 --> 00:01:10.860]   ringing
[00:01:10.860 --> 00:01:11.080]   the
[00:01:11.080 --> 00:01:11.370]   hear
[00:01:11.370 --> 00:01:11.510]  th
[00:01:11.510 --> 00:01:11.730]  .
[00:01:11.730 --> 00:01:11.950]   You
[00:01:11.950 --> 00:01:12.310]   dream
[00:01:12.310 --> 00:01:12.700]   about
[00:01:12.700 --> 00:01:12.890]   the
[00:01:12.890 --> 00:01:13.260]   sound
[00:01:13.260 --> 00:01:13.550]  .
[00:01:13.550 --> 00:01:13.980]   Morning
[00:01:13.980 --> 00:01:14.340]   comes
[00:01:14.340 --> 00:01:14.700]   bright
[00:01:14.700 --> 00:01:15.290]   and
[00:01:15.290 --> 00:01:15.360]   cold
[00:01:15.360 --> 00:01:15.520]  ,
[00:01:15.520 --> 00:01:15.930]   and
[00:01:15.930 --> 00:01:16.400]   you
[00:01:16.400 --> 00:01:16.420]   run
[00:01:16.420 --> 00:01:16.500]  
[00:01:16.500 --> 00:01:16.620]   out
[00:01:16.620 --> 00:01:16.890]   into
[00:01:16.890 --> 00:01:16.970]   the
[00:01:16.970 --> 00:01:17.430]   frost
[00:01:17.430 --> 00:01:17.840]   like
[00:01:17.840 --> 00:01:18.180]   nothing
[00:01:18.180 --> 00:01:18.730]   happened
[00:01:18.730 --> 00:01:18.970]  .
[00:01:18.970 --> 00:01:20.570]   You
[00:01:20.570 --> 00:01:23.050]   start
[00:01:23.050 --> 00:01:27.120]   watching
[00:01:27.120 --> 00:01:28.670]   the
[00:01:28.670 --> 00:01:28.910]   older
[00:01:28.910 --> 00:01:29.260]   hunters
[00:01:29.260 --> 00:01:29.620]   differently
[00:01:29.620 --> 00:01:29.710]  .
[00:01:29.710 --> 00:01:30.570]   You
[00:01:30.570 --> 00:01:30.880]   notice
[00:01:30.880 --> 00:01:31.190]   where
[00:01:31.190 --> 00:01:31.390]   their
[00:01:31.390 --> 00:01:31.540]   eyes
[00:01:31.540 --> 00:01:31.870]   go
[00:01:31.870 --> 00:01:32.280]   when
[00:01:32.280 --> 00:01:32.310]   the
[00:01:32.310 --> 00:01:32.510]   sun
[00:01:32.510 --> 00:01:32.830]   drops
[00:01:32.830 --> 00:01:33.000]  .
[00:01:33.000 --> 00:01:33.190]   You
[00:01:33.190 --> 00:01:33.570]   notice
[00:01:33.570 --> 00:01:33.760]   how
[00:01:33.760 --> 00:01:34.010]   they
[00:01:34.010 --> 00:01:34.450]   arrange
[00:01:34.450 --> 00:01:35.080]   themselves
[00:01:35.080 --> 00:01:35.460]   around
[00:01:35.460 --> 00:01:35.650]   the
[00:01:35.650 --> 00:01:35.980]   fire
[00:01:35.980 --> 00:01:36.840]   before
[00:01:36.840 --> 00:01:36.980]   full
[00:01:36.980 --> 00:01:37.350]   dark
[00:01:37.350 --> 00:01:37.490]  .
[00:01:37.490 --> 00:01:38.390]   Nobody
[00:01:38.390 --> 00:01:38.560]   told
[00:01:38.560 --> 00:01:38.930]   them
[00:01:38.930 --> 00:01:39.150]   to
[00:01:39.150 --> 00:01:39.290]   do
[00:01:39.290 --> 00:01:39.470]   it
[00:01:39.470 --> 00:01:39.750]  .
[00:01:39.750 --> 00:01:40.120]   They
[00:01:40.120 --> 00:01:40.490]   just
[00:01:40.490 --> 00:01:40.740]   do
[00:01:40.740 --> 00:01:41.130]  .
[00:01:41.130 --> 00:01:41.270]   The
[00:01:41.270 --> 00:01:41.600]   band
[00:01:41.600 --> 00:01:41.850]   has
[00:01:41.850 --> 00:01:41.930]   a
[00:01:41.930 --> 00:01:42.280]   shape
[00:01:42.280 --> 00:01:42.910]   at
[00:01:42.910 --> 00:01:42.940]   night
[00:01:42.940 --> 00:01:43.070]   it
[00:01:43.070 --> 00:01:43.400]   does
[00:01:43.400 --> 00:01:43.650]   not
[00:01:43.650 --> 00:01:43.980]   have
[00:01:43.980 --> 00:01:44.480]   during
[00:01:44.480 --> 00:01:44.780]   the
[00:01:44.780 --> 00:01:44.900]   day
[00:01:44.900 --> 00:01:45.020]  .
[00:01:45.980 --> 00:01:46.060]  
[00:01:46.060 --> 00:01:46.530]   Certain
[00:01:46.530 --> 00:01:46.610]   men
[00:01:46.610 --> 00:01:47.400]   always
[00:01:47.400 --> 00:01:47.610]   face
[00:01:47.610 --> 00:01:48.100]   outward
[00:01:48.100 --> 00:01:48.340]  .
[00:01:48.340 --> 00:01:48.840]   Certain
[00:01:48.840 --> 00:01:49.060]   men
[00:01:49.060 --> 00:01:49.430]   sleep
[00:01:49.430 --> 00:01:50.100]   closest
[00:01:50.100 --> 00:01:50.130]   to
[00:01:50.130 --> 00:01:50.320]   the
[00:01:50.320 --> 00:01:50.610]   fire
[00:01:50.610 --> 00:01:50.750]  's
[00:01:50.750 --> 00:01:51.040]   edge
[00:01:51.040 --> 00:01:51.940]  .
[00:01:51.940 --> 00:01:52.540]   The
[00:01:52.540 --> 00:01:52.980]   arrangement
[00:01:52.980 --> 00:01:53.240]   is
[00:01:53.240 --> 00:01:53.540]   not
[00:01:53.540 --> 00:01:54.240]   accidental
[00:01:54.240 --> 00:01:54.420]  .
[00:01:54.420 --> 00:01:54.590]   It
[00:01:54.590 --> 00:01:54.870]   is
[00:01:54.870 --> 00:01:54.960]   as
[00:01:54.960 --> 00:01:55.570]   deliberate
[00:01:55.570 --> 00:01:55.710]   as
[00:01:55.710 --> 00:01:55.910]   any
[00:01:55.910 --> 00:01:56.200]   trap
[00:01:56.200 --> 00:01:56.580]   your
[00:01:56.580 --> 00:01:56.900]   father
[00:01:56.900 --> 00:01:57.160]   sets
[00:01:57.160 --> 00:01:57.270]   in
[00:01:57.270 --> 00:01:57.690]   the
[00:01:57.690 --> 00:01:57.880]   river
[00:01:57.880 --> 00:01:58.230]   shall
[00:01:58.230 --> 00:01:58.440]  ows
[00:01:58.440 --> 00:01:58.730]  .
[00:01:58.730 --> 00:01:59.780]   You
[00:01:59.780 --> 00:01:59.920]   are
[00:01:59.920 --> 00:02:00.130]   not
[00:02:00.130 --> 00:02:00.540]   old
[00:02:00.540 --> 00:02:00.620]   enough
[00:02:00.620 --> 00:02:00.820]   to
[00:02:00.820 --> 00:02:01.070]   hold
[00:02:01.070 --> 00:02:01.130]   a
[00:02:01.130 --> 00:02:01.340]   position
[00:02:01.340 --> 00:02:01.750]   in
[00:02:01.750 --> 00:02:02.220]   that
[00:02:02.220 --> 00:02:02.350]   shape
[00:02:02.350 --> 00:02:02.500]  .
[00:02:02.500 --> 00:02:02.690]   But
[00:02:02.690 --> 00:02:02.880]   you
[00:02:02.880 --> 00:02:03.070]   are
[00:02:03.070 --> 00:02:03.260]   old
[00:02:03.260 --> 00:02:03.640]   enough
[00:02:03.640 --> 00:02:03.860]   to
[00:02:03.860 --> 00:02:04.120]   start
[00:02:04.120 --> 00:02:04.550]   learning
[00:02:04.550 --> 00:02:04.940]   what
[00:02:04.940 --> 00:02:04.970]   it
[00:02:04.970 --> 00:02:05.250]   means
[00:02:05.250 --> 00:02:05.540]  .
[00:02:05.540 --> 00:02:06.120]   Level
[00:02:06.120 --> 00:02:06.340]   two
[00:02:06.340 --> 00:02:06.780]  .
[00:02:06.780 --> 00:02:07.900]   The
[00:02:07.900 --> 00:02:08.210]   boy
[00:02:08.210 --> 00:02:08.380]   who
[00:02:08.380 --> 00:02:08.720]   carries
[00:02:08.720 --> 00:02:08.800]  
[00:02:08.800 --> 00:02:09.010]   fire
[00:02:09.010 --> 00:02:09.150]  ,
[00:02:09.150 --> 00:02:09.240]   you
[00:02:09.240 --> 00:02:09.790]   are
[00:02:09.790 --> 00:02:10.140]   11
[00:02:10.140 --> 00:02:10.280]  .
[00:02:10.280 --> 00:02:10.480]   On
[00:02:10.480 --> 00:02:11.080]   nights
[00:02:11.080 --> 00:02:11.480]   when
[00:02:11.480 --> 00:02:11.780]   the
[00:02:11.780 --> 00:02:12.180]   band
[00:02:12.180 --> 00:02:12.870]   moves
[00:02:12.870 --> 00:02:13.390]   between
[00:02:13.390 --> 00:02:13.890]   camps
[00:02:13.890 --> 00:02:14.030]  ,
[00:02:14.030 --> 00:02:14.680]   your
[00:02:14.680 --> 00:02:14.790]   job
[00:02:14.790 --> 00:02:15.020]   is
[00:02:15.020 --> 00:02:15.250]   to
[00:02:15.250 --> 00:02:15.720]   carry
[00:02:15.720 --> 00:02:15.990]   one
[00:02:15.990 --> 00:02:16.280]   of
[00:02:16.280 --> 00:02:16.280]   the
[00:02:16.280 --> 00:02:16.280]   tor
[00:02:16.280 --> 00:02:16.280]  ches
[00:02:16.280 --> 00:02:16.280]  ,
[00:02:16.280 --> 00:02:16.500]   bir
[00:02:16.500 --> 00:02:16.640]  ch
[00:02:16.640 --> 00:02:16.790]   bark
[00:02:16.790 --> 00:02:16.950]   and
[00:02:16.950 --> 00:02:17.370]   fat
[00:02:17.370 --> 00:02:17.460]  -
[00:02:17.460 --> 00:02:17.700]  so
[00:02:17.700 --> 00:02:17.910]  aked
[00:02:17.910 --> 00:02:18.230]   moss
[00:02:18.230 --> 00:02:18.300]  ,
[00:02:18.300 --> 00:02:18.670]   bound
[00:02:18.670 --> 00:02:18.960]   with
[00:02:18.960 --> 00:02:19.320]   sine
[00:02:19.320 --> 00:02:19.320]  w
[00:02:19.320 --> 00:02:19.580]  ,
[00:02:19.580 --> 00:02:19.750]   held
[00:02:19.750 --> 00:02:19.890]   in
[00:02:19.890 --> 00:02:20.430]   both
[00:02:20.430 --> 00:02:20.560]   hands
[00:02:20.560 --> 00:02:20.850]   out
[00:02:20.850 --> 00:02:20.930]   in
[00:02:20.930 --> 00:02:21.300]   front
[00:02:21.300 --> 00:02:21.450]   of
[00:02:21.450 --> 00:02:21.800]   your
[00:02:21.800 --> 00:02:22.240]   body
[00:02:22.240 --> 00:02:22.420]  .
[00:02:22.420 --> 00:02:23.360]   The
[00:02:23.360 --> 00:02:23.720]   flame
[00:02:23.720 --> 00:02:24.010]   bends
[00:02:24.010 --> 00:02:24.120]   in
[00:02:24.120 --> 00:02:24.280]   the
[00:02:24.280 --> 00:02:24.360]   wind
[00:02:24.360 --> 00:02:24.690]   and
[00:02:24.690 --> 00:02:25.120]   you
[00:02:25.120 --> 00:02:25.150]   curve
[00:02:25.150 --> 00:02:25.670]   yourself
[00:02:25.670 --> 00:02:25.970]   around
[00:02:25.970 --> 00:02:26.080]   it
[00:02:26.080 --> 00:02:26.190]  ,
[00:02:26.190 --> 00:02:26.480]   using
[00:02:26.480 --> 00:02:26.760]   your
[00:02:26.760 --> 00:02:27.020]   chest
[00:02:27.020 --> 00:02:27.490]   against
[00:02:27.490 --> 00:02:27.810]   the
[00:02:27.810 --> 00:02:27.870]   cold
[00:02:27.870 --> 00:02:27.980]   air
[00:02:27.980 --> 00:02:28.290]  .
[00:02:28.290 --> 00:02:28.860]   The
[00:02:28.860 --> 00:02:30.250]   hunters
[00:02:30.250 --> 00:02:30.520]   move
[00:02:30.520 --> 00:02:30.860]   ahead
[00:02:30.860 --> 00:02:31.050]  .
[00:02:31.050 --> 00:02:31.250]   You
[00:02:31.250 --> 00:02:31.530]   stay
[00:02:31.530 --> 00:02:31.860]   in
[00:02:31.860 --> 00:02:31.940]   the
[00:02:31.940 --> 00:02:32.260]   center
[00:02:32.260 --> 00:02:32.690]   column
[00:02:32.690 --> 00:02:32.930]   with
[00:02:32.930 --> 00:02:33.130]   the
[00:02:33.130 --> 00:02:33.560]   women
[00:02:33.560 --> 00:02:33.670]   and
[00:02:33.670 --> 00:02:34.010]   older
[00:02:34.010 --> 00:02:34.670]   children
[00:02:34.670 --> 00:02:34.750]  .
[00:02:34.750 --> 00:02:35.150]   Behind
[00:02:35.150 --> 00:02:35.350]   you
[00:02:35.350 --> 00:02:35.560]  ,
[00:02:35.560 --> 00:02:35.830]   two
[00:02:35.830 --> 00:02:36.040]   of
[00:02:36.040 --> 00:02:36.480]   the
[00:02:36.480 --> 00:02:36.700]   most
[00:02:36.700 --> 00:02:36.780]  
[00:02:36.780 --> 00:02:37.220]   experienced
[00:02:37.220 --> 00:02:38.070]   men
[00:02:38.070 --> 00:02:38.120]   walk
[00:02:38.120 --> 00:02:38.330]   the
[00:02:38.330 --> 00:02:38.650]   rear
[00:02:38.650 --> 00:02:38.900]   with
[00:02:38.900 --> 00:02:39.130]   thr
[00:02:39.130 --> 00:02:39.590]  usting
[00:02:39.590 --> 00:02:39.820]   spe
[00:02:39.820 --> 00:02:40.050]  ars
[00:02:40.050 --> 00:02:40.850]   angled
[00:02:40.850 --> 00:02:41.040]   outward
[00:02:41.040 --> 00:02:41.340]   into
[00:02:41.340 --> 00:02:41.570]   the
[00:02:41.570 --> 00:02:41.870]   dark
[00:02:41.870 --> 00:02:42.390]  .
[00:02:42.390 --> 00:02:42.400]   They
[00:02:42.400 --> 00:02:42.660]   do
[00:02:42.660 --> 00:02:42.780]   not
[00:02:42.780 --> 00:02:43.260]   speak
[00:02:43.260 --> 00:02:43.440]   on
[00:02:43.440 --> 00:02:43.830]   night
[00:02:43.830 --> 00:02:43.960]   march
[00:02:43.960 --> 00:02:44.370]  es
[00:02:44.370 --> 00:02:44.850]  .
[00:02:44.850 --> 00:02:44.990]   Their
[00:02:44.990 --> 00:02:45.530]   silence
[00:02:45.530 --> 00:02:45.680]   is
[00:02:45.680 --> 00:02:45.750]   a
[00:02:45.750 --> 00:02:46.060]   tool
[00:02:46.060 --> 00:02:46.210]  ,
[00:02:46.210 --> 00:02:46.520]   same
[00:02:46.520 --> 00:02:46.740]   as
[00:02:46.740 --> 00:02:46.900]   the
[00:02:46.900 --> 00:02:47.310]   spear
[00:02:47.310 --> 00:02:47.590]  .
[00:02:47.590 --> 00:02:47.750]   You
[00:02:47.750 --> 00:02:48.060]   drop
[00:02:48.060 --> 00:02:48.290]   the
[00:02:48.290 --> 00:02:48.680]   torch
[00:02:48.680 --> 00:02:48.820]   on
[00:02:48.820 --> 00:02:49.400]   the
[00:02:49.400 --> 00:02:49.450]   third
[00:02:49.450 --> 00:02:49.970]   night
[00:02:49.970 --> 00:02:50.060]   of
[00:02:50.060 --> 00:02:50.320]   your
[00:02:50.320 --> 00:02:50.560]   second
[00:02:50.560 --> 00:02:51.470]   season
[00:02:51.470 --> 00:02:51.690]   carrying
[00:02:51.690 --> 00:02:51.780]   it
[00:02:51.780 --> 00:02:52.010]  .
[00:02:52.010 --> 00:02:52.180]   You
[00:02:52.180 --> 00:02:52.510]   catch
[00:02:52.510 --> 00:02:52.600]   a
[00:02:52.600 --> 00:02:52.900]   route
[00:02:52.900 --> 00:02:53.100]   you
[00:02:53.100 --> 00:02:53.360]   did
[00:02:53.360 --> 00:02:53.500]   not
[00:02:53.500 --> 00:02:53.670]   see
[00:02:53.670 --> 00:02:53.790]  ,
[00:02:53.790 --> 00:02:54.210]   and
[00:02:54.210 --> 00:02:54.230]   the
[00:02:54.230 --> 00:02:54.630]   flame
[00:02:54.630 --> 00:02:54.820]   hits
[00:02:54.820 --> 00:02:55.020]   the
[00:02:55.020 --> 00:02:55.360]   ground
[00:02:55.360 --> 00:02:55.680]   and
[00:02:55.680 --> 00:02:55.810]   sp
[00:02:55.810 --> 00:02:55.940]  ut
[00:02:55.940 --> 00:02:56.200]  ters
[00:02:56.200 --> 00:02:56.280]  ,
[00:02:56.280 --> 00:02:56.350]   and
[00:02:56.350 --> 00:02:57.080]   for
[00:02:57.080 --> 00:02:57.100]   three
[00:02:57.100 --> 00:02:57.350]   full
[00:02:57.350 --> 00:02:57.690]   heart
[00:02:57.690 --> 00:02:57.850]  be
[00:02:57.850 --> 00:02:58.040]  ats
[00:02:58.040 --> 00:02:58.220]   the
[00:02:58.220 --> 00:02:58.720]   column
[00:02:58.720 --> 00:02:58.980]   loses
[00:02:58.980 --> 00:02:59.230]   half
[00:02:59.230 --> 00:02:59.770]   its
[00:02:59.770 --> 00:02:59.830]   light
[00:02:59.830 --> 00:02:59.970]  .
[00:02:59.970 --> 00:03:00.370]   Nobody
[00:03:00.370 --> 00:03:00.500]   sh
[00:03:00.500 --> 00:03:00.770]  outs
[00:03:00.770 --> 00:03:01.640]  .
[00:03:01.640 --> 00:03:02.380]   But
[00:03:02.380 --> 00:03:02.680]   Der
[00:03:02.680 --> 00:03:02.700]  ret
[00:03:02.700 --> 00:03:02.820]  ,
[00:03:02.820 --> 00:03:02.900]  
[00:03:02.900 --> 00:03:03.010]   the
[00:03:03.010 --> 00:03:03.270]   rear
[00:03:03.270 --> 00:03:03.590]   guard
[00:03:03.590 --> 00:03:03.720]  ,
[00:03:03.720 --> 00:03:04.170]   moves
[00:03:04.170 --> 00:03:04.240]   up
[00:03:04.240 --> 00:03:04.560]   beside
[00:03:04.560 --> 00:03:04.770]   you
[00:03:04.770 --> 00:03:04.940]   and
[00:03:04.940 --> 00:03:05.190]   puts
[00:03:05.190 --> 00:03:05.390]   his
[00:03:05.390 --> 00:03:05.650]   hand
[00:03:05.650 --> 00:03:05.910]   flat
[00:03:05.910 --> 00:03:06.120]   on
[00:03:06.120 --> 00:03:06.300]   your
[00:03:06.300 --> 00:03:06.970]   shoulder
[00:03:06.970 --> 00:03:07.060]  .
[00:03:07.060 --> 00:03:07.670]   Not
[00:03:07.670 --> 00:03:08.780]   hard
[00:03:08.780 --> 00:03:08.940]  ,
[00:03:08.940 --> 00:03:09.250]   not
[00:03:09.250 --> 00:03:09.880]   gentle
[00:03:09.880 --> 00:03:10.100]  ,
[00:03:10.560 --> 00:03:10.640]   just
[00:03:10.640 --> 00:03:10.810]   there
[00:03:10.810 --> 00:03:11.040]  .
[00:03:11.040 --> 00:03:11.110]   He
[00:03:11.110 --> 00:03:11.580]   holds
[00:03:11.580 --> 00:03:11.970]   it
[00:03:11.970 --> 00:03:12.140]   until
[00:03:12.140 --> 00:03:12.380]   you
[00:03:12.380 --> 00:03:12.730]   have
[00:03:12.730 --> 00:03:12.930]   the
[00:03:12.930 --> 00:03:13.330]   torch
[00:03:13.330 --> 00:03:13.880]   burning
[00:03:13.880 --> 00:03:14.300]   again
[00:03:14.300 --> 00:03:14.710]   from
[00:03:14.710 --> 00:03:14.830]   the
[00:03:14.830 --> 00:03:15.300]   second
[00:03:15.300 --> 00:03:15.850]   carrier
[00:03:15.850 --> 00:03:16.160]  's
[00:03:16.160 --> 00:03:16.160]   co
[00:03:16.160 --> 00:03:16.520]  als
[00:03:16.520 --> 00:03:16.740]  .
[00:03:17.160 --> 00:03:17.240]   Then
[00:03:17.240 --> 00:03:17.250]   he
[00:03:17.250 --> 00:03:17.660]   walks
[00:03:17.660 --> 00:03:17.790]   back
[00:03:17.790 --> 00:03:18.190]   to
[00:03:18.190 --> 00:03:18.580]   his
[00:03:18.580 --> 00:03:18.790]   post
[00:03:18.790 --> 00:03:19.390]   without
[00:03:19.390 --> 00:03:19.470]   a
[00:03:19.470 --> 00:03:19.810]   word
[00:03:19.810 --> 00:03:20.070]  .
[00:03:20.070 --> 00:03:20.330]   The
[00:03:20.330 --> 00:03:20.930]   lesson
[00:03:20.930 --> 00:03:21.310]   in
[00:03:21.310 --> 00:03:21.360]   that
[00:03:21.360 --> 00:03:21.790]   touch
[00:03:21.790 --> 00:03:22.030]  ,
[00:03:22.030 --> 00:03:22.360]   your
[00:03:22.360 --> 00:03:23.120]   mistake
[00:03:23.120 --> 00:03:23.300]   put
[00:03:23.300 --> 00:03:23.690]   people
[00:03:23.690 --> 00:03:23.780]   in
[00:03:23.780 --> 00:03:24.210]   danger
[00:03:24.210 --> 00:03:24.300]  .
[00:03:24.300 --> 00:03:24.440]   You
[00:03:24.440 --> 00:03:24.830]   are
[00:03:24.830 --> 00:03:25.200]   not
[00:03:25.200 --> 00:03:25.620]   punished
[00:03:25.620 --> 00:03:25.830]   for
[00:03:25.830 --> 00:03:25.970]   it
[00:03:25.970 --> 00:03:26.180]  .
[00:03:26.180 --> 00:03:26.390]   You
[00:03:26.390 --> 00:03:26.600]   are
[00:03:26.600 --> 00:03:27.170]   expected
[00:03:27.170 --> 00:03:27.310]   to
[00:03:27.310 --> 00:03:28.030]   understand
[00:03:28.030 --> 00:03:28.350]   that
[00:03:28.350 --> 00:03:28.450]   on
[00:03:28.450 --> 00:03:28.730]   your
[00:03:28.730 --> 00:03:28.940]   own
[00:03:28.940 --> 00:03:29.300]  .
[00:03:29.300 --> 00:03:29.740]   You
[00:03:29.740 --> 00:03:29.840]   do
[00:03:29.840 --> 00:03:30.190]   not
[00:03:30.190 --> 00:03:30.780]   drop
[00:03:30.780 --> 00:03:30.800]   a
[00:03:30.800 --> 00:03:30.880]  
[00:03:30.880 --> 00:03:31.140]   torch
[00:03:31.140 --> 00:03:31.490]   again
[00:03:31.490 --> 00:03:31.520]  .
[00:03:31.520 --> 00:03:32.200]   Those
[00:03:32.200 --> 00:03:32.330]   long
[00:03:32.330 --> 00:03:32.750]   column
[00:03:32.750 --> 00:03:33.040]   walks
[00:03:33.040 --> 00:03:33.380]   teach
[00:03:33.380 --> 00:03:33.580]   you
[00:03:33.580 --> 00:03:33.840]   how
[00:03:33.840 --> 00:03:33.910]   to
[00:03:33.910 --> 00:03:34.180]   read
[00:03:34.180 --> 00:03:34.370]   the
[00:03:34.370 --> 00:03:34.610]   night
[00:03:34.610 --> 00:03:34.950]   by
[00:03:34.950 --> 00:03:35.050]   its
[00:03:35.050 --> 00:03:35.460]   sounds
[00:03:35.460 --> 00:03:35.810]  .
[00:03:35.810 --> 00:03:36.020]   An
[00:03:36.020 --> 00:03:36.330]   owl
[00:03:36.330 --> 00:03:36.760]   is
[00:03:36.760 --> 00:03:37.300]   neutral
[00:03:37.300 --> 00:03:37.660]  .
[00:03:38.240 --> 00:03:38.320]   Every
[00:03:38.320 --> 00:03:38.420]   animal
[00:03:38.420 --> 00:03:38.730]   going
[00:03:38.730 --> 00:03:39.170]   silent
[00:03:39.170 --> 00:03:39.600]   at
[00:03:39.600 --> 00:03:39.650]   once
[00:03:39.650 --> 00:03:39.770]   is
[00:03:39.770 --> 00:03:39.950]   not
[00:03:39.950 --> 00:03:40.190]  .
[00:03:40.190 --> 00:03:40.430]   Wind
[00:03:40.430 --> 00:03:40.910]   through
[00:03:40.910 --> 00:03:41.280]   pine
[00:03:41.280 --> 00:03:41.540]   moves
[00:03:41.540 --> 00:03:41.970]   without
[00:03:41.970 --> 00:03:42.390]   any
[00:03:42.390 --> 00:03:42.810]   pattern
[00:03:42.810 --> 00:03:42.980]  .
[00:03:42.980 --> 00:03:44.000]   Something
[00:03:44.000 --> 00:03:44.330]   large
[00:03:44.330 --> 00:03:44.720]   moving
[00:03:44.720 --> 00:03:45.400]   through
[00:03:45.400 --> 00:03:45.450]   pine
[00:03:45.450 --> 00:03:45.650]   has
[00:03:45.650 --> 00:03:45.710]   a
[00:03:45.710 --> 00:03:46.110]   rhythm
[00:03:46.110 --> 00:03:46.370]   even
[00:03:46.370 --> 00:03:46.630]   when
[00:03:46.630 --> 00:03:46.760]   it
[00:03:46.760 --> 00:03:46.890]   is
[00:03:46.890 --> 00:03:47.300]   trying
[00:03:47.300 --> 00:03:47.420]   to
[00:03:47.420 --> 00:03:48.150]   suppress
[00:03:48.150 --> 00:03:48.150]   one
[00:03:48.150 --> 00:03:48.350]  .
[00:03:48.350 --> 00:03:48.570]   You
[00:03:48.570 --> 00:03:48.880]   learn
[00:03:48.880 --> 00:03:48.980]   to
[00:03:48.980 --> 00:03:49.310]   feel
[00:03:49.310 --> 00:03:49.540]   the
[00:03:49.540 --> 00:03:49.990]   column
[00:03:49.990 --> 00:03:50.890]   change
[00:03:50.890 --> 00:03:50.960]   before
[00:03:50.960 --> 00:03:51.110]   you
[00:03:51.110 --> 00:03:51.330]   see
[00:03:51.330 --> 00:03:51.490]   it
[00:03:51.490 --> 00:03:51.930]   change
[00:03:51.930 --> 00:03:52.150]  .
[00:03:52.150 --> 00:03:52.450]   When
[00:03:52.450 --> 00:03:52.670]   the
[00:03:52.670 --> 00:03:52.970]   lead
[00:03:52.970 --> 00:03:53.690]   hunter
[00:03:53.690 --> 00:03:53.790]   slows
[00:03:53.790 --> 00:03:53.940]  ,
[00:03:53.940 --> 00:03:54.310]   every
[00:03:54.310 --> 00:03:54.750]   person
[00:03:54.750 --> 00:03:55.130]   slows
[00:03:55.130 --> 00:03:55.500]  .
[00:03:55.500 --> 00:03:55.500]   No
[00:03:55.500 --> 00:03:55.950]   signal
[00:03:55.950 --> 00:03:56.200]  ,
[00:03:56.200 --> 00:03:56.280]  
[00:03:56.280 --> 00:03:56.350]   no
[00:03:56.350 --> 00:03:56.730]   sound
[00:03:56.730 --> 00:03:56.930]  .
[00:03:56.930 --> 00:03:57.590]   The
[00:03:57.590 --> 00:03:57.620]   shift
[00:03:57.620 --> 00:03:57.980]   moves
[00:03:57.980 --> 00:03:58.290]   back
[00:03:58.290 --> 00:03:58.840]   through
[00:03:58.840 --> 00:03:59.070]   the
[00:03:59.070 --> 00:03:59.500]   group
[00:03:59.500 --> 00:03:59.690]   the
[00:03:59.690 --> 00:03:59.940]   way
[00:03:59.940 --> 00:04:00.350]   cold
[00:04:00.350 --> 00:04:00.620]   moves
[00:04:00.620 --> 00:04:01.170]   through
[00:04:01.170 --> 00:04:01.500]   water
[00:04:01.500 --> 00:04:02.160]  .
[00:04:02.160 --> 00:04:02.410]   You
[00:04:02.410 --> 00:04:03.300]   sleep
[00:04:03.300 --> 00:04:03.630]   lightly
[00:04:03.630 --> 00:04:03.970]   now
[00:04:03.970 --> 00:04:03.980]  ,
[00:04:03.980 --> 00:04:04.300]   even
[00:04:04.300 --> 00:04:04.460]   at
[00:04:04.460 --> 00:04:04.590]   camp
[00:04:04.590 --> 00:04:05.020]  .
[00:04:05.020 --> 00:04:05.390]   You
[00:04:05.390 --> 00:04:05.530]   did
[00:04:05.530 --> 00:04:05.740]   not
[00:04:05.740 --> 00:04:06.230]   decide
[00:04:06.230 --> 00:04:06.390]   to
[00:04:06.390 --> 00:04:06.630]  .
[00:04:06.630 --> 00:04:07.020]   Your
[00:04:07.020 --> 00:04:07.280]   body
[00:04:07.280 --> 00:04:07.590]   made
[00:04:07.590 --> 00:04:08.130]   that
[00:04:08.130 --> 00:04:08.400]   choice
[00:04:08.400 --> 00:04:08.960]   without
[00:04:08.960 --> 00:04:09.500]   asking
[00:04:09.500 --> 00:04:09.800]  .
[00:04:11.560 --> 00:04:11.640]   Level
[00:04:11.640 --> 00:04:12.000]   three
[00:04:12.000 --> 00:04:12.110]  ,
[00:04:12.110 --> 00:04:12.960]   the
[00:04:12.960 --> 00:04:13.110]   scout
[00:04:13.110 --> 00:04:13.320]  .
[00:04:13.320 --> 00:04:13.560]   You
[00:04:13.560 --> 00:04:13.800]   are
[00:04:13.800 --> 00:04:14.360]   sixteen
[00:04:14.360 --> 00:04:14.600]   and
[00:04:14.600 --> 00:04:14.860]   you
[00:04:14.860 --> 00:04:15.320]   carry
[00:04:15.320 --> 00:04:15.710]   your
[00:04:15.710 --> 00:04:15.800]   own
[00:04:15.800 --> 00:04:16.200]   spear
[00:04:16.200 --> 00:04:16.430]  .
[00:04:16.430 --> 00:04:16.680]   Not
[00:04:16.680 --> 00:04:16.870]   the
[00:04:16.870 --> 00:04:17.520]   heavy
[00:04:17.520 --> 00:04:17.560]   thr
[00:04:17.560 --> 00:04:18.120]  usting
[00:04:18.120 --> 00:04:18.520]   spear
[00:04:18.520 --> 00:04:18.560]   of
[00:04:18.560 --> 00:04:18.640]   the
[00:04:18.640 --> 00:04:18.720]  
[00:04:18.720 --> 00:04:18.970]   senior
[00:04:18.970 --> 00:04:19.340]   hunters
[00:04:19.340 --> 00:04:19.500]  .
[00:04:19.500 --> 00:04:20.060]   A
[00:04:20.060 --> 00:04:20.330]   throwing
[00:04:20.330 --> 00:04:20.810]   spear
[00:04:20.810 --> 00:04:20.960]  ,
[00:04:20.960 --> 00:04:21.230]   its
[00:04:21.230 --> 00:04:21.410]   fl
[00:04:21.410 --> 00:04:21.680]  int
[00:04:21.680 --> 00:04:22.130]   point
[00:04:22.130 --> 00:04:22.410]   na
[00:04:22.410 --> 00:04:22.790]  pped
[00:04:22.790 --> 00:04:22.850]   by
[00:04:22.850 --> 00:04:23.210]   hand
[00:04:23.210 --> 00:04:23.480]   and
[00:04:23.480 --> 00:04:23.930]   bound
[00:04:23.930 --> 00:04:24.160]   to
[00:04:24.160 --> 00:04:24.600]   the
[00:04:24.600 --> 00:04:24.880]   shaft
[00:04:24.880 --> 00:04:25.040]   with
[00:04:25.040 --> 00:04:25.450]   pine
[00:04:25.450 --> 00:04:25.500]   pitch
[00:04:25.500 --> 00:04:25.580]  
[00:04:25.580 --> 00:04:25.860]   pitch
[00:04:25.860 --> 00:04:26.080]   and
[00:04:26.080 --> 00:04:26.140]   wet
[00:04:26.140 --> 00:04:26.590]   sine
[00:04:26.590 --> 00:04:26.900]  w
[00:04:26.900 --> 00:04:26.950]   that
[00:04:26.950 --> 00:04:27.310]   dried
[00:04:27.310 --> 00:04:27.600]   hard
[00:04:27.600 --> 00:04:27.740]   as
[00:04:27.740 --> 00:04:28.040]   rock
[00:04:28.040 --> 00:04:28.240]  .
[00:04:28.240 --> 00:04:28.540]   They
[00:04:28.540 --> 00:04:28.900]   start
[00:04:28.900 --> 00:04:29.630]   sending
[00:04:29.630 --> 00:04:29.660]   you
[00:04:29.660 --> 00:04:29.770]   on
[00:04:29.770 --> 00:04:30.350]   forward
[00:04:30.350 --> 00:04:31.190]   runs
[00:04:31.190 --> 00:04:31.460]  .
[00:04:31.460 --> 00:04:31.660]   Never
[00:04:31.660 --> 00:04:31.860]   far
[00:04:31.860 --> 00:04:32.060]  .
[00:04:32.860 --> 00:04:32.940]   Never
[00:04:32.940 --> 00:04:33.060]   alone
[00:04:33.060 --> 00:04:33.350]  .
[00:04:33.350 --> 00:04:33.490]   You
[00:04:33.490 --> 00:04:34.280]   go
[00:04:34.280 --> 00:04:34.550]   with
[00:04:34.550 --> 00:04:34.950]   Kor
[00:04:34.950 --> 00:04:35.220]  ik
[00:04:35.220 --> 00:04:35.500]  ,
[00:04:35.500 --> 00:04:36.160]   22
[00:04:36.160 --> 00:04:36.360]  ,
[00:04:36.360 --> 00:04:36.690]   who
[00:04:36.690 --> 00:04:36.690]   has
[00:04:36.690 --> 00:04:37.010]   been
[00:04:37.010 --> 00:04:37.040]   sc
[00:04:37.040 --> 00:04:37.430]  outing
[00:04:37.430 --> 00:04:37.560]   for
[00:04:37.560 --> 00:04:37.790]   four
[00:04:37.790 --> 00:04:38.070]   years
[00:04:38.070 --> 00:04:38.550]  .
[00:04:38.550 --> 00:04:38.820]   The
[00:04:38.820 --> 00:04:38.900]   two
[00:04:38.900 --> 00:04:39.100]   of
[00:04:39.100 --> 00:04:39.420]   you
[00:04:39.420 --> 00:04:39.860]   move
[00:04:39.860 --> 00:04:40.040]   ahead
[00:04:40.040 --> 00:04:40.170]   of
[00:04:40.170 --> 00:04:40.360]   the
[00:04:40.360 --> 00:04:40.620]   main
[00:04:40.620 --> 00:04:40.920]   group
[00:04:40.920 --> 00:04:41.410]   by
[00:04:41.410 --> 00:04:41.460]   about
[00:04:41.460 --> 00:04:41.600]   the
[00:04:41.600 --> 00:04:42.120]   distance
[00:04:42.120 --> 00:04:42.210]   a
[00:04:42.210 --> 00:04:42.370]   man
[00:04:42.370 --> 00:04:42.580]   can
[00:04:42.580 --> 00:04:42.890]   shout
[00:04:42.890 --> 00:04:43.080]   and
[00:04:43.080 --> 00:04:43.210]   be
[00:04:43.210 --> 00:04:43.540]   heard
[00:04:43.540 --> 00:04:43.800]  .
[00:04:43.800 --> 00:04:44.180]   Your
[00:04:44.180 --> 00:04:44.200]   job
[00:04:44.200 --> 00:04:44.310]   is
[00:04:44.310 --> 00:04:44.440]   to
[00:04:44.440 --> 00:04:44.700]   read
[00:04:44.700 --> 00:04:44.880]   the
[00:04:44.880 --> 00:04:45.400]   ground
[00:04:45.400 --> 00:04:45.790]   before
[00:04:45.790 --> 00:04:45.950]   everyone
[00:04:45.950 --> 00:04:46.800]   else
[00:04:46.800 --> 00:04:46.930]   walks
[00:04:46.930 --> 00:04:47.150]   onto
[00:04:47.150 --> 00:04:47.350]   it
[00:04:47.350 --> 00:04:47.470]  .
[00:04:47.470 --> 00:04:47.660]   You
[00:04:47.660 --> 00:04:47.980]   learn
[00:04:47.980 --> 00:04:48.110]   to
[00:04:48.110 --> 00:04:48.440]   smell
[00:04:48.440 --> 00:04:48.820]   before
[00:04:48.820 --> 00:04:49.000]   you
[00:04:49.000 --> 00:04:49.250]   look
[00:04:49.250 --> 00:04:49.520]  .
[00:04:49.520 --> 00:04:49.560]   A
[00:04:49.560 --> 00:04:50.040]   predator
[00:04:50.040 --> 00:04:50.170]  's
[00:04:50.170 --> 00:04:51.090]   presence
[00:04:51.090 --> 00:04:51.360]   reaches
[00:04:51.360 --> 00:04:51.360]   your
[00:04:51.360 --> 00:04:51.440]  
[00:04:51.440 --> 00:04:51.700]   nose
[00:04:51.700 --> 00:04:51.880]   before
[00:04:51.880 --> 00:04:52.760]   your
[00:04:52.760 --> 00:04:52.910]   mind
[00:04:52.910 --> 00:04:53.310]   names
[00:04:53.310 --> 00:04:53.480]   it
[00:04:53.480 --> 00:04:53.730]  .
[00:04:53.730 --> 00:04:54.490]   Something
[00:04:54.490 --> 00:04:54.910]   thick
[00:04:54.910 --> 00:04:55.100]  ,
[00:04:55.100 --> 00:04:55.480]   mus
[00:04:55.480 --> 00:04:55.510]  ky
[00:04:55.510 --> 00:04:55.700]  ,
[00:04:55.700 --> 00:04:56.090]   wrong
[00:04:56.090 --> 00:04:56.240]   in
[00:04:56.240 --> 00:04:56.310]   a
[00:04:56.310 --> 00:04:56.530]   way
[00:04:56.530 --> 00:04:56.880]   that
[00:04:56.880 --> 00:04:57.310]   is
[00:04:57.310 --> 00:04:57.320]   hard
[00:04:57.320 --> 00:04:57.460]   to
[00:04:57.460 --> 00:04:58.080]   describe
[00:04:58.080 --> 00:04:58.380]  .
[00:04:59.020 --> 00:04:59.040]   You
[00:04:59.040 --> 00:04:59.100]   catch
[00:04:59.100 --> 00:04:59.200]   it
[00:04:59.200 --> 00:04:59.360]   on
[00:04:59.360 --> 00:04:59.540]   your
[00:04:59.540 --> 00:05:00.350]   third
[00:05:00.350 --> 00:05:00.440]   run
[00:05:00.440 --> 00:05:00.600]   and
[00:05:00.600 --> 00:05:00.970]   stop
[00:05:00.970 --> 00:05:01.510]   walking
[00:05:01.510 --> 00:05:01.800]  .
[00:05:01.800 --> 00:05:02.060]   Kor
[00:05:02.060 --> 00:05:02.320]  ik
[00:05:02.320 --> 00:05:02.590]   stops
[00:05:02.590 --> 00:05:02.760]   half
[00:05:02.760 --> 00:05:03.170]   a
[00:05:03.170 --> 00:05:03.400]   step
[00:05:03.400 --> 00:05:03.820]   after
[00:05:03.820 --> 00:05:04.070]   you
[00:05:04.070 --> 00:05:04.330]  .
[00:05:04.330 --> 00:05:04.980]   He
[00:05:04.980 --> 00:05:05.230]   has
[00:05:05.230 --> 00:05:05.580]   it
[00:05:05.580 --> 00:05:05.690]   too
[00:05:05.690 --> 00:05:05.800]  .
[00:05:06.660 --> 00:05:06.660]   The
[00:05:06.660 --> 00:05:06.660]   two
[00:05:06.660 --> 00:05:06.660]   of
[00:05:06.660 --> 00:05:06.740]   you
[00:05:06.740 --> 00:05:06.990]   stand
[00:05:06.990 --> 00:05:07.730]   without
[00:05:07.730 --> 00:05:08.070]   moving
[00:05:08.070 --> 00:05:08.190]   for
[00:05:08.190 --> 00:05:08.290]   a
[00:05:08.290 --> 00:05:08.610]   long
[00:05:08.610 --> 00:05:08.940]   count
[00:05:08.940 --> 00:05:09.090]  ,
[00:05:09.090 --> 00:05:09.390]   long
[00:05:09.390 --> 00:05:09.960]   enough
[00:05:09.960 --> 00:05:10.060]   for
[00:05:10.060 --> 00:05:10.410]   your
[00:05:10.410 --> 00:05:10.810]   own
[00:05:10.810 --> 00:05:11.260]   breathing
[00:05:11.260 --> 00:05:11.530]   to
[00:05:11.530 --> 00:05:11.780]   feel
[00:05:11.780 --> 00:05:11.860]  
[00:05:11.860 --> 00:05:12.200]   very
[00:05:12.200 --> 00:05:12.330]   loud
[00:05:12.330 --> 00:05:13.180]  .
[00:05:13.180 --> 00:05:13.240]   You
[00:05:13.240 --> 00:05:13.730]   back
[00:05:13.730 --> 00:05:13.970]   out
[00:05:13.970 --> 00:05:14.320]   the
[00:05:14.320 --> 00:05:14.590]   way
[00:05:14.590 --> 00:05:15.110]   water
[00:05:15.110 --> 00:05:15.510]   runs
[00:05:15.510 --> 00:05:15.930]   in
[00:05:15.930 --> 00:05:16.470]   reverse
[00:05:16.470 --> 00:05:16.760]  .
[00:05:16.760 --> 00:05:17.400]   Slow
[00:05:17.400 --> 00:05:17.740]  ,
[00:05:17.740 --> 00:05:18.450]   continuous
[00:05:18.450 --> 00:05:18.780]  ,
[00:05:18.780 --> 00:05:19.380]   nothing
[00:05:19.380 --> 00:05:20.010]   sudden
[00:05:20.010 --> 00:05:20.720]   enough
[00:05:20.720 --> 00:05:20.890]   to
[00:05:20.890 --> 00:05:21.240]   announce
[00:05:21.240 --> 00:05:22.070]   you
[00:05:22.070 --> 00:05:22.140]  .
[00:05:22.140 --> 00:05:22.350]   You
[00:05:22.350 --> 00:05:22.740]   never
[00:05:22.740 --> 00:05:22.990]   see
[00:05:22.990 --> 00:05:23.260]   the
[00:05:23.260 --> 00:05:23.580]   cave
[00:05:23.580 --> 00:05:24.020]   lion
[00:05:24.020 --> 00:05:24.260]   that
[00:05:24.260 --> 00:05:24.870]   night
[00:05:24.870 --> 00:05:24.930]  .
[00:05:24.930 --> 00:05:25.290]   But
[00:05:25.290 --> 00:05:25.430]   you
[00:05:25.430 --> 00:05:25.770]   find
[00:05:25.770 --> 00:05:26.010]   its
[00:05:26.010 --> 00:05:26.680]   tracks
[00:05:26.680 --> 00:05:26.700]   in
[00:05:26.700 --> 00:05:26.950]   the
[00:05:26.950 --> 00:05:27.370]   frost
[00:05:27.370 --> 00:05:27.720]   the
[00:05:27.720 --> 00:05:27.920]   next
[00:05:27.920 --> 00:05:28.370]   morning
[00:05:28.370 --> 00:05:28.480]  ,
[00:05:28.480 --> 00:05:28.650]   two
[00:05:28.650 --> 00:05:29.320]   spear
[00:05:29.320 --> 00:05:29.470]   lengths
[00:05:29.470 --> 00:05:29.700]   from
[00:05:29.700 --> 00:05:30.020]   where
[00:05:30.020 --> 00:05:30.210]   you
[00:05:30.210 --> 00:05:30.530]   stood
[00:05:30.530 --> 00:05:30.720]  .
[00:05:30.720 --> 00:05:30.960]   The
[00:05:30.960 --> 00:05:31.230]   print
[00:05:31.230 --> 00:05:31.350]   is
[00:05:31.350 --> 00:05:31.650]   wider
[00:05:31.650 --> 00:05:32.070]   than
[00:05:32.070 --> 00:05:32.170]   both
[00:05:32.170 --> 00:05:32.490]   your
[00:05:32.490 --> 00:05:32.740]   hands
[00:05:32.740 --> 00:05:32.990]   laid
[00:05:32.990 --> 00:05:33.540]   side
[00:05:33.540 --> 00:05:33.540]   by
[00:05:33.540 --> 00:05:33.850]   side
[00:05:33.850 --> 00:05:34.070]  .
[00:05:34.070 --> 00:05:34.270]   You
[00:05:34.270 --> 00:05:34.620]   look
[00:05:34.620 --> 00:05:34.920]   at
[00:05:34.920 --> 00:05:34.960]   it
[00:05:34.960 --> 00:05:35.170]   for
[00:05:35.170 --> 00:05:35.230]   a
[00:05:35.230 --> 00:05:35.540]   long
[00:05:35.540 --> 00:05:35.850]   time
[00:05:35.850 --> 00:05:36.080]  .
[00:05:36.080 --> 00:05:36.310]   You
[00:05:36.310 --> 00:05:36.700]   bring
[00:05:36.700 --> 00:05:36.930]   the
[00:05:36.930 --> 00:05:37.800]   information
[00:05:37.800 --> 00:05:38.110]   back
[00:05:38.110 --> 00:05:38.340]  .
[00:05:38.340 --> 00:05:38.650]   That
[00:05:38.650 --> 00:05:38.780]   is
[00:05:38.780 --> 00:05:39.060]   the
[00:05:39.060 --> 00:05:39.500]   job
[00:05:39.500 --> 00:05:39.660]  .
[00:05:39.660 --> 00:05:40.100]   Not
[00:05:40.100 --> 00:05:40.540]   to
[00:05:40.540 --> 00:05:41.300]   engage
[00:05:41.300 --> 00:05:41.620]  ,
[00:05:41.620 --> 00:05:41.700]  
[00:05:41.700 --> 00:05:41.890]   not
[00:05:41.890 --> 00:05:42.070]   to
[00:05:42.070 --> 00:05:43.030]   prove
[00:05:43.030 --> 00:05:43.250]   anything
[00:05:43.250 --> 00:05:43.570]  .
[00:05:43.570 --> 00:05:43.790]   See
[00:05:43.790 --> 00:05:43.940]  ,
[00:05:43.940 --> 00:05:44.660]   register
[00:05:44.660 --> 00:05:44.920]  ,
[00:05:44.920 --> 00:05:45.360]   return
[00:05:45.360 --> 00:05:45.540]  ,
[00:05:45.540 --> 00:05:45.770]   a
[00:05:45.770 --> 00:05:46.190]   scout
[00:05:46.190 --> 00:05:46.350]   who
[00:05:46.350 --> 00:05:46.710]   sees
[00:05:46.710 --> 00:05:47.520]   too
[00:05:47.520 --> 00:05:47.580]   little
[00:05:47.580 --> 00:05:47.790]   end
[00:05:47.790 --> 00:05:48.320]  angers
[00:05:48.320 --> 00:05:48.620]   the
[00:05:48.620 --> 00:05:49.010]   band
[00:05:49.010 --> 00:05:49.280]  .
[00:05:49.940 --> 00:05:49.940]   A
[00:05:49.940 --> 00:05:50.020]   scout
[00:05:50.020 --> 00:05:50.120]   who
[00:05:50.120 --> 00:05:50.480]   imag
[00:05:50.480 --> 00:05:50.580]  ines
[00:05:50.580 --> 00:05:51.350]   too
[00:05:51.350 --> 00:05:51.510]   much
[00:05:51.510 --> 00:05:51.890]   does
[00:05:51.890 --> 00:05:52.160]   the
[00:05:52.160 --> 00:05:52.520]   same
[00:05:52.520 --> 00:05:52.810]  .
[00:05:52.810 --> 00:05:53.240]   What
[00:05:53.240 --> 00:05:53.460]   the
[00:05:53.460 --> 00:05:54.090]   job
[00:05:54.090 --> 00:05:54.510]   requires
[00:05:54.510 --> 00:05:54.670]   is
[00:05:54.670 --> 00:05:55.130]   exact
[00:05:55.130 --> 00:05:55.900]   truth
[00:05:55.900 --> 00:05:56.520]   delivered
[00:05:56.520 --> 00:05:56.860]   without
[00:05:56.860 --> 00:05:57.260]   drama
[00:05:57.260 --> 00:05:57.380]  .
[00:05:57.380 --> 00:05:57.520]   You
[00:05:57.520 --> 00:05:58.220]   are
[00:05:58.220 --> 00:05:58.280]   not
[00:05:58.280 --> 00:05:58.490]   yet
[00:05:58.490 --> 00:05:58.810]   calm
[00:05:58.810 --> 00:05:59.180]   about
[00:05:59.180 --> 00:05:59.340]   it
[00:05:59.340 --> 00:05:59.580]  .
[00:05:59.580 --> 00:05:59.900]   Your
[00:05:59.900 --> 00:06:00.300]   voice
[00:06:00.300 --> 00:06:01.010]   holds
[00:06:01.010 --> 00:06:01.020]   when
[00:06:01.020 --> 00:06:01.260]   you
[00:06:01.260 --> 00:06:01.740]   report
[00:06:01.740 --> 00:06:01.900]  ,
[00:06:01.900 --> 00:06:02.100]   but
[00:06:02.100 --> 00:06:02.820]   your
[00:06:02.820 --> 00:06:02.860]   hands
[00:06:02.860 --> 00:06:03.020]   do
[00:06:03.020 --> 00:06:03.260]   not
[00:06:03.260 --> 00:06:03.520]  .
[00:06:04.640 --> 00:06:04.640]   D
[00:06:04.640 --> 00:06:04.640]  ure
[00:06:04.640 --> 00:06:04.640]  tte
[00:06:04.640 --> 00:06:04.720]   watches
[00:06:04.720 --> 00:06:04.880]   your
[00:06:04.880 --> 00:06:05.140]   hands
[00:06:05.140 --> 00:06:05.300]   when
[00:06:05.300 --> 00:06:06.040]   you
[00:06:06.040 --> 00:06:06.190]   speak
[00:06:06.190 --> 00:06:06.400]  .
[00:06:06.400 --> 00:06:06.630]   You
[00:06:06.630 --> 00:06:06.860]   see
[00:06:06.860 --> 00:06:07.090]   him
[00:06:07.090 --> 00:06:07.470]   doing
[00:06:07.470 --> 00:06:07.680]   it
[00:06:07.680 --> 00:06:07.940]  .
[00:06:07.940 --> 00:06:08.080]   You
[00:06:08.080 --> 00:06:08.790]   start
[00:06:08.790 --> 00:06:08.990]   working
[00:06:08.990 --> 00:06:09.210]   on
[00:06:09.210 --> 00:06:09.370]   the
[00:06:09.370 --> 00:06:09.750]   hands
[00:06:09.750 --> 00:06:10.060]  .
[00:06:11.460 --> 00:06:11.540]  
[00:06:11.540 --> 00:06:11.830]   Level
[00:06:11.830 --> 00:06:12.170]   four
[00:06:12.170 --> 00:06:12.180]  ,
[00:06:12.180 --> 00:06:12.860]   the
[00:06:12.860 --> 00:06:12.890]   night
[00:06:12.890 --> 00:06:13.270]   guard
[00:06:13.270 --> 00:06:13.490]  .
[00:06:13.490 --> 00:06:13.710]   You
[00:06:13.710 --> 00:06:13.930]   are
[00:06:13.930 --> 00:06:14.380]   20
[00:06:14.380 --> 00:06:14.600]   and
[00:06:14.600 --> 00:06:14.820]   you
[00:06:14.820 --> 00:06:15.080]   have
[00:06:15.080 --> 00:06:15.610]   your
[00:06:15.610 --> 00:06:15.800]   first
[00:06:15.800 --> 00:06:16.100]   real
[00:06:16.100 --> 00:06:16.700]   position
[00:06:16.700 --> 00:06:17.080]   in
[00:06:17.080 --> 00:06:17.420]   the
[00:06:17.420 --> 00:06:17.460]   night
[00:06:17.460 --> 00:06:17.990]   circle
[00:06:17.990 --> 00:06:18.260]  .
[00:06:19.180 --> 00:06:19.180]   The
[00:06:19.180 --> 00:06:19.260]   eastern
[00:06:19.260 --> 00:06:19.390]   post
[00:06:19.390 --> 00:06:19.550]  ,
[00:06:19.550 --> 00:06:19.700]   facing
[00:06:19.700 --> 00:06:20.580]   the
[00:06:20.580 --> 00:06:20.600]   tree
[00:06:20.600 --> 00:06:20.920]   line
[00:06:20.920 --> 00:06:21.350]   where
[00:06:21.350 --> 00:06:21.570]   the
[00:06:21.570 --> 00:06:21.980]   river
[00:06:21.980 --> 00:06:22.480]   bends
[00:06:22.480 --> 00:06:22.630]   out
[00:06:22.630 --> 00:06:22.780]   of
[00:06:22.780 --> 00:06:23.330]   sight
[00:06:23.330 --> 00:06:23.520]  .
[00:06:23.520 --> 00:06:23.760]   You
[00:06:23.760 --> 00:06:24.000]   sit
[00:06:24.000 --> 00:06:24.310]   with
[00:06:24.310 --> 00:06:24.700]   your
[00:06:24.700 --> 00:06:24.880]   back
[00:06:24.880 --> 00:06:25.000]   to
[00:06:25.000 --> 00:06:25.180]   the
[00:06:25.180 --> 00:06:25.410]   fire
[00:06:25.410 --> 00:06:25.490]   so
[00:06:25.490 --> 00:06:25.590]   your
[00:06:25.590 --> 00:06:26.200]   eyes
[00:06:26.200 --> 00:06:26.300]   can
[00:06:26.300 --> 00:06:26.560]   adjust
[00:06:26.560 --> 00:06:26.860]   fully
[00:06:26.860 --> 00:06:26.980]   to
[00:06:26.980 --> 00:06:27.160]   the
[00:06:27.160 --> 00:06:27.420]   dark
[00:06:27.420 --> 00:06:27.760]   beyond
[00:06:27.760 --> 00:06:27.940]   the
[00:06:27.940 --> 00:06:28.180]   camp
[00:06:28.180 --> 00:06:28.300]  's
[00:06:28.300 --> 00:06:28.490]   edge
[00:06:28.490 --> 00:06:29.030]  .
[00:06:29.030 --> 00:06:29.200]   The
[00:06:29.200 --> 00:06:29.710]   fire
[00:06:29.710 --> 00:06:29.960]  's
[00:06:29.960 --> 00:06:30.840]   warmth
[00:06:30.840 --> 00:06:30.920]   is
[00:06:30.920 --> 00:06:31.070]   on
[00:06:31.070 --> 00:06:31.380]   your
[00:06:31.380 --> 00:06:31.650]   back
[00:06:31.650 --> 00:06:31.920]   and
[00:06:31.920 --> 00:06:32.340]   the
[00:06:32.340 --> 00:06:32.550]   night
[00:06:32.550 --> 00:06:32.690]  's
[00:06:32.690 --> 00:06:33.000]   cold
[00:06:33.000 --> 00:06:33.150]   is
[00:06:33.150 --> 00:06:33.300]   on
[00:06:33.300 --> 00:06:33.610]   your
[00:06:33.610 --> 00:06:33.960]   face
[00:06:33.960 --> 00:06:34.220]  .
[00:06:34.220 --> 00:06:34.380]   The
[00:06:34.380 --> 00:06:35.170]   discomfort
[00:06:35.170 --> 00:06:35.320]   is
[00:06:35.320 --> 00:06:35.550]   the
[00:06:35.550 --> 00:06:35.930]   point
[00:06:35.930 --> 00:06:36.160]  .
[00:06:36.160 --> 00:06:36.320]   It
[00:06:36.320 --> 00:06:36.880]   keeps
[00:06:36.880 --> 00:06:37.120]   you
[00:06:37.120 --> 00:06:37.300]   from
[00:06:37.300 --> 00:06:37.380]  
[00:06:37.380 --> 00:06:37.880]   drifting
[00:06:37.880 --> 00:06:37.940]  .
[00:06:37.940 --> 00:06:38.690]   You
[00:06:38.690 --> 00:06:38.720]   guard
[00:06:38.720 --> 00:06:38.980]   your
[00:06:38.980 --> 00:06:39.490]   stretch
[00:06:39.490 --> 00:06:39.630]  ,
[00:06:39.630 --> 00:06:39.920]   wake
[00:06:39.920 --> 00:06:40.140]   the
[00:06:40.140 --> 00:06:40.430]   next
[00:06:40.430 --> 00:06:40.650]   man
[00:06:40.650 --> 00:06:40.790]  ,
[00:06:40.790 --> 00:06:41.030]   sleep
[00:06:41.030 --> 00:06:41.450]  ,
[00:06:41.450 --> 00:06:41.650]   three
[00:06:41.650 --> 00:06:42.010]   hours
[00:06:42.010 --> 00:06:42.140]   at
[00:06:42.140 --> 00:06:42.440]   most
[00:06:42.440 --> 00:06:42.870]   before
[00:06:42.870 --> 00:06:43.260]   you
[00:06:43.260 --> 00:06:43.320]   are
[00:06:43.320 --> 00:06:43.610]   back
[00:06:43.610 --> 00:06:43.830]   up
[00:06:43.830 --> 00:06:44.100]  .
[00:06:45.100 --> 00:06:45.100]   This
[00:06:45.100 --> 00:06:45.170]   runs
[00:06:45.170 --> 00:06:45.180]   every
[00:06:45.180 --> 00:06:45.580]   night
[00:06:45.580 --> 00:06:45.650]  ,
[00:06:45.650 --> 00:06:45.890]   no
[00:06:45.890 --> 00:06:46.510]   matter
[00:06:46.510 --> 00:06:46.650]   the
[00:06:46.650 --> 00:06:47.270]   weather
[00:06:47.270 --> 00:06:47.520]  .
[00:06:47.520 --> 00:06:47.660]   On
[00:06:47.660 --> 00:06:47.870]   the
[00:06:47.870 --> 00:06:48.140]   cold
[00:06:48.140 --> 00:06:48.400]  est
[00:06:48.400 --> 00:06:48.860]   nights
[00:06:48.860 --> 00:06:49.250]   when
[00:06:49.250 --> 00:06:49.270]   the
[00:06:49.270 --> 00:06:49.670]   river
[00:06:49.670 --> 00:06:49.830]   ice
[00:06:49.830 --> 00:06:50.270]   cracks
[00:06:50.270 --> 00:06:50.620]   and
[00:06:50.620 --> 00:06:51.080]   carries
[00:06:51.080 --> 00:06:51.170]   those
[00:06:51.170 --> 00:06:52.040]   sounds
[00:06:52.040 --> 00:06:52.270]   through
[00:06:52.270 --> 00:06:52.470]   the
[00:06:52.470 --> 00:06:52.870]   valley
[00:06:52.870 --> 00:06:53.000]  ,
[00:06:53.000 --> 00:06:53.400]   nobody
[00:06:53.400 --> 00:06:53.920]   sleeps
[00:06:53.920 --> 00:06:54.060]   deep
[00:06:54.060 --> 00:06:54.230]   and
[00:06:54.230 --> 00:06:54.770]   nobody
[00:06:54.770 --> 00:06:55.190]   sleeps
[00:06:55.190 --> 00:06:55.320]   long
[00:06:55.320 --> 00:06:55.560]  .
[00:06:55.560 --> 00:06:56.580]   The
[00:06:56.580 --> 00:06:56.630]   body
[00:06:56.630 --> 00:06:57.260]   does
[00:06:57.260 --> 00:06:57.620]   not
[00:06:57.620 --> 00:06:57.680]   wait
[00:06:57.680 --> 00:06:57.760]  
[00:06:57.760 --> 00:06:57.860]   for
[00:06:57.860 --> 00:06:58.040]   the
[00:06:58.040 --> 00:06:58.270]   mind
[00:06:58.270 --> 00:06:58.400]   to
[00:06:58.400 --> 00:06:58.770]   decide
[00:06:58.770 --> 00:06:58.890]   if
[00:06:58.890 --> 00:06:59.100]   a
[00:06:59.100 --> 00:06:59.260]   sound
[00:06:59.260 --> 00:06:59.380]   is
[00:06:59.380 --> 00:06:59.690]   worth
[00:06:59.690 --> 00:07:00.060]   waking
[00:07:00.060 --> 00:07:00.240]   for
[00:07:00.240 --> 00:07:00.480]  .
[00:07:00.480 --> 00:07:00.810]   The
[00:07:00.810 --> 00:07:01.450]   night
[00:07:01.450 --> 00:07:01.830]   is
[00:07:01.830 --> 00:07:01.910]   not
[00:07:01.910 --> 00:07:02.460]   quiet
[00:07:02.460 --> 00:07:02.800]  .
[00:07:02.800 --> 00:07:03.640]   It
[00:07:03.640 --> 00:07:03.760]   is
[00:07:03.760 --> 00:07:04.470]   full
[00:07:04.470 --> 00:07:04.680]   of
[00:07:04.680 --> 00:07:04.690]   noise
[00:07:04.690 --> 00:07:04.760]  ,
[00:07:04.760 --> 00:07:05.780]   almost
[00:07:05.780 --> 00:07:06.060]   all
[00:07:06.060 --> 00:07:06.260]   of
[00:07:06.260 --> 00:07:06.360]   it
[00:07:06.360 --> 00:07:06.880]   meaningless
[00:07:06.880 --> 00:07:07.780]  .
[00:07:07.780 --> 00:07:08.050]   Wind
[00:07:08.050 --> 00:07:08.480]  .
[00:07:08.480 --> 00:07:09.060]   Small
[00:07:09.060 --> 00:07:09.880]   animals
[00:07:09.880 --> 00:07:10.510]  .
[00:07:10.510 --> 00:07:10.580]   The
[00:07:10.580 --> 00:07:11.030]   fire
[00:07:11.030 --> 00:07:12.280]   settling
[00:07:12.280 --> 00:07:12.320]  .
[00:07:12.320 --> 00:07:12.590]   Bran
[00:07:12.590 --> 00:07:12.890]  ches
[00:07:12.890 --> 00:07:13.440]   pulling
[00:07:13.440 --> 00:07:13.820]   tight
[00:07:13.820 --> 00:07:13.980]   in
[00:07:13.980 --> 00:07:14.240]   the
[00:07:14.240 --> 00:07:14.430]   cold
[00:07:14.430 --> 00:07:14.560]  .
[00:07:14.560 --> 00:07:16.030]   Sleeping
[00:07:16.030 --> 00:07:16.590]   people
[00:07:16.590 --> 00:07:16.800]   breathing
[00:07:16.800 --> 00:07:16.880]  .
[00:07:16.880 --> 00:07:16.960]  
[00:07:16.960 --> 00:07:17.080]   You
[00:07:17.080 --> 00:07:17.410]   spend
[00:07:17.410 --> 00:07:17.510]   your
[00:07:17.510 --> 00:07:18.290]   second
[00:07:18.290 --> 00:07:18.440]   month
[00:07:18.440 --> 00:07:18.570]   in
[00:07:18.570 --> 00:07:19.120]   rotation
[00:07:19.120 --> 00:07:19.250]  ,
[00:07:19.250 --> 00:07:19.800]   learning
[00:07:19.800 --> 00:07:19.930]   to
[00:07:19.930 --> 00:07:20.450]   separate
[00:07:20.450 --> 00:07:21.030]   the
[00:07:21.030 --> 00:07:21.090]   sounds
[00:07:21.090 --> 00:07:21.450]   that
[00:07:21.450 --> 00:07:21.850]   matter
[00:07:21.850 --> 00:07:22.180]   from
[00:07:22.180 --> 00:07:22.840]   the
[00:07:22.840 --> 00:07:22.940]   enormous
[00:07:22.940 --> 00:07:23.410]   volume
[00:07:23.410 --> 00:07:23.540]   that
[00:07:23.540 --> 00:07:23.890]   do
[00:07:23.890 --> 00:07:24.340]   not
[00:07:24.340 --> 00:07:24.380]  .
[00:07:24.380 --> 00:07:24.640]   You
[00:07:24.640 --> 00:07:24.900]   are
[00:07:24.900 --> 00:07:25.160]   not
[00:07:25.160 --> 00:07:25.980]   listening
[00:07:25.980 --> 00:07:26.240]   for
[00:07:26.240 --> 00:07:26.310]   a
[00:07:26.310 --> 00:07:26.760]   sound
[00:07:26.760 --> 00:07:27.090]  .
[00:07:27.090 --> 00:07:27.270]   You
[00:07:27.270 --> 00:07:27.530]   are
[00:07:27.530 --> 00:07:28.320]   listening
[00:07:28.320 --> 00:07:28.850]   for
[00:07:28.850 --> 00:07:28.900]   the
[00:07:28.900 --> 00:07:29.470]   absence
[00:07:29.470 --> 00:07:29.640]   of
[00:07:29.640 --> 00:07:29.940]   one
[00:07:29.940 --> 00:07:30.300]  .
[00:07:31.240 --> 00:07:31.240]   When
[00:07:31.240 --> 00:07:31.240]   the
[00:07:31.240 --> 00:07:31.320]   brush
[00:07:31.320 --> 00:07:31.510]   mice
[00:07:31.510 --> 00:07:31.800]   stop
[00:07:31.800 --> 00:07:32.640]   moving
[00:07:32.640 --> 00:07:32.800]   through
[00:07:32.800 --> 00:07:33.030]   dry
[00:07:33.030 --> 00:07:33.490]   leaves
[00:07:33.490 --> 00:07:33.640]  ,
[00:07:33.640 --> 00:07:34.320]   something
[00:07:34.320 --> 00:07:34.840]   stopped
[00:07:34.840 --> 00:07:35.390]   them
[00:07:35.390 --> 00:07:35.440]  .
[00:07:35.440 --> 00:07:36.020]   When
[00:07:36.020 --> 00:07:36.450]   the
[00:07:36.450 --> 00:07:36.590]   night
[00:07:36.590 --> 00:07:36.810]   birds
[00:07:36.810 --> 00:07:37.140]   cut
[00:07:37.140 --> 00:07:37.140]   off
[00:07:37.140 --> 00:07:37.360]   mid
[00:07:37.360 --> 00:07:37.430]  -
[00:07:37.430 --> 00:07:37.720]  call
[00:07:37.720 --> 00:07:38.520]  ,
[00:07:38.520 --> 00:07:38.560]   something
[00:07:38.560 --> 00:07:38.960]   passed
[00:07:38.960 --> 00:07:39.320]   under
[00:07:39.320 --> 00:07:39.610]   them
[00:07:39.610 --> 00:07:39.830]  .
[00:07:39.830 --> 00:07:40.180]   These
[00:07:40.180 --> 00:07:40.480]   gaps
[00:07:40.480 --> 00:07:40.760]   tell
[00:07:40.760 --> 00:07:41.280]   you
[00:07:41.280 --> 00:07:41.290]   more
[00:07:41.290 --> 00:07:41.570]   than
[00:07:41.570 --> 00:07:41.790]   any
[00:07:41.790 --> 00:07:42.080]   loud
[00:07:42.080 --> 00:07:42.430]   noise
[00:07:42.430 --> 00:07:43.100]   could
[00:07:43.100 --> 00:07:43.120]  .
[00:07:43.120 --> 00:07:43.470]   You
[00:07:43.470 --> 00:07:43.820]   get
[00:07:43.820 --> 00:07:44.140]   it
[00:07:44.140 --> 00:07:44.180]   wrong
[00:07:44.180 --> 00:07:44.260]  
[00:07:44.260 --> 00:07:44.520]   twice
[00:07:44.520 --> 00:07:44.650]   in
[00:07:44.650 --> 00:07:44.910]   your
[00:07:44.910 --> 00:07:45.580]   first
[00:07:45.580 --> 00:07:45.710]   season
[00:07:45.710 --> 00:07:45.870]  .
[00:07:45.870 --> 00:07:46.130]   The
[00:07:46.130 --> 00:07:46.410]   first
[00:07:46.410 --> 00:07:46.720]   time
[00:07:46.720 --> 00:07:46.810]  ,
[00:07:46.810 --> 00:07:47.010]   you
[00:07:47.010 --> 00:07:47.350]   raise
[00:07:47.350 --> 00:07:47.480]   an
[00:07:47.480 --> 00:07:47.800]   alert
[00:07:47.800 --> 00:07:47.910]   for
[00:07:47.910 --> 00:07:48.330]   a
[00:07:48.330 --> 00:07:48.490]   branch
[00:07:48.490 --> 00:07:49.180]   dropping
[00:07:49.180 --> 00:07:49.420]   from
[00:07:49.420 --> 00:07:49.530]   a
[00:07:49.530 --> 00:07:49.790]   snow
[00:07:49.790 --> 00:07:50.100]  -
[00:07:50.100 --> 00:07:50.140]  load
[00:07:50.140 --> 00:07:50.240]  ed
[00:07:50.240 --> 00:07:50.380]   tree
[00:07:50.380 --> 00:07:50.500]  .
[00:07:50.920 --> 00:07:51.000]   The
[00:07:51.000 --> 00:07:51.030]   whole
[00:07:51.030 --> 00:07:51.290]   camp
[00:07:51.290 --> 00:07:51.440]   stands
[00:07:51.440 --> 00:07:51.830]   up
[00:07:51.830 --> 00:07:52.030]   and
[00:07:52.030 --> 00:07:52.330]   it
[00:07:52.330 --> 00:07:52.490]   takes
[00:07:52.490 --> 00:07:52.960]   several
[00:07:52.960 --> 00:07:53.460]   minutes
[00:07:53.460 --> 00:07:53.560]   to
[00:07:53.560 --> 00:07:53.960]   settle
[00:07:53.960 --> 00:07:54.220]  .
[00:07:54.220 --> 00:07:54.650]   Nobody
[00:07:54.650 --> 00:07:55.070]   is
[00:07:55.070 --> 00:07:55.270]   angry
[00:07:55.270 --> 00:07:55.590]   with
[00:07:55.590 --> 00:07:55.830]   you
[00:07:55.830 --> 00:07:56.100]  .
[00:07:57.100 --> 00:07:57.100]   But
[00:07:57.100 --> 00:07:57.100]   the
[00:07:57.100 --> 00:07:57.180]   waste
[00:07:57.180 --> 00:07:57.230]   of
[00:07:57.230 --> 00:07:57.400]   it
[00:07:57.400 --> 00:07:57.830]   stays
[00:07:57.830 --> 00:07:58.000]   in
[00:07:58.000 --> 00:07:58.520]   your
[00:07:58.520 --> 00:07:58.800]   chest
[00:07:58.800 --> 00:07:59.050]  ,
[00:07:59.050 --> 00:07:59.270]   the
[00:07:59.270 --> 00:07:59.860]   specific
[00:07:59.860 --> 00:08:00.160]   burn
[00:08:00.160 --> 00:08:00.380]   of
[00:08:00.380 --> 00:08:00.400]   a
[00:08:00.400 --> 00:08:00.720]   false
[00:08:00.720 --> 00:08:01.250]   alarm
[00:08:01.250 --> 00:08:01.320]  ,
[00:08:01.320 --> 00:08:01.670]   and
[00:08:01.670 --> 00:08:01.900]   you
[00:08:01.900 --> 00:08:02.080]   do
[00:08:02.080 --> 00:08:02.410]   not
[00:08:02.410 --> 00:08:02.630]   want
[00:08:02.630 --> 00:08:03.020]   to
[00:08:03.020 --> 00:08:03.060]   carry
[00:08:03.060 --> 00:08:03.240]   that
[00:08:03.240 --> 00:08:03.730]   feeling
[00:08:03.730 --> 00:08:03.870]   again
[00:08:03.870 --> 00:08:04.300]  .
[00:08:04.300 --> 00:08:04.660]   The
[00:08:04.660 --> 00:08:04.950]   second
[00:08:04.950 --> 00:08:05.240]   time
[00:08:05.240 --> 00:08:05.410]  ,
[00:08:05.410 --> 00:08:05.600]   you
[00:08:05.600 --> 00:08:05.880]   wait
[00:08:05.880 --> 00:08:06.090]   too
[00:08:06.090 --> 00:08:06.380]   long
[00:08:06.380 --> 00:08:06.590]  .
[00:08:06.590 --> 00:08:06.800]   You
[00:08:06.800 --> 00:08:07.080]   hear
[00:08:07.080 --> 00:08:07.390]   the
[00:08:07.390 --> 00:08:07.660]   inter
[00:08:07.660 --> 00:08:08.160]  ruption
[00:08:08.160 --> 00:08:08.370]   and
[00:08:08.370 --> 00:08:08.550]   you
[00:08:08.550 --> 00:08:09.200]   talk
[00:08:09.200 --> 00:08:09.450]   yourself
[00:08:09.450 --> 00:08:09.660]   out
[00:08:09.660 --> 00:08:09.920]   of
[00:08:09.920 --> 00:08:10.240]   trusting
[00:08:10.240 --> 00:08:10.320]   it
[00:08:10.320 --> 00:08:10.480]  .
[00:08:11.300 --> 00:08:11.380]  
[00:08:11.380 --> 00:08:11.550]   The
[00:08:11.550 --> 00:08:12.060]   threat
[00:08:12.060 --> 00:08:12.220]   is
[00:08:12.220 --> 00:08:12.650]   a
[00:08:12.650 --> 00:08:12.720]   lone
[00:08:12.720 --> 00:08:12.990]   dire
[00:08:12.990 --> 00:08:13.360]   wolf
[00:08:13.360 --> 00:08:13.700]   testing
[00:08:13.700 --> 00:08:13.840]   the
[00:08:13.840 --> 00:08:14.340]   perimeter
[00:08:14.340 --> 00:08:14.400]  ,
[00:08:14.400 --> 00:08:14.790]   drawn
[00:08:14.790 --> 00:08:14.920]   by
[00:08:14.920 --> 00:08:15.450]   the
[00:08:15.450 --> 00:08:15.560]   smell
[00:08:15.560 --> 00:08:15.710]   of
[00:08:15.710 --> 00:08:15.940]   the
[00:08:15.940 --> 00:08:16.600]   previous
[00:08:16.600 --> 00:08:16.820]   day
[00:08:16.820 --> 00:08:16.830]  's
[00:08:16.830 --> 00:08:16.990]   but
[00:08:16.990 --> 00:08:17.260]  ch
[00:08:17.260 --> 00:08:17.310]  ering
[00:08:17.310 --> 00:08:17.460]  .
[00:08:18.120 --> 00:08:18.200]  
[00:08:18.200 --> 00:08:18.380]   Dire
[00:08:18.380 --> 00:08:18.440]  t
[00:08:18.440 --> 00:08:18.630]   spots
[00:08:18.630 --> 00:08:18.780]   it
[00:08:18.780 --> 00:08:19.160]   from
[00:08:19.160 --> 00:08:19.520]   his
[00:08:19.520 --> 00:08:19.650]   post
[00:08:19.650 --> 00:08:19.820]   and
[00:08:19.820 --> 00:08:20.150]   turns
[00:08:20.150 --> 00:08:20.290]   it
[00:08:20.290 --> 00:08:20.540]   back
[00:08:20.540 --> 00:08:20.800]   with
[00:08:20.800 --> 00:08:20.850]   a
[00:08:20.850 --> 00:08:21.260]   thrown
[00:08:21.260 --> 00:08:21.590]   stone
[00:08:21.590 --> 00:08:21.850]   before
[00:08:21.850 --> 00:08:22.270]   it
[00:08:22.270 --> 00:08:22.380]   gets
[00:08:22.380 --> 00:08:22.710]   close
[00:08:22.710 --> 00:08:22.990]  .
[00:08:22.990 --> 00:08:24.080]   He
[00:08:24.080 --> 00:08:24.460]   finds
[00:08:24.460 --> 00:08:24.650]   you
[00:08:24.650 --> 00:08:24.800]   at
[00:08:24.800 --> 00:08:25.090]   your
[00:08:25.090 --> 00:08:25.300]   post
[00:08:25.300 --> 00:08:26.200]   afterward
[00:08:26.200 --> 00:08:26.260]  .
[00:08:26.260 --> 00:08:26.430]   He
[00:08:26.430 --> 00:08:26.770]   tells
[00:08:26.770 --> 00:08:26.990]   you
[00:08:26.990 --> 00:08:27.210]   one
[00:08:27.210 --> 00:08:27.580]   thing
[00:08:27.580 --> 00:08:27.720]  ,
[00:08:27.720 --> 00:08:27.940]   and
[00:08:27.940 --> 00:08:28.160]   you
[00:08:28.160 --> 00:08:28.530]   never
[00:08:28.530 --> 00:08:28.950]   stop
[00:08:28.950 --> 00:08:29.410]   carrying
[00:08:29.410 --> 00:08:29.550]   it
[00:08:29.550 --> 00:08:29.840]  .
[00:08:29.840 --> 00:08:30.760]   The
[00:08:30.760 --> 00:08:30.780]   body
[00:08:30.780 --> 00:08:31.450]   knows
[00:08:31.450 --> 00:08:32.280]   before
[00:08:32.280 --> 00:08:32.460]   the
[00:08:32.460 --> 00:08:32.810]   mind
[00:08:32.810 --> 00:08:32.980]   agrees
[00:08:32.980 --> 00:08:33.860]  .
[00:08:33.860 --> 00:08:34.010]   When
[00:08:34.010 --> 00:08:34.750]   something
[00:08:34.750 --> 00:08:34.920]   in
[00:08:34.920 --> 00:08:35.180]   you
[00:08:35.180 --> 00:08:35.530]   says
[00:08:35.530 --> 00:08:35.620]   a
[00:08:35.620 --> 00:08:36.190]   pattern
[00:08:36.190 --> 00:08:36.610]   has
[00:08:36.610 --> 00:08:37.030]   broken
[00:08:37.030 --> 00:08:37.200]  ,
[00:08:37.200 --> 00:08:37.550]   that
[00:08:37.550 --> 00:08:37.700]   is
[00:08:37.700 --> 00:08:38.420]   enough
[00:08:38.420 --> 00:08:38.510]  .
[00:08:38.510 --> 00:08:38.860]   Stop
[00:08:38.860 --> 00:08:39.480]   waiting
[00:08:39.480 --> 00:08:39.890]   for
[00:08:39.890 --> 00:08:40.060]   your
[00:08:40.060 --> 00:08:40.360]   mind
[00:08:40.360 --> 00:08:40.580]   to
[00:08:40.580 --> 00:08:40.660]  
[00:08:40.660 --> 00:08:40.890]   finish
[00:08:40.890 --> 00:08:41.250]   arguing
[00:08:41.250 --> 00:08:42.000]  .
[00:08:42.000 --> 00:08:43.150]   Level
[00:08:43.150 --> 00:08:44.150]   5
[00:08:44.150 --> 00:08:44.310]  .
[00:08:44.310 --> 00:08:44.730]   The
[00:08:44.730 --> 00:08:44.810]   hunter
[00:08:44.810 --> 00:08:44.960]   who
[00:08:44.960 --> 00:08:45.270]   fights
[00:08:45.270 --> 00:08:45.370]   at
[00:08:45.370 --> 00:08:45.630]   night
[00:08:45.630 --> 00:08:45.820]  .
[00:08:45.820 --> 00:08:46.540]   You
[00:08:46.540 --> 00:08:46.740]   are
[00:08:46.740 --> 00:08:47.110]   26
[00:08:47.110 --> 00:08:47.320]  .
[00:08:47.320 --> 00:08:47.970]   Fear
[00:08:47.970 --> 00:08:48.160]   no
[00:08:48.160 --> 00:08:49.050]   longer
[00:08:49.050 --> 00:08:49.680]   leads
[00:08:49.680 --> 00:08:50.250]   when
[00:08:50.250 --> 00:08:50.390]   you
[00:08:50.390 --> 00:08:50.740]   move
[00:08:50.740 --> 00:08:50.740]   in
[00:08:50.740 --> 00:08:51.240]   darkness
[00:08:51.240 --> 00:08:51.400]  .
[00:08:51.400 --> 00:08:51.810]   It
[00:08:51.810 --> 00:08:52.160]   runs
[00:08:52.160 --> 00:08:52.740]   alongside
[00:08:52.740 --> 00:08:52.970]   you
[00:08:52.970 --> 00:08:53.200]   now
[00:08:53.200 --> 00:08:53.430]  .
[00:08:53.430 --> 00:08:54.040]   Present
[00:08:54.040 --> 00:08:54.120]  ,
[00:08:54.120 --> 00:08:54.340]   but
[00:08:54.340 --> 00:08:54.470]   not
[00:08:54.470 --> 00:08:54.890]   in
[00:08:54.890 --> 00:08:55.310]   charge
[00:08:55.310 --> 00:08:55.420]  .
[00:08:55.420 --> 00:08:55.650]   The
[00:08:55.650 --> 00:08:55.940]   night
[00:08:55.940 --> 00:08:56.700]   that
[00:08:56.700 --> 00:08:56.880]   changes
[00:08:56.880 --> 00:08:57.270]   you
[00:08:57.270 --> 00:08:57.740]   comes
[00:08:57.740 --> 00:08:57.820]   in
[00:08:57.820 --> 00:08:58.060]   late
[00:08:58.060 --> 00:08:58.500]   autumn
[00:08:58.500 --> 00:08:58.610]  .
[00:08:58.610 --> 00:08:59.130]   Your
[00:08:59.130 --> 00:08:59.480]   group
[00:08:59.480 --> 00:08:59.820]   drives
[00:08:59.820 --> 00:08:59.890]   a
[00:08:59.890 --> 00:09:00.260]   small
[00:09:00.260 --> 00:09:00.420]   au
[00:09:00.420 --> 00:09:00.540]  ro
[00:09:00.540 --> 00:09:00.760]  chs
[00:09:00.760 --> 00:09:01.100]   herd
[00:09:01.100 --> 00:09:01.490]   toward
[00:09:01.490 --> 00:09:01.560]   a
[00:09:01.560 --> 00:09:02.210]   valley
[00:09:02.210 --> 00:09:02.440]   narrow
[00:09:02.440 --> 00:09:02.660]  ing
[00:09:02.660 --> 00:09:02.800]  ,
[00:09:02.800 --> 00:09:03.020]   and
[00:09:03.020 --> 00:09:03.360]   three
[00:09:03.360 --> 00:09:04.020]   animals
[00:09:04.020 --> 00:09:04.380]   break
[00:09:04.380 --> 00:09:04.760]   sideways
[00:09:04.760 --> 00:09:05.060]   into
[00:09:05.060 --> 00:09:05.140]  
[00:09:05.140 --> 00:09:05.270]   the
[00:09:05.270 --> 00:09:05.630]   trees
[00:09:05.630 --> 00:09:06.150]   instead
[00:09:06.150 --> 00:09:06.480]   of
[00:09:06.480 --> 00:09:06.730]   funnel
[00:09:06.730 --> 00:09:07.010]  ing
[00:09:07.010 --> 00:09:07.460]   through
[00:09:07.460 --> 00:09:07.680]  .
[00:09:07.680 --> 00:09:07.900]   Two
[00:09:07.900 --> 00:09:08.410]   hunters
[00:09:08.410 --> 00:09:08.550]   go
[00:09:08.550 --> 00:09:09.200]   after
[00:09:09.200 --> 00:09:09.210]   them
[00:09:09.210 --> 00:09:09.480]  .
[00:09:09.480 --> 00:09:10.030]   You
[00:09:10.030 --> 00:09:11.020]   are
[00:09:11.020 --> 00:09:11.130]   one
[00:09:11.130 --> 00:09:11.670]  .
[00:09:11.670 --> 00:09:12.100]   The
[00:09:12.100 --> 00:09:12.790]   other
[00:09:12.790 --> 00:09:13.080]   is
[00:09:13.080 --> 00:09:13.400]   yar
[00:09:13.400 --> 00:09:13.670]  row
[00:09:13.670 --> 00:09:13.900]  ,
[00:09:14.300 --> 00:09:14.380]   30
[00:09:14.380 --> 00:09:14.750]   years
[00:09:14.750 --> 00:09:15.010]   old
[00:09:15.010 --> 00:09:15.020]  ,
[00:09:15.020 --> 00:09:15.670]   the
[00:09:15.670 --> 00:09:15.720]   most
[00:09:15.720 --> 00:09:16.290]   composed
[00:09:16.290 --> 00:09:16.520]   man
[00:09:16.520 --> 00:09:16.670]   on
[00:09:16.670 --> 00:09:16.900]   any
[00:09:16.900 --> 00:09:17.210]   hunt
[00:09:17.210 --> 00:09:17.440]   you
[00:09:17.440 --> 00:09:17.750]   have
[00:09:17.750 --> 00:09:18.040]   been
[00:09:18.040 --> 00:09:18.450]   on
[00:09:18.450 --> 00:09:18.520]  .
[00:09:18.520 --> 00:09:18.870]   The
[00:09:18.870 --> 00:09:19.460]   light
[00:09:19.460 --> 00:09:20.260]   is
[00:09:20.260 --> 00:09:20.280]   going
[00:09:20.280 --> 00:09:20.830]   fast
[00:09:20.830 --> 00:09:21.300]  .
[00:09:21.300 --> 00:09:21.510]   You
[00:09:21.510 --> 00:09:22.020]   push
[00:09:22.020 --> 00:09:22.390]   through
[00:09:22.390 --> 00:09:22.540]   the
[00:09:22.540 --> 00:09:22.740]   tree
[00:09:22.740 --> 00:09:22.920]   line
[00:09:22.920 --> 00:09:23.420]   into
[00:09:23.420 --> 00:09:23.550]   heavier
[00:09:23.550 --> 00:09:23.850]   timber
[00:09:23.850 --> 00:09:23.970]  ,
[00:09:23.970 --> 00:09:24.100]   and
[00:09:24.100 --> 00:09:24.250]   the
[00:09:24.250 --> 00:09:24.620]   animals
[00:09:24.620 --> 00:09:24.770]   are
[00:09:24.770 --> 00:09:25.140]   already
[00:09:25.140 --> 00:09:25.350]   gone
[00:09:25.350 --> 00:09:25.590]   ahead
[00:09:25.590 --> 00:09:25.790]   of
[00:09:25.790 --> 00:09:25.860]   you
[00:09:25.860 --> 00:09:26.170]   into
[00:09:26.170 --> 00:09:26.220]   the
[00:09:26.220 --> 00:09:26.430]   dark
[00:09:26.430 --> 00:09:26.680]  .
[00:09:27.060 --> 00:09:27.140]  
[00:09:27.140 --> 00:09:27.330]   Yar
[00:09:27.330 --> 00:09:27.550]  row
[00:09:27.550 --> 00:09:28.420]   signals
[00:09:28.420 --> 00:09:28.480]   to
[00:09:28.480 --> 00:09:28.780]   stop
[00:09:28.780 --> 00:09:29.050]  .
[00:09:29.050 --> 00:09:29.320]   You
[00:09:29.320 --> 00:09:29.680]   both
[00:09:29.680 --> 00:09:29.860]   go
[00:09:29.860 --> 00:09:30.360]   still
[00:09:30.360 --> 00:09:30.590]  .
[00:09:30.590 --> 00:09:31.210]   You
[00:09:31.210 --> 00:09:31.410]   listen
[00:09:31.410 --> 00:09:31.680]  .
[00:09:31.680 --> 00:09:32.030]   What
[00:09:32.030 --> 00:09:32.270]   you
[00:09:32.270 --> 00:09:33.020]   hear
[00:09:33.020 --> 00:09:33.310]   instead
[00:09:33.310 --> 00:09:33.490]   of
[00:09:33.490 --> 00:09:33.670]   au
[00:09:33.670 --> 00:09:34.060]  ro
[00:09:34.060 --> 00:09:34.240]  chs
[00:09:34.240 --> 00:09:34.700]   is
[00:09:34.700 --> 00:09:35.000]   something
[00:09:35.000 --> 00:09:35.230]   low
[00:09:35.230 --> 00:09:35.460]   and
[00:09:35.460 --> 00:09:35.600]   close
[00:09:35.600 --> 00:09:36.000]   to
[00:09:36.000 --> 00:09:36.420]   the
[00:09:36.420 --> 00:09:36.690]   ground
[00:09:36.690 --> 00:09:36.950]  .
[00:09:36.950 --> 00:09:36.990]   A
[00:09:36.990 --> 00:09:37.690]   breathing
[00:09:37.690 --> 00:09:38.040]   that
[00:09:38.040 --> 00:09:38.540]   belongs
[00:09:38.540 --> 00:09:39.150]   to
[00:09:39.150 --> 00:09:39.230]   neither
[00:09:39.230 --> 00:09:39.380]   of
[00:09:39.380 --> 00:09:39.610]   you
[00:09:39.610 --> 00:09:39.840]  .
[00:09:39.840 --> 00:09:40.070]   You
[00:09:40.070 --> 00:09:40.960]   cannot
[00:09:40.960 --> 00:09:40.990]   locate
[00:09:40.990 --> 00:09:41.260]   it
[00:09:41.260 --> 00:09:41.340]   in
[00:09:41.340 --> 00:09:41.610]   the
[00:09:41.610 --> 00:09:42.060]   trees
[00:09:42.060 --> 00:09:42.330]  .
[00:09:42.330 --> 00:09:42.740]   You
[00:09:42.740 --> 00:09:42.790]   do
[00:09:42.790 --> 00:09:43.060]   not
[00:09:43.060 --> 00:09:43.420]   move
[00:09:43.420 --> 00:09:43.700]  .
[00:09:43.700 --> 00:09:43.960]   Yar
[00:09:43.960 --> 00:09:44.230]  row
[00:09:44.230 --> 00:09:44.640]   does
[00:09:44.640 --> 00:09:44.860]   not
[00:09:44.860 --> 00:09:45.490]   move
[00:09:45.490 --> 00:09:45.490]  .
[00:09:45.490 --> 00:09:45.760]   The
[00:09:45.760 --> 00:09:46.490]   breathing
[00:09:46.490 --> 00:09:47.300]   stops
[00:09:47.300 --> 00:09:47.320]  .
[00:09:47.320 --> 00:09:47.870]   Three
[00:09:47.870 --> 00:09:48.420]   seconds
[00:09:48.420 --> 00:09:48.810]  .
[00:09:48.810 --> 00:09:49.680]   Then
[00:09:49.680 --> 00:09:50.200]   Yar
[00:09:50.200 --> 00:09:50.770]  row
[00:09:50.770 --> 00:09:51.190]   shifts
[00:09:51.190 --> 00:09:51.380]   his
[00:09:51.380 --> 00:09:51.460]  
[00:09:51.460 --> 00:09:51.850]   weight
[00:09:51.850 --> 00:09:51.980]   back
[00:09:51.980 --> 00:09:52.310]  ,
[00:09:52.310 --> 00:09:52.780]   one
[00:09:52.780 --> 00:09:52.900]   foot
[00:09:52.900 --> 00:09:53.010]   at
[00:09:53.010 --> 00:09:53.080]   a
[00:09:53.080 --> 00:09:53.390]   time
[00:09:53.390 --> 00:09:53.550]  ,
[00:09:53.550 --> 00:09:53.770]   and
[00:09:53.770 --> 00:09:54.000]   you
[00:09:54.000 --> 00:09:54.470]   mirror
[00:09:54.470 --> 00:09:54.700]   him
[00:09:54.700 --> 00:09:55.480]   exactly
[00:09:55.480 --> 00:09:55.530]  .
[00:09:55.530 --> 00:09:55.710]   You
[00:09:55.710 --> 00:09:56.020]   walk
[00:09:56.020 --> 00:09:56.570]   backward
[00:09:56.570 --> 00:09:56.900]   out
[00:09:56.900 --> 00:09:57.260]   of
[00:09:57.260 --> 00:09:57.340]   the
[00:09:57.340 --> 00:09:57.920]   forest
[00:09:57.920 --> 00:09:58.140]   with
[00:09:58.140 --> 00:09:58.370]   your
[00:09:58.370 --> 00:09:58.630]   spear
[00:09:58.630 --> 00:09:59.020]   forward
[00:09:59.020 --> 00:09:59.450]   and
[00:09:59.450 --> 00:09:59.550]   your
[00:09:59.550 --> 00:09:59.690]   free
[00:09:59.690 --> 00:09:59.910]   hand
[00:09:59.910 --> 00:10:00.090]   tra
[00:10:00.090 --> 00:10:00.360]  iling
[00:10:00.360 --> 00:10:00.700]   behind
[00:10:00.700 --> 00:10:00.870]   you
[00:10:00.870 --> 00:10:00.980]   to
[00:10:00.980 --> 00:10:01.210]   feel
[00:10:01.210 --> 00:10:01.440]   for
[00:10:01.440 --> 00:10:01.550]   the
[00:10:01.550 --> 00:10:01.750]   tree
[00:10:01.750 --> 00:10:02.240]   line
[00:10:02.240 --> 00:10:02.300]  .
[00:10:02.300 --> 00:10:02.880]   You
[00:10:02.880 --> 00:10:03.960]   reach
[00:10:03.960 --> 00:10:04.170]   the
[00:10:04.170 --> 00:10:04.460]   open
[00:10:04.460 --> 00:10:04.510]   me
[00:10:04.510 --> 00:10:04.890]  adow
[00:10:04.890 --> 00:10:05.040]  ,
[00:10:05.040 --> 00:10:05.370]   and
[00:10:05.370 --> 00:10:05.490]   you
[00:10:05.490 --> 00:10:05.770]   both
[00:10:05.770 --> 00:10:05.990]   run
[00:10:05.990 --> 00:10:06.200]  .
[00:10:06.200 --> 00:10:06.420]   Not
[00:10:06.420 --> 00:10:07.000]   deciding
[00:10:07.000 --> 00:10:07.260]   to
[00:10:07.260 --> 00:10:07.360]   run
[00:10:07.360 --> 00:10:07.500]  ,
[00:10:07.500 --> 00:10:08.110]   just
[00:10:08.110 --> 00:10:08.300]   running
[00:10:08.300 --> 00:10:08.530]  .
[00:10:08.530 --> 00:10:08.730]   You
[00:10:08.730 --> 00:10:09.150]   return
[00:10:09.150 --> 00:10:09.270]   to
[00:10:09.270 --> 00:10:09.650]   the
[00:10:09.650 --> 00:10:09.920]   main
[00:10:09.920 --> 00:10:10.260]   group
[00:10:10.260 --> 00:10:10.480]   and
[00:10:10.480 --> 00:10:10.930]   report
[00:10:10.930 --> 00:10:11.140]  .
[00:10:11.140 --> 00:10:11.200]   The
[00:10:11.200 --> 00:10:11.900]   hunt
[00:10:11.900 --> 00:10:12.120]   leader
[00:10:12.120 --> 00:10:12.650]   listens
[00:10:12.650 --> 00:10:12.850]   and
[00:10:12.850 --> 00:10:13.230]   sends
[00:10:13.230 --> 00:10:13.780]   nobody
[00:10:13.780 --> 00:10:13.980]   back
[00:10:13.980 --> 00:10:14.220]  .
[00:10:14.220 --> 00:10:14.570]   The
[00:10:14.570 --> 00:10:14.630]   au
[00:10:14.630 --> 00:10:14.720]  ro
[00:10:14.720 --> 00:10:15.050]  chs
[00:10:15.050 --> 00:10:15.160]   are
[00:10:15.160 --> 00:10:15.450]   gone
[00:10:15.450 --> 00:10:15.680]  .
[00:10:15.680 --> 00:10:16.440]   Whatever
[00:10:16.440 --> 00:10:16.730]   shared
[00:10:16.730 --> 00:10:17.120]   that
[00:10:17.120 --> 00:10:17.340]   timber
[00:10:17.340 --> 00:10:17.420]  
[00:10:17.420 --> 00:10:17.580]   with
[00:10:17.580 --> 00:10:17.760]   you
[00:10:17.760 --> 00:10:17.930]   was
[00:10:17.930 --> 00:10:17.990]   not
[00:10:17.990 --> 00:10:18.740]   worth
[00:10:18.740 --> 00:10:18.870]   finding
[00:10:18.870 --> 00:10:19.030]  .
[00:10:19.030 --> 00:10:19.290]   That
[00:10:19.290 --> 00:10:19.570]   night
[00:10:19.570 --> 00:10:19.700]   by
[00:10:19.700 --> 00:10:19.880]   the
[00:10:19.880 --> 00:10:20.110]   fire
[00:10:20.110 --> 00:10:20.230]  ,
[00:10:20.230 --> 00:10:20.410]   you
[00:10:20.410 --> 00:10:20.710]   think
[00:10:20.710 --> 00:10:21.160]   about
[00:10:21.160 --> 00:10:21.490]   the
[00:10:21.490 --> 00:10:21.500]   three
[00:10:21.500 --> 00:10:22.040]   seconds
[00:10:22.040 --> 00:10:22.310]   after
[00:10:22.310 --> 00:10:22.480]   the
[00:10:22.480 --> 00:10:22.980]   breathing
[00:10:22.980 --> 00:10:23.570]   stopped
[00:10:23.570 --> 00:10:23.900]  .
[00:10:23.900 --> 00:10:24.430]   Something
[00:10:24.430 --> 00:10:24.510]   in
[00:10:24.510 --> 00:10:24.710]   the
[00:10:24.710 --> 00:10:25.020]   dark
[00:10:25.020 --> 00:10:25.520]   assessed
[00:10:25.520 --> 00:10:25.780]   you
[00:10:25.780 --> 00:10:25.920]   and
[00:10:25.920 --> 00:10:26.240]   made
[00:10:26.240 --> 00:10:26.630]   a
[00:10:26.630 --> 00:10:26.790]   decision
[00:10:26.790 --> 00:10:27.050]  .
[00:10:27.050 --> 00:10:27.190]   You
[00:10:27.190 --> 00:10:27.320]   do
[00:10:27.320 --> 00:10:27.520]   not
[00:10:27.520 --> 00:10:27.780]   know
[00:10:27.780 --> 00:10:28.060]   what
[00:10:28.060 --> 00:10:28.320]   it
[00:10:28.320 --> 00:10:28.850]   decided
[00:10:28.850 --> 00:10:29.010]   or
[00:10:29.010 --> 00:10:29.100]   why
[00:10:29.100 --> 00:10:29.700]  .
[00:10:29.700 --> 00:10:29.740]   You
[00:10:29.740 --> 00:10:30.010]   only
[00:10:30.010 --> 00:10:30.320]   know
[00:10:30.320 --> 00:10:30.550]   you
[00:10:30.550 --> 00:10:30.780]   are
[00:10:30.780 --> 00:10:30.930]   at
[00:10:30.930 --> 00:10:31.160]   the
[00:10:31.160 --> 00:10:31.470]   fire
[00:10:31.470 --> 00:10:32.470]   because
[00:10:32.470 --> 00:10:32.630]   whatever
[00:10:32.630 --> 00:10:32.890]   it
[00:10:32.890 --> 00:10:33.010]   was
[00:10:33.010 --> 00:10:33.240]   let
[00:10:33.240 --> 00:10:33.470]   you
[00:10:33.470 --> 00:10:33.860]   leave
[00:10:33.860 --> 00:10:34.280]  .
[00:10:34.280 --> 00:10:34.850]   That
[00:10:34.850 --> 00:10:35.320]   is
[00:10:35.320 --> 00:10:35.360]   a
[00:10:35.360 --> 00:10:35.940]   different
[00:10:35.940 --> 00:10:36.010]   kind
[00:10:36.010 --> 00:10:36.760]   of
[00:10:36.760 --> 00:10:36.930]   knowledge
[00:10:36.930 --> 00:10:37.190]   than
[00:10:37.190 --> 00:10:37.720]   anything
[00:10:37.720 --> 00:10:37.920]   you
[00:10:37.920 --> 00:10:38.170]   were
[00:10:38.170 --> 00:10:38.660]   taught
[00:10:38.660 --> 00:10:38.750]  .
[00:10:38.750 --> 00:10:38.880]   It
[00:10:38.880 --> 00:10:39.090]   does
[00:10:39.090 --> 00:10:39.510]   not
[00:10:39.510 --> 00:10:39.520]   sit
[00:10:39.520 --> 00:10:39.650]   in
[00:10:39.650 --> 00:10:39.930]   the
[00:10:39.930 --> 00:10:40.100]   same
[00:10:40.100 --> 00:10:40.430]   place
[00:10:40.430 --> 00:10:41.300]  .
[00:10:41.300 --> 00:10:41.320]   You
[00:10:41.320 --> 00:10:41.860]   get
[00:10:41.860 --> 00:10:41.940]  
[00:10:41.940 --> 00:10:42.340]   quieter
[00:10:42.340 --> 00:10:42.480]   after
[00:10:42.480 --> 00:10:42.950]   that
[00:10:42.950 --> 00:10:43.260]  .
[00:10:43.260 --> 00:10:43.390]   Not
[00:10:43.390 --> 00:10:43.810]   afraid
[00:10:43.810 --> 00:10:43.890]  ,
[00:10:43.890 --> 00:10:44.090]   but
[00:10:44.090 --> 00:10:44.430]   rearr
[00:10:44.430 --> 00:10:44.770]  anged
[00:10:44.770 --> 00:10:45.180]   inside
[00:10:45.180 --> 00:10:45.470]  .
[00:10:45.470 --> 00:10:46.010]   You
[00:10:46.010 --> 00:10:46.850]   understand
[00:10:46.850 --> 00:10:47.820]   that
[00:10:47.820 --> 00:10:48.290]   surviving
[00:10:48.290 --> 00:10:48.500]   is
[00:10:48.500 --> 00:10:48.860]   not
[00:10:48.860 --> 00:10:49.260]   only
[00:10:49.260 --> 00:10:49.590]   about
[00:10:49.590 --> 00:10:49.780]   what
[00:10:49.780 --> 00:10:50.000]   you
[00:10:50.000 --> 00:10:50.140]   do
[00:10:50.140 --> 00:10:50.360]  .
[00:10:50.360 --> 00:10:50.710]   There
[00:10:50.710 --> 00:10:50.860]   is
[00:10:50.860 --> 00:10:51.180]   a
[00:10:51.180 --> 00:10:51.330]   space
[00:10:51.330 --> 00:10:51.800]   between
[00:10:51.800 --> 00:10:52.090]   your
[00:10:52.090 --> 00:10:52.530]   action
[00:10:52.530 --> 00:10:52.820]   and
[00:10:52.820 --> 00:10:53.380]   something
[00:10:53.380 --> 00:10:53.690]   else
[00:10:53.690 --> 00:10:53.930]  's
[00:10:53.930 --> 00:10:54.350]   action
[00:10:54.350 --> 00:10:54.500]  .
[00:10:54.500 --> 00:10:54.720]   And
[00:10:54.720 --> 00:10:54.860]   in
[00:10:54.860 --> 00:10:55.090]   that
[00:10:55.090 --> 00:10:55.740]   space
[00:10:55.740 --> 00:10:56.020]   lives
[00:10:56.020 --> 00:10:56.220]   an
[00:10:56.220 --> 00:10:56.710]   element
[00:10:56.710 --> 00:10:56.840]   that
[00:10:56.840 --> 00:10:57.580]   no
[00:10:57.580 --> 00:10:57.630]   amount
[00:10:57.630 --> 00:10:57.750]   of
[00:10:57.750 --> 00:10:58.080]   skill
[00:10:58.080 --> 00:10:58.580]   removes
[00:10:58.580 --> 00:10:59.260]   entirely
[00:10:59.260 --> 00:10:59.370]  .
[00:10:59.370 --> 00:10:59.580]   You
[00:10:59.580 --> 00:10:59.720]   do
[00:10:59.720 --> 00:10:59.960]   not
[00:10:59.960 --> 00:11:00.370]   say
[00:11:00.370 --> 00:11:00.430]   this
[00:11:00.430 --> 00:11:00.570]   to
[00:11:00.570 --> 00:11:01.000]   anyone
[00:11:01.000 --> 00:11:01.210]   for
[00:11:01.210 --> 00:11:01.280]   a
[00:11:01.280 --> 00:11:01.530]   long
[00:11:01.530 --> 00:11:02.180]   time
[00:11:02.180 --> 00:11:02.180]  .
[00:11:02.180 --> 00:11:03.220]   You
[00:11:03.220 --> 00:11:03.440]   carry
[00:11:03.440 --> 00:11:03.520]  
[00:11:03.520 --> 00:11:03.630]   it
[00:11:03.630 --> 00:11:03.910]  .
[00:11:03.910 --> 00:11:04.070]   Level
[00:11:04.070 --> 00:11:04.840]   6
[00:11:04.840 --> 00:11:04.970]  .
[00:11:04.970 --> 00:11:05.220]   The
[00:11:05.220 --> 00:11:05.500]   one
[00:11:05.500 --> 00:11:05.870]   they
[00:11:05.870 --> 00:11:06.480]   follow
[00:11:06.480 --> 00:11:06.610]  ,
[00:11:06.610 --> 00:11:06.890]   you
[00:11:06.890 --> 00:11:07.590]   are
[00:11:07.590 --> 00:11:07.730]   33
[00:11:07.730 --> 00:11:08.010]  .
[00:11:08.010 --> 00:11:08.290]   You
[00:11:08.290 --> 00:11:08.650]   lead
[00:11:08.650 --> 00:11:09.400]   the
[00:11:09.400 --> 00:11:09.410]   night
[00:11:09.410 --> 00:11:09.600]   sc
[00:11:09.600 --> 00:11:09.970]  outs
[00:11:09.970 --> 00:11:10.440]   now
[00:11:10.440 --> 00:11:10.530]  .
[00:11:10.530 --> 00:11:10.900]   Four
[00:11:10.900 --> 00:11:11.090]   of
[00:11:11.090 --> 00:11:11.460]   them
[00:11:11.460 --> 00:11:12.260]   besides
[00:11:12.260 --> 00:11:12.950]   yourself
[00:11:12.950 --> 00:11:13.660]  ,
[00:11:13.660 --> 00:11:13.710]   ranging
[00:11:13.710 --> 00:11:14.050]   from
[00:11:14.050 --> 00:11:14.560]   17
[00:11:14.560 --> 00:11:14.730]   to
[00:11:14.730 --> 00:11:15.300]   24
[00:11:15.300 --> 00:11:15.560]  .
[00:11:15.560 --> 00:11:15.830]   They
[00:11:15.830 --> 00:11:16.080]   are
[00:11:16.080 --> 00:11:16.410]   not
[00:11:16.410 --> 00:11:16.830]   yours
[00:11:16.830 --> 00:11:16.930]   in
[00:11:16.930 --> 00:11:17.180]   any
[00:11:17.180 --> 00:11:17.950]   formal
[00:11:17.950 --> 00:11:18.220]   sense
[00:11:18.220 --> 00:11:18.370]  .
[00:11:18.370 --> 00:11:18.790]   There
[00:11:18.790 --> 00:11:18.970]   is
[00:11:18.970 --> 00:11:19.260]   no
[00:11:19.260 --> 00:11:19.650]   formal
[00:11:19.650 --> 00:11:20.200]   sense
[00:11:20.200 --> 00:11:20.370]   here
[00:11:20.370 --> 00:11:20.500]  .
[00:11:21.080 --> 00:11:21.160]   But
[00:11:21.160 --> 00:11:21.200]   when
[00:11:21.200 --> 00:11:21.500]   you
[00:11:21.500 --> 00:11:21.630]   slow
[00:11:21.630 --> 00:11:22.480]  ,
[00:11:22.480 --> 00:11:22.500]   they
[00:11:22.500 --> 00:11:22.900]   slow
[00:11:22.900 --> 00:11:23.200]  .
[00:11:23.200 --> 00:11:23.620]   When
[00:11:23.620 --> 00:11:23.900]   you
[00:11:23.900 --> 00:11:24.380]   stop
[00:11:24.380 --> 00:11:24.500]  ,
[00:11:24.500 --> 00:11:25.230]   they
[00:11:25.230 --> 00:11:25.300]   stop
[00:11:25.300 --> 00:11:25.650]  .
[00:11:25.650 --> 00:11:26.000]   When
[00:11:26.000 --> 00:11:26.280]   you
[00:11:26.280 --> 00:11:27.000]   speak
[00:11:27.000 --> 00:11:27.040]   at
[00:11:27.040 --> 00:11:27.300]   the
[00:11:27.300 --> 00:11:27.690]   fire
[00:11:27.690 --> 00:11:28.300]   before
[00:11:28.300 --> 00:11:28.470]   a
[00:11:28.470 --> 00:11:28.880]   hard
[00:11:28.880 --> 00:11:29.140]   night
[00:11:29.140 --> 00:11:29.140]  ,
[00:11:29.580 --> 00:11:29.660]  
[00:11:29.660 --> 00:11:29.820]   their
[00:11:29.820 --> 00:11:30.250]   attention
[00:11:30.250 --> 00:11:30.310]   is
[00:11:30.310 --> 00:11:30.960]   different
[00:11:30.960 --> 00:11:31.000]   from
[00:11:31.000 --> 00:11:31.150]   what
[00:11:31.150 --> 00:11:31.340]   they
[00:11:31.340 --> 00:11:31.530]   give
[00:11:31.530 --> 00:11:31.820]   anyone
[00:11:31.820 --> 00:11:32.010]   else
[00:11:32.010 --> 00:11:32.220]  .
[00:11:32.220 --> 00:11:32.620]   You
[00:11:32.620 --> 00:11:32.900]   did
[00:11:32.900 --> 00:11:33.200]   not
[00:11:33.200 --> 00:11:33.730]   ask
[00:11:33.730 --> 00:11:33.920]   for
[00:11:33.920 --> 00:11:34.370]   this
[00:11:34.370 --> 00:11:34.720]  .
[00:11:34.720 --> 00:11:35.270]   You
[00:11:35.270 --> 00:11:35.540]   are
[00:11:35.540 --> 00:11:35.540]   not
[00:11:35.540 --> 00:11:35.820]   sure
[00:11:35.820 --> 00:11:36.090]   when
[00:11:36.090 --> 00:11:36.240]   it
[00:11:36.240 --> 00:11:36.930]   started
[00:11:36.930 --> 00:11:36.960]  .
[00:11:36.960 --> 00:11:37.170]   The
[00:11:37.170 --> 00:11:37.560]   weight
[00:11:37.560 --> 00:11:37.710]   of
[00:11:37.710 --> 00:11:37.840]   it
[00:11:37.840 --> 00:11:37.980]   is
[00:11:37.980 --> 00:11:38.190]   not
[00:11:38.190 --> 00:11:38.400]   the
[00:11:38.400 --> 00:11:38.680]   same
[00:11:38.680 --> 00:11:38.840]   as
[00:11:38.840 --> 00:11:39.030]   the
[00:11:39.030 --> 00:11:39.290]   fear
[00:11:39.290 --> 00:11:39.690]   from
[00:11:39.690 --> 00:11:39.870]   your
[00:11:39.870 --> 00:11:40.360]   younger
[00:11:40.360 --> 00:11:40.710]   years
[00:11:40.710 --> 00:11:41.500]  .
[00:11:41.500 --> 00:11:41.740]   That
[00:11:41.740 --> 00:11:42.140]   fear
[00:11:42.140 --> 00:11:42.390]   was
[00:11:42.390 --> 00:11:42.820]   about
[00:11:42.820 --> 00:11:43.150]   your
[00:11:43.150 --> 00:11:43.560]   own
[00:11:43.560 --> 00:11:43.770]   body
[00:11:43.770 --> 00:11:44.000]  .
[00:11:44.000 --> 00:11:44.340]   This
[00:11:44.340 --> 00:11:44.680]   sits
[00:11:44.680 --> 00:11:45.620]   differently
[00:11:45.620 --> 00:11:45.880]  .
[00:11:45.880 --> 00:11:46.060]   It
[00:11:46.060 --> 00:11:46.290]   is
[00:11:46.290 --> 00:11:46.710]   about
[00:11:46.710 --> 00:11:47.140]   theirs
[00:11:47.140 --> 00:11:47.380]  .
[00:11:47.380 --> 00:11:48.100]   Your
[00:11:48.100 --> 00:11:48.430]   youngest
[00:11:48.430 --> 00:11:48.860]   scout
[00:11:48.860 --> 00:11:49.140]   is
[00:11:49.140 --> 00:11:49.280]   Fen
[00:11:49.280 --> 00:11:49.660]  .
[00:11:49.660 --> 00:11:50.610]   He
[00:11:50.610 --> 00:11:50.740]   has
[00:11:50.740 --> 00:11:50.920]   the
[00:11:50.920 --> 00:11:51.430]   instincts
[00:11:51.430 --> 00:11:51.590]  ,
[00:11:51.590 --> 00:11:51.930]   but
[00:11:51.930 --> 00:11:52.330]   his
[00:11:52.330 --> 00:11:52.450]   feet
[00:11:52.450 --> 00:11:52.870]   carry
[00:11:52.870 --> 00:11:53.040]   his
[00:11:53.040 --> 00:11:53.780]   excitement
[00:11:53.780 --> 00:11:53.960]   on
[00:11:53.960 --> 00:11:54.220]   runs
[00:11:54.220 --> 00:11:54.430]  .
[00:11:54.430 --> 00:11:55.020]   Too
[00:11:55.020 --> 00:11:55.070]   quick
[00:11:55.070 --> 00:11:55.160]  ,
[00:11:55.160 --> 00:11:56.040]   consistently
[00:11:56.040 --> 00:11:56.160]  ,
[00:11:56.160 --> 00:11:56.610]   you
[00:11:56.610 --> 00:11:56.880]   watch
[00:11:56.880 --> 00:11:56.990]   him
[00:11:56.990 --> 00:11:57.300]   for
[00:11:57.300 --> 00:11:57.540]   two
[00:11:57.540 --> 00:11:57.820]   full
[00:11:57.820 --> 00:11:57.900]  
[00:11:57.900 --> 00:11:58.310]   seasons
[00:11:58.310 --> 00:11:58.520]   and
[00:11:58.520 --> 00:11:59.170]   say
[00:11:59.170 --> 00:11:59.240]   almost
[00:11:59.240 --> 00:11:59.670]   nothing
[00:11:59.670 --> 00:11:59.880]  .
[00:11:59.880 --> 00:12:00.090]   You
[00:12:00.090 --> 00:12:00.300]   let
[00:12:00.300 --> 00:12:00.510]   him
[00:12:00.510 --> 00:12:00.720]   see
[00:12:00.720 --> 00:12:00.930]   the
[00:12:00.930 --> 00:12:01.590]   contrast
[00:12:01.590 --> 00:12:01.970]  .
[00:12:01.970 --> 00:12:01.990]   Then
[00:12:01.990 --> 00:12:02.130]  ,
[00:12:02.130 --> 00:12:02.390]   one
[00:12:02.390 --> 00:12:02.810]   evening
[00:12:02.810 --> 00:12:03.340]   before
[00:12:03.340 --> 00:12:03.340]   a
[00:12:03.340 --> 00:12:03.780]   run
[00:12:03.780 --> 00:12:03.800]  ,
[00:12:03.800 --> 00:12:03.940]   you
[00:12:03.940 --> 00:12:04.120]   tell
[00:12:04.120 --> 00:12:04.330]   him
[00:12:04.330 --> 00:12:04.710]   plain
[00:12:04.710 --> 00:12:04.860]  ly
[00:12:04.860 --> 00:12:05.020]  ,
[00:12:05.020 --> 00:12:05.470]   slow
[00:12:05.470 --> 00:12:05.540]   is
[00:12:05.540 --> 00:12:05.690]   not
[00:12:05.690 --> 00:12:06.070]   about
[00:12:06.070 --> 00:12:06.290]   the
[00:12:06.290 --> 00:12:06.740]   danger
[00:12:06.740 --> 00:12:07.160]   being
[00:12:07.160 --> 00:12:07.420]   less
[00:12:07.420 --> 00:12:07.640]  .
[00:12:07.640 --> 00:12:07.850]   Slow
[00:12:07.850 --> 00:12:08.270]   is
[00:12:08.270 --> 00:12:08.470]   about
[00:12:08.470 --> 00:12:08.850]   being
[00:12:08.850 --> 00:12:09.290]   harder
[00:12:09.290 --> 00:12:09.430]   to
[00:12:09.430 --> 00:12:10.080]   detect
[00:12:10.080 --> 00:12:10.220]  .
[00:12:11.660 --> 00:12:11.660]   Fast
[00:12:11.660 --> 00:12:11.660]   is
[00:12:11.660 --> 00:12:11.660]   for
[00:12:11.660 --> 00:12:11.740]   after
[00:12:11.740 --> 00:12:11.750]   the
[00:12:11.750 --> 00:12:12.180]   decision
[00:12:12.180 --> 00:12:13.080]   has
[00:12:13.080 --> 00:12:13.370]   already
[00:12:13.370 --> 00:12:13.730]   been
[00:12:13.730 --> 00:12:14.090]   made
[00:12:14.090 --> 00:12:14.360]  .
[00:12:14.360 --> 00:12:14.960]   Before
[00:12:14.960 --> 00:12:15.240]   that
[00:12:15.240 --> 00:12:15.820]   moment
[00:12:15.820 --> 00:12:15.980]  ,
[00:12:15.980 --> 00:12:16.340]   slow
[00:12:16.340 --> 00:12:16.520]   is
[00:12:16.520 --> 00:12:16.820]   the
[00:12:16.820 --> 00:12:16.970]   sharp
[00:12:16.970 --> 00:12:17.180]  est
[00:12:17.180 --> 00:12:17.340]   thing
[00:12:17.340 --> 00:12:17.420]  
[00:12:17.420 --> 00:12:17.640]   you
[00:12:17.640 --> 00:12:18.040]   have
[00:12:18.040 --> 00:12:18.210]  .
[00:12:18.210 --> 00:12:18.740]   On
[00:12:18.740 --> 00:12:18.770]   the
[00:12:18.770 --> 00:12:19.120]   next
[00:12:19.120 --> 00:12:19.380]   run
[00:12:19.380 --> 00:12:19.550]   he
[00:12:19.550 --> 00:12:19.990]   slows
[00:12:19.990 --> 00:12:20.250]  .
[00:12:20.250 --> 00:12:20.510]   Not
[00:12:20.510 --> 00:12:21.490]   completely
[00:12:21.490 --> 00:12:21.740]  .
[00:12:21.740 --> 00:12:21.910]   But
[00:12:21.910 --> 00:12:22.040]   you
[00:12:22.040 --> 00:12:22.190]   can
[00:12:22.190 --> 00:12:22.360]   see
[00:12:22.360 --> 00:12:22.440]   it
[00:12:22.440 --> 00:12:22.630]  .
[00:12:22.630 --> 00:12:23.300]   You
[00:12:23.300 --> 00:12:24.190]   remember
[00:12:24.190 --> 00:12:24.340]   D
[00:12:24.340 --> 00:12:24.420]  ure
[00:12:24.420 --> 00:12:24.590]  tte
[00:12:24.590 --> 00:12:24.730]  's
[00:12:24.730 --> 00:12:24.960]   hand
[00:12:24.960 --> 00:12:25.100]   on
[00:12:25.100 --> 00:12:25.350]   your
[00:12:25.350 --> 00:12:25.860]   shoulder
[00:12:25.860 --> 00:12:26.110]   over
[00:12:26.110 --> 00:12:26.520]   the
[00:12:26.520 --> 00:12:26.740]   dropped
[00:12:26.740 --> 00:12:27.060]   torch
[00:12:27.060 --> 00:12:27.270]  .
[00:12:27.270 --> 00:12:27.460]   You
[00:12:27.460 --> 00:12:27.950]   remember
[00:12:27.950 --> 00:12:28.140]   Kor
[00:12:28.140 --> 00:12:28.260]  ik
[00:12:28.260 --> 00:12:28.880]   stopping
[00:12:28.880 --> 00:12:29.020]   half
[00:12:29.020 --> 00:12:29.250]   a
[00:12:29.250 --> 00:12:29.330]   step
[00:12:29.330 --> 00:12:29.670]   after
[00:12:29.670 --> 00:12:29.840]   you
[00:12:29.840 --> 00:12:29.960]   in
[00:12:29.960 --> 00:12:30.150]   the
[00:12:30.150 --> 00:12:30.390]   dark
[00:12:30.390 --> 00:12:30.680]  .
[00:12:31.180 --> 00:12:31.180]   That
[00:12:31.180 --> 00:12:31.260]   word
[00:12:31.260 --> 00:12:31.430]  less
[00:12:31.430 --> 00:12:31.700]   confirmation
[00:12:31.700 --> 00:12:32.580]   that
[00:12:32.580 --> 00:12:32.710]   your
[00:12:32.710 --> 00:12:32.930]   nose
[00:12:32.930 --> 00:12:33.130]   had
[00:12:33.130 --> 00:12:33.490]   caught
[00:12:33.490 --> 00:12:34.050]   something
[00:12:34.050 --> 00:12:34.300]   real
[00:12:34.300 --> 00:12:34.540]  .
[00:12:35.340 --> 00:12:35.340]   The
[00:12:35.340 --> 00:12:35.420]   things
[00:12:35.420 --> 00:12:35.640]   that
[00:12:35.640 --> 00:12:35.850]   kept
[00:12:35.850 --> 00:12:36.410]   you
[00:12:36.410 --> 00:12:36.760]   alive
[00:12:36.760 --> 00:12:36.990]   were
[00:12:36.990 --> 00:12:37.290]   not
[00:12:37.290 --> 00:12:37.580]   only
[00:12:37.580 --> 00:12:37.920]   your
[00:12:37.920 --> 00:12:38.170]   own
[00:12:38.170 --> 00:12:38.760]   choices
[00:12:38.760 --> 00:12:39.210]  .
[00:12:39.210 --> 00:12:39.490]   They
[00:12:39.490 --> 00:12:39.910]   were
[00:12:39.910 --> 00:12:40.230]   built
[00:12:40.230 --> 00:12:40.540]   into
[00:12:40.540 --> 00:12:40.860]   you
[00:12:40.860 --> 00:12:41.300]   by
[00:12:41.300 --> 00:12:41.440]   people
[00:12:41.440 --> 00:12:41.660]   who
[00:12:41.660 --> 00:12:41.740]  
[00:12:41.740 --> 00:12:41.910]   made
[00:12:41.910 --> 00:12:42.150]   room
[00:12:42.150 --> 00:12:42.350]   for
[00:12:42.350 --> 00:12:42.380]   you
[00:12:42.380 --> 00:12:42.640]   to
[00:12:42.640 --> 00:12:43.080]   learn
[00:12:43.080 --> 00:12:43.390]   without
[00:12:43.390 --> 00:12:43.830]   killing
[00:12:43.830 --> 00:12:44.080]   your
[00:12:44.080 --> 00:12:44.770]   willingness
[00:12:44.770 --> 00:12:44.960]   to
[00:12:44.960 --> 00:12:45.070]   try
[00:12:45.070 --> 00:12:45.270]  .
[00:12:45.270 --> 00:12:45.810]   You
[00:12:45.810 --> 00:12:46.040]   try
[00:12:46.040 --> 00:12:46.280]   to
[00:12:46.280 --> 00:12:46.810]   build
[00:12:46.810 --> 00:12:47.620]   that
[00:12:47.620 --> 00:12:47.740]   same
[00:12:47.740 --> 00:12:47.980]   room
[00:12:47.980 --> 00:12:48.060]  
[00:12:48.060 --> 00:12:48.200]   for
[00:12:48.200 --> 00:12:48.420]   Fen
[00:12:48.420 --> 00:12:48.530]  .
[00:12:48.530 --> 00:12:48.650]   You
[00:12:48.650 --> 00:12:49.010]   do
[00:12:49.010 --> 00:12:49.400]   not
[00:12:49.400 --> 00:12:49.680]   always
[00:12:49.680 --> 00:12:50.150]   manage
[00:12:50.150 --> 00:12:50.280]   it
[00:12:50.280 --> 00:12:50.520]  .
[00:12:50.520 --> 00:12:50.800]   Some
[00:12:50.800 --> 00:12:51.280]   nights
[00:12:51.280 --> 00:12:51.500]  ,
[00:12:51.500 --> 00:12:52.110]   the
[00:12:52.110 --> 00:12:52.130]   danger
[00:12:52.130 --> 00:12:52.240]   is
[00:12:52.240 --> 00:12:52.550]   too
[00:12:52.550 --> 00:12:52.780]   close
[00:12:52.780 --> 00:12:52.940]  ,
[00:12:52.940 --> 00:12:53.180]   and
[00:12:53.180 --> 00:12:53.670]   you
[00:12:53.670 --> 00:12:53.900]   have
[00:12:53.900 --> 00:12:53.940]   to
[00:12:53.940 --> 00:12:54.060]   be
[00:12:54.060 --> 00:12:54.320]   hard
[00:12:54.320 --> 00:12:54.520]   with
[00:12:54.520 --> 00:12:54.730]   them
[00:12:54.730 --> 00:12:54.830]   in
[00:12:54.830 --> 00:12:55.040]   ways
[00:12:55.040 --> 00:12:55.200]   you
[00:12:55.200 --> 00:12:55.470]   regret
[00:12:55.470 --> 00:12:55.620]   by
[00:12:55.620 --> 00:12:55.920]   the
[00:12:55.920 --> 00:12:56.040]   time
[00:12:56.040 --> 00:12:56.150]   you
[00:12:56.150 --> 00:12:56.310]   are
[00:12:56.310 --> 00:12:56.690]   sitting
[00:12:56.690 --> 00:12:56.790]   at
[00:12:56.790 --> 00:12:56.950]   the
[00:12:56.950 --> 00:12:57.160]   fire
[00:12:57.160 --> 00:12:57.590]   watching
[00:12:57.590 --> 00:12:57.860]   their
[00:12:57.860 --> 00:12:58.130]   faces
[00:12:58.130 --> 00:12:58.670]  .
[00:12:58.670 --> 00:12:59.620]   Every
[00:12:59.620 --> 00:13:00.620]   dawn
[00:13:00.620 --> 00:13:01.320]   is
[00:13:01.320 --> 00:13:01.900]   temporary
[00:13:01.900 --> 00:13:01.960]  .
[00:13:01.960 --> 00:13:02.290]   The
[00:13:02.290 --> 00:13:02.730]   dark
[00:13:02.730 --> 00:13:02.870]   comes
[00:13:02.870 --> 00:13:03.130]   back
[00:13:03.130 --> 00:13:03.320]   the
[00:13:03.320 --> 00:13:03.580]   same
[00:13:03.580 --> 00:13:03.770]   way
[00:13:03.770 --> 00:13:04.030]   your
[00:13:04.030 --> 00:13:04.420]   mother
[00:13:04.420 --> 00:13:04.620]   fed
[00:13:04.620 --> 00:13:04.800]   the
[00:13:04.800 --> 00:13:05.060]   fire
[00:13:05.060 --> 00:13:05.470]  .
[00:13:05.470 --> 00:13:05.700]   Without
[00:13:05.700 --> 00:13:06.480]   announcement
[00:13:06.480 --> 00:13:07.280]  ,
[00:13:07.280 --> 00:13:07.560]   without
[00:13:07.560 --> 00:13:07.850]   end
[00:13:07.850 --> 00:13:08.000]  .
[00:13:09.260 --> 00:13:09.340]   Level
[00:13:09.340 --> 00:13:09.980]   7
[00:13:09.980 --> 00:13:10.040]  .
[00:13:10.040 --> 00:13:10.300]   The
[00:13:10.300 --> 00:13:10.660]   one
[00:13:10.660 --> 00:13:10.790]   the
[00:13:10.790 --> 00:13:11.030]   band
[00:13:11.030 --> 00:13:11.550]   depends
[00:13:11.550 --> 00:13:11.690]   on
[00:13:11.690 --> 00:13:11.940]  .
[00:13:11.940 --> 00:13:12.300]   You
[00:13:12.300 --> 00:13:12.490]   are
[00:13:12.490 --> 00:13:13.030]   41
[00:13:13.030 --> 00:13:13.320]  .
[00:13:13.320 --> 00:13:13.400]  
[00:13:13.400 --> 00:13:13.780]   There
[00:13:13.780 --> 00:13:14.720]   are
[00:13:14.720 --> 00:13:14.850]   children
[00:13:14.850 --> 00:13:15.160]   here
[00:13:15.160 --> 00:13:15.430]   who
[00:13:15.430 --> 00:13:15.800]   have
[00:13:15.800 --> 00:13:16.360]   never
[00:13:16.360 --> 00:13:16.760]   known
[00:13:16.760 --> 00:13:16.810]   a
[00:13:16.810 --> 00:13:17.050]   night
[00:13:17.050 --> 00:13:17.470]   where
[00:13:17.470 --> 00:13:17.720]   someone
[00:13:17.720 --> 00:13:18.120]   other
[00:13:18.120 --> 00:13:18.440]   than
[00:13:18.440 --> 00:13:18.630]   you
[00:13:18.630 --> 00:13:19.280]   was
[00:13:19.280 --> 00:13:19.620]   the
[00:13:19.620 --> 00:13:19.900]   person
[00:13:19.900 --> 00:13:20.080]   the
[00:13:20.080 --> 00:13:20.490]   adults
[00:13:20.490 --> 00:13:20.630]   looked
[00:13:20.630 --> 00:13:21.030]   to
[00:13:21.030 --> 00:13:21.500]   when
[00:13:21.500 --> 00:13:21.910]   something
[00:13:21.910 --> 00:13:22.250]   moved
[00:13:22.250 --> 00:13:22.380]   at
[00:13:22.380 --> 00:13:22.620]   the
[00:13:22.620 --> 00:13:23.190]   perimeter
[00:13:23.190 --> 00:13:23.390]  .
[00:13:23.390 --> 00:13:23.650]   That
[00:13:23.650 --> 00:13:24.230]   reaches
[00:13:24.230 --> 00:13:24.340]   you
[00:13:24.340 --> 00:13:24.650]   one
[00:13:24.650 --> 00:13:25.020]   morning
[00:13:25.020 --> 00:13:25.290]   when
[00:13:25.290 --> 00:13:25.430]   a
[00:13:25.430 --> 00:13:25.650]   girl
[00:13:25.650 --> 00:13:26.040]   of
[00:13:26.040 --> 00:13:26.080]   about
[00:13:26.080 --> 00:13:26.350]   nine
[00:13:26.350 --> 00:13:26.670]   walks
[00:13:26.670 --> 00:13:26.810]   to
[00:13:26.810 --> 00:13:27.000]   you
[00:13:27.000 --> 00:13:27.140]   at
[00:13:27.140 --> 00:13:27.490]   the
[00:13:27.490 --> 00:13:27.610]   fire
[00:13:27.610 --> 00:13:27.740]  's
[00:13:27.740 --> 00:13:28.030]   edge
[00:13:28.030 --> 00:13:28.140]  ,
[00:13:28.140 --> 00:13:28.410]   puts
[00:13:28.410 --> 00:13:28.470]   a
[00:13:28.470 --> 00:13:28.800]   piece
[00:13:28.800 --> 00:13:28.930]   of
[00:13:28.930 --> 00:13:29.380]   dried
[00:13:29.380 --> 00:13:29.530]   meat
[00:13:29.530 --> 00:13:29.650]   in
[00:13:29.650 --> 00:13:30.200]   your
[00:13:30.200 --> 00:13:30.230]   hand
[00:13:30.230 --> 00:13:30.330]  ,
[00:13:30.330 --> 00:13:30.650]   and
[00:13:30.650 --> 00:13:30.860]   walks
[00:13:30.860 --> 00:13:31.240]   away
[00:13:31.240 --> 00:13:31.480]   without
[00:13:31.480 --> 00:13:31.670]   any
[00:13:31.670 --> 00:13:32.000]   explanation
[00:13:32.000 --> 00:13:32.540]  .
[00:13:32.540 --> 00:13:32.880]   You
[00:13:32.880 --> 00:13:33.010]   hold
[00:13:33.010 --> 00:13:33.180]   the
[00:13:33.180 --> 00:13:33.430]   meat
[00:13:33.430 --> 00:13:33.650]   and
[00:13:33.650 --> 00:13:34.250]   understand
[00:13:34.250 --> 00:13:34.520]   you
[00:13:34.520 --> 00:13:34.780]   have
[00:13:34.780 --> 00:13:35.060]   become
[00:13:35.060 --> 00:13:35.640]   something
[00:13:35.640 --> 00:13:35.890]   this
[00:13:35.890 --> 00:13:36.200]   group
[00:13:36.200 --> 00:13:36.390]   has
[00:13:36.390 --> 00:13:36.470]   no
[00:13:36.470 --> 00:13:36.940]   simple
[00:13:36.940 --> 00:13:37.020]  
[00:13:37.020 --> 00:13:37.290]   word
[00:13:37.290 --> 00:13:37.450]   for
[00:13:37.450 --> 00:13:37.600]  .
[00:13:37.600 --> 00:13:38.350]   Your
[00:13:38.350 --> 00:13:38.510]   back
[00:13:38.510 --> 00:13:38.770]   has
[00:13:38.770 --> 00:13:39.390]   decades
[00:13:39.390 --> 00:13:39.980]   stored
[00:13:39.980 --> 00:13:40.090]   in
[00:13:40.090 --> 00:13:40.260]   it
[00:13:40.260 --> 00:13:40.430]  ,
[00:13:40.430 --> 00:13:41.090]   long
[00:13:41.090 --> 00:13:41.240]   crouch
[00:13:41.240 --> 00:13:41.360]  es
[00:13:41.360 --> 00:13:41.510]   in
[00:13:41.510 --> 00:13:41.730]   cold
[00:13:41.730 --> 00:13:42.050]   grass
[00:13:42.050 --> 00:13:42.210]  ,
[00:13:42.210 --> 00:13:42.900]   the
[00:13:42.900 --> 00:13:43.500]   particular
[00:13:43.500 --> 00:13:43.940]   ache
[00:13:43.940 --> 00:13:44.330]   of
[00:13:44.330 --> 00:13:44.500]   held
[00:13:44.500 --> 00:13:44.850]   still
[00:13:44.850 --> 00:13:45.010]  ness
[00:13:45.010 --> 00:13:45.160]  .
[00:13:45.160 --> 00:13:45.900]   Your
[00:13:45.900 --> 00:13:46.030]   knees
[00:13:46.030 --> 00:13:46.530]   announce
[00:13:46.530 --> 00:13:47.230]   themselves
[00:13:47.230 --> 00:13:47.370]   on
[00:13:47.370 --> 00:13:47.650]   cold
[00:13:47.650 --> 00:13:48.630]   mornings
[00:13:48.630 --> 00:13:48.650]   before
[00:13:48.650 --> 00:13:48.840]   you
[00:13:48.840 --> 00:13:49.070]   are
[00:13:49.070 --> 00:13:49.400]   fully
[00:13:49.400 --> 00:13:49.700]   awake
[00:13:49.700 --> 00:13:50.460]  .
[00:13:50.460 --> 00:13:50.460]   You
[00:13:50.460 --> 00:13:50.930]   are
[00:13:50.930 --> 00:13:51.500]   not
[00:13:51.500 --> 00:13:51.700]   old
[00:13:51.700 --> 00:13:51.840]   by
[00:13:51.840 --> 00:13:52.130]   some
[00:13:52.130 --> 00:13:52.710]   measures
[00:13:52.710 --> 00:13:53.100]  .
[00:13:53.100 --> 00:13:53.150]   But
[00:13:53.150 --> 00:13:53.370]   you
[00:13:53.370 --> 00:13:53.650]   are
[00:13:53.650 --> 00:13:53.810]   old
[00:13:53.810 --> 00:13:54.030]   the
[00:13:54.030 --> 00:13:54.250]   way
[00:13:54.250 --> 00:13:54.540]   that
[00:13:54.540 --> 00:13:55.000]   20
[00:13:55.000 --> 00:13:55.320]   years
[00:13:55.320 --> 00:13:55.850]   of
[00:13:55.850 --> 00:13:55.920]   moving
[00:13:55.920 --> 00:13:56.060]   at
[00:13:56.060 --> 00:13:56.420]   night
[00:13:56.420 --> 00:13:56.780]   makes
[00:13:56.780 --> 00:13:56.850]   a
[00:13:56.850 --> 00:13:57.360]   body
[00:13:57.360 --> 00:13:57.660]   old
[00:13:57.660 --> 00:13:57.680]  .
[00:13:57.680 --> 00:13:58.700]   There
[00:13:58.700 --> 00:13:58.700]   are
[00:13:58.700 --> 00:13:58.780]  
[00:13:58.780 --> 00:13:59.230]   faster
[00:13:59.230 --> 00:13:59.330]   men
[00:13:59.330 --> 00:14:00.050]   now
[00:14:00.050 --> 00:14:00.120]  .
[00:14:00.120 --> 00:14:00.500]   There
[00:14:00.500 --> 00:14:00.770]   are
[00:14:00.770 --> 00:14:00.950]   sc
[00:14:00.950 --> 00:14:01.310]  outs
[00:14:01.310 --> 00:14:01.740]   with
[00:14:01.740 --> 00:14:02.270]   sharper
[00:14:02.270 --> 00:14:02.850]   ears
[00:14:02.850 --> 00:14:02.930]  .
[00:14:02.930 --> 00:14:03.270]   You
[00:14:03.270 --> 00:14:03.470]   say
[00:14:03.470 --> 00:14:03.650]   so
[00:14:03.650 --> 00:14:03.910]  .
[00:14:03.910 --> 00:14:04.390]   You
[00:14:04.390 --> 00:14:04.640]   tell
[00:14:04.640 --> 00:14:04.660]   F
[00:14:04.660 --> 00:14:04.910]  enn
[00:14:04.910 --> 00:14:05.090]  ,
[00:14:05.090 --> 00:14:05.700]   25
[00:14:05.700 --> 00:14:05.900]   now
[00:14:05.900 --> 00:14:06.200]   and
[00:14:06.200 --> 00:14:06.610]   leading
[00:14:06.610 --> 00:14:06.860]   runs
[00:14:06.860 --> 00:14:07.020]   you
[00:14:07.020 --> 00:14:07.180]   no
[00:14:07.180 --> 00:14:07.520]   longer
[00:14:07.520 --> 00:14:07.680]   go
[00:14:07.680 --> 00:14:07.980]   on
[00:14:07.980 --> 00:14:08.420]  ,
[00:14:08.420 --> 00:14:08.460]   that
[00:14:08.460 --> 00:14:08.700]   his
[00:14:08.700 --> 00:14:09.020]   ears
[00:14:09.020 --> 00:14:09.260]   are
[00:14:09.260 --> 00:14:09.740]   better
[00:14:09.740 --> 00:14:10.060]   than
[00:14:10.060 --> 00:14:10.460]   yours
[00:14:10.460 --> 00:14:10.590]   in
[00:14:10.590 --> 00:14:10.890]   the
[00:14:10.890 --> 00:14:11.170]   bir
[00:14:11.170 --> 00:14:11.260]  ch
[00:14:11.260 --> 00:14:11.740]   stands
[00:14:11.740 --> 00:14:11.980]  .
[00:14:11.980 --> 00:14:12.140]   He
[00:14:12.140 --> 00:14:12.540]   takes
[00:14:12.540 --> 00:14:12.710]   it
[00:14:12.710 --> 00:14:12.980]   as
[00:14:12.980 --> 00:14:13.100]   mod
[00:14:13.100 --> 00:14:13.550]  esty
[00:14:13.550 --> 00:14:13.680]   at
[00:14:13.680 --> 00:14:14.120]   first
[00:14:14.120 --> 00:14:14.380]  .
[00:14:14.380 --> 00:14:15.080]   You
[00:14:15.080 --> 00:14:15.250]   explain
[00:14:15.250 --> 00:14:15.630]   that
[00:14:15.630 --> 00:14:15.770]   it
[00:14:15.770 --> 00:14:15.940]   is
[00:14:15.940 --> 00:14:16.220]   not
[00:14:16.220 --> 00:14:16.460]  .
[00:14:16.460 --> 00:14:16.720]   It
[00:14:16.720 --> 00:14:16.800]   is
[00:14:16.800 --> 00:14:16.980]   a
[00:14:16.980 --> 00:14:17.230]   fact
[00:14:17.230 --> 00:14:17.830]   he
[00:14:17.830 --> 00:14:17.840]   needs
[00:14:17.840 --> 00:14:18.010]   to
[00:14:18.010 --> 00:14:18.270]   act
[00:14:18.270 --> 00:14:18.440]   on
[00:14:18.440 --> 00:14:18.610]  ,
[00:14:18.610 --> 00:14:18.870]   and
[00:14:18.870 --> 00:14:19.560]   acting
[00:14:19.560 --> 00:14:19.640]   on
[00:14:19.640 --> 00:14:19.730]   it
[00:14:19.730 --> 00:14:20.680]   correctly
[00:14:20.680 --> 00:14:21.070]   means
[00:14:21.070 --> 00:14:21.260]   his
[00:14:21.260 --> 00:14:21.340]  
[00:14:21.340 --> 00:14:22.300]   responsibility
[00:14:22.300 --> 00:14:22.670]   at
[00:14:22.670 --> 00:14:22.830]   night
[00:14:22.830 --> 00:14:22.980]   is
[00:14:22.980 --> 00:14:23.430]   larger
[00:14:23.430 --> 00:14:23.730]   than
[00:14:23.730 --> 00:14:23.880]   it
[00:14:23.880 --> 00:14:24.100]   was
[00:14:24.100 --> 00:14:24.300]  ,
[00:14:24.300 --> 00:14:24.560]   not
[00:14:24.560 --> 00:14:24.990]   smaller
[00:14:24.990 --> 00:14:25.330]  .
[00:14:25.330 --> 00:14:25.410]   A
[00:14:25.410 --> 00:14:25.900]   predator
[00:14:25.900 --> 00:14:26.180]   gets
[00:14:26.180 --> 00:14:26.860]   through
[00:14:26.860 --> 00:14:27.200]   the
[00:14:27.200 --> 00:14:27.200]   western
[00:14:27.200 --> 00:14:27.690]   perimeter
[00:14:27.690 --> 00:14:27.810]   on
[00:14:27.810 --> 00:14:27.840]   a
[00:14:27.840 --> 00:14:27.920]   winter
[00:14:27.920 --> 00:14:28.600]   night
[00:14:28.600 --> 00:14:28.620]   and
[00:14:28.620 --> 00:14:28.890]   kills
[00:14:28.890 --> 00:14:29.050]   one
[00:14:29.050 --> 00:14:29.160]   of
[00:14:29.160 --> 00:14:29.320]   the
[00:14:29.320 --> 00:14:29.760]   youngest
[00:14:29.760 --> 00:14:30.240]   members
[00:14:30.240 --> 00:14:30.250]   of
[00:14:30.250 --> 00:14:30.500]   the
[00:14:30.500 --> 00:14:30.630]   band
[00:14:30.630 --> 00:14:31.350]   before
[00:14:31.350 --> 00:14:31.440]   anyone
[00:14:31.440 --> 00:14:31.700]   can
[00:14:31.700 --> 00:14:32.120]   reach
[00:14:32.120 --> 00:14:32.220]   the
[00:14:32.220 --> 00:14:32.710]   site
[00:14:32.710 --> 00:14:33.100]  .
[00:14:33.100 --> 00:14:33.230]   The
[00:14:33.230 --> 00:14:33.650]   child
[00:14:33.650 --> 00:14:33.800]   is
[00:14:33.800 --> 00:14:34.310]   barely
[00:14:34.310 --> 00:14:34.740]   four
[00:14:34.740 --> 00:14:35.070]   years
[00:14:35.070 --> 00:14:35.310]   old
[00:14:35.310 --> 00:14:35.820]  .
[00:14:35.820 --> 00:14:35.850]   You
[00:14:35.850 --> 00:14:36.070]   are
[00:14:36.070 --> 00:14:36.270]   at
[00:14:36.270 --> 00:14:36.490]   the
[00:14:36.490 --> 00:14:37.000]   eastern
[00:14:37.000 --> 00:14:37.660]   post
[00:14:37.660 --> 00:14:37.670]  .
[00:14:37.670 --> 00:14:37.920]   The
[00:14:37.920 --> 00:14:38.430]   attack
[00:14:38.430 --> 00:14:38.940]   comes
[00:14:38.940 --> 00:14:39.120]   from
[00:14:39.120 --> 00:14:39.320]   the
[00:14:39.320 --> 00:14:39.630]   direction
[00:14:39.630 --> 00:14:40.240]   that
[00:14:40.240 --> 00:14:40.520]   is
[00:14:40.520 --> 00:14:40.650]   not
[00:14:40.650 --> 00:14:40.940]   yours
[00:14:40.940 --> 00:14:41.150]  .
[00:14:41.150 --> 00:14:41.360]   You
[00:14:41.360 --> 00:14:41.570]   sit
[00:14:41.570 --> 00:14:41.850]   with
[00:14:41.850 --> 00:14:42.160]   that
[00:14:42.160 --> 00:14:42.410]   for
[00:14:42.410 --> 00:14:42.420]   a
[00:14:42.420 --> 00:14:42.690]   long
[00:14:42.690 --> 00:14:42.960]   time
[00:14:42.960 --> 00:14:43.270]  .
[00:14:43.270 --> 00:14:43.390]   You
[00:14:43.390 --> 00:14:43.530]   go
[00:14:43.530 --> 00:14:43.810]   back
[00:14:43.810 --> 00:14:44.290]   through
[00:14:44.290 --> 00:14:45.040]   every
[00:14:45.040 --> 00:14:45.040]   decision
[00:14:45.040 --> 00:14:45.120]  
[00:14:45.120 --> 00:14:45.180]   of
[00:14:45.180 --> 00:14:45.460]   that
[00:14:45.460 --> 00:14:45.590]   night
[00:14:45.590 --> 00:14:46.030]  .
[00:14:46.030 --> 00:14:46.460]   The
[00:14:46.460 --> 00:14:47.060]   positioning
[00:14:47.060 --> 00:14:47.320]   was
[00:14:47.320 --> 00:14:47.760]   right
[00:14:47.760 --> 00:14:48.080]  .
[00:14:48.080 --> 00:14:48.340]   The
[00:14:48.340 --> 00:14:49.190]   rotations
[00:14:49.190 --> 00:14:49.400]   were
[00:14:49.400 --> 00:14:49.750]   right
[00:14:49.750 --> 00:14:49.960]  .
[00:14:49.960 --> 00:14:50.170]   The
[00:14:50.170 --> 00:14:51.000]   arrangement
[00:14:51.000 --> 00:14:51.420]   was
[00:14:51.420 --> 00:14:51.600]   what
[00:14:51.600 --> 00:14:51.750]   it
[00:14:51.750 --> 00:14:51.970]   has
[00:14:51.970 --> 00:14:52.120]   always
[00:14:52.120 --> 00:14:52.940]   been
[00:14:52.940 --> 00:14:53.020]  .
[00:14:53.020 --> 00:14:53.240]   None
[00:14:53.240 --> 00:14:53.390]   of
[00:14:53.390 --> 00:14:53.690]   that
[00:14:53.690 --> 00:14:54.060]   lifts
[00:14:54.060 --> 00:14:54.280]   the
[00:14:54.280 --> 00:14:54.730]   weight
[00:14:54.730 --> 00:14:54.950]  .
[00:14:54.950 --> 00:14:55.220]   What
[00:14:55.220 --> 00:14:55.750]   you
[00:14:55.750 --> 00:14:55.920]   arrive
[00:14:55.920 --> 00:14:56.170]   at
[00:14:56.170 --> 00:14:56.220]  ,
[00:14:56.220 --> 00:14:56.900]   eventually
[00:14:56.900 --> 00:14:57.170]  ,
[00:14:57.170 --> 00:14:57.560]   is
[00:14:57.560 --> 00:14:57.700]   that
[00:14:57.700 --> 00:14:57.960]   you
[00:14:57.960 --> 00:14:58.240]   can
[00:14:58.240 --> 00:14:58.440]   build
[00:14:58.440 --> 00:14:58.610]   the
[00:14:58.610 --> 00:14:58.840]   best
[00:14:58.840 --> 00:14:59.840]   structure
[00:14:59.840 --> 00:14:59.900]   knowledge
[00:14:59.900 --> 00:15:00.070]   and
[00:15:00.070 --> 00:15:00.660]   experience
[00:15:00.660 --> 00:15:00.980]   allow
[00:15:00.980 --> 00:15:01.060]  ,
[00:15:01.060 --> 00:15:01.230]   and
[00:15:01.230 --> 00:15:01.480]   the
[00:15:01.480 --> 00:15:01.740]   night
[00:15:01.740 --> 00:15:01.920]   will
[00:15:01.920 --> 00:15:02.170]   still
[00:15:02.170 --> 00:15:02.590]   find
[00:15:02.590 --> 00:15:02.610]   the
[00:15:02.610 --> 00:15:03.010]   gap
[00:15:03.010 --> 00:15:03.120]   that
[00:15:03.120 --> 00:15:03.520]   structure
[00:15:03.520 --> 00:15:03.980]   cannot
[00:15:03.980 --> 00:15:04.120]   close
[00:15:04.120 --> 00:15:04.920]  .
[00:15:04.920 --> 00:15:05.070]   Accept
[00:15:05.070 --> 00:15:05.280]  ing
[00:15:05.280 --> 00:15:05.580]   that
[00:15:05.580 --> 00:15:06.120]   without
[00:15:06.120 --> 00:15:06.270]   it
[00:15:06.270 --> 00:15:06.820]   hollow
[00:15:06.820 --> 00:15:06.960]  ing
[00:15:06.960 --> 00:15:07.300]   out
[00:15:07.300 --> 00:15:07.670]   your
[00:15:07.670 --> 00:15:08.180]   readiness
[00:15:08.180 --> 00:15:08.330]   is
[00:15:08.330 --> 00:15:08.720]   harder
[00:15:08.720 --> 00:15:09.090]   than
[00:15:09.090 --> 00:15:09.480]   any
[00:15:09.480 --> 00:15:10.080]   technique
[00:15:10.080 --> 00:15:10.280]   you
[00:15:10.280 --> 00:15:10.360]  
[00:15:10.360 --> 00:15:10.630]   have
[00:15:10.630 --> 00:15:11.350]   ever
[00:15:11.350 --> 00:15:11.700]   learned
[00:15:11.700 --> 00:15:11.850]  .
[00:15:11.850 --> 00:15:12.230]   Hard
[00:15:12.230 --> 00:15:12.370]  er
[00:15:12.370 --> 00:15:12.720]   than
[00:15:12.720 --> 00:15:12.980]   any
[00:15:12.980 --> 00:15:13.580]   knight
[00:15:13.580 --> 00:15:13.760]   run
[00:15:13.760 --> 00:15:13.900]   in
[00:15:13.900 --> 00:15:14.430]   open
[00:15:14.430 --> 00:15:14.850]   ground
[00:15:14.850 --> 00:15:15.060]  .
[00:15:15.060 --> 00:15:15.320]   You
[00:15:15.320 --> 00:15:16.190]   rebuild
[00:15:16.190 --> 00:15:16.240]  .
[00:15:16.240 --> 00:15:16.450]   You
[00:15:16.450 --> 00:15:16.710]   add
[00:15:16.710 --> 00:15:16.810]   a
[00:15:16.810 --> 00:15:17.280]   post
[00:15:17.280 --> 00:15:17.400]   that
[00:15:17.400 --> 00:15:17.680]   covers
[00:15:17.680 --> 00:15:17.880]   the
[00:15:17.880 --> 00:15:18.080]   gap
[00:15:18.080 --> 00:15:18.200]   the
[00:15:18.200 --> 00:15:19.030]   knight
[00:15:19.030 --> 00:15:19.100]   found
[00:15:19.100 --> 00:15:19.230]  .
[00:15:19.230 --> 00:15:19.430]   You
[00:15:19.430 --> 00:15:19.630]   do
[00:15:19.630 --> 00:15:19.760]   not
[00:15:19.760 --> 00:15:19.960]   put
[00:15:19.960 --> 00:15:20.240]   down
[00:15:20.240 --> 00:15:20.430]   the
[00:15:20.430 --> 00:15:20.770]   grief
[00:15:20.770 --> 00:15:20.980]  .
[00:15:20.980 --> 00:15:21.170]   You
[00:15:21.170 --> 00:15:21.410]   carry
[00:15:21.410 --> 00:15:21.830]   it
[00:15:21.830 --> 00:15:22.250]   alongside
[00:15:22.250 --> 00:15:22.880]   everything
[00:15:22.880 --> 00:15:23.200]   else
[00:15:23.200 --> 00:15:23.460]  ,
[00:15:23.780 --> 00:15:23.820]   and
[00:15:23.820 --> 00:15:23.860]   you
[00:15:23.860 --> 00:15:24.070]   keep
[00:15:24.070 --> 00:15:24.500]   working
[00:15:24.500 --> 00:15:25.140]  .
[00:15:25.140 --> 00:15:25.200]   Level
[00:15:25.200 --> 00:15:25.410]   8
[00:15:25.410 --> 00:15:25.640]  .
[00:15:25.640 --> 00:15:25.890]   The
[00:15:25.890 --> 00:15:26.140]   one
[00:15:26.140 --> 00:15:26.390]   who
[00:15:26.390 --> 00:15:27.080]   teaches
[00:15:27.080 --> 00:15:27.320]   what
[00:15:27.320 --> 00:15:27.930]   cannot
[00:15:27.930 --> 00:15:28.000]   be
[00:15:28.000 --> 00:15:28.510]   taught
[00:15:28.510 --> 00:15:28.930]   easily
[00:15:28.930 --> 00:15:29.330]  .
[00:15:29.330 --> 00:15:29.740]   You
[00:15:29.740 --> 00:15:29.820]   are
[00:15:29.820 --> 00:15:30.310]   49
[00:15:30.310 --> 00:15:30.540]  .
[00:15:31.820 --> 00:15:31.820]   Three
[00:15:31.820 --> 00:15:31.820]   of
[00:15:31.820 --> 00:15:31.820]   your
[00:15:31.820 --> 00:15:31.820]   old
[00:15:31.820 --> 00:15:31.900]   sc
[00:15:31.900 --> 00:15:31.980]  outs
[00:15:31.980 --> 00:15:32.270]   lead
[00:15:32.270 --> 00:15:32.370]   their
[00:15:32.370 --> 00:15:33.220]   own
[00:15:33.220 --> 00:15:33.350]   groups
[00:15:33.350 --> 00:15:33.510]   now
[00:15:33.510 --> 00:15:33.650]   in
[00:15:33.650 --> 00:15:34.310]   different
[00:15:34.310 --> 00:15:34.670]   parts
[00:15:34.670 --> 00:15:34.860]   of
[00:15:34.860 --> 00:15:35.050]   the
[00:15:35.050 --> 00:15:35.970]   territory
[00:15:35.970 --> 00:15:35.980]  .
[00:15:35.980 --> 00:15:36.390]   When
[00:15:36.390 --> 00:15:36.690]   the
[00:15:36.690 --> 00:15:36.960]   bands
[00:15:36.960 --> 00:15:37.040]  
[00:15:37.040 --> 00:15:37.200]   come
[00:15:37.200 --> 00:15:37.680]   together
[00:15:37.680 --> 00:15:37.740]   at
[00:15:37.740 --> 00:15:38.360]   the
[00:15:38.360 --> 00:15:38.490]   seasonal
[00:15:38.490 --> 00:15:38.910]   meeting
[00:15:38.910 --> 00:15:39.180]   place
[00:15:39.180 --> 00:15:39.320]   by
[00:15:39.320 --> 00:15:39.500]   the
[00:15:39.500 --> 00:15:39.720]   wide
[00:15:39.720 --> 00:15:40.020]   river
[00:15:40.020 --> 00:15:40.260]  ,
[00:15:40.260 --> 00:15:40.440]   those
[00:15:40.440 --> 00:15:40.620]   men
[00:15:40.620 --> 00:15:41.040]   find
[00:15:41.040 --> 00:15:41.110]   you
[00:15:41.110 --> 00:15:41.160]   at
[00:15:41.160 --> 00:15:41.340]   the
[00:15:41.340 --> 00:15:41.580]   fire
[00:15:41.580 --> 00:15:41.780]  ,
[00:15:41.780 --> 00:15:42.260]   sit
[00:15:42.260 --> 00:15:42.650]   close
[00:15:42.650 --> 00:15:42.780]  ,
[00:15:43.120 --> 00:15:43.180]   and
[00:15:43.180 --> 00:15:43.200]   the
[00:15:43.200 --> 00:15:43.450]   talk
[00:15:43.450 --> 00:15:43.640]   moves
[00:15:43.640 --> 00:15:44.540]   between
[00:15:44.540 --> 00:15:44.800]   ordinary
[00:15:44.800 --> 00:15:45.200]   things
[00:15:45.200 --> 00:15:45.400]   and
[00:15:45.400 --> 00:15:45.600]   the
[00:15:45.600 --> 00:15:45.870]   kind
[00:15:45.870 --> 00:15:46.000]   of
[00:15:46.000 --> 00:15:46.270]   talk
[00:15:46.270 --> 00:15:46.540]   that
[00:15:46.540 --> 00:15:47.270]   only
[00:15:47.270 --> 00:15:47.280]   happens
[00:15:47.280 --> 00:15:47.750]   between
[00:15:47.750 --> 00:15:48.240]   people
[00:15:48.240 --> 00:15:48.460]   who
[00:15:48.460 --> 00:15:48.730]   have
[00:15:48.730 --> 00:15:49.200]   shared
[00:15:49.200 --> 00:15:49.860]   a
[00:15:49.860 --> 00:15:49.880]   particular
[00:15:49.880 --> 00:15:50.150]   kind
[00:15:50.150 --> 00:15:50.280]   of
[00:15:50.280 --> 00:15:50.690]   knight
[00:15:50.690 --> 00:15:50.890]  .
[00:15:50.890 --> 00:15:51.090]   Ben
[00:15:51.090 --> 00:15:51.500]   brings
[00:15:51.500 --> 00:15:51.760]   two
[00:15:51.760 --> 00:15:52.030]   young
[00:15:52.030 --> 00:15:52.200]   sc
[00:15:52.200 --> 00:15:52.570]  outs
[00:15:52.570 --> 00:15:52.610]   to
[00:15:52.610 --> 00:15:52.770]   you
[00:15:52.770 --> 00:15:53.030]   at
[00:15:53.030 --> 00:15:53.100]   the
[00:15:53.100 --> 00:15:53.610]   gathering
[00:15:53.610 --> 00:15:54.040]  .
[00:15:54.740 --> 00:15:54.740]   He
[00:15:54.740 --> 00:15:54.760]   does
[00:15:54.760 --> 00:15:54.820]   not
[00:15:54.820 --> 00:15:55.000]   ask
[00:15:55.000 --> 00:15:55.230]   you
[00:15:55.230 --> 00:15:55.290]   to
[00:15:55.290 --> 00:15:56.110]   teach
[00:15:56.110 --> 00:15:56.160]   them
[00:15:56.160 --> 00:15:56.740]   anything
[00:15:56.740 --> 00:15:56.970]  .
[00:15:56.970 --> 00:15:57.130]   He
[00:15:57.130 --> 00:15:57.600]   places
[00:15:57.600 --> 00:15:58.040]   them
[00:15:58.040 --> 00:15:58.240]   near
[00:15:58.240 --> 00:15:58.480]   you
[00:15:58.480 --> 00:15:58.890]  ,
[00:15:58.890 --> 00:15:58.930]   and
[00:15:58.930 --> 00:15:59.180]   you
[00:15:59.180 --> 00:15:59.940]   understand
[00:15:59.940 --> 00:16:00.370]   what
[00:16:00.370 --> 00:16:00.700]   he
[00:16:00.700 --> 00:16:00.700]   is
[00:16:00.700 --> 00:16:00.780]  
[00:16:00.780 --> 00:16:01.130]   asking
[00:16:01.130 --> 00:16:01.220]  .
[00:16:01.220 --> 00:16:01.360]   You
[00:16:01.360 --> 00:16:02.100]   watch
[00:16:02.100 --> 00:16:02.120]   the
[00:16:02.120 --> 00:16:02.330]   two
[00:16:02.330 --> 00:16:02.470]   of
[00:16:02.470 --> 00:16:02.760]   them
[00:16:02.760 --> 00:16:03.060]   over
[00:16:03.060 --> 00:16:03.560]   several
[00:16:03.560 --> 00:16:04.140]   evenings
[00:16:04.140 --> 00:16:04.310]  .
[00:16:04.310 --> 00:16:04.560]   One
[00:16:04.560 --> 00:16:04.850]   has
[00:16:04.850 --> 00:16:05.060]   good
[00:16:05.060 --> 00:16:05.710]   instincts
[00:16:05.710 --> 00:16:05.910]   but
[00:16:05.910 --> 00:16:06.620]   is
[00:16:06.620 --> 00:16:06.620]   afraid
[00:16:06.620 --> 00:16:06.740]   of
[00:16:06.740 --> 00:16:06.990]   fear
[00:16:06.990 --> 00:16:07.110]  ,
[00:16:07.110 --> 00:16:07.240]   which
[00:16:07.240 --> 00:16:07.550]   is
[00:16:07.550 --> 00:16:08.020]   the
[00:16:08.020 --> 00:16:08.060]   worst
[00:16:08.060 --> 00:16:08.790]   combination
[00:16:08.790 --> 00:16:08.950]   you
[00:16:08.950 --> 00:16:09.200]   know
[00:16:09.200 --> 00:16:09.390]  .
[00:16:09.390 --> 00:16:09.660]   The
[00:16:09.660 --> 00:16:09.920]   fear
[00:16:09.920 --> 00:16:10.190]   itself
[00:16:10.190 --> 00:16:10.370]   is
[00:16:10.370 --> 00:16:10.710]   not
[00:16:10.710 --> 00:16:10.770]   the
[00:16:10.770 --> 00:16:11.190]   problem
[00:16:11.190 --> 00:16:11.460]  .
[00:16:11.460 --> 00:16:12.600]   Fear
[00:16:12.600 --> 00:16:12.980]   is
[00:16:12.980 --> 00:16:13.720]   information
[00:16:13.720 --> 00:16:13.920]  .
[00:16:13.920 --> 00:16:14.400]   The
[00:16:14.400 --> 00:16:14.610]   problem
[00:16:14.610 --> 00:16:14.740]   is
[00:16:14.740 --> 00:16:15.010]   what
[00:16:15.010 --> 00:16:15.520]   happens
[00:16:15.520 --> 00:16:15.760]   when
[00:16:15.760 --> 00:16:16.020]   the
[00:16:16.020 --> 00:16:16.280]   body
[00:16:16.280 --> 00:16:16.360]  's
[00:16:16.360 --> 00:16:17.130]   warning
[00:16:17.130 --> 00:16:17.390]   triggers
[00:16:17.390 --> 00:16:17.550]   a
[00:16:17.550 --> 00:16:17.850]   second
[00:16:17.850 --> 00:16:18.180]   signal
[00:16:18.180 --> 00:16:18.880]   that
[00:16:18.880 --> 00:16:18.940]   over
[00:16:18.940 --> 00:16:18.940]  r
[00:16:18.940 --> 00:16:19.200]  ides
[00:16:19.200 --> 00:16:19.390]   the
[00:16:19.390 --> 00:16:19.700]   first
[00:16:19.700 --> 00:16:19.900]  .
[00:16:19.900 --> 00:16:20.070]   That
[00:16:20.070 --> 00:16:20.600]   young
[00:16:20.600 --> 00:16:20.660]   man
[00:16:20.660 --> 00:16:20.980]   needs
[00:16:20.980 --> 00:16:21.150]   to
[00:16:21.150 --> 00:16:21.740]   understand
[00:16:21.740 --> 00:16:21.990]   that
[00:16:21.990 --> 00:16:22.240]   the
[00:16:22.240 --> 00:16:22.500]   tight
[00:16:22.500 --> 00:16:22.750]  ness
[00:16:22.750 --> 00:16:23.020]   in
[00:16:23.020 --> 00:16:23.350]   his
[00:16:23.350 --> 00:16:23.380]   chest
[00:16:23.380 --> 00:16:23.770]   before
[00:16:23.770 --> 00:16:23.820]   a
[00:16:23.820 --> 00:16:24.060]   hard
[00:16:24.060 --> 00:16:24.500]   night
[00:16:24.500 --> 00:16:24.580]  
[00:16:24.580 --> 00:16:24.650]   is
[00:16:24.650 --> 00:16:24.870]   not
[00:16:24.870 --> 00:16:24.940]   a
[00:16:24.940 --> 00:16:25.230]   sign
[00:16:25.230 --> 00:16:25.900]   of
[00:16:25.900 --> 00:16:26.030]   weakness
[00:16:26.030 --> 00:16:26.560]   arriving
[00:16:26.560 --> 00:16:26.780]  .
[00:16:26.780 --> 00:16:26.930]   It
[00:16:26.930 --> 00:16:27.080]   is
[00:16:27.080 --> 00:16:27.300]   the
[00:16:27.300 --> 00:16:27.590]   body
[00:16:27.590 --> 00:16:28.100]   getting
[00:16:28.100 --> 00:16:28.650]   ready
[00:16:28.650 --> 00:16:28.700]  .
[00:16:28.700 --> 00:16:28.920]   You
[00:16:28.920 --> 00:16:29.210]   tell
[00:16:29.210 --> 00:16:29.430]   him
[00:16:29.430 --> 00:16:30.460]   directly
[00:16:30.460 --> 00:16:30.800]   because
[00:16:30.800 --> 00:16:31.030]   he
[00:16:31.030 --> 00:16:31.120]   is
[00:16:31.120 --> 00:16:31.490]   young
[00:16:31.490 --> 00:16:31.640]   enough
[00:16:31.640 --> 00:16:32.540]   that
[00:16:32.540 --> 00:16:32.750]   direct
[00:16:32.750 --> 00:16:33.110]   still
[00:16:33.110 --> 00:16:33.490]   works
[00:16:33.490 --> 00:16:33.720]  .
[00:16:33.720 --> 00:16:33.950]   You
[00:16:33.950 --> 00:16:34.180]   see
[00:16:34.180 --> 00:16:34.420]   it
[00:16:34.420 --> 00:16:34.640]   take
[00:16:34.640 --> 00:16:34.900]   in
[00:16:34.900 --> 00:16:35.270]   his
[00:16:35.270 --> 00:16:35.330]   face
[00:16:35.330 --> 00:16:35.690]  .
[00:16:35.690 --> 00:16:35.790]   The
[00:16:35.790 --> 00:16:36.170]   other
[00:16:36.170 --> 00:16:36.390]   one
[00:16:36.390 --> 00:16:37.010]   is
[00:16:37.010 --> 00:16:37.080]   nearly
[00:16:37.080 --> 00:16:37.360]   the
[00:16:37.360 --> 00:16:37.650]   opposite
[00:16:37.650 --> 00:16:37.720]  .
[00:16:38.520 --> 00:16:38.520]   She
[00:16:38.520 --> 00:16:38.600]   moves
[00:16:38.600 --> 00:16:38.680]   into
[00:16:38.680 --> 00:16:39.000]   dark
[00:16:39.000 --> 00:16:39.890]   terrain
[00:16:39.890 --> 00:16:39.930]   with
[00:16:39.930 --> 00:16:40.050]   an
[00:16:40.050 --> 00:16:40.370]   ease
[00:16:40.370 --> 00:16:40.690]   that
[00:16:40.690 --> 00:16:41.090]   looks
[00:16:41.090 --> 00:16:41.410]   like
[00:16:41.410 --> 00:16:41.820]   calm
[00:16:41.820 --> 00:16:41.970]   but
[00:16:41.970 --> 00:16:42.120]   is
[00:16:42.120 --> 00:16:42.780]   actually
[00:16:42.780 --> 00:16:43.090]   the
[00:16:43.090 --> 00:16:43.680]   absence
[00:16:43.680 --> 00:16:43.830]   of
[00:16:43.830 --> 00:16:44.180]   proper
[00:16:44.180 --> 00:16:44.840]   attention
[00:16:44.840 --> 00:16:45.060]  .
[00:16:45.060 --> 00:16:45.580]   You
[00:16:45.580 --> 00:16:45.600]   take
[00:16:45.600 --> 00:16:45.810]   her
[00:16:45.810 --> 00:16:45.950]   to
[00:16:45.950 --> 00:16:46.170]   the
[00:16:46.170 --> 00:16:46.840]   perimeter
[00:16:46.840 --> 00:16:47.220]   edge
[00:16:47.220 --> 00:16:47.350]   one
[00:16:47.350 --> 00:16:47.940]   evening
[00:16:47.940 --> 00:16:48.310]   and
[00:16:48.310 --> 00:16:48.330]   ask
[00:16:48.330 --> 00:16:48.530]   her
[00:16:48.530 --> 00:16:48.750]   to
[00:16:48.750 --> 00:16:49.040]   stand
[00:16:49.040 --> 00:16:49.480]   still
[00:16:49.480 --> 00:16:50.140]   and
[00:16:50.140 --> 00:16:50.200]   report
[00:16:50.200 --> 00:16:50.420]   what
[00:16:50.420 --> 00:16:50.500]  
[00:16:50.500 --> 00:16:50.720]   she
[00:16:50.720 --> 00:16:51.420]   notices
[00:16:51.420 --> 00:16:51.830]  .
[00:16:51.830 --> 00:16:51.970]   At
[00:16:51.970 --> 00:16:52.420]   first
[00:16:52.420 --> 00:16:52.720]   she
[00:16:52.720 --> 00:16:53.460]   reports
[00:16:53.460 --> 00:16:53.720]   the
[00:16:53.720 --> 00:16:54.570]   obvious
[00:16:54.570 --> 00:16:54.720]  .
[00:16:54.720 --> 00:16:55.020]   You
[00:16:55.020 --> 00:16:55.420]   wait
[00:16:55.420 --> 00:16:55.710]  .
[00:16:55.710 --> 00:16:56.380]   The
[00:16:56.380 --> 00:16:56.720]   reports
[00:16:56.720 --> 00:16:57.020]   get
[00:16:57.020 --> 00:16:57.520]   finer
[00:16:57.520 --> 00:16:57.820]  .
[00:16:57.820 --> 00:16:57.920]   A
[00:16:57.920 --> 00:16:58.440]   smell
[00:16:58.440 --> 00:16:59.020]   change
[00:16:59.020 --> 00:16:59.340]   at
[00:16:59.340 --> 00:16:59.460]   the
[00:16:59.460 --> 00:16:59.770]   base
[00:16:59.770 --> 00:16:59.920]   of
[00:16:59.920 --> 00:16:59.980]   a
[00:16:59.980 --> 00:17:00.090]   slope
[00:17:00.090 --> 00:17:00.610]  .
[00:17:00.610 --> 00:17:00.880]   A
[00:17:00.880 --> 00:17:01.070]   sound
[00:17:01.070 --> 00:17:01.300]   she
[00:17:01.300 --> 00:17:01.530]   had
[00:17:01.530 --> 00:17:01.760]   not
[00:17:01.760 --> 00:17:02.620]   consciously
[00:17:02.620 --> 00:17:03.610]   registered
[00:17:03.610 --> 00:17:03.790]   until
[00:17:03.790 --> 00:17:04.030]   it
[00:17:04.030 --> 00:17:04.170]   was
[00:17:04.170 --> 00:17:04.470]   gone
[00:17:04.470 --> 00:17:04.700]  .
[00:17:04.700 --> 00:17:04.980]   You
[00:17:04.980 --> 00:17:05.420]   tell
[00:17:05.420 --> 00:17:05.480]   her
[00:17:05.480 --> 00:17:05.790]   that
[00:17:05.790 --> 00:17:06.140]  .
[00:17:06.720 --> 00:17:06.800]   That
[00:17:06.800 --> 00:17:06.950]   second
[00:17:06.950 --> 00:17:07.270]   kind
[00:17:07.270 --> 00:17:08.080]   of
[00:17:08.080 --> 00:17:08.140]   noticing
[00:17:08.140 --> 00:17:08.350]  .
[00:17:08.350 --> 00:17:08.670]   That
[00:17:08.670 --> 00:17:08.800]   is
[00:17:08.800 --> 00:17:09.210]   where
[00:17:09.210 --> 00:17:09.450]   the
[00:17:09.450 --> 00:17:09.860]   whole
[00:17:09.860 --> 00:17:10.270]   skill
[00:17:10.270 --> 00:17:10.870]   lives
[00:17:10.870 --> 00:17:10.980]  .
[00:17:10.980 --> 00:17:11.300]   You
[00:17:11.300 --> 00:17:11.620]   are
[00:17:11.620 --> 00:17:11.930]   not
[00:17:11.930 --> 00:17:12.690]   certain
[00:17:12.690 --> 00:17:13.000]   you
[00:17:13.000 --> 00:17:13.460]   gave
[00:17:13.460 --> 00:17:13.880]   either
[00:17:13.880 --> 00:17:13.960]  
[00:17:13.960 --> 00:17:14.000]   of
[00:17:14.000 --> 00:17:14.250]   them
[00:17:14.250 --> 00:17:14.390]   what
[00:17:14.390 --> 00:17:14.540]   they
[00:17:14.540 --> 00:17:15.280]   needed
[00:17:15.280 --> 00:17:15.310]  .
[00:17:15.310 --> 00:17:15.510]   You
[00:17:15.510 --> 00:17:15.750]   were
[00:17:15.750 --> 00:17:15.940]   not
[00:17:15.940 --> 00:17:16.420]   certain
[00:17:16.420 --> 00:17:16.690]   Derek
[00:17:16.690 --> 00:17:16.920]   and
[00:17:16.920 --> 00:17:17.180]   Cor
[00:17:17.180 --> 00:17:17.190]  ic
[00:17:17.190 --> 00:17:17.440]   gave
[00:17:17.440 --> 00:17:18.030]   you
[00:17:18.030 --> 00:17:18.260]   everything
[00:17:18.260 --> 00:17:18.450]   you
[00:17:18.450 --> 00:17:18.830]   needed
[00:17:18.830 --> 00:17:19.080]  .
[00:17:19.080 --> 00:17:19.840]   You
[00:17:19.840 --> 00:17:20.320]   gave
[00:17:20.320 --> 00:17:20.590]   what
[00:17:20.590 --> 00:17:20.790]   you
[00:17:20.790 --> 00:17:20.980]   had
[00:17:20.980 --> 00:17:21.040]  .
[00:17:21.040 --> 00:17:21.660]   The
[00:17:21.660 --> 00:17:21.740]   rest
[00:17:21.740 --> 00:17:22.140]   belongs
[00:17:22.140 --> 00:17:22.270]   to
[00:17:22.270 --> 00:17:22.490]   the
[00:17:22.490 --> 00:17:22.950]   knights
[00:17:22.950 --> 00:17:23.220]   they
[00:17:23.220 --> 00:17:23.490]   will
[00:17:23.490 --> 00:17:23.760]   face
[00:17:23.760 --> 00:17:24.440]   without
[00:17:24.440 --> 00:17:24.470]   you
[00:17:24.470 --> 00:17:24.720]  .
[00:17:24.720 --> 00:17:26.280]   Level
[00:17:26.280 --> 00:17:26.380]   9
[00:17:26.380 --> 00:17:26.990]  .
[00:17:26.990 --> 00:17:27.710]   The
[00:17:27.710 --> 00:17:28.340]   one
[00:17:28.340 --> 00:17:28.480]   whose
[00:17:28.480 --> 00:17:28.660]   name
[00:17:28.660 --> 00:17:28.910]   the
[00:17:28.910 --> 00:17:29.180]   stories
[00:17:29.180 --> 00:17:30.000]   use
[00:17:30.000 --> 00:17:30.080]  .
[00:17:30.080 --> 00:17:30.270]   You
[00:17:30.270 --> 00:17:30.500]   are
[00:17:30.500 --> 00:17:31.020]   58
[00:17:31.020 --> 00:17:31.260]  .
[00:17:31.260 --> 00:17:31.700]   Your
[00:17:31.700 --> 00:17:31.960]   hair
[00:17:31.960 --> 00:17:32.190]   has
[00:17:32.190 --> 00:17:32.810]   gone
[00:17:32.810 --> 00:17:32.870]   pale
[00:17:32.870 --> 00:17:33.040]   at
[00:17:33.040 --> 00:17:33.290]   the
[00:17:33.290 --> 00:17:33.710]   edges
[00:17:33.710 --> 00:17:33.950]  .
[00:17:33.950 --> 00:17:34.620]   Your
[00:17:34.620 --> 00:17:34.720]   hands
[00:17:34.720 --> 00:17:34.960]   are
[00:17:34.960 --> 00:17:35.660]   steady
[00:17:35.660 --> 00:17:35.730]   now
[00:17:35.730 --> 00:17:36.060]  .
[00:17:36.060 --> 00:17:36.900]   The
[00:17:36.900 --> 00:17:37.160]   same
[00:17:37.160 --> 00:17:37.560]   hands
[00:17:37.560 --> 00:17:37.640]  
[00:17:37.640 --> 00:17:37.770]   that
[00:17:37.770 --> 00:17:38.050]   could
[00:17:38.050 --> 00:17:38.220]   not
[00:17:38.220 --> 00:17:38.280]   hold
[00:17:38.280 --> 00:17:38.950]   still
[00:17:38.950 --> 00:17:38.980]   over
[00:17:38.980 --> 00:17:39.190]   your
[00:17:39.190 --> 00:17:39.510]   first
[00:17:39.510 --> 00:17:39.670]   real
[00:17:39.670 --> 00:17:40.120]   guarding
[00:17:40.120 --> 00:17:40.340]   post
[00:17:40.340 --> 00:17:40.600]  .
[00:17:40.600 --> 00:17:40.870]   They
[00:17:40.870 --> 00:17:41.070]   are
[00:17:41.070 --> 00:17:41.710]   also
[00:17:41.710 --> 00:17:41.750]   marked
[00:17:41.750 --> 00:17:42.130]   with
[00:17:42.130 --> 00:17:42.740]   everything
[00:17:42.740 --> 00:17:42.930]   the
[00:17:42.930 --> 00:17:43.260]   years
[00:17:43.260 --> 00:17:43.440]   put
[00:17:43.440 --> 00:17:43.610]   into
[00:17:43.610 --> 00:17:44.140]   them
[00:17:44.140 --> 00:17:44.160]  .
[00:17:44.160 --> 00:17:44.370]   The
[00:17:44.370 --> 00:17:44.690]   white
[00:17:44.690 --> 00:17:44.940]   line
[00:17:44.940 --> 00:17:45.330]   across
[00:17:45.330 --> 00:17:45.590]   your
[00:17:45.590 --> 00:17:45.850]   left
[00:17:45.850 --> 00:17:46.110]   palm
[00:17:46.110 --> 00:17:46.350]   from
[00:17:46.350 --> 00:17:46.480]   a
[00:17:46.480 --> 00:17:46.890]   night
[00:17:46.890 --> 00:17:46.900]   in
[00:17:46.900 --> 00:17:47.080]   the
[00:17:47.080 --> 00:17:47.310]   lim
[00:17:47.310 --> 00:17:47.750]  estone
[00:17:47.750 --> 00:17:47.980]   hills
[00:17:47.980 --> 00:17:48.140]  .
[00:17:48.500 --> 00:17:48.580]   The
[00:17:48.580 --> 00:17:48.870]   shortened
[00:17:48.870 --> 00:17:49.240]   finger
[00:17:49.240 --> 00:17:49.350]   on
[00:17:49.350 --> 00:17:49.900]   your
[00:17:49.900 --> 00:17:49.920]   right
[00:17:49.920 --> 00:17:50.150]   hand
[00:17:50.150 --> 00:17:50.450]   from
[00:17:50.450 --> 00:17:50.940]   something
[00:17:50.940 --> 00:17:51.120]   you
[00:17:51.120 --> 00:17:51.240]   do
[00:17:51.240 --> 00:17:51.420]   not
[00:17:51.420 --> 00:17:51.910]   describe
[00:17:51.910 --> 00:17:52.030]   in
[00:17:52.030 --> 00:17:52.650]   detail
[00:17:52.650 --> 00:17:52.680]  .
[00:17:53.500 --> 00:17:53.500]   The
[00:17:53.500 --> 00:17:53.500]   thicken
[00:17:53.500 --> 00:17:53.580]  ed
[00:17:53.580 --> 00:17:53.610]   kn
[00:17:53.610 --> 00:17:54.000]  uckles
[00:17:54.000 --> 00:17:54.130]   from
[00:17:54.130 --> 00:17:54.900]   four
[00:17:54.900 --> 00:17:55.020]   decades
[00:17:55.020 --> 00:17:55.150]   of
[00:17:55.150 --> 00:17:55.350]   gri
[00:17:55.350 --> 00:17:55.680]  pping
[00:17:55.680 --> 00:17:56.080]   things
[00:17:56.080 --> 00:17:56.350]   hard
[00:17:56.350 --> 00:17:56.540]   in
[00:17:56.540 --> 00:17:56.800]   the
[00:17:56.800 --> 00:17:56.950]   cold
[00:17:56.950 --> 00:17:57.240]  .
[00:17:58.080 --> 00:17:58.080]   Other
[00:17:58.080 --> 00:17:58.160]   bands
[00:17:58.160 --> 00:17:58.420]   know
[00:17:58.420 --> 00:17:58.760]   your
[00:17:58.760 --> 00:17:59.130]   name
[00:17:59.130 --> 00:17:59.490]  .
[00:17:59.490 --> 00:17:59.630]   Not
[00:17:59.630 --> 00:17:59.840]   the
[00:17:59.840 --> 00:18:00.070]   way
[00:18:00.070 --> 00:18:00.140]   a
[00:18:00.140 --> 00:18:00.370]   man
[00:18:00.370 --> 00:18:00.520]   is
[00:18:00.520 --> 00:18:00.910]   known
[00:18:00.910 --> 00:18:01.140]   for
[00:18:01.140 --> 00:18:01.210]   a
[00:18:01.210 --> 00:18:01.650]   single
[00:18:01.650 --> 00:18:02.230]   event
[00:18:02.230 --> 00:18:02.380]  .
[00:18:02.380 --> 00:18:02.460]  
[00:18:02.460 --> 00:18:02.650]   The
[00:18:02.650 --> 00:18:02.910]   way
[00:18:02.910 --> 00:18:02.980]   a
[00:18:02.980 --> 00:18:03.800]   specific
[00:18:03.800 --> 00:18:04.210]   ridge
[00:18:04.210 --> 00:18:04.390]   is
[00:18:04.390 --> 00:18:04.850]   known
[00:18:04.850 --> 00:18:05.120]  .
[00:18:05.120 --> 00:18:05.300]   Or
[00:18:05.300 --> 00:18:05.420]   a
[00:18:05.420 --> 00:18:06.530]   reliable
[00:18:06.530 --> 00:18:06.590]   river
[00:18:06.590 --> 00:18:07.330]   crossing
[00:18:07.330 --> 00:18:07.660]  .
[00:18:08.700 --> 00:18:08.780]   A
[00:18:08.780 --> 00:18:08.840]   feature
[00:18:08.840 --> 00:18:09.130]   of
[00:18:09.130 --> 00:18:10.110]   the
[00:18:10.110 --> 00:18:10.340]   world
[00:18:10.340 --> 00:18:10.650]   that
[00:18:10.650 --> 00:18:11.100]   people
[00:18:11.100 --> 00:18:11.560]   orient
[00:18:11.560 --> 00:18:11.740]   by
[00:18:11.740 --> 00:18:12.000]  .
[00:18:12.000 --> 00:18:12.240]   When
[00:18:12.240 --> 00:18:12.800]   the
[00:18:12.800 --> 00:18:12.850]   bands
[00:18:12.850 --> 00:18:13.270]   gather
[00:18:13.270 --> 00:18:13.430]   and
[00:18:13.430 --> 00:18:13.640]   the
[00:18:13.640 --> 00:18:13.910]   talk
[00:18:13.910 --> 00:18:14.310]   turns
[00:18:14.310 --> 00:18:14.580]   to
[00:18:14.580 --> 00:18:14.580]   the
[00:18:14.580 --> 00:18:14.920]   night
[00:18:14.920 --> 00:18:15.110]  .
[00:18:15.110 --> 00:18:15.200]   To
[00:18:15.200 --> 00:18:15.300]   what
[00:18:15.300 --> 00:18:15.980]   lives
[00:18:15.980 --> 00:18:16.000]   in
[00:18:16.000 --> 00:18:16.130]   it
[00:18:16.130 --> 00:18:16.320]  .
[00:18:16.320 --> 00:18:16.450]   To
[00:18:16.450 --> 00:18:16.650]   how
[00:18:16.650 --> 00:18:16.780]   to
[00:18:16.780 --> 00:18:17.050]   read
[00:18:17.050 --> 00:18:17.180]   an
[00:18:17.180 --> 00:18:17.620]   animal
[00:18:17.620 --> 00:18:17.880]   that
[00:18:17.880 --> 00:18:17.980]   is
[00:18:17.980 --> 00:18:18.730]   following
[00:18:18.730 --> 00:18:18.860]   you
[00:18:18.860 --> 00:18:19.290]   against
[00:18:19.290 --> 00:18:19.480]   one
[00:18:19.480 --> 00:18:19.640]   that
[00:18:19.640 --> 00:18:19.870]   only
[00:18:19.870 --> 00:18:20.140]   crossed
[00:18:20.140 --> 00:18:20.300]   your
[00:18:20.300 --> 00:18:20.730]   path
[00:18:20.730 --> 00:18:21.060]  .
[00:18:21.060 --> 00:18:21.250]   People
[00:18:21.250 --> 00:18:21.470]   look
[00:18:21.470 --> 00:18:21.810]   toward
[00:18:21.810 --> 00:18:22.090]   where
[00:18:22.090 --> 00:18:22.260]   you
[00:18:22.260 --> 00:18:22.430]   are
[00:18:22.430 --> 00:18:22.940]   sitting
[00:18:22.940 --> 00:18:23.040]  .
[00:18:23.040 --> 00:18:23.790]   Not
[00:18:23.790 --> 00:18:24.040]   because
[00:18:24.040 --> 00:18:24.340]   you
[00:18:24.340 --> 00:18:24.850]   stand
[00:18:24.850 --> 00:18:25.330]   and
[00:18:25.330 --> 00:18:25.360]   announce
[00:18:25.360 --> 00:18:25.890]   anything
[00:18:25.890 --> 00:18:26.090]  .
[00:18:26.090 --> 00:18:26.760]   Because
[00:18:26.760 --> 00:18:26.890]   over
[00:18:26.890 --> 00:18:27.310]   enough
[00:18:27.310 --> 00:18:27.580]   years
[00:18:27.580 --> 00:18:27.850]   your
[00:18:27.850 --> 00:18:28.120]   name
[00:18:28.120 --> 00:18:28.400]   has
[00:18:28.400 --> 00:18:28.860]   attached
[00:18:28.860 --> 00:18:28.980]   to
[00:18:28.980 --> 00:18:29.110]   a
[00:18:29.110 --> 00:18:29.450]   kind
[00:18:29.450 --> 00:18:29.520]   of
[00:18:29.520 --> 00:18:30.060]   knowledge
[00:18:30.060 --> 00:18:30.530]   people
[00:18:30.530 --> 00:18:31.060]   understand
[00:18:31.060 --> 00:18:31.140]  
[00:18:31.140 --> 00:18:31.270]   is
[00:18:31.270 --> 00:18:31.550]   not
[00:18:31.550 --> 00:18:32.480]   easily
[00:18:32.480 --> 00:18:33.110]   replaced
[00:18:33.110 --> 00:18:33.460]  .
[00:18:33.460 --> 00:18:33.760]   Young
[00:18:33.760 --> 00:18:34.170]   hunters
[00:18:34.170 --> 00:18:34.410]   from
[00:18:34.410 --> 00:18:34.680]   other
[00:18:34.680 --> 00:18:35.210]   bands
[00:18:35.210 --> 00:18:35.220]   sit
[00:18:35.220 --> 00:18:35.480]   near
[00:18:35.480 --> 00:18:35.740]   your
[00:18:35.740 --> 00:18:36.020]   fire
[00:18:36.020 --> 00:18:36.190]   and
[00:18:36.190 --> 00:18:36.580]   listen
[00:18:36.580 --> 00:18:37.020]  .
[00:18:37.020 --> 00:18:37.120]   You
[00:18:37.120 --> 00:18:37.670]   know
[00:18:37.670 --> 00:18:37.820]   what
[00:18:37.820 --> 00:18:38.080]   they
[00:18:38.080 --> 00:18:38.270]   see
[00:18:38.270 --> 00:18:38.370]  .
[00:18:38.370 --> 00:18:38.480]   The
[00:18:38.480 --> 00:18:39.220]   same
[00:18:39.220 --> 00:18:39.240]   thing
[00:18:39.240 --> 00:18:39.450]   you
[00:18:39.450 --> 00:18:39.610]   saw
[00:18:39.610 --> 00:18:39.870]   when
[00:18:39.870 --> 00:18:40.060]   you
[00:18:40.060 --> 00:18:40.380]   first
[00:18:40.380 --> 00:18:40.860]   looked
[00:18:40.860 --> 00:18:40.890]   at
[00:18:40.890 --> 00:18:41.120]   Der
[00:18:41.120 --> 00:18:41.270]  ret
[00:18:41.270 --> 00:18:41.430]  .
[00:18:41.430 --> 00:18:41.550]   Pro
[00:18:41.550 --> 00:18:41.970]  of
[00:18:41.970 --> 00:18:42.030]   that
[00:18:42.030 --> 00:18:42.610]   surviving
[00:18:42.610 --> 00:18:42.660]   a
[00:18:42.660 --> 00:18:43.010]   long
[00:18:43.010 --> 00:18:43.360]   time
[00:18:43.360 --> 00:18:43.500]   is
[00:18:43.500 --> 00:18:44.060]   possible
[00:18:44.060 --> 00:18:44.240]  .
[00:18:44.240 --> 00:18:44.760]   An
[00:18:44.760 --> 00:18:44.880]   answer
[00:18:44.880 --> 00:18:44.970]   to
[00:18:44.970 --> 00:18:45.180]   the
[00:18:45.180 --> 00:18:45.730]   question
[00:18:45.730 --> 00:18:45.900]   of
[00:18:45.900 --> 00:18:46.400]   whether
[00:18:46.400 --> 00:18:46.660]   you
[00:18:46.660 --> 00:18:46.790]   can
[00:18:46.790 --> 00:18:47.100]   face
[00:18:47.100 --> 00:18:47.510]   the
[00:18:47.510 --> 00:18:47.630]   night
[00:18:47.630 --> 00:18:48.050]   across
[00:18:48.050 --> 00:18:48.120]   a
[00:18:48.120 --> 00:18:48.470]   whole
[00:18:48.470 --> 00:18:48.780]   life
[00:18:48.780 --> 00:18:49.200]   without
[00:18:49.200 --> 00:18:49.350]   it
[00:18:49.350 --> 00:18:50.600]   eventually
[00:18:50.600 --> 00:18:50.630]   winning
[00:18:50.630 --> 00:18:50.850]  .
[00:18:50.850 --> 00:18:51.070]   You
[00:18:51.070 --> 00:18:51.370]   tell
[00:18:51.370 --> 00:18:51.670]   them
[00:18:51.670 --> 00:18:51.890]   the
[00:18:51.890 --> 00:18:52.240]   full
[00:18:52.240 --> 00:18:52.500]   cost
[00:18:52.500 --> 00:18:52.710]  .
[00:18:52.710 --> 00:18:52.930]   Same
[00:18:52.930 --> 00:18:53.350]   as
[00:18:53.350 --> 00:18:53.380]   you
[00:18:53.380 --> 00:18:53.830]   always
[00:18:53.830 --> 00:18:53.980]   do
[00:18:53.980 --> 00:18:54.200]  .
[00:18:54.200 --> 00:18:54.410]   You
[00:18:54.410 --> 00:18:54.720]   tell
[00:18:54.720 --> 00:18:55.160]   them
[00:18:55.160 --> 00:18:55.240]   the
[00:18:55.240 --> 00:18:55.730]   calm
[00:18:55.730 --> 00:18:55.860]   they
[00:18:55.860 --> 00:18:55.940]  
[00:18:55.940 --> 00:18:56.060]   see
[00:18:56.060 --> 00:18:56.260]   was
[00:18:56.260 --> 00:18:56.380]   not
[00:18:56.380 --> 00:18:57.190]   always
[00:18:57.190 --> 00:18:57.270]   there
[00:18:57.270 --> 00:18:57.410]  .
[00:18:57.410 --> 00:18:57.580]   You
[00:18:57.580 --> 00:18:57.840]   tell
[00:18:57.840 --> 00:18:58.100]   them
[00:18:58.100 --> 00:18:58.430]   about
[00:18:58.430 --> 00:18:58.630]   the
[00:18:58.630 --> 00:18:59.160]   dropped
[00:18:59.160 --> 00:18:59.420]   torch
[00:18:59.420 --> 00:18:59.600]  .
[00:18:59.600 --> 00:19:00.010]   The
[00:19:00.010 --> 00:19:00.140]   three
[00:19:00.140 --> 00:19:00.600]   seconds
[00:19:00.600 --> 00:19:00.730]   in
[00:19:00.730 --> 00:19:01.000]   the
[00:19:01.000 --> 00:19:01.170]   forest
[00:19:01.170 --> 00:19:01.340]  .
[00:19:01.820 --> 00:19:01.900]   The
[00:19:01.900 --> 00:19:01.910]   child
[00:19:01.910 --> 00:19:02.120]   you
[00:19:02.120 --> 00:19:02.330]   could
[00:19:02.330 --> 00:19:02.490]   not
[00:19:02.490 --> 00:19:03.190]   reach
[00:19:03.190 --> 00:19:03.240]   in
[00:19:03.240 --> 00:19:03.470]   time
[00:19:03.470 --> 00:19:03.680]  .
[00:19:03.680 --> 00:19:03.890]   You
[00:19:03.890 --> 00:19:04.180]   tell
[00:19:04.180 --> 00:19:04.450]   them
[00:19:04.450 --> 00:19:04.860]   about
[00:19:04.860 --> 00:19:05.120]   the
[00:19:05.120 --> 00:19:05.390]   nights
[00:19:05.390 --> 00:19:05.580]   you
[00:19:05.580 --> 00:19:05.970]   got
[00:19:05.970 --> 00:19:06.010]   it
[00:19:06.010 --> 00:19:06.480]   right
[00:19:06.480 --> 00:19:07.220]   only
[00:19:07.220 --> 00:19:07.600]   because
[00:19:07.600 --> 00:19:08.290]   something
[00:19:08.290 --> 00:19:08.320]   in
[00:19:08.320 --> 00:19:08.970]   the
[00:19:08.970 --> 00:19:09.020]   dark
[00:19:09.020 --> 00:19:09.350]   chose
[00:19:09.350 --> 00:19:09.550]   to
[00:19:09.550 --> 00:19:09.770]   let
[00:19:09.770 --> 00:19:09.960]   you
[00:19:09.960 --> 00:19:10.220]  .
[00:19:10.220 --> 00:19:10.760]   Most
[00:19:10.760 --> 00:19:11.030]   of
[00:19:11.030 --> 00:19:11.750]   them
[00:19:11.750 --> 00:19:12.170]   hear
[00:19:12.170 --> 00:19:12.510]   the
[00:19:12.510 --> 00:19:13.590]   strength
[00:19:13.590 --> 00:19:13.990]  .
[00:19:13.990 --> 00:19:14.600]   Fear
[00:19:14.600 --> 00:19:14.800]   as
[00:19:14.800 --> 00:19:14.990]   a
[00:19:14.990 --> 00:19:15.470]   tool
[00:19:15.470 --> 00:19:15.940]  .
[00:19:15.940 --> 00:19:16.630]   Slow
[00:19:16.630 --> 00:19:16.990]   as
[00:19:16.990 --> 00:19:17.160]   a
[00:19:17.160 --> 00:19:17.350]   weapon
[00:19:17.350 --> 00:19:17.460]  .
[00:19:17.620 --> 00:19:17.700]  
[00:19:17.700 --> 00:19:17.860]   The
[00:19:17.860 --> 00:19:18.160]   body
[00:19:18.160 --> 00:19:18.570]   ahead
[00:19:18.570 --> 00:19:18.980]   of
[00:19:18.980 --> 00:19:19.040]   the
[00:19:19.040 --> 00:19:19.300]   mind
[00:19:19.300 --> 00:19:19.580]  .
[00:19:19.580 --> 00:19:19.850]   They
[00:19:19.850 --> 00:19:19.980]   do
[00:19:19.980 --> 00:19:20.180]   not
[00:19:20.180 --> 00:19:20.450]   take
[00:19:20.450 --> 00:19:20.660]   in
[00:19:20.660 --> 00:19:20.780]   the
[00:19:20.780 --> 00:19:21.190]   losses
[00:19:21.190 --> 00:19:21.350]   the
[00:19:21.350 --> 00:19:21.770]   same
[00:19:21.770 --> 00:19:21.860]   way
[00:19:21.860 --> 00:19:22.190]  .
[00:19:22.190 --> 00:19:22.530]   They
[00:19:22.530 --> 00:19:22.810]   are
[00:19:22.810 --> 00:19:23.580]   not
[00:19:23.580 --> 00:19:23.580]   ready
[00:19:23.580 --> 00:19:23.800]   for
[00:19:23.800 --> 00:19:23.980]   them
[00:19:23.980 --> 00:19:24.210]   yet
[00:19:24.210 --> 00:19:24.430]  .
[00:19:24.430 --> 00:19:24.660]   You
[00:19:24.660 --> 00:19:24.760]   know
[00:19:24.760 --> 00:19:25.400]   this
[00:19:25.400 --> 00:19:25.790]   because
[00:19:25.790 --> 00:19:26.020]   you
[00:19:26.020 --> 00:19:26.340]   were
[00:19:26.340 --> 00:19:26.550]   not
[00:19:26.550 --> 00:19:27.020]   ready
[00:19:27.020 --> 00:19:27.390]   either
[00:19:27.390 --> 00:19:27.610]  .
[00:19:27.610 --> 00:19:28.140]   Sitting
[00:19:28.140 --> 00:19:28.290]   at
[00:19:28.290 --> 00:19:28.820]   someone
[00:19:28.820 --> 00:19:29.120]   else
[00:19:29.120 --> 00:19:29.220]  's
[00:19:29.220 --> 00:19:29.570]   fire
[00:19:29.570 --> 00:19:29.940]   at
[00:19:29.940 --> 00:19:30.200]   their
[00:19:30.200 --> 00:19:30.440]   age
[00:19:30.440 --> 00:19:30.680]  .
[00:19:30.680 --> 00:19:30.830]   Being
[00:19:30.830 --> 00:19:31.600]   told
[00:19:31.600 --> 00:19:31.650]   the
[00:19:31.650 --> 00:19:32.060]   whole
[00:19:32.060 --> 00:19:32.470]   truth
[00:19:32.470 --> 00:19:32.740]   and
[00:19:32.740 --> 00:19:33.030]   only
[00:19:33.030 --> 00:19:33.680]   catching
[00:19:33.680 --> 00:19:33.930]   part
[00:19:33.930 --> 00:19:34.320]   of
[00:19:34.320 --> 00:19:34.350]   it
[00:19:34.350 --> 00:19:34.560]  .
[00:19:34.560 --> 00:19:34.800]   The
[00:19:34.800 --> 00:19:35.500]   knowledge
[00:19:35.500 --> 00:19:36.160]   that
[00:19:36.160 --> 00:19:36.260]   comes
[00:19:36.260 --> 00:19:36.580]   from
[00:19:36.580 --> 00:19:37.180]   actual
[00:19:37.180 --> 00:19:37.700]   experience
[00:19:37.700 --> 00:19:38.580]   cannot
[00:19:38.580 --> 00:19:38.620]   be
[00:19:38.620 --> 00:19:39.130]   handed
[00:19:39.130 --> 00:19:39.420]   over
[00:19:39.420 --> 00:19:39.580]   by
[00:19:39.580 --> 00:19:40.220]   talking
[00:19:40.220 --> 00:19:40.480]  .
[00:19:40.480 --> 00:19:40.540]   It
[00:19:40.540 --> 00:19:40.780]   has
[00:19:40.780 --> 00:19:41.010]   to
[00:19:41.010 --> 00:19:41.330]   grow
[00:19:41.330 --> 00:19:41.750]   inside
[00:19:41.750 --> 00:19:41.980]   the
[00:19:41.980 --> 00:19:42.450]   living
[00:19:42.450 --> 00:19:42.780]   of
[00:19:42.780 --> 00:19:42.780]   it
[00:19:42.780 --> 00:19:43.140]  .
[00:19:43.140 --> 00:19:43.260]   All
[00:19:43.260 --> 00:19:43.500]   you
[00:19:43.500 --> 00:19:43.740]   can
[00:19:43.740 --> 00:19:44.180]   do
[00:19:44.180 --> 00:19:44.380]   is
[00:19:44.380 --> 00:19:44.580]   be
[00:19:44.580 --> 00:19:44.660]  
[00:19:44.660 --> 00:19:44.990]   honest
[00:19:44.990 --> 00:19:45.150]   and
[00:19:45.150 --> 00:19:45.240]   let
[00:19:45.240 --> 00:19:45.930]   them
[00:19:45.930 --> 00:19:46.000]   take
[00:19:46.000 --> 00:19:46.210]   what
[00:19:46.210 --> 00:19:46.530]   they
[00:19:46.530 --> 00:19:46.670]   are
[00:19:46.670 --> 00:19:46.940]   able
[00:19:46.940 --> 00:19:47.070]   to
[00:19:47.070 --> 00:19:47.460]   carry
[00:19:47.460 --> 00:19:47.880]   right
[00:19:47.880 --> 00:19:48.050]   now
[00:19:48.050 --> 00:19:48.280]  .
[00:19:49.760 --> 00:19:49.840]   Level
[00:19:49.840 --> 00:19:50.540]   10
[00:19:50.540 --> 00:19:50.750]   The
[00:19:50.750 --> 00:19:50.960]   one
[00:19:50.960 --> 00:19:51.060]   the
[00:19:51.060 --> 00:19:51.950]   fire
[00:19:51.950 --> 00:19:52.170]   remembers
[00:19:52.170 --> 00:19:52.330]  .
[00:19:52.330 --> 00:19:52.530]   You
[00:19:52.530 --> 00:19:52.740]   are
[00:19:52.740 --> 00:19:53.220]   64
[00:19:53.220 --> 00:19:53.580]  .
[00:19:53.580 --> 00:19:53.900]   The
[00:19:53.900 --> 00:19:54.690]   night
[00:19:54.690 --> 00:19:54.760]   runs
[00:19:54.760 --> 00:19:55.120]   belong
[00:19:55.120 --> 00:19:55.220]   to
[00:19:55.220 --> 00:19:55.580]   someone
[00:19:55.580 --> 00:19:55.790]   else
[00:19:55.790 --> 00:19:55.920]   now
[00:19:55.920 --> 00:19:56.500]  .
[00:19:56.500 --> 00:19:56.740]   Your
[00:19:56.740 --> 00:19:57.070]   legs
[00:19:57.070 --> 00:19:57.280]   still
[00:19:57.280 --> 00:19:57.600]   work
[00:19:57.600 --> 00:19:57.770]   but
[00:19:57.770 --> 00:19:57.990]   your
[00:19:57.990 --> 00:19:58.170]   eyes
[00:19:58.170 --> 00:19:58.260]   have
[00:19:58.260 --> 00:19:58.650]   lost
[00:19:58.650 --> 00:19:59.000]   the
[00:19:59.000 --> 00:19:59.040]   edge
[00:19:59.040 --> 00:19:59.150]   of
[00:19:59.150 --> 00:19:59.600]   darkness
[00:19:59.600 --> 00:20:00.140]   precision
[00:20:00.140 --> 00:20:00.330]   that
[00:20:00.330 --> 00:20:00.720]   forward
[00:20:00.720 --> 00:20:00.900]   sc
[00:20:00.900 --> 00:20:01.170]  outing
[00:20:01.170 --> 00:20:01.750]   demands
[00:20:01.750 --> 00:20:01.820]  .
[00:20:02.680 --> 00:20:02.680]   You
[00:20:02.680 --> 00:20:02.680]   know
[00:20:02.680 --> 00:20:02.760]   this
[00:20:02.760 --> 00:20:03.080]   without
[00:20:03.080 --> 00:20:03.750]   needing
[00:20:03.750 --> 00:20:04.080]   anyone
[00:20:04.080 --> 00:20:04.130]   to
[00:20:04.130 --> 00:20:04.410]   tell
[00:20:04.410 --> 00:20:04.630]   you
[00:20:04.630 --> 00:20:04.880]  .
[00:20:04.880 --> 00:20:05.330]   Three
[00:20:05.330 --> 00:20:05.600]   win
[00:20:05.600 --> 00:20:05.980]  ters
[00:20:05.980 --> 00:20:06.230]   ago
[00:20:06.230 --> 00:20:06.830]   you
[00:20:06.830 --> 00:20:07.250]   stepped
[00:20:07.250 --> 00:20:07.500]   back
[00:20:07.500 --> 00:20:07.890]   from
[00:20:07.890 --> 00:20:08.280]   active
[00:20:08.280 --> 00:20:08.360]  
[00:20:08.360 --> 00:20:08.960]   perimeter
[00:20:08.960 --> 00:20:09.060]   work
[00:20:09.060 --> 00:20:09.680]   and
[00:20:09.680 --> 00:20:09.800]   gave
[00:20:09.800 --> 00:20:09.930]   it
[00:20:09.930 --> 00:20:10.310]   fully
[00:20:10.310 --> 00:20:10.460]   to
[00:20:10.460 --> 00:20:10.530]   F
[00:20:10.530 --> 00:20:10.750]  enn
[00:20:10.750 --> 00:20:10.900]  's
[00:20:10.900 --> 00:20:11.350]   people
[00:20:11.350 --> 00:20:11.580]   who
[00:20:11.580 --> 00:20:11.850]   have
[00:20:11.850 --> 00:20:12.010]   by
[00:20:12.010 --> 00:20:12.430]   now
[00:20:12.430 --> 00:20:12.690]   become
[00:20:12.690 --> 00:20:12.910]   the
[00:20:12.910 --> 00:20:13.320]   ones
[00:20:13.320 --> 00:20:13.590]   teaching
[00:20:13.590 --> 00:20:13.830]   the
[00:20:13.830 --> 00:20:14.100]   people
[00:20:14.100 --> 00:20:14.490]   after
[00:20:14.490 --> 00:20:14.800]   them
[00:20:14.800 --> 00:20:14.970]  .
[00:20:14.970 --> 00:20:15.500]   What
[00:20:15.500 --> 00:20:15.620]   you
[00:20:15.620 --> 00:20:15.730]   do
[00:20:15.730 --> 00:20:15.950]   now
[00:20:15.950 --> 00:20:16.100]   is
[00:20:16.100 --> 00:20:16.570]   harder
[00:20:16.570 --> 00:20:16.720]   to
[00:20:16.720 --> 00:20:16.950]   put
[00:20:16.950 --> 00:20:17.030]   a
[00:20:17.030 --> 00:20:17.400]   name
[00:20:17.400 --> 00:20:17.490]   to
[00:20:17.490 --> 00:20:17.880]  .
[00:20:17.880 --> 00:20:18.250]   You
[00:20:18.250 --> 00:20:18.500]   sit
[00:20:18.500 --> 00:20:18.720]   at
[00:20:18.720 --> 00:20:19.050]   the
[00:20:19.050 --> 00:20:20.060]   center
[00:20:20.060 --> 00:20:20.170]   fire
[00:20:20.170 --> 00:20:20.380]   on
[00:20:20.380 --> 00:20:21.100]   long
[00:20:21.100 --> 00:20:21.160]   winter
[00:20:21.160 --> 00:20:21.500]   nights
[00:20:21.500 --> 00:20:21.720]   when
[00:20:21.720 --> 00:20:21.890]   the
[00:20:21.890 --> 00:20:22.130]   band
[00:20:22.130 --> 00:20:22.560]   is
[00:20:22.560 --> 00:20:22.690]   settled
[00:20:22.690 --> 00:20:22.870]   deep
[00:20:22.870 --> 00:20:22.980]   in
[00:20:22.980 --> 00:20:23.150]   the
[00:20:23.150 --> 00:20:23.490]   valley
[00:20:23.490 --> 00:20:23.700]   and
[00:20:23.700 --> 00:20:23.830]   the
[00:20:23.830 --> 00:20:24.060]   cold
[00:20:24.060 --> 00:20:24.230]   has
[00:20:24.230 --> 00:20:24.570]   pulled
[00:20:24.570 --> 00:20:25.310]   everything
[00:20:25.310 --> 00:20:25.420]   close
[00:20:25.420 --> 00:20:25.710]  .
[00:20:25.710 --> 00:20:26.800]   Children
[00:20:26.800 --> 00:20:27.240]   gather
[00:20:27.240 --> 00:20:27.520]   near
[00:20:27.520 --> 00:20:27.700]   you
[00:20:27.700 --> 00:20:28.200]  .
[00:20:28.200 --> 00:20:28.350]   Young
[00:20:28.350 --> 00:20:28.860]   hunters
[00:20:28.860 --> 00:20:29.080]   too
[00:20:29.080 --> 00:20:29.340]   new
[00:20:29.340 --> 00:20:29.520]   for
[00:20:29.520 --> 00:20:29.840]   real
[00:20:29.840 --> 00:20:30.180]   posts
[00:20:30.180 --> 00:20:30.390]   sit
[00:20:30.390 --> 00:20:30.530]   at
[00:20:30.530 --> 00:20:30.950]   the
[00:20:30.950 --> 00:20:31.130]   outer
[00:20:31.130 --> 00:20:31.420]   edge
[00:20:31.420 --> 00:20:31.560]   of
[00:20:31.560 --> 00:20:31.850]   your
[00:20:31.850 --> 00:20:32.110]   fire
[00:20:32.110 --> 00:20:32.760]   ring
[00:20:32.760 --> 00:20:33.060]   and
[00:20:33.060 --> 00:20:33.330]   listen
[00:20:33.330 --> 00:20:33.540]   to
[00:20:33.540 --> 00:20:33.620]  
[00:20:33.620 --> 00:20:33.800]   what
[00:20:33.800 --> 00:20:33.990]   you
[00:20:33.990 --> 00:20:34.090]   say
[00:20:34.090 --> 00:20:34.310]   in
[00:20:34.310 --> 00:20:34.500]   the
[00:20:34.500 --> 00:20:34.950]   dark
[00:20:34.950 --> 00:20:35.090]   hours
[00:20:35.090 --> 00:20:35.280]  .
[00:20:35.280 --> 00:20:35.490]   You
[00:20:35.490 --> 00:20:35.660]   are
[00:20:35.660 --> 00:20:35.850]   not
[00:20:35.850 --> 00:20:36.310]   telling
[00:20:36.310 --> 00:20:36.840]   stories
[00:20:36.840 --> 00:20:36.900]   to
[00:20:36.900 --> 00:20:37.150]   fill
[00:20:37.150 --> 00:20:37.690]   time
[00:20:37.690 --> 00:20:37.720]  .
[00:20:37.720 --> 00:20:38.220]   You
[00:20:38.220 --> 00:20:38.710]   are
[00:20:38.710 --> 00:20:39.410]   passing
[00:20:39.410 --> 00:20:39.500]   something
[00:20:39.500 --> 00:20:39.520]  .
[00:20:40.600 --> 00:20:40.600]   You
[00:20:40.600 --> 00:20:40.640]   describe
[00:20:40.640 --> 00:20:40.680]   what
[00:20:40.680 --> 00:20:40.710]   D
[00:20:40.710 --> 00:20:40.930]  ure
[00:20:40.930 --> 00:20:41.150]  tte
[00:20:41.150 --> 00:20:41.300]  's
[00:20:41.300 --> 00:20:41.600]   hand
[00:20:41.600 --> 00:20:42.020]   felt
[00:20:42.020 --> 00:20:42.230]   like
[00:20:42.230 --> 00:20:42.350]   on
[00:20:42.350 --> 00:20:42.650]   your
[00:20:42.650 --> 00:20:43.280]   shoulder
[00:20:43.280 --> 00:20:43.500]   and
[00:20:43.500 --> 00:20:43.900]   what
[00:20:43.900 --> 00:20:43.930]   it
[00:20:43.930 --> 00:20:44.350]   meant
[00:20:44.350 --> 00:20:44.750]  .
[00:20:44.750 --> 00:20:44.990]   You
[00:20:44.990 --> 00:20:46.190]   describe
[00:20:46.190 --> 00:20:46.560]   the
[00:20:46.560 --> 00:20:46.680]   three
[00:20:46.680 --> 00:20:47.080]   seconds
[00:20:47.080 --> 00:20:47.180]   in
[00:20:47.180 --> 00:20:47.360]   the
[00:20:47.360 --> 00:20:47.690]   forest
[00:20:47.690 --> 00:20:48.080]   with
[00:20:48.080 --> 00:20:48.100]   Yar
[00:20:48.100 --> 00:20:48.260]  row
[00:20:48.260 --> 00:20:48.480]   when
[00:20:48.480 --> 00:20:48.990]   something
[00:20:48.990 --> 00:20:49.100]   in
[00:20:49.100 --> 00:20:49.270]   the
[00:20:49.270 --> 00:20:49.490]   dark
[00:20:49.490 --> 00:20:49.720]   made
[00:20:49.720 --> 00:20:49.760]   a
[00:20:49.760 --> 00:20:50.100]   choice
[00:20:50.100 --> 00:20:50.290]  .
[00:20:50.290 --> 00:20:50.830]   You
[00:20:50.830 --> 00:20:51.600]   describe
[00:20:51.600 --> 00:20:51.880]   the
[00:20:51.880 --> 00:20:52.640]   child
[00:20:52.640 --> 00:20:52.720]   you
[00:20:52.720 --> 00:20:53.090]   could
[00:20:53.090 --> 00:20:53.300]   not
[00:20:53.300 --> 00:20:53.370]   save
[00:20:53.370 --> 00:20:54.110]   and
[00:20:54.110 --> 00:20:54.140]   what
[00:20:54.140 --> 00:20:54.330]   you
[00:20:54.330 --> 00:20:54.550]   did
[00:20:54.550 --> 00:20:54.690]   in
[00:20:54.690 --> 00:20:54.910]   the
[00:20:54.910 --> 00:20:55.280]   weeks
[00:20:55.280 --> 00:20:55.650]   after
[00:20:55.650 --> 00:20:55.870]   and
[00:20:55.870 --> 00:20:56.090]   why
[00:20:56.090 --> 00:20:56.290]   you
[00:20:56.290 --> 00:20:56.450]   did
[00:20:56.450 --> 00:20:56.870]   not
[00:20:56.870 --> 00:20:56.970]   let
[00:20:56.970 --> 00:20:57.290]   that
[00:20:57.290 --> 00:20:57.690]   weight
[00:20:57.690 --> 00:20:57.960]   take
[00:20:57.960 --> 00:20:58.600]   the
[00:20:58.600 --> 00:20:58.680]   work
[00:20:58.680 --> 00:20:58.820]   from
[00:20:58.820 --> 00:20:58.900]  
[00:20:58.900 --> 00:20:59.040]   you
[00:20:59.040 --> 00:20:59.260]  .
[00:20:59.260 --> 00:20:59.370]   You
[00:20:59.370 --> 00:21:00.220]   describe
[00:21:00.220 --> 00:21:00.350]   the
[00:21:00.350 --> 00:21:00.600]   look
[00:21:00.600 --> 00:21:00.770]   on
[00:21:00.770 --> 00:21:00.820]   F
[00:21:00.820 --> 00:21:01.040]  enn
[00:21:01.040 --> 00:21:01.190]  's
[00:21:01.190 --> 00:21:01.490]   face
[00:21:01.490 --> 00:21:01.710]   the
[00:21:01.710 --> 00:21:02.120]   first
[00:21:02.120 --> 00:21:02.380]   time
[00:21:02.380 --> 00:21:02.970]   slowing
[00:21:02.970 --> 00:21:03.120]   his
[00:21:03.120 --> 00:21:03.420]   feet
[00:21:03.420 --> 00:21:03.720]   made
[00:21:03.720 --> 00:21:03.790]   a
[00:21:03.790 --> 00:21:04.780]   difference
[00:21:04.780 --> 00:21:04.780]   he
[00:21:04.780 --> 00:21:04.960]   could
[00:21:04.960 --> 00:21:05.300]   feel
[00:21:05.300 --> 00:21:05.460]   in
[00:21:05.460 --> 00:21:05.710]   his
[00:21:05.710 --> 00:21:05.850]   whole
[00:21:05.850 --> 00:21:06.700]   body
[00:21:06.700 --> 00:21:06.720]  .
[00:21:06.720 --> 00:21:06.950]   You
[00:21:06.950 --> 00:21:07.280]   tell
[00:21:07.280 --> 00:21:07.610]   them
[00:21:07.610 --> 00:21:07.860]   the
[00:21:07.860 --> 00:21:08.190]   dark
[00:21:08.190 --> 00:21:08.690]   cannot
[00:21:08.690 --> 00:21:08.850]   be
[00:21:08.850 --> 00:21:09.510]   finished
[00:21:09.510 --> 00:21:09.870]  .
[00:21:09.870 --> 00:21:09.920]   It
[00:21:09.920 --> 00:21:10.290]   comes
[00:21:10.290 --> 00:21:10.610]   back
[00:21:10.610 --> 00:21:11.260]   every
[00:21:11.260 --> 00:21:11.480]   night
[00:21:11.480 --> 00:21:11.730]   the
[00:21:11.730 --> 00:21:12.300]   same
[00:21:12.300 --> 00:21:12.320]   as
[00:21:12.320 --> 00:21:12.420]   it
[00:21:12.420 --> 00:21:12.880]   always
[00:21:12.880 --> 00:21:13.110]   has
[00:21:13.110 --> 00:21:13.300]   and
[00:21:13.300 --> 00:21:13.830]   it
[00:21:13.830 --> 00:21:14.030]   expects
[00:21:14.030 --> 00:21:14.250]   the
[00:21:14.250 --> 00:21:14.590]   same
[00:21:14.590 --> 00:21:15.080]   quality
[00:21:15.080 --> 00:21:15.230]   of
[00:21:15.230 --> 00:21:15.920]   attention
[00:21:15.920 --> 00:21:16.040]   on
[00:21:16.040 --> 00:21:16.570]   the
[00:21:16.570 --> 00:21:16.990]   thousand
[00:21:16.990 --> 00:21:17.060]  th
[00:21:17.060 --> 00:21:17.440]   night
[00:21:17.440 --> 00:21:17.590]   as
[00:21:17.590 --> 00:21:17.730]   it
[00:21:17.730 --> 00:21:17.950]   did
[00:21:17.950 --> 00:21:18.340]   on
[00:21:18.340 --> 00:21:18.380]   the
[00:21:18.380 --> 00:21:18.510]   first
[00:21:18.510 --> 00:21:18.620]  .
[00:21:19.760 --> 00:21:19.840]  
[00:21:19.840 --> 00:21:19.960]   You
[00:21:19.960 --> 00:21:20.230]   tell
[00:21:20.230 --> 00:21:20.490]   them
[00:21:20.490 --> 00:21:20.670]   the
[00:21:20.670 --> 00:21:21.100]   fire
[00:21:21.100 --> 00:21:21.170]   is
[00:21:21.170 --> 00:21:21.310]   the
[00:21:21.310 --> 00:21:21.570]   line
[00:21:21.570 --> 00:21:21.770]   and
[00:21:21.770 --> 00:21:22.040]   they
[00:21:22.040 --> 00:21:22.240]   are
[00:21:22.240 --> 00:21:22.440]   the
[00:21:22.440 --> 00:21:22.800]   ones
[00:21:22.800 --> 00:21:23.520]   responsible
[00:21:23.520 --> 00:21:23.910]   for
[00:21:23.910 --> 00:21:24.140]   keeping
[00:21:24.140 --> 00:21:24.330]   it
[00:21:24.330 --> 00:21:24.470]   fed
[00:21:24.470 --> 00:21:24.800]  .
[00:21:25.480 --> 00:21:25.480]   You
[00:21:25.480 --> 00:21:25.480]   sit
[00:21:25.480 --> 00:21:25.560]   in
[00:21:25.560 --> 00:21:25.570]   the
[00:21:25.570 --> 00:21:25.980]   warmth
[00:21:25.980 --> 00:21:26.030]   of
[00:21:26.030 --> 00:21:26.200]   a
[00:21:26.200 --> 00:21:26.470]   hear
[00:21:26.470 --> 00:21:26.880]  th
[00:21:26.880 --> 00:21:26.900]   your
[00:21:26.900 --> 00:21:27.320]   family
[00:21:27.320 --> 00:21:27.530]   has
[00:21:27.530 --> 00:21:27.950]   tended
[00:21:27.950 --> 00:21:28.520]   across
[00:21:28.520 --> 00:21:28.780]   more
[00:21:28.780 --> 00:21:29.220]   seasons
[00:21:29.220 --> 00:21:29.630]   than
[00:21:29.630 --> 00:21:29.650]   you
[00:21:29.650 --> 00:21:29.850]   can
[00:21:29.850 --> 00:21:30.200]   count
[00:21:30.200 --> 00:21:30.360]   and
[00:21:30.360 --> 00:21:30.520]   you
[00:21:30.520 --> 00:21:30.710]   listen
[00:21:30.710 --> 00:21:30.960]   to
[00:21:30.960 --> 00:21:31.110]   the
[00:21:31.110 --> 00:21:31.560]   night
[00:21:31.560 --> 00:21:31.610]   the
[00:21:31.610 --> 00:21:31.730]   way
[00:21:31.730 --> 00:21:31.880]   you
[00:21:31.880 --> 00:21:32.150]   have
[00:21:32.150 --> 00:21:32.560]   listened
[00:21:32.560 --> 00:21:32.660]   to
[00:21:32.660 --> 00:21:32.770]   it
[00:21:32.770 --> 00:21:32.930]   for
[00:21:32.930 --> 00:21:33.260]   50
[00:21:33.260 --> 00:21:33.540]   years
[00:21:33.540 --> 00:21:33.810]  .
[00:21:33.810 --> 00:21:34.350]   You
[00:21:34.350 --> 00:21:34.780]   still
[00:21:34.780 --> 00:21:35.390]   catch
[00:21:35.390 --> 00:21:35.580]   the
[00:21:35.580 --> 00:21:36.100]   interrupt
[00:21:36.100 --> 00:21:36.320]  ions
[00:21:36.320 --> 00:21:36.490]  .
[00:21:36.490 --> 00:21:36.950]   You
[00:21:36.950 --> 00:21:37.000]   still
[00:21:37.000 --> 00:21:37.190]   feel
[00:21:37.190 --> 00:21:37.410]   when
[00:21:37.410 --> 00:21:37.580]   the
[00:21:37.580 --> 00:21:37.750]   air
[00:21:37.750 --> 00:21:38.150]   outside
[00:21:38.150 --> 00:21:38.320]   the
[00:21:38.320 --> 00:21:38.620]   camp
[00:21:38.620 --> 00:21:38.890]   shifts
[00:21:38.890 --> 00:21:39.000]   in
[00:21:39.000 --> 00:21:39.050]   a
[00:21:39.050 --> 00:21:39.320]   certain
[00:21:39.320 --> 00:21:39.730]   way
[00:21:39.730 --> 00:21:39.860]  .
[00:21:40.860 --> 00:21:40.940]  
[00:21:40.940 --> 00:21:41.090]   The
[00:21:41.090 --> 00:21:41.380]   knowledge
[00:21:41.380 --> 00:21:42.240]   has
[00:21:42.240 --> 00:21:42.280]   not
[00:21:42.280 --> 00:21:42.540]   left
[00:21:42.540 --> 00:21:42.810]   you
[00:21:42.810 --> 00:21:43.030]  .
[00:21:43.030 --> 00:21:43.220]   It
[00:21:43.220 --> 00:21:43.700]   lives
[00:21:43.700 --> 00:21:43.900]   in
[00:21:43.900 --> 00:21:43.990]   a
[00:21:43.990 --> 00:21:45.010]   different
[00:21:45.010 --> 00:21:45.430]   place
[00:21:45.430 --> 00:21:45.660]   now
[00:21:45.660 --> 00:21:45.900]  ,
[00:21:45.900 --> 00:21:46.100]   the
[00:21:46.100 --> 00:21:46.450]   place
[00:21:46.450 --> 00:21:46.820]   a
[00:21:46.820 --> 00:21:46.880]   thing
[00:21:46.880 --> 00:21:47.260]   moves
[00:21:47.260 --> 00:21:47.380]   to
[00:21:47.380 --> 00:21:47.630]   when
[00:21:47.630 --> 00:21:47.750]   it
[00:21:47.750 --> 00:21:47.880]   stops
[00:21:47.880 --> 00:21:48.680]   being
[00:21:48.680 --> 00:21:48.940]   something
[00:21:48.940 --> 00:21:49.130]   you
[00:21:49.130 --> 00:21:49.250]   do
[00:21:49.250 --> 00:21:49.440]   and
[00:21:49.440 --> 00:21:49.880]   becomes
[00:21:49.880 --> 00:21:50.560]   something
[00:21:50.560 --> 00:21:50.640]   you
[00:21:50.640 --> 00:21:50.990]   simply
[00:21:50.990 --> 00:21:51.410]   are
[00:21:51.410 --> 00:21:51.460]  .
[00:21:52.780 --> 00:21:52.780]   F
[00:21:52.780 --> 00:21:52.780]  enn
[00:21:52.780 --> 00:21:52.780]  's
[00:21:52.780 --> 00:21:52.860]   youngest
[00:21:52.860 --> 00:21:53.180]   scout
[00:21:53.180 --> 00:21:53.360]  ,
[00:21:53.360 --> 00:21:53.410]   a
[00:21:53.410 --> 00:21:53.800]   girl
[00:21:53.800 --> 00:21:54.200]   of
[00:21:54.200 --> 00:21:54.540]   15
[00:21:54.540 --> 00:21:54.730]  ,
[00:21:54.730 --> 00:21:55.080]   sits
[00:21:55.080 --> 00:21:55.440]   just
[00:21:55.440 --> 00:21:55.820]   past
[00:21:55.820 --> 00:21:56.080]   her
[00:21:56.080 --> 00:21:56.400]   fire
[00:21:56.400 --> 00:21:56.930]  light
[00:21:56.930 --> 00:21:57.060]   on
[00:21:57.060 --> 00:21:57.150]   a
[00:21:57.150 --> 00:21:57.600]   clear
[00:21:57.600 --> 00:21:57.950]   cold
[00:21:57.950 --> 00:21:58.540]   night
[00:21:58.540 --> 00:21:59.050]   watching
[00:21:59.050 --> 00:21:59.210]   the
[00:21:59.210 --> 00:21:59.950]   tree
[00:21:59.950 --> 00:22:00.090]   line
[00:22:00.090 --> 00:22:00.330]  .
[00:22:00.330 --> 00:22:00.660]   Back
[00:22:00.660 --> 00:22:01.310]   straight
[00:22:01.310 --> 00:22:01.580]   but
[00:22:01.580 --> 00:22:01.840]   not
[00:22:01.840 --> 00:22:02.280]   locked
[00:22:02.280 --> 00:22:02.690]  .
[00:22:02.690 --> 00:22:03.170]   Wait
[00:22:03.170 --> 00:22:03.690]   even
[00:22:03.690 --> 00:22:04.500]  .
[00:22:04.500 --> 00:22:04.720]   Eyes
[00:22:04.720 --> 00:22:05.540]   moving
[00:22:05.540 --> 00:22:05.720]   in
[00:22:05.720 --> 00:22:05.930]   a
[00:22:05.930 --> 00:22:06.350]   slow
[00:22:06.350 --> 00:22:06.800]   sweep
[00:22:06.800 --> 00:22:06.880]  
[00:22:06.880 --> 00:22:07.280]   rather
[00:22:07.280 --> 00:22:07.410]   than
[00:22:07.410 --> 00:22:08.160]   fixed
[00:22:08.160 --> 00:22:08.220]   on
[00:22:08.220 --> 00:22:08.430]   one
[00:22:08.430 --> 00:22:08.800]   point
[00:22:08.800 --> 00:22:09.040]  .
[00:22:09.040 --> 00:22:09.280]   One
[00:22:09.280 --> 00:22:09.600]   hand
[00:22:09.600 --> 00:22:10.100]   loose
[00:22:10.100 --> 00:22:10.160]   on
[00:22:10.160 --> 00:22:10.400]   her
[00:22:10.400 --> 00:22:10.950]   spear
[00:22:10.950 --> 00:22:11.200]   shaft
[00:22:11.200 --> 00:22:11.500]  .
[00:22:11.500 --> 00:22:11.840]   You
[00:22:11.840 --> 00:22:12.750]   watch
[00:22:12.750 --> 00:22:12.760]   her
[00:22:12.760 --> 00:22:13.100]   for
[00:22:13.100 --> 00:22:13.180]   a
[00:22:13.180 --> 00:22:13.500]   long
[00:22:13.500 --> 00:22:13.880]   time
[00:22:13.880 --> 00:22:14.380]   without
[00:22:14.380 --> 00:22:14.830]   making
[00:22:14.830 --> 00:22:15.280]   a
[00:22:15.280 --> 00:22:15.310]   sound
[00:22:15.310 --> 00:22:15.530]  .
[00:22:15.530 --> 00:22:15.750]   She
[00:22:15.750 --> 00:22:16.050]   does
[00:22:16.050 --> 00:22:16.270]   not
[00:22:16.270 --> 00:22:16.570]   know
[00:22:16.570 --> 00:22:16.790]   you
[00:22:16.790 --> 00:22:17.010]   are
[00:22:17.010 --> 00:22:17.620]   watching
[00:22:17.620 --> 00:22:18.030]  .
[00:22:18.030 --> 00:22:18.050]   She
[00:22:18.050 --> 00:22:18.200]   is
[00:22:18.200 --> 00:22:18.800]   entirely
[00:22:18.800 --> 00:22:18.950]   in
[00:22:18.950 --> 00:22:19.120]   her
[00:22:19.120 --> 00:22:19.820]   work
[00:22:19.820 --> 00:22:19.820]  .
[00:22:20.660 --> 00:22:20.660]   She
[00:22:20.660 --> 00:22:20.660]   is
[00:22:20.660 --> 00:22:20.740]   doing
[00:22:20.740 --> 00:22:20.820]   the
[00:22:20.820 --> 00:22:21.210]   thing
[00:22:21.210 --> 00:22:21.730]   that
[00:22:21.730 --> 00:22:22.070]   cannot
[00:22:22.070 --> 00:22:22.210]   be
[00:22:22.210 --> 00:22:22.850]   scratched
[00:22:22.850 --> 00:22:23.200]   into
[00:22:23.200 --> 00:22:23.470]   bone
[00:22:23.470 --> 00:22:23.700]   or
[00:22:23.700 --> 00:22:24.170]   pressed
[00:22:24.170 --> 00:22:24.810]   into
[00:22:24.810 --> 00:22:24.880]   clay
[00:22:24.880 --> 00:22:25.030]   or
[00:22:25.030 --> 00:22:25.500]   passed
[00:22:25.500 --> 00:22:26.060]   through
[00:22:26.060 --> 00:22:26.270]   any
[00:22:26.270 --> 00:22:26.560]   medium
[00:22:26.560 --> 00:22:27.410]   other
[00:22:27.410 --> 00:22:27.480]   than
[00:22:27.480 --> 00:22:27.630]   one
[00:22:27.630 --> 00:22:28.240]   watching
[00:22:28.240 --> 00:22:28.540]   body
[00:22:28.540 --> 00:22:29.220]   alongside
[00:22:29.220 --> 00:22:30.210]   another
[00:22:30.210 --> 00:22:30.360]   watching
[00:22:30.360 --> 00:22:30.660]   body
[00:22:30.660 --> 00:22:30.880]  ,
[00:22:30.880 --> 00:22:32.020]   repeated
[00:22:32.020 --> 00:22:32.140]   across
[00:22:32.140 --> 00:22:32.590]   more
[00:22:32.590 --> 00:22:33.020]   generations
[00:22:33.020 --> 00:22:33.100]  
[00:22:33.100 --> 00:22:33.250]   than
[00:22:33.250 --> 00:22:33.600]   anyone
[00:22:33.600 --> 00:22:33.660]   alive
[00:22:33.660 --> 00:22:34.350]   can
[00:22:34.350 --> 00:22:34.430]   count
[00:22:34.430 --> 00:22:34.570]  .
[00:22:34.570 --> 00:22:35.070]   She
[00:22:35.070 --> 00:22:35.750]   will
[00:22:35.750 --> 00:22:36.590]   teach
[00:22:36.590 --> 00:22:36.750]   the
[00:22:36.750 --> 00:22:37.170]   one
[00:22:37.170 --> 00:22:37.320]   after
[00:22:37.320 --> 00:22:37.590]   her
[00:22:37.590 --> 00:22:37.720]  .
[00:22:37.720 --> 00:22:38.030]   That
[00:22:38.030 --> 00:22:38.230]   one
[00:22:38.230 --> 00:22:38.960]   will
[00:22:38.960 --> 00:22:38.980]   teach
[00:22:38.980 --> 00:22:39.190]   the
[00:22:39.190 --> 00:22:39.550]   next
[00:22:39.550 --> 00:22:39.780]  .
[00:22:40.660 --> 00:22:40.740]   The
[00:22:40.740 --> 00:22:40.800]   knowledge
[00:22:40.800 --> 00:22:41.180]   traveling
[00:22:41.180 --> 00:22:42.060]   the
[00:22:42.060 --> 00:22:42.190]   only
[00:22:42.190 --> 00:22:42.410]   way
[00:22:42.410 --> 00:22:42.610]   it
[00:22:42.610 --> 00:22:42.830]   has
[00:22:42.830 --> 00:22:43.200]   ever
[00:22:43.200 --> 00:22:43.960]   traveled
[00:22:43.960 --> 00:22:44.010]  ,
[00:22:44.010 --> 00:22:44.400]   through
[00:22:44.400 --> 00:22:44.810]   the
[00:22:44.810 --> 00:22:44.890]   living
[00:22:44.890 --> 00:22:45.020]  ,
[00:22:45.020 --> 00:22:45.350]   night
[00:22:45.350 --> 00:22:45.640]   after
[00:22:45.640 --> 00:22:45.970]   night
[00:22:45.970 --> 00:22:46.160]  ,
[00:22:46.780 --> 00:22:46.780]   along
[00:22:46.780 --> 00:22:46.860]   the
[00:22:46.860 --> 00:22:47.070]   line
[00:22:47.070 --> 00:22:47.290]   where
[00:22:47.290 --> 00:22:48.130]   fire
[00:22:48.130 --> 00:22:48.200]  light
[00:22:48.200 --> 00:22:48.430]   ends
[00:22:48.430 --> 00:22:48.730]   and
[00:22:48.730 --> 00:22:48.890]   the
[00:22:48.890 --> 00:22:49.190]   dark
[00:22:49.190 --> 00:22:49.650]   begins
[00:22:49.650 --> 00:22:49.940]  .
[00:22:51.220 --> 00:22:51.300]   Somewhere
[00:22:51.300 --> 00:22:51.670]   right
[00:22:51.670 --> 00:22:51.770]   now
[00:22:51.770 --> 00:22:52.300]  ,
[00:22:52.300 --> 00:22:52.610]   a
[00:22:52.610 --> 00:22:52.630]   child
[00:22:52.630 --> 00:22:52.750]   is
[00:22:52.750 --> 00:22:53.080]   pressed
[00:22:53.080 --> 00:22:53.450]   against
[00:22:53.450 --> 00:22:53.710]   their
[00:22:53.710 --> 00:22:54.020]   mother
[00:22:54.020 --> 00:22:54.120]  's
[00:22:54.120 --> 00:22:54.330]   side
[00:22:54.330 --> 00:22:54.540]  .
[00:22:55.100 --> 00:22:55.180]  
[00:22:55.180 --> 00:22:55.430]   There
[00:22:55.430 --> 00:22:55.560]   is
[00:22:55.560 --> 00:22:55.610]   a
[00:22:55.610 --> 00:22:55.730]   sound
[00:22:55.730 --> 00:22:56.510]   from
[00:22:56.510 --> 00:22:56.670]   outside
[00:22:56.670 --> 00:22:56.900]  .
[00:22:56.900 --> 00:22:57.140]   The
[00:22:57.140 --> 00:22:57.530]   child
[00:22:57.530 --> 00:22:57.770]   has
[00:22:57.770 --> 00:22:57.930]   no
[00:22:57.930 --> 00:22:58.240]   word
[00:22:58.240 --> 00:22:58.480]   for
[00:22:58.480 --> 00:22:58.850]   what
[00:22:58.850 --> 00:22:59.250]   they
[00:22:59.250 --> 00:22:59.410]   feel
[00:22:59.410 --> 00:22:59.700]  .
[00:23:00.440 --> 00:23:00.440]   The
[00:23:00.440 --> 00:23:00.520]   tight
[00:23:00.520 --> 00:23:00.650]  ness
[00:23:00.650 --> 00:23:00.810]   in
[00:23:00.810 --> 00:23:00.950]   the
[00:23:00.950 --> 00:23:01.450]   chest
[00:23:01.450 --> 00:23:01.840]  .
[00:23:01.840 --> 00:23:01.990]   The
[00:23:01.990 --> 00:23:02.390]   sudden
[00:23:02.390 --> 00:23:02.540]  ,
[00:23:02.540 --> 00:23:02.920]   total
[00:23:02.920 --> 00:23:03.610]   attention
[00:23:03.610 --> 00:23:03.860]  .
[00:23:03.860 --> 00:23:04.590]   The
[00:23:04.590 --> 00:23:05.130]   understanding
[00:23:05.130 --> 00:23:05.290]  ,
[00:23:05.290 --> 00:23:06.400]   arriving
[00:23:06.400 --> 00:23:06.440]   without
[00:23:06.440 --> 00:23:07.210]   explanation
[00:23:07.210 --> 00:23:07.350]  ,
[00:23:07.350 --> 00:23:07.840]   that
[00:23:07.840 --> 00:23:07.860]   the
[00:23:07.860 --> 00:23:08.190]   space
[00:23:08.190 --> 00:23:08.470]   past
[00:23:08.470 --> 00:23:08.680]   the
[00:23:08.680 --> 00:23:08.980]   fire
[00:23:08.980 --> 00:23:09.310]  light
[00:23:09.310 --> 00:23:09.480]   is
[00:23:09.480 --> 00:23:09.740]   not
[00:23:09.740 --> 00:23:10.010]   empty
[00:23:10.010 --> 00:23:10.590]  .
[00:23:10.590 --> 00:23:10.630]   That
[00:23:10.630 --> 00:23:11.090]   child
[00:23:11.090 --> 00:23:11.420]   will
[00:23:11.420 --> 00:23:11.960]   learn
[00:23:11.960 --> 00:23:12.400]  .
[00:23:12.400 --> 00:23:12.710]   They
[00:23:12.710 --> 00:23:13.440]   will
[00:23:13.440 --> 00:23:13.600]   learn
[00:23:13.600 --> 00:23:13.880]   what
[00:23:13.880 --> 00:23:14.090]   the
[00:23:14.090 --> 00:23:14.230]   sounds
[00:23:14.230 --> 00:23:15.000]   mean
[00:23:15.000 --> 00:23:15.020]  .
[00:23:15.020 --> 00:23:15.280]   They
[00:23:15.280 --> 00:23:15.560]   will
[00:23:15.560 --> 00:23:15.910]   learn
[00:23:15.910 --> 00:23:16.050]   to
[00:23:16.050 --> 00:23:16.330]   slow
[00:23:16.330 --> 00:23:16.680]   their
[00:23:16.680 --> 00:23:16.960]   feet
[00:23:16.960 --> 00:23:17.170]  .
[00:23:17.170 --> 00:23:17.750]   One
[00:23:17.750 --> 00:23:17.840]   day
[00:23:17.840 --> 00:23:18.280]   they
[00:23:18.280 --> 00:23:18.720]   will
[00:23:18.720 --> 00:23:19.160]   sit
[00:23:19.160 --> 00:23:19.560]   a
[00:23:19.560 --> 00:23:19.600]   cold
[00:23:19.600 --> 00:23:20.100]   post
[00:23:20.100 --> 00:23:20.600]   with
[00:23:20.600 --> 00:23:20.640]   their
[00:23:20.640 --> 00:23:20.720]  
[00:23:20.720 --> 00:23:20.880]   back
[00:23:20.880 --> 00:23:21.000]   to
[00:23:21.000 --> 00:23:21.170]   the
[00:23:21.170 --> 00:23:21.270]   fire
[00:23:21.270 --> 00:23:21.600]   and
[00:23:21.600 --> 00:23:22.040]   their
[00:23:22.040 --> 00:23:22.170]   face
[00:23:22.170 --> 00:23:22.510]   toward
[00:23:22.510 --> 00:23:22.690]   the
[00:23:22.690 --> 00:23:22.930]   dark
[00:23:22.930 --> 00:23:23.180]  .
[00:23:23.180 --> 00:23:23.550]   They
[00:23:23.550 --> 00:23:23.940]   will
[00:23:23.940 --> 00:23:24.380]   carry
[00:23:24.380 --> 00:23:24.790]   a
[00:23:24.790 --> 00:23:24.930]   torch
[00:23:24.930 --> 00:23:25.210]   in
[00:23:25.210 --> 00:23:25.480]   both
[00:23:25.480 --> 00:23:25.930]   hands
[00:23:25.930 --> 00:23:26.600]   and
[00:23:26.600 --> 00:23:26.740]   guard
[00:23:26.740 --> 00:23:26.860]   it
[00:23:26.860 --> 00:23:27.000]   with
[00:23:27.000 --> 00:23:27.310]   their
[00:23:27.310 --> 00:23:27.540]   body
[00:23:27.540 --> 00:23:27.640]   against
[00:23:27.640 --> 00:23:28.400]   the
[00:23:28.400 --> 00:23:28.440]   wind
[00:23:28.440 --> 00:23:28.630]  .
[00:23:28.630 --> 00:23:28.950]   They
[00:23:28.950 --> 00:23:29.170]   will
[00:23:29.170 --> 00:23:29.440]   spend
[00:23:29.440 --> 00:23:29.540]   a
[00:23:29.540 --> 00:23:29.810]   whole
[00:23:29.810 --> 00:23:30.060]   life
[00:23:30.060 --> 00:23:30.500]   finding
[00:23:30.500 --> 00:23:30.760]   out
[00:23:30.760 --> 00:23:31.130]   what
[00:23:31.130 --> 00:23:31.150]   the
[00:23:31.150 --> 00:23:31.570]   night
[00:23:31.570 --> 00:23:31.750]   holds
[00:23:31.750 --> 00:23:32.040]  .
[00:23:32.920 --> 00:23:33.000]   They
[00:23:33.000 --> 00:23:33.000]   always
[00:23:33.000 --> 00:23:33.380]   have
[00:23:33.380 --> 00:23:33.660]  .
[00:23:33.660 --> 00:23:34.340]   They
[00:23:34.340 --> 00:23:34.630]   always
[00:23:34.630 --> 00:23:35.010]   will
[00:23:35.010 --> 00:23:35.340]  .
[00:23:35.340 --> 00:23:35.620]   The
[00:23:35.620 --> 00:23:36.000]   dark
[00:23:36.000 --> 00:23:36.380]   does
[00:23:36.380 --> 00:23:37.070]   not
[00:23:37.070 --> 00:23:37.230]   change
[00:23:37.230 --> 00:23:37.510]  .
[00:23:37.510 --> 00:23:37.890]   Only
[00:23:37.890 --> 00:23:38.130]   the
[00:23:38.130 --> 00:23:38.830]   ones
[00:23:38.830 --> 00:23:38.880]   who
[00:23:38.880 --> 00:23:39.300]   learn
[00:23:39.300 --> 00:23:39.480]   to
[00:23:39.480 --> 00:23:39.920]   face
[00:23:39.920 --> 00:23:40.060]   it
[00:23:40.060 --> 00:23:40.400]  .
