(Index),idx,text,startSec,endSec,durationSec,gapToPrevSec,nearestSilenceEndSec,smearSec
0,0,Some,0.16,0.3,0.14,,,
1,1,places,0.3,0.75,0.45,0,,
2,2,in,0.75,0.9,0.15,0,,
3,3,the,0.9,1.12,0.22,0,,
4,4,41,1.12,1.57,0.45,0,,
5,5,st,1.57,1.72,0.15,0,,
6,6,millennium,1.72,2.63,0.91,0,,
7,7,don,2.63,2.73,0.1,0,,
8,8,t,2.73,2.88,0.15,0,,
9,9,just,2.88,3.23,0.35,0,,
10,10,kill,3.23,3.43,0.2,0,,
11,11,soldiers,3.43,4.24,0.81,0,4.36,-0.93
12,12,they,4.24,4.5,0.26,0,4.36,-0.12
13,13,take,4.5,4.78,0.28,0,4.36,0.14
14,14,apart,4.78,5.09,0.31,0,4.36,0.42
15,15,the,5.09,5.32,0.23,0,4.36,0.73
16,16,conditions,5.32,5.95,0.63,0,4.36,0.96
17,17,under,5.95,6.28,0.33,0,4.36,1.59
18,18,which,6.28,6.61,0.33,0,4.36,1.92
19,19,a,6.61,6.67,0.06,0,4.36,2.25
20,20,soldier,6.67,7.13,0.46,0,4.36,2.31
21,21,can,7.13,7.47,0.34,0,4.36,2.77
22,22,function,7.47,7.93,0.46,0,4.36,3.11
23,23,in,7.93,8.09,0.16,0,4.36,3.57
24,24,the,8.09,8.6,0.51,0,4.36,3.73
25,25,first,8.6,8.84,0.24,0,4.36,4.24
26,26,place,8.84,9.2,0.36,0,9.36,-0.52
27,27,Training,9.2,9.84,0.64,0,9.36,-0.16
28,28,equipment,9.97,10.71,0.74,0.13,9.36,0.61
29,29,formation,10.9,11.58,0.68,0.19,11.5,-0.6
30,30,doctrine,11.83,12.43,0.6,0.25,12.54,-0.71
31,31,gone,12.43,12.66,0.23,0,12.54,-0.11
32,32,before,12.66,13.06,0.4,0,12.54,0.12
33,33,the,13.06,13.56,0.5,0,12.54,0.52
34,34,first,13.56,13.59,0.03,0,12.54,1.02
35,35,contact,13.59,14.05,0.46,0,12.54,1.05
36,36,report,14.05,14.48,0.43,0,14.66,-0.61
37,37,These,14.48,14.8,0.32,0,14.66,-0.18
38,38,aren,14.8,15.05,0.25,0,14.66,0.14
39,39,t,15.05,15.17,0.12,0,14.66,0.39
40,40,the,15.17,15.36,0.19,0,14.66,0.51
41,41,worst,15.36,15.68,0.32,0,14.66,0.7
42,42,battlefield,15.68,16.41,0.73,0,16.64,-0.96
43,43,s,16.41,16.45,0.04,0,16.64,-0.23
44,44,because,16.45,16.9,0.45,0,16.64,-0.19
45,45,of,16.9,17.11,0.21,0,16.64,0.26
46,46,the,17.11,17.22,0.11,0,16.64,0.47
47,47,numbers,17.22,17.71,0.49,0,18.08,-0.86
48,48,They,17.92,18.17,0.25,0.21,18.08,-0.16
49,49,re,18.17,18.46,0.29,0,18.7,-0.53
50,50,the,18.46,18.55,0.09,0,18.7,-0.24
51,51,worst,18.55,18.87,0.32,0,18.7,-0.15
52,52,because,18.87,19.32,0.45,0,18.7,0.17
53,53,the,19.32,19.62,0.3,0,18.7,0.62
54,54,environment,19.62,20.24,0.62,0,18.7,0.92
55,55,was,20.24,20.56,0.32,0,18.7,1.54
56,56,already,20.56,20.96,0.4,0,18.7,1.86
57,57,doing,20.96,21.2,0.24,0,18.7,2.26
58,58,the,21.2,21.36,0.16,0,18.7,2.5
59,59,killing,21.36,21.75,0.39,0,18.7,2.66
60,60,before,21.75,22.16,0.41,0,18.7,3.05
61,61,the,22.16,22.3,0.14,0,18.7,3.46
62,62,enemy,22.3,22.52,0.22,0,18.7,3.6
63,63,showed,22.52,22.94,0.42,0,18.7,3.82
64,64,up,22.94,23.06,0.12,0,23.38,-0.44
65,65,Number,23.28,23.82,0.54,0.22,23.38,-0.1
66,66,6,23.82,24.06,0.24,0,23.38,0.44
67,67,C,24.24,24.36,0.12,0.18,23.38,0.86
68,68,atech,24.36,24.76,0.4,0,25.14,-0.78
69,69,an,24.76,24.98,0.22,0,25.14,-0.38
70,70,Before,25.21,25.63,0.42,0.23,25.14,0.07
71,71,C,25.63,25.7,0.07,0,25.14,0.49
72,72,atech,25.7,26.07,0.37,0,25.14,0.56
73,73,an,26.07,26.24,0.17,0,25.14,0.93
74,74,produced,26.24,26.72,0.48,0,25.14,1.1
75,75,the,26.72,26.9,0.18,0,25.14,1.58
76,76,Imperium,26.9,27.52,0.62,0,25.14,1.76
77,77,s,27.52,27.65,0.13,0,25.14,2.38
78,78,most,27.65,27.88,0.23,0,25.14,2.51
79,79,capable,27.88,28.32,0.44,0,25.14,2.74
80,80,baseline,28.32,28.8,0.48,0,25.14,3.18
81,81,human,28.8,29.12,0.32,0,25.14,3.66
82,82,soldiers,29.28,29.78,0.5,0.16,25.14,4.14
83,83,the,29.94,30.2,0.26,0.16,30.34,-0.4
84,84,planet,30.2,30.69,0.49,0,30.34,-0.14
85,85,had,30.69,30.94,0.25,0,30.34,0.35
86,86,a,30.94,31.05,0.11,0,30.34,0.6
87,87,simpler,31.05,31.75,0.7,0,30.34,0.71
88,88,reputation,31.75,32.43,0.68,0,32.88,-1.13
89,89,It,32.72,32.89,0.17,0.29,32.88,-0.16
90,90,killed,32.89,33.33,0.44,0,32.88,0.01
91,91,everything,33.33,34.09,0.76,0,32.88,0.45
92,92,on,34.09,34.24,0.15,0,32.88,1.21
93,93,it,34.24,34.42,0.18,0,32.88,1.36
94,94,The,34.65,34.86,0.21,0.23,34.82,-0.17
95,95,jungle,34.86,35.35,0.49,0,35.62,-0.76
96,96,didn,35.35,35.6,0.25,0,35.62,-0.27
97,97,t,35.6,35.73,0.13,0,35.62,-0.02
98,98,evolve,35.73,36.17,0.44,0,35.62,0.11
99,99,around,36.17,36.59,0.42,0,35.62,0.55
100,100,human,36.59,37.11,0.52,0,35.62,0.97
101,101,warfare,37.11,37.55,0.44,0,37.94,-0.83
102,102,It,37.76,37.93,0.17,0.21,37.94,-0.18
103,103,spent,37.93,38.36,0.43,0,37.94,-0.01
104,104,millions,38.36,39.13,0.77,0,38.64,-0.28
105,105,of,39.13,39.23,0.1,0,38.64,0.49
106,106,years,39.23,39.69,0.46,0,38.64,0.59
107,107,optimizing,39.69,40.53,0.84,0,40.08,-0.39
108,108,toward,40.53,41.05,0.52,0,40.08,0.45
109,109,a,41.05,41.13,0.08,0,40.08,0.97
110,110,single,41.13,41.65,0.52,0,40.08,1.05
111,111,outcome,41.65,42.32,0.67,0,42.48,-0.83
112,112,and,42.32,42.5,0.18,0,42.48,-0.16
113,113,anything,42.5,42.99,0.49,0,42.48,0.02
114,114,with,42.99,43.23,0.24,0,42.48,0.51
115,115,a,43.23,43.28,0.05,0,42.48,0.75
116,116,nervous,43.28,43.72,0.44,0,42.48,0.8
117,117,system,43.72,44.08,0.36,0,42.48,1.24
118,118,is,44.08,44.25,0.17,0,42.48,1.6
119,119,on,44.25,44.32,0.07,0,42.48,1.77
120,120,the,44.32,44.5,0.18,0,42.48,1.84
121,121,wrong,44.5,44.95,0.45,0,42.48,2.02
122,122,side,44.95,45.04,0.09,0,42.48,2.47
123,123,of,45.04,45.2,0.16,0,42.48,2.56
124,124,that,45.2,45.55,0.35,0,42.48,2.72
125,125,outcome,45.55,45.83,0.28,0,42.48,3.07
126,126,Hum,46.08,46.32,0.24,0.25,46.28,-0.2
127,127,idity,46.32,46.72,0.4,0,46.28,0.04
128,128,wre,46.72,46.96,0.24,0,46.28,0.44
129,129,cks,46.96,47.2,0.24,0,46.28,0.68
130,130,unprotected,47.2,48.09,0.89,0,46.28,0.92
131,131,electronics,48.09,48.98,0.89,0,46.28,1.81
132,132,inside,48.98,49.47,0.49,0,46.28,2.7
133,133,a,49.47,49.54,0.07,0,46.28,3.19
134,134,few,49.54,49.76,0.22,0,46.28,3.26
135,135,hours,49.76,50.44,0.68,0,50.62,-0.86
136,136,Loss,50.48,50.76,0.28,0.04,50.62,-0.14
137,137,charge,50.76,51.18,0.42,0,50.62,0.14
138,138,packs,51.18,51.56,0.38,0,50.62,0.56
139,139,corro,51.56,51.88,0.32,0,50.62,0.94
140,140,de,51.88,52.02,0.14,0,52.38,-0.5
141,141,Optical,52.24,52.72,0.48,0.22,52.38,-0.14
142,142,sc,52.72,52.85,0.13,0,52.38,0.34
143,143,opes,52.85,53.12,0.27,0,52.38,0.47
144,144,fog,53.12,53.36,0.24,0,52.38,0.74
145,145,permanently,53.36,54.08,0.72,0,52.38,0.98
146,146,The,54.48,54.57,0.09,0.4,54.52,-0.04
147,147,canopy,54.57,55.07,0.5,0,54.52,0.05
148,148,generates,55.07,55.84,0.77,0,54.52,0.55
149,149,a,55.84,56.02,0.18,0,54.52,1.32
150,150,biological,56.02,56.95,0.93,0,54.52,1.5
151,151,electrical,56.95,57.62,0.67,0,54.52,2.43
152,152,field,57.62,58.04,0.42,0,54.52,3.1
153,153,that,58.04,58.68,0.64,0,54.52,3.52
154,154,jams,58.68,58.72,0.04,0,54.52,4.16
155,155,Vox,58.72,58.97,0.25,0,54.52,4.2
156,156,casters,58.97,59.6,0.63,0,54.52,4.45
157,157,something,59.6,60.19,0.59,0,54.52,5.08
158,158,the,60.19,60.37,0.18,0,54.52,5.67
159,159,Mechan,60.37,60.77,0.4,0,54.52,5.85
160,160,icus,60.77,61.03,0.26,0,54.52,6.25
161,161,has,61.03,61.3,0.27,0,54.52,6.51
162,162,catalog,61.3,61.68,0.38,0,54.52,6.78
163,163,ued,61.68,61.87,0.19,0,62.18,-0.5
164,164,and,61.87,62.23,0.36,0,62.18,-0.31
165,165,never,62.23,62.39,0.16,0,62.18,0.05
166,166,adequately,62.39,63.05,0.66,0,62.18,0.21
167,167,explained,63.05,63.92,0.87,0,64.12,-1.07
168,168,That,63.92,64.24,0.32,0,64.12,-0.2
169,169,s,64.24,64.46,0.22,0,64.12,0.12
170,170,before,64.46,64.87,0.41,0,65.28,-0.82
171,171,anything,64.87,65.62,0.75,0,65.28,-0.41
172,172,in,65.62,65.69,0.07,0,65.28,0.34
173,173,the,65.69,65.93,0.24,0,65.28,0.41
174,174,jungle,65.93,66.55,0.62,0,65.28,0.65
175,175,decides,66.55,67.14,0.59,0,65.28,1.27
176,176,to,67.14,67.15,0.01,0,65.28,1.86
177,177,engage,67.15,67.6,0.45,0,65.28,1.87
178,178,C,67.92,68.08,0.16,0.32,68.08,-0.16
179,179,atech,68.08,68.46,0.38,0,68.08,0
180,180,an,68.46,68.54,0.08,0,68.08,0.38
181,181,devil,68.54,68.94,0.4,0,69.3,-0.76
182,182,ants,68.94,69.29,0.35,0,69.3,-0.36
183,183,dissolve,69.29,69.89,0.6,0,69.3,-0.01
184,184,flesh,69.89,70.29,0.4,0,69.3,0.59
185,185,faster,70.29,70.8,0.51,0,69.3,0.99
186,186,than,70.8,71.15,0.35,0,69.3,1.5
187,187,combat,71.15,71.57,0.42,0,69.3,1.85
188,188,grade,71.64,72.28,0.64,0.07,69.3,2.34
189,189,acid,72.28,72.35,0.07,0,69.3,2.98
190,190,The,72.64,72.9,0.26,0.29,72.88,-0.24
191,191,C,72.9,72.99,0.09,0,72.88,0.02
192,192,atech,72.99,73.41,0.42,0,72.88,0.11
193,193,an,73.41,73.6,0.19,0,72.88,0.53
194,194,devil,73.6,74.04,0.44,0,72.88,0.72
195,195,itself,74.04,74.57,0.53,0,74.64,-0.6
196,196,six,74.74,75,0.26,0.17,74.64,0.1
197,197,limbs,75,75.44,0.44,0,74.64,0.36
198,198,k,75.68,75.85,0.17,0.24,75.82,-0.14
199,199,ite,75.85,75.87,0.02,0,75.82,0.03
200,200,and,75.87,75.98,0.11,0,75.82,0.05
201,201,thick,75.98,76.2,0.22,0,75.82,0.16
202,202,enough,76.2,76.47,0.27,0,75.82,0.38
203,203,to,76.47,76.56,0.09,0,75.82,0.65
204,204,deflect,76.56,77.04,0.48,0,75.82,0.74
205,205,small,77.04,77.52,0.48,0,75.82,1.22
206,206,arms,77.52,77.96,0.44,0,75.82,1.7
207,207,fire,77.96,78.56,0.6,0,75.82,2.14
208,208,hunts,78.72,78.96,0.24,0.16,75.82,2.9
209,209,by,78.96,79.12,0.16,0,75.82,3.14
210,210,thermal,79.12,79.68,0.56,0,75.82,3.3
211,211,signature,79.68,80.41,0.73,0,80.52,-0.84
212,212,Str,80.65,80.89,0.24,0.24,80.52,0.13
213,213,angler,80.89,81.44,0.55,0,80.52,0.37
214,214,plants,81.44,81.85,0.41,0,80.52,0.92
215,215,drop,81.85,82.17,0.32,0,80.52,1.33
216,216,tend,82.17,82.49,0.32,0,80.52,1.65
217,217,rils,82.49,82.93,0.44,0,82.88,-0.39
218,218,that,82.93,83.16,0.23,0,82.88,0.05
219,219,sever,83.16,83.54,0.38,0,82.88,0.28
220,220,limbs,83.54,84.01,0.47,0,82.88,0.66
221,221,before,84.01,84.24,0.23,0,82.88,1.13
222,222,the,84.24,84.4,0.16,0,82.88,1.36
223,223,soldier,84.4,84.97,0.57,0,82.88,1.52
224,224,registers,84.97,85.77,0.8,0,82.88,2.09
225,225,contact,85.77,86.33,0.56,0,86.44,-0.67
226,226,My,86.52,86.68,0.16,0.19,86.44,0.08
227,227,rol,86.68,87.03,0.35,0,86.44,0.24
228,228,and,87.03,87.16,0.13,0,86.44,0.59
229,229,sharks,87.16,87.65,0.49,0,86.44,0.72
230,230,track,87.65,88.06,0.41,0,86.44,1.21
231,231,ground,88.06,88.77,0.71,0,86.44,1.62
232,232,vibration,88.77,89.38,0.61,0,89.68,-0.91
233,233,Every,89.6,89.99,0.39,0.22,89.68,-0.08
234,234,shadow,89.99,90.46,0.47,0,89.68,0.31
235,235,has,90.46,90.7,0.24,0,89.68,0.78
236,236,been,90.7,91.02,0.32,0,89.68,1.02
237,237,occupying,91.02,91.73,0.71,0,89.68,1.34
238,238,it,91.73,91.89,0.16,0,89.68,2.05
239,239,longer,91.89,92.36,0.47,0,89.68,2.21
240,240,than,92.36,92.83,0.47,0,92.82,-0.46
241,241,any,92.83,92.92,0.09,0,92.82,0.01
242,242,patrol,92.92,93.38,0.46,0,92.82,0.1
243,243,has,93.38,93.95,0.57,0,92.82,0.56
244,244,been,93.95,93.99,0.04,0,92.82,1.13
245,245,searching,93.99,94.66,0.67,0,92.82,1.17
246,246,it,94.66,94.92,0.26,0,95.22,-0.56
247,247,Forces,95.12,95.66,0.54,0.2,95.22,-0.1
248,248,without,95.66,96.19,0.53,0,95.22,0.44
249,249,C,96.19,96.25,0.06,0,95.22,0.97
250,250,atech,96.25,96.65,0.4,0,95.22,1.03
251,251,an,96.65,96.82,0.17,0,95.22,1.43
252,252,born,96.89,97.21,0.32,0.07,95.22,1.67
253,253,soldiers,97.21,97.86,0.65,0,97.82,-0.61
254,254,operate,97.86,98.43,0.57,0,97.82,0.04
255,255,at,98.43,98.59,0.16,0,97.82,0.61
256,256,a,98.59,98.67,0.08,0,97.82,0.77
257,257,deficit,98.67,99.48,0.81,0,99.4,-0.73
258,258,that,99.48,99.59,0.11,0,99.4,0.08
259,259,no,99.59,99.76,0.17,0,99.4,0.19
260,260,amount,99.76,100.15,0.39,0,99.4,0.36
261,261,of,100.15,100.16,0.01,0,99.4,0.75
262,262,preparation,100.16,100.8,0.64,0,99.4,0.76
263,263,closes,100.8,101.38,0.58,0,99.4,1.4
264,264,The,101.68,101.89,0.21,0.3,101.86,-0.18
265,265,jungle,101.89,102.31,0.42,0,101.86,0.03
266,266,doesn,102.31,102.64,0.33,0,101.86,0.45
267,267,t,102.64,102.8,0.16,0,101.86,0.78
268,268,te,102.8,103.05,0.25,0,101.86,0.94
269,269,legraph,103.05,103.44,0.39,0,101.86,1.19
270,270,its,103.44,103.65,0.21,0,101.86,1.58
271,271,threats,103.65,104.31,0.66,0,104.54,-0.89
272,272,It,104.4,104.58,0.18,0.09,104.54,-0.14
273,273,withhold,104.58,105.3,0.72,0,104.54,0.04
274,274,s,105.3,105.38,0.08,0,104.54,0.76
275,275,them,105.38,106.04,0.66,0,104.54,0.84
276,276,until,106.04,106.08,0.04,0,104.54,1.5
277,277,they,106.08,106.4,0.32,0,104.54,1.54
278,278,re,106.4,106.64,0.24,0,106.7,-0.3
279,279,already,106.8,107.06,0.26,0.16,106.7,0.1
280,280,past,107.06,107.3,0.24,0,106.7,0.36
281,281,the,107.3,107.48,0.18,0,106.7,0.6
282,282,point,107.48,107.78,0.3,0,106.7,0.78
283,283,of,107.78,108.01,0.23,0,106.7,1.08
284,284,response,108.01,108.38,0.37,0,106.7,1.31
285,285,C,108.57,108.62,0.05,0.19,108.76,-0.19
286,286,atech,108.62,108.92,0.3,0,108.76,-0.14
287,287,an,108.92,109.04,0.12,0,108.76,0.16
288,288,reg,109.04,109.27,0.23,0,108.76,0.28
289,289,iments,109.27,109.58,0.31,0,108.76,0.51
290,290,work,109.58,109.87,0.29,0,108.76,0.82
291,291,in,109.87,109.94,0.07,0,108.76,1.11
292,292,that,109.94,110.24,0.3,0,108.76,1.18
293,293,environment,110.24,111.01,0.77,0,108.76,1.48
294,294,because,111.01,111.04,0.03,0,108.76,2.25
295,295,they,111.04,111.36,0.32,0,108.76,2.28
296,296,grew,111.36,111.68,0.32,0,108.76,2.6
297,297,up,111.68,111.84,0.16,0,108.76,2.92
298,298,treating,111.84,112.49,0.65,0,108.76,3.08
299,299,survival,112.49,113.14,0.65,0,108.76,3.73
300,300,as,113.14,113.3,0.16,0,108.76,4.38
301,301,a,113.3,113.38,0.08,0,108.76,4.54
302,302,practical,113.38,114.22,0.84,0,114.26,-0.88
303,303,discipline,114.22,115.41,1.19,0,115.2,-0.98
304,304,rather,115.41,115.64,0.23,0,115.2,0.21
305,305,than,115.64,115.91,0.27,0,115.2,0.44
306,306,an,115.91,116.07,0.16,0,115.2,0.71
307,307,expected,116.07,116.7,0.63,0,115.2,0.87
308,308,outcome,116.7,117.28,0.58,0,117.46,-0.76
309,309,For,117.28,117.52,0.24,0,117.46,-0.18
310,310,everyone,117.52,118.17,0.65,0,117.46,0.06
311,311,else,118.17,118.49,0.32,0,118.62,-0.45
312,312,the,118.65,118.98,0.33,0.16,118.62,0.03
313,313,mission,118.98,119.46,0.48,0,118.62,0.36
314,314,doesn,119.46,119.91,0.45,0,118.62,0.84
315,315,t,119.91,120.02,0.11,0,118.62,1.29
316,316,fail,120.02,120.5,0.48,0,120.42,-0.4
317,317,on,120.5,120.51,0.01,0,120.42,0.08
318,318,C,120.51,120.58,0.07,0,120.42,0.09
319,319,atech,120.58,120.97,0.39,0,120.42,0.16
320,320,an,120.97,121.14,0.17,0,120.42,0.55
321,321,The,121.63,121.67,0.04,0.49,121.66,-0.03
322,322,jungle,121.67,122.01,0.34,0,121.66,0.01
323,323,absorbs,122.01,122.6,0.59,0,121.66,0.35
324,324,it,122.6,122.64,0.04,0,121.66,0.94
325,325,and,122.64,122.82,0.18,0,121.66,0.98
326,326,moves,122.82,123.12,0.3,0,121.66,1.16
327,327,on,123.12,123.4,0.28,0,121.66,1.46
328,328,Number,123.76,124.3,0.54,0.36,123.9,-0.14
329,329,five,124.3,124.64,0.34,0,123.9,0.4
330,330,space,124.84,125.25,0.41,0.2,123.9,0.94
331,331,h,125.25,125.34,0.09,0,123.9,1.35
332,332,ul,125.34,125.51,0.17,0,123.9,1.44
333,333,ks,125.51,125.69,0.18,0,123.9,1.61
334,334,A,126,126.09,0.09,0.31,126.14,-0.14
335,335,space,126.09,126.54,0.45,0,126.14,-0.05
336,336,h,126.54,126.64,0.1,0,126.14,0.4
337,337,ulk,126.64,126.99,0.35,0,127.14,-0.5
338,338,is,126.99,127.08,0.09,0,127.14,-0.15
339,339,centuries,127.08,128.08,1,0,127.14,-0.06
340,340,of,128.08,128.15,0.07,0,127.14,0.94
341,341,accumulated,128.15,129.08,0.93,0,127.14,1.01
342,342,ships,129.08,129.44,0.36,0,127.14,1.94
343,343,stations,129.44,130.14,0.7,0,127.14,2.3
344,344,and,130.14,130.39,0.25,0,127.14,3
345,345,debris,130.39,130.92,0.53,0,131.42,-1.03
346,346,F,131.18,131.26,0.08,0.26,131.42,-0.24
347,347,used,131.26,131.61,0.35,0,131.42,-0.16
348,348,by,131.61,131.78,0.17,0,131.42,0.19
349,349,warp,131.78,132.13,0.35,0,131.42,0.36
350,350,transit,132.13,132.74,0.61,0,131.42,0.71
351,351,into,132.74,133.08,0.34,0,131.42,1.32
352,352,a,133.08,133.17,0.09,0,131.42,1.66
353,353,structure,133.17,134.04,0.87,0,131.42,1.75
354,354,too,134.04,134.16,0.12,0,131.42,2.62
355,355,massive,134.16,134.76,0.6,0,131.42,2.74
356,356,to,134.76,134.89,0.13,0,131.42,3.34
357,357,ignore,134.89,135.76,0.87,0,135.86,-0.97
358,358,and,135.92,135.96,0.04,0.16,135.86,0.06
359,359,too,135.96,136.16,0.2,0,135.86,0.1
360,360,unstable,136.16,136.69,0.53,0,135.86,0.3
361,361,for,136.69,136.89,0.2,0,135.86,0.83
362,362,any,136.89,137.13,0.24,0,135.86,1.03
363,363,chart,137.13,137.46,0.33,0,135.86,1.27
364,364,to,137.46,137.55,0.09,0,135.86,1.6
365,365,stay,137.55,137.81,0.26,0,135.86,1.69
366,366,current,137.81,138.39,0.58,0,138.74,-0.93
367,367,on,138.39,138.4,0.01,0,138.74,-0.35
368,368,Board,138.64,139.02,0.38,0.24,138.74,-0.1
369,369,ing,139.02,139.24,0.22,0,138.74,0.28
370,370,one,139.24,139.47,0.23,0,138.74,0.5
371,371,isn,139.47,139.7,0.23,0,138.74,0.73
372,372,t,139.7,139.92,0.22,0,138.74,0.96
373,373,a,139.92,140.13,0.21,0,138.74,1.18
374,374,tactical,140.13,140.59,0.46,0,138.74,1.39
375,375,challenge,140.59,141.22,0.63,0,141.6,-1.01
376,376,It,141.44,141.6,0.16,0.22,141.6,-0.16
377,377,s,141.6,141.7,0.1,0,141.6,0
378,378,a,141.7,141.76,0.06,0,141.6,0.1
379,379,structural,141.76,142.41,0.65,0,141.6,0.16
380,380,impossibility,142.41,143.28,0.87,0,141.6,0.81
381,381,that,143.28,143.54,0.26,0,141.6,1.68
382,382,command,143.54,144.07,0.53,0,141.6,1.94
383,383,has,144.07,144.2,0.13,0,141.6,2.47
384,384,decided,144.2,144.67,0.47,0,141.6,2.6
385,385,cannot,144.67,145.06,0.39,0,141.6,3.07
386,386,be,145.06,145.19,0.13,0,141.6,3.46
387,387,avoided,145.19,145.81,0.62,0,146.12,-0.93
388,388,The,145.92,146.11,0.19,0.11,146.12,-0.2
389,389,corridors,146.11,146.69,0.58,0,146.12,-0.01
390,390,weren,146.69,147.03,0.34,0,146.12,0.57
391,391,t,147.03,147.29,0.26,0,146.12,0.91
392,392,built,147.29,147.49,0.2,0,147.84,-0.55
393,393,They,147.68,147.94,0.26,0.19,147.84,-0.16
394,394,re,147.94,148.13,0.19,0,147.84,0.1
395,395,the,148.13,148.32,0.19,0,147.84,0.29
396,396,overlapping,148.32,149.15,0.83,0,147.84,0.48
397,397,inter,149.15,149.37,0.22,0,147.84,1.31
398,398,iors,149.37,149.68,0.31,0,147.84,1.53
399,399,of,149.68,149.85,0.17,0,147.84,1.84
400,400,vessels,149.85,150.48,0.63,0,147.84,2.01
401,401,that,150.48,150.81,0.33,0,147.84,2.64
402,402,were,150.81,151.14,0.33,0,147.84,2.97
403,403,never,151.14,151.56,0.42,0,147.84,3.3
404,404,designed,151.56,152.21,0.65,0,147.84,3.72
405,405,to,152.21,152.41,0.2,0,152.78,-0.57
406,406,share,152.41,152.78,0.37,0,152.78,-0.37
407,407,a,152.78,152.86,0.08,0,152.78,0
408,408,wall,152.86,153.19,0.33,0,152.78,0.08
409,409,smashed,153.19,153.77,0.58,0,152.78,0.41
410,410,into,153.77,154.1,0.33,0,152.78,0.99
411,411,adj,154.1,154.35,0.25,0,152.78,1.32
412,412,ac,154.35,154.84,0.49,0,152.78,1.57
413,413,ency,154.84,154.86,0.02,0,152.78,2.06
414,414,by,154.86,155.08,0.22,0,152.78,2.08
415,415,warp,155.08,155.33,0.25,0,152.78,2.3
416,416,physics,155.33,155.93,0.6,0,156.34,-1.01
417,417,Flo,156.24,156.44,0.2,0.31,156.34,-0.1
418,418,ors,156.44,156.64,0.2,0,156.34,0.1
419,419,become,156.64,157.05,0.41,0,156.34,0.3
420,420,ceilings,157.05,157.61,0.56,0,156.34,0.71
421,421,two,157.61,157.8,0.19,0,156.34,1.27
422,422,jun,157.8,158,0.2,0,156.34,1.46
423,423,ctions,158,158.41,0.41,0,156.34,1.66
424,424,in,158.41,158.55,0.14,0,156.34,2.07
425,425,Gravity,158.87,159.23,0.36,0.32,159.18,-0.31
426,426,plates,159.23,159.64,0.41,0,159.18,0.05
427,427,from,159.64,159.9,0.26,0,159.18,0.46
428,428,different,159.9,160.64,0.74,0,159.18,0.72
429,429,ships,160.64,161.36,0.72,0,161.46,-0.82
430,430,pull,161.52,161.66,0.14,0.16,161.46,0.06
431,431,in,161.66,161.9,0.24,0,161.46,0.2
432,432,competing,161.9,162.5,0.6,0,161.46,0.44
433,433,directions,162.5,163.29,0.79,0,161.46,1.04
434,434,in,163.29,163.42,0.13,0,161.46,1.83
435,435,rooms,163.42,163.79,0.37,0,161.46,1.96
436,436,separated,163.79,164.59,0.8,0,161.46,2.33
437,437,by,164.59,164.64,0.05,0,161.46,3.13
438,438,a,164.64,164.71,0.07,0,161.46,3.18
439,439,single,164.71,165.16,0.45,0,161.46,3.25
440,440,bulk,165.16,165.72,0.56,0,166.12,-0.96
441,441,head,165.72,165.77,0.05,0,166.12,-0.4
442,442,Sections,166.08,166.62,0.54,0.31,166.12,-0.04
443,443,press,166.62,166.94,0.32,0,166.12,0.5
444,444,ur,166.94,167.06,0.12,0,166.12,0.82
445,445,ize,167.06,167.26,0.2,0,166.12,0.94
446,446,and,167.26,167.46,0.2,0,166.12,1.14
447,447,vent,167.46,167.78,0.32,0,166.12,1.34
448,448,without,167.78,168.18,0.4,0,166.12,1.66
449,449,warning,168.18,168.71,0.53,0,166.12,2.06
450,450,when,168.71,168.96,0.25,0,166.12,2.59
451,451,something,168.96,169.49,0.53,0,166.12,2.84
452,452,fails,169.49,169.82,0.33,0,166.12,3.37
453,453,The,170.08,170.35,0.27,0.26,170.2,-0.12
454,454,atmosphere,170.35,171.27,0.92,0,170.2,0.15
455,455,where,171.27,171.78,0.51,0,170.2,1.07
456,456,it,171.78,171.91,0.13,0,170.2,1.58
457,457,exists,171.91,172.46,0.55,0,170.2,1.71
458,458,at,172.46,172.71,0.25,0,173.12,-0.66
459,459,all,172.71,172.96,0.25,0,173.12,-0.41
460,460,is,172.96,173.26,0.3,0,173.12,-0.16
461,461,a,173.26,173.29,0.03,0,173.12,0.14
462,462,chemical,173.29,174.45,1.16,0,173.12,0.17
463,463,residue,174.45,174.8,0.35,0,174.96,-0.51
464,464,of,174.8,175.06,0.26,0,174.96,-0.16
465,465,whatever,175.06,175.44,0.38,0,174.96,0.1
466,466,the,175.44,175.6,0.16,0,174.96,0.48
467,467,last,175.6,175.92,0.32,0,174.96,0.64
468,468,crew,175.92,176.29,0.37,0,174.96,0.96
469,469,left,176.29,176.48,0.19,0,174.96,1.33
470,470,behind,176.48,177.36,0.88,0,177.5,-1.02
471,471,which,177.36,177.67,0.31,0,177.5,-0.14
472,472,includes,177.67,178.17,0.5,0,177.5,0.17
473,473,whatever,178.17,178.73,0.56,0,177.5,0.67
474,474,finished,178.73,179.17,0.44,0,179.54,-0.81
475,475,them,179.17,179.42,0.25,0,179.54,-0.37
476,476,Gen,179.61,179.8,0.19,0.19,179.54,0.07
477,477,est,179.8,179.99,0.19,0,179.54,0.26
478,478,eal,179.99,180.18,0.19,0,179.54,0.45
479,479,ers,180.18,180.37,0.19,0,179.54,0.64
480,480,are,180.37,180.59,0.22,0,179.54,0.83
481,481,adapted,180.59,181.05,0.46,0,179.54,1.05
482,482,to,181.05,181.19,0.14,0,179.54,1.51
483,483,this,181.19,181.74,0.55,0,179.54,1.65
484,484,geometry,181.74,182.48,0.74,0,182.56,-0.82
485,485,in,182.48,182.64,0.16,0,182.56,-0.08
486,486,ways,182.64,182.9,0.26,0,182.56,0.08
487,487,that,182.9,183.18,0.28,0,182.56,0.34
488,488,standard,183.18,183.85,0.67,0,182.56,0.62
489,489,assault,183.85,184.25,0.4,0,182.56,1.29
490,490,doctrine,184.25,184.82,0.57,0,182.56,1.69
491,491,isn,184.82,185.11,0.29,0,182.56,2.26
492,492,t,185.11,185.17,0.06,0,182.56,2.55
493,493,They,185.44,185.71,0.27,0.27,185.6,-0.16
494,494,don,185.71,185.84,0.13,0,185.6,0.11
495,495,t,185.84,185.94,0.1,0,185.6,0.24
496,496,need,185.94,186.16,0.22,0,185.6,0.34
497,497,consistent,186.16,186.86,0.7,0,185.6,0.56
498,498,gravity,186.86,187.16,0.3,0,187.48,-0.62
499,499,They,187.52,187.61,0.09,0.36,187.48,0.04
500,500,move,187.61,187.9,0.29,0,187.48,0.13
501,501,through,187.9,188.3,0.4,0,187.48,0.42
502,502,ventilation,188.3,189.06,0.76,0,187.48,0.82
503,503,shaft,189.06,189.3,0.24,0,187.48,1.58
504,504,s,189.3,189.36,0.06,0,187.48,1.82
505,505,with,189.36,189.61,0.25,0,187.48,1.88
506,506,the,189.61,189.8,0.19,0,187.48,2.13
507,507,velocity,189.8,190.3,0.5,0,187.48,2.32
508,508,of,190.3,190.48,0.18,0,187.48,2.82
509,509,a,190.48,190.59,0.11,0,187.48,3
510,510,launched,190.59,190.98,0.39,0,187.48,3.11
511,511,round,190.98,191.36,0.38,0,187.48,3.5
512,512,and,191.36,191.54,0.18,0,187.48,3.88
513,513,the,191.54,191.72,0.18,0,187.48,4.06
514,514,ac,191.72,191.9,0.18,0,187.48,4.24
515,515,oust,191.9,192.08,0.18,0,187.48,4.42
516,516,ics,192.08,192.26,0.18,0,187.48,4.6
517,517,signature,192.26,192.8,0.54,0,187.48,4.78
518,518,of,192.8,192.92,0.12,0,187.48,5.32
519,519,a,192.92,193.06,0.14,0,187.48,5.44
520,520,maintenance,193.06,193.64,0.58,0,187.48,5.58
521,521,fault,193.64,193.99,0.35,0,194.22,-0.58
522,522,Squad,194.16,194.57,0.41,0.17,194.22,-0.06
523,523,formations,194.57,195.52,0.95,0,194.22,0.35
524,524,built,195.52,195.72,0.2,0,194.22,1.3
525,525,around,195.72,195.84,0.12,0,194.22,1.5
526,526,structured,195.84,196.32,0.48,0,194.22,1.62
527,527,corridors,196.32,197.06,0.74,0,194.22,2.1
528,528,collapse,197.06,197.71,0.65,0,194.22,2.84
529,529,because,197.71,198.28,0.57,0,194.22,3.49
530,530,line,198.28,198.6,0.32,0,194.22,4.06
531,531,of,198.6,198.76,0.16,0,194.22,4.38
532,532,sight,198.76,199.2,0.44,0,194.22,4.54
533,533,inside,199.2,199.66,0.46,0,194.22,4.98
534,534,a,199.66,199.74,0.08,0,194.22,5.44
535,535,h,199.74,199.82,0.08,0,194.22,5.52
536,536,ulk,199.82,200.06,0.24,0,194.22,5.6
537,537,rarely,200.06,200.7,0.64,0,194.22,5.84
538,538,extends,200.7,201.15,0.45,0,194.22,6.48
539,539,six,201.15,201.36,0.21,0,194.22,6.93
540,540,meters,201.36,201.92,0.56,0,194.22,7.14
541,541,and,201.92,202.08,0.16,0,194.22,7.7
542,542,fl,202.08,202.17,0.09,0,194.22,7.86
543,543,anking,202.17,202.46,0.29,0,194.22,7.95
544,544,acqu,202.46,202.66,0.2,0,194.22,8.24
545,545,ires,202.66,202.85,0.19,0,194.22,8.44
546,546,a,202.85,202.9,0.05,0,194.22,8.63
547,547,third,202.9,203.29,0.39,0,194.22,8.68
548,548,dimension,203.29,203.62,0.33,0,194.22,9.07
549,549,when,203.62,203.85,0.23,0,194.22,9.4
550,550,the,203.85,203.94,0.09,0,194.22,9.63
551,551,threat,203.94,204.23,0.29,0,194.22,9.72
552,552,can,204.23,204.55,0.32,0,194.22,10.01
553,553,arrive,204.55,204.72,0.17,0,194.22,10.33
554,554,from,204.72,205.15,0.43,0,194.22,10.5
555,555,overhead,205.15,205.52,0.37,0,194.22,10.93
556,556,or,205.52,205.68,0.16,0,194.22,11.3
557,557,through,205.68,206,0.32,0,194.22,11.46
558,558,wall,206,206.3,0.3,0,194.22,11.78
559,559,itself,206.3,206.75,0.45,0,194.22,12.08
560,560,Terminator,206.96,207.72,0.76,0.21,207.22,-0.26
561,561,armor,207.72,208.09,0.37,0,207.22,0.5
562,562,was,208.09,208.31,0.22,0,207.22,0.87
563,563,developed,208.31,208.99,0.68,0,207.22,1.09
564,564,for,208.99,209.23,0.24,0,207.22,1.77
565,565,this,209.23,209.51,0.28,0,207.22,2.01
566,566,specific,209.51,210.37,0.86,0,210.26,-0.75
567,567,operational,210.37,210.98,0.61,0,210.26,0.11
568,568,context,210.98,211.47,0.49,0,211.92,-0.94
569,569,It,211.9,211.92,0.02,0.43,211.92,-0.02
570,570,still,211.92,212.3,0.38,0,211.92,0
571,571,doesn,212.3,212.6,0.3,0,211.92,0.38
572,572,t,212.6,212.73,0.13,0,211.92,0.68
573,573,make,212.73,213.13,0.4,0,211.92,0.81
574,574,the,213.13,213.22,0.09,0,211.92,1.21
575,575,casualty,213.22,213.77,0.55,0,211.92,1.3
576,576,rates,213.77,214.12,0.35,0,211.92,1.85
577,577,acceptable,214.12,214.81,0.69,0,215.18,-1.06
578,578,It,215.01,215.15,0.14,0.2,215.18,-0.17
579,579,makes,215.15,215.5,0.35,0,215.18,-0.03
580,580,them,215.5,216.12,0.62,0,215.18,0.32
581,581,surviv,216.12,216.19,0.07,0,215.18,0.94
582,582,able,216.19,216.46,0.27,0,215.18,1.01
583,583,for,216.46,216.74,0.28,0,215.18,1.28
584,584,fraction,216.74,217.36,0.62,0,215.18,1.56
585,585,of,217.36,217.44,0.08,0,215.18,2.18
586,586,the,217.44,217.64,0.2,0,215.18,2.26
587,587,boarding,217.64,218.18,0.54,0,215.18,2.46
588,588,party,218.18,218.51,0.33,0,218.68,-0.5
589,589,That,218.81,218.99,0.18,0.3,218.68,0.13
590,590,s,218.99,219.14,0.15,0,218.68,0.31
591,591,the,219.14,219.37,0.23,0,218.68,0.46
592,592,best,219.37,219.59,0.22,0,218.68,0.69
593,593,available,219.59,220.2,0.61,0,218.68,0.91
594,594,outcome,220.2,220.72,0.52,0,220.84,-0.64
595,595,and,220.72,220.9,0.18,0,220.84,-0.12
596,596,everyone,220.9,221.38,0.48,0,220.84,0.06
597,597,going,221.38,221.81,0.43,0,220.84,0.54
598,598,and,221.81,221.86,0.05,0,220.84,0.97
599,599,knows,221.86,222.16,0.3,0,220.84,1.02
600,600,it,222.16,222.28,0.12,0,222.62,-0.46
601,601,Number,222.48,223.02,0.54,0.2,222.62,-0.14
602,602,four,223.02,223.3,0.28,0,222.62,0.4
603,603,V,223.46,223.55,0.09,0.16,222.62,0.84
604,604,rax,223.55,223.85,0.3,0,224.18,-0.63
605,605,17,224.02,224.51,0.49,0.17,224.18,-0.16
606,606,years,224.51,224.91,0.4,0,224.18,0.33
607,607,that,224.91,225.25,0.34,0,225.56,-0.65
608,608,number,225.25,225.74,0.49,0,225.56,-0.31
609,609,starts,225.74,226.23,0.49,0,225.56,0.18
610,610,making,226.23,226.87,0.64,0,225.56,0.67
611,611,sense,226.87,227.31,0.44,0,225.56,1.31
612,612,once,227.31,227.52,0.21,0,225.56,1.75
613,613,you,227.52,227.8,0.28,0,225.56,1.96
614,614,understand,227.8,228.24,0.44,0,225.56,2.24
615,615,what,228.24,228.32,0.08,0,225.56,2.68
616,616,the,228.32,228.48,0.16,0,225.56,2.76
617,617,terrain,228.48,229.03,0.55,0,225.56,2.92
618,618,did,229.03,229.26,0.23,0,225.56,3.47
619,619,to,229.26,229.43,0.17,0,225.56,3.7
620,620,every,229.43,229.85,0.42,0,225.56,3.87
621,621,assault,229.85,230.41,0.56,0,225.56,4.29
622,622,the,230.41,230.62,0.21,0,225.56,4.85
623,623,Imperium,230.62,231.25,0.63,0,225.56,5.06
624,624,attempted,231.25,232,0.75,0,232.12,-0.87
625,625,V,232.21,232.28,0.07,0.21,232.12,0.09
626,626,rax,232.28,232.71,0.43,0,232.12,0.16
627,627,was,232.71,232.85,0.14,0,232.12,0.59
628,628,an,232.85,232.88,0.03,0,232.12,0.73
629,629,arm,232.88,233.16,0.28,0,232.12,0.76
630,630,ory,233.16,233.5,0.34,0,232.12,1.04
631,631,world,233.5,233.93,0.43,0,234.1,-0.6
632,632,built,233.93,234.24,0.31,0,234.1,-0.17
633,633,for,234.24,234.4,0.16,0,234.1,0.14
634,634,storage,234.4,235.07,0.67,0,234.1,0.3
635,635,and,235.07,235.2,0.13,0,234.1,0.97
636,636,protection,235.37,235.94,0.57,0.17,234.1,1.27
637,637,rather,235.94,236.39,0.45,0,236.32,-0.38
638,638,than,236.39,236.69,0.3,0,236.32,0.07
639,639,habit,236.69,237.06,0.37,0,236.32,0.37
640,640,ation,237.06,237.43,0.37,0,236.32,0.74
641,641,Thick,237.65,238.02,0.37,0.22,237.92,-0.27
642,642,rock,238.02,238.43,0.41,0,237.92,0.1
643,643,crete,238.43,238.68,0.25,0,237.92,0.51
644,644,everywhere,238.68,239.57,0.89,0,239.96,-1.28
645,645,Deep,239.65,239.95,0.3,0.08,239.96,-0.31
646,646,v,239.95,240.03,0.08,0,239.96,-0.01
647,647,aults,240.03,240.52,0.49,0,239.96,0.07
648,648,below,240.52,240.76,0.24,0,239.96,0.56
649,649,it,240.76,240.91,0.15,0,239.96,0.8
650,650,Defensive,241.2,241.84,0.64,0.29,241.4,-0.2
651,651,lines,241.84,242.32,0.48,0,241.4,0.44
652,652,pred,242.32,242.6,0.28,0,241.4,0.92
653,653,ating,242.6,242.95,0.35,0,241.4,1.2
654,654,the,242.95,243.16,0.21,0,241.4,1.55
655,655,siege,243.16,243.51,0.35,0,241.4,1.76
656,656,by,243.51,243.69,0.18,0,241.4,2.11
657,657,centuries,243.69,244.28,0.59,0,241.4,2.29
658,658,constructed,244.28,245.05,0.77,0,241.4,2.88
659,659,specifically,245.05,245.89,0.84,0,241.4,3.65
660,660,to,245.89,246.02,0.13,0,241.4,4.49
661,661,resist,246.02,246.66,0.64,0,241.4,4.62
662,662,the,246.66,246.71,0.05,0,241.4,5.26
663,663,type,246.71,246.94,0.23,0,241.4,5.31
664,664,of,246.94,247.08,0.14,0,241.4,5.54
665,665,assault,247.08,247.64,0.56,0,241.4,5.68
666,666,being,247.64,247.84,0.2,0,241.4,6.24
667,667,attempted,247.84,248.39,0.55,0,241.4,6.44
668,668,against,248.39,248.8,0.41,0,241.4,6.99
669,669,them,248.8,249.06,0.26,0,249.34,-0.54
670,670,The,249.24,249.42,0.18,0.18,249.34,-0.1
671,671,attacking,249.42,249.97,0.55,0,249.34,0.08
672,672,forces,249.97,250.47,0.5,0,249.34,0.63
673,673,had,250.47,250.51,0.04,0,249.34,1.13
674,674,to,250.51,250.63,0.12,0,249.34,1.17
675,675,advance,250.63,251.07,0.44,0,249.34,1.29
676,676,into,251.07,251.3,0.23,0,249.34,1.73
677,677,ground,251.3,251.66,0.36,0,249.34,1.96
678,678,that,251.66,252.08,0.42,0,249.34,2.32
679,679,had,252.08,252.21,0.13,0,249.34,2.74
680,680,been,252.21,252.44,0.23,0,249.34,2.87
681,681,engineered,252.44,253.36,0.92,0,253.48,-1.04
682,682,decades,253.36,253.9,0.54,0,253.48,-0.12
683,683,before,253.9,254.28,0.38,0,253.48,0.42
684,684,they,254.28,254.56,0.28,0,253.48,0.8
685,685,arrived,254.56,255.06,0.5,0,253.48,1.08
686,686,to,255.06,255.2,0.14,0,253.48,1.58
687,687,stop,255.2,255.48,0.28,0,253.48,1.72
688,688,exactly,255.48,255.99,0.51,0,253.48,2
689,689,them,255.99,256.26,0.27,0,256.54,-0.55
690,690,T,256.54,256.59,0.05,0.28,256.54,0
691,691,rench,256.59,256.89,0.3,0,256.54,0.05
692,692,s,256.89,257.02,0.13,0,256.54,0.35
693,693,funnel,257.02,257.73,0.71,0,256.54,0.48
694,694,movement,257.73,258.08,0.35,0,258.2,-0.47
695,695,and,258.08,258.48,0.4,0,258.2,-0.12
696,696,eliminate,258.48,259.12,0.64,0,258.2,0.28
697,697,fl,259.12,259.26,0.14,0,258.2,0.92
698,698,anking,259.26,259.68,0.42,0,258.2,1.06
699,699,at,259.82,259.84,0.02,0.14,258.2,1.62
700,700,the,259.84,260.03,0.19,0,258.2,1.64
701,701,squad,260.03,260.37,0.34,0,258.2,1.83
702,702,level,260.37,260.75,0.38,0,258.2,2.17
703,703,The,261.05,261.15,0.1,0.3,261.32,-0.27
704,704,chaos,261.15,261.5,0.35,0,261.32,-0.17
705,705,aligned,261.5,261.99,0.49,0,261.32,0.18
706,706,defenders,261.99,262.62,0.63,0,261.32,0.67
707,707,added,262.62,262.97,0.35,0,261.32,1.3
708,708,persistent,262.97,264.04,1.07,0,261.32,1.65
709,709,acidic,264.04,264.09,0.05,0,261.32,2.72
710,710,chemical,264.09,264.7,0.61,0,261.32,2.77
711,711,compounds,264.7,265.36,0.66,0,261.32,3.38
712,712,to,265.36,265.44,0.08,0,261.32,4.04
713,713,that,265.44,265.76,0.32,0,261.32,4.12
714,714,problem,265.76,266.33,0.57,0,266.74,-0.98
715,715,Agents,266.57,267.14,0.57,0.24,266.74,-0.17
716,716,that,267.14,267.38,0.24,0,266.74,0.4
717,717,pooled,267.38,267.87,0.49,0,266.74,0.64
718,718,in,267.87,268.07,0.2,0,266.74,1.13
719,719,low,268.07,268.32,0.25,0,266.74,1.33
720,720,ground,268.32,268.76,0.44,0,266.74,1.58
721,721,degraded,268.76,269.4,0.64,0,269.5,-0.74
722,722,respir,269.4,269.9,0.5,0,269.5,-0.1
723,723,ator,269.9,270.27,0.37,0,269.5,0.4
724,724,seals,270.27,270.76,0.49,0,269.5,0.77
725,725,over,270.76,270.95,0.19,0,269.5,1.26
726,726,extended,270.95,271.68,0.73,0,269.5,1.45
727,727,exposure,271.68,272.4,0.72,0,269.5,2.18
728,728,and,272.4,272.59,0.19,0,269.5,2.9
729,729,corrupted,272.59,273.16,0.57,0,269.5,3.09
730,730,the,273.16,273.35,0.19,0,269.5,3.66
731,731,soil,273.35,273.61,0.26,0,269.5,3.85
732,732,chemistry,273.61,274.19,0.58,0,269.5,4.11
733,733,across,274.19,274.57,0.38,0,269.5,4.69
734,734,entire,274.57,275.03,0.46,0,269.5,5.07
735,735,operating,275.03,275.63,0.6,0,269.5,5.53
736,736,sectors,275.63,275.98,0.35,0,269.5,6.13
737,737,Ground,276.17,276.76,0.59,0.19,276.48,-0.31
738,738,that,276.76,276.88,0.12,0,276.48,0.28
739,739,should,276.88,277.12,0.24,0,276.48,0.4
740,740,have,277.12,277.23,0.11,0,276.48,0.64
741,741,been,277.23,277.36,0.13,0,276.48,0.75
742,742,travers,277.36,277.92,0.56,0,276.48,0.88
743,743,able,277.92,278.24,0.32,0,276.48,1.44
744,744,became,278.24,278.73,0.49,0,276.48,1.76
745,745,toxic,278.73,279.12,0.39,0,276.48,2.25
746,746,inside,279.12,279.6,0.48,0,276.48,2.64
747,747,two,279.6,279.99,0.39,0,280.18,-0.58
748,748,weeks,279.99,280.24,0.25,0,280.18,-0.19
749,749,of,280.24,280.4,0.16,0,280.18,0.06
750,750,sustained,280.4,281.12,0.72,0,280.18,0.22
751,751,fighting,281.12,281.76,0.64,0,280.18,0.94
752,752,Soldiers,282,282.68,0.68,0.24,282.32,-0.32
753,753,who,282.68,282.88,0.2,0,282.32,0.36
754,754,crossed,282.88,283.57,0.69,0,282.32,0.56
755,755,contaminated,283.57,284.24,0.67,0,282.32,1.25
756,756,sections,284.4,284.9,0.5,0.16,282.32,2.08
757,757,arrived,284.9,285.61,0.71,0,282.32,2.58
758,758,at,285.61,285.64,0.03,0,282.32,3.29
759,759,their,285.64,286.05,0.41,0,282.32,3.32
760,760,objectives,286.05,286.88,0.83,0,287.14,-1.09
761,761,already,286.88,287.47,0.59,0,287.14,-0.26
762,762,in,287.47,287.62,0.15,0,287.14,0.33
763,763,physiological,287.62,288.69,1.07,0,287.14,0.48
764,764,decline,288.69,289.27,0.58,0,289.5,-0.81
765,765,before,289.27,289.76,0.49,0,289.5,-0.23
766,766,any,289.76,290,0.24,0,289.5,0.26
767,767,contact,290,290.64,0.64,0,289.5,0.5
768,768,occurred,290.64,291.24,0.6,0,291.58,-0.94
769,769,After,291.46,291.83,0.37,0.22,291.58,-0.12
770,770,17,291.83,292.34,0.51,0,291.58,0.25
771,771,years,292.34,292.65,0.31,0,291.58,0.76
772,772,of,292.65,292.8,0.15,0,291.58,1.07
773,773,that,292.8,293.25,0.45,0,293.16,-0.36
774,774,the,293.27,293.52,0.25,0.02,293.16,0.11
775,775,battlefield,293.52,294.29,0.77,0,293.16,0.36
776,776,substrate,294.29,295.03,0.74,0,293.16,1.13
777,777,changed,295.03,295.48,0.45,0,295.76,-0.73
778,778,The,295.7,295.96,0.26,0.22,295.76,-0.06
779,779,soil,295.96,296.22,0.26,0,295.76,0.2
780,780,churn,296.22,296.59,0.37,0,296.92,-0.7
781,781,ed,296.59,296.85,0.26,0,296.92,-0.33
782,782,contaminated,296.85,297.68,0.83,0,296.92,-0.07
783,783,zones,297.68,298.04,0.36,0,296.92,0.76
784,784,developed,298.04,298.76,0.72,0,296.92,1.12
785,785,biological,298.76,299.43,0.67,0,296.92,1.84
786,786,properties,299.43,300.31,0.88,0,296.92,2.51
787,787,that,300.31,300.45,0.14,0,296.92,3.39
788,788,had,300.45,300.67,0.22,0,296.92,3.53
789,789,no,300.67,300.91,0.24,0,296.92,3.75
790,790,business,300.91,301.39,0.48,0,296.92,3.99
791,791,being,301.39,302.04,0.65,0,296.92,4.47
792,792,there,302.04,302.11,0.07,0,296.92,5.12
793,793,In,302.33,302.51,0.18,0.22,302.6,-0.27
794,794,the,302.51,302.7,0.19,0,302.6,-0.09
795,795,worst,302.7,303.13,0.43,0,302.6,0.1
796,796,sectors,303.13,303.6,0.47,0,302.6,0.53
797,797,the,303.6,303.79,0.19,0,302.6,1
798,798,distinction,303.79,304.51,0.72,0,302.6,1.19
799,799,between,304.51,304.97,0.46,0,302.6,1.91
800,800,a,304.97,305.03,0.06,0,302.6,2.37
801,801,mine,305.03,305.3,0.27,0,302.6,2.43
802,802,field,305.3,305.61,0.31,0,302.6,2.7
803,803,and,305.61,305.8,0.19,0,302.6,3.01
804,804,clear,305.8,306.23,0.43,0,302.6,3.2
805,805,ground,306.23,306.51,0.28,0,302.6,3.63
806,806,stopped,306.51,306.97,0.46,0,302.6,3.91
807,807,mat,306.97,307.16,0.19,0,302.6,4.37
808,808,uring,307.16,307.47,0.31,0,302.6,4.56
809,809,operation,307.47,308.07,0.6,0,302.6,4.87
810,810,ally,308.07,308.43,0.36,0,308.58,-0.51
811,811,because,308.43,308.72,0.29,0,308.58,-0.15
812,812,the,308.72,308.88,0.16,0,308.58,0.14
813,813,outcomes,309.05,309.47,0.42,0.17,308.58,0.47
814,814,were,309.47,309.76,0.29,0,308.58,0.89
815,815,roughly,309.76,310.27,0.51,0,308.58,1.18
816,816,comparable,310.27,311.01,0.74,0,308.58,1.69
817,817,either,311.01,311.51,0.5,0,311.5,-0.49
818,818,way,311.51,311.67,0.16,0,311.5,0.01
819,819,14,311.89,312.33,0.44,0.22,311.5,0.39
820,820,million,312.33,312.84,0.51,0,311.5,0.83
821,821,Cree,312.84,313.26,0.42,0,311.5,1.34
822,822,guards,313.26,313.57,0.31,0,311.5,1.76
823,823,men,313.57,313.86,0.29,0,311.5,2.07
824,824,died,313.86,314.2,0.34,0,311.5,2.36
825,825,at,314.2,314.22,0.02,0,311.5,2.7
826,826,racks,314.22,314.59,0.37,0,311.5,2.72
827,827,The,314.88,315.12,0.24,0.29,315.08,-0.2
828,828,environment,315.12,315.68,0.56,0,315.08,0.04
829,829,wasn,315.68,315.96,0.28,0,315.08,0.6
830,830,t,315.96,316.1,0.14,0,315.08,0.88
831,831,incidental,316.1,316.81,0.71,0,315.08,1.02
832,832,to,316.81,317.05,0.24,0,315.08,1.73
833,833,that,317.05,317.23,0.18,0,315.08,1.97
834,834,number,317.23,317.65,0.42,0,318,-0.77
835,835,It,317.86,318,0.14,0.21,318,-0.14
836,836,was,318,318.31,0.31,0,318,0
837,837,built,318.31,318.56,0.25,0,318,0.31
838,838,into,318.56,318.91,0.35,0,318,0.56
839,839,the,318.91,319.05,0.14,0,318,0.91
840,840,calculation,319.05,320.05,1,0,318,1.05
841,841,from,320.05,320.11,0.06,0,318,2.05
842,842,the,320.11,320.32,0.21,0,318,2.11
843,843,start,320.32,320.7,0.38,0,321.06,-0.74
844,844,Number,321,321.33,0.33,0.3,321.06,-0.06
845,845,three,321.33,322,0.67,0,322.08,-0.75
846,846,Nec,322,322.27,0.27,0,322.08,-0.08
847,847,ron,322.27,322.54,0.27,0,322.08,0.19
848,848,Tomb,322.54,322.91,0.37,0,322.08,0.46
849,849,Complex,322.91,323.55,0.64,0,322.08,0.83
850,850,es,323.55,323.73,0.18,0,322.08,1.47
851,851,A,324,324.09,0.09,0.27,324.12,-0.12
852,852,Nec,324.09,324.36,0.27,0,324.12,-0.03
853,853,ron,324.36,324.63,0.27,0,324.12,0.24
854,854,Tomb,324.63,325.01,0.38,0,324.12,0.51
855,855,world,325.01,325.46,0.45,0,324.12,0.89
856,856,has,325.46,325.73,0.27,0,324.12,1.34
857,857,been,325.73,326.19,0.46,0,324.12,1.61
858,858,a,326.19,326.38,0.19,0,326.76,-0.57
859,859,trap,326.38,326.64,0.26,0,326.76,-0.38
860,860,for,326.64,326.85,0.21,0,326.76,-0.12
861,861,several,326.85,327.34,0.49,0,326.76,0.09
862,862,million,327.34,327.83,0.49,0,326.76,0.58
863,863,years,327.83,328.21,0.38,0,328.56,-0.73
864,864,The,328.4,328.61,0.21,0.19,328.56,-0.16
865,865,exterior,328.61,329.16,0.55,0,328.56,0.05
866,866,looks,329.16,329.52,0.36,0,328.56,0.6
867,867,like,329.52,329.8,0.28,0,328.56,0.96
868,868,a,329.8,329.87,0.07,0,328.56,1.24
869,869,planet,329.87,330.33,0.46,0,328.56,1.31
870,870,That,330.5,330.78,0.28,0.17,330.8,-0.3
871,871,s,330.78,331.03,0.25,0,330.8,-0.02
872,872,where,331.03,331.28,0.25,0,330.8,0.23
873,873,the,331.28,331.63,0.35,0,330.8,0.48
874,874,familiar,331.63,332.04,0.41,0,330.8,0.83
875,875,part,332.04,332.3,0.26,0,330.8,1.24
876,876,ends,332.3,332.77,0.47,0,332.98,-0.68
877,877,Tomb,332.88,333.44,0.56,0.11,332.98,-0.1
878,878,complexes,333.44,334.4,0.96,0,332.98,0.46
879,879,extend,334.4,335.04,0.64,0,332.98,1.42
880,880,kilometers,335.21,335.63,0.42,0.17,332.98,2.23
881,881,below,335.63,335.92,0.29,0,332.98,2.65
882,882,the,335.92,336.12,0.2,0,332.98,2.94
883,883,surface,336.12,336.5,0.38,0,332.98,3.14
884,884,through,336.5,336.97,0.47,0,332.98,3.52
885,885,dimension,336.97,337.44,0.47,0,332.98,3.99
886,886,ally,337.44,337.67,0.23,0,332.98,4.46
887,887,compressed,337.67,338.27,0.6,0,332.98,4.69
888,888,architecture,338.27,338.94,0.67,0,339.26,-0.99
889,889,rooms,339.4,339.47,0.07,0.46,339.26,0.14
890,890,that,339.47,339.75,0.28,0,339.26,0.21
891,891,register,339.75,340.36,0.61,0,339.26,0.49
892,892,on,340.36,340.56,0.2,0,339.26,1.1
893,893,aspect,340.56,340.94,0.38,0,339.26,1.3
894,894,scans,340.94,341.25,0.31,0,339.26,1.68
895,895,as,341.25,341.37,0.12,0,339.26,1.99
896,896,physically,341.37,342,0.63,0,339.26,2.11
897,897,larger,342,342.38,0.38,0,339.26,2.74
898,898,than,342.38,342.63,0.25,0,339.26,3.12
899,899,the,342.63,342.82,0.19,0,339.26,3.37
900,900,geological,342.82,343.45,0.63,0,339.26,3.56
901,901,formation,343.45,344.02,0.57,0,339.26,4.19
902,902,around,344.02,344.39,0.37,0,339.26,4.76
903,903,them,344.39,344.92,0.53,0,339.26,5.13
904,904,should,344.92,345.03,0.11,0,339.26,5.66
905,905,permit,345.03,345.44,0.41,0,345.58,-0.55
906,906,Whether,345.44,345.98,0.54,0,345.58,-0.14
907,907,that,345.98,346.28,0.3,0,345.58,0.4
908,908,s,346.28,346.44,0.16,0,345.58,0.7
909,909,a,346.44,346.52,0.08,0,345.58,0.86
910,910,sensor,346.52,346.96,0.44,0,345.58,0.94
911,911,artifact,346.96,347.57,0.61,0,345.58,1.38
912,912,or,347.57,347.72,0.15,0,345.58,1.99
913,913,accurate,347.72,348.33,0.61,0,345.58,2.14
914,914,data,348.33,348.67,0.34,0,345.58,2.75
915,915,is,348.67,348.78,0.11,0,345.58,3.09
916,916,not,348.78,349.01,0.23,0,345.58,3.2
917,917,a,349.01,349.08,0.07,0,345.58,3.43
918,918,question,349.08,349.82,0.74,0,345.58,3.5
919,919,anyone,349.82,350.27,0.45,0,345.58,4.24
920,920,fighting,350.27,350.56,0.29,0,345.58,4.69
921,921,inside,350.56,351.12,0.56,0,345.58,4.98
922,922,has,351.12,351.34,0.22,0,345.58,5.54
923,923,time,351.34,351.66,0.32,0,345.58,5.76
924,924,to,351.66,351.79,0.13,0,345.58,6.08
925,925,settle,351.79,352.24,0.45,0,345.58,6.21
926,926,The,352.49,352.68,0.19,0.25,352.7,-0.21
927,927,defenders,352.68,353.36,0.68,0,352.7,-0.02
928,928,re,353.36,353.51,0.15,0,352.7,0.66
929,929,as,353.51,353.75,0.24,0,352.7,0.81
930,930,semble,353.75,354.11,0.36,0,352.7,1.05
931,931,after,354.11,354.49,0.38,0,352.7,1.41
932,932,being,354.49,354.87,0.38,0,352.7,1.79
933,933,destroyed,354.87,355.55,0.68,0,355.96,-1.09
934,934,That,355.84,356.14,0.3,0.29,355.96,-0.12
935,935,single,356.14,356.57,0.43,0,355.96,0.18
936,936,feature,356.57,357.04,0.47,0,355.96,0.61
937,937,separates,357.04,357.76,0.72,0,355.96,1.08
938,938,this,357.76,358.08,0.32,0,355.96,1.8
939,939,from,358.08,358.4,0.32,0,355.96,2.12
940,940,every,358.4,358.84,0.44,0,355.96,2.44
941,941,other,358.84,359.2,0.36,0,355.96,2.88
942,942,hostile,359.2,359.76,0.56,0,355.96,3.24
943,943,environment,359.76,360.65,0.89,0,355.96,3.8
944,944,on,360.65,360.81,0.16,0,355.96,4.69
945,945,this,360.81,361.13,0.32,0,355.96,4.85
946,946,list,361.13,361.45,0.32,0,361.58,-0.45
947,947,A,361.69,362.09,0.4,0.24,361.58,0.11
948,948,fire,362.09,362.15,0.06,0,361.58,0.51
949,949,lane,362.15,362.41,0.26,0,361.58,0.57
950,950,is,362.41,362.59,0.18,0,361.58,0.83
951,951,cleared,362.59,363.21,0.62,0,363.54,-0.95
952,952,Warriors,363.44,363.97,0.53,0.23,363.54,-0.1
953,953,go,363.97,364.16,0.19,0,363.54,0.43
954,954,down,364.16,364.88,0.72,0,364.96,-0.8
955,955,20,365.04,365.42,0.38,0.16,364.96,0.08
956,956,minutes,365.42,365.84,0.42,0,365.9,-0.48
957,957,later,365.84,366.25,0.41,0,365.9,-0.06
958,958,they,366.38,366.68,0.3,0.13,365.9,0.48
959,959,ve,366.68,366.9,0.22,0,365.9,0.78
960,960,partially,366.9,367.58,0.68,0,365.9,1
961,961,rebuilt,367.58,368.11,0.53,0,367.88,-0.3
962,962,and,368.11,368.33,0.22,0,367.88,0.23
963,963,resumed,368.33,368.86,0.53,0,367.88,0.45
964,964,patrol,368.86,369.31,0.45,0,369.52,-0.66
965,965,progress,369.31,369.91,0.6,0,369.52,-0.21
966,966,measured,369.91,370.56,0.65,0,369.52,0.39
967,967,in,370.56,370.72,0.16,0,369.52,1.04
968,968,confirmed,370.72,371.36,0.64,0,369.52,1.2
969,969,elimination,371.36,372.07,0.71,0,369.52,1.84
970,970,stops,372.07,372.43,0.36,0,369.52,2.55
971,971,being,372.43,372.73,0.3,0,369.52,2.91
972,972,meaningful,372.73,373.36,0.63,0,373.76,-1.03
973,973,The,373.55,373.74,0.19,0.19,373.76,-0.21
974,974,structure,373.74,374.32,0.58,0,373.76,-0.02
975,975,itself,374.32,374.71,0.39,0,373.76,0.56
976,976,continuously,374.71,375.72,1.01,0,373.76,0.95
977,977,recon,375.72,375.81,0.09,0,373.76,1.96
978,978,fig,375.81,376,0.19,0,373.76,2.05
979,979,ures,376,376.38,0.38,0,373.76,2.24
980,980,around,376.38,376.68,0.3,0,373.76,2.62
981,981,the,376.68,376.81,0.13,0,373.76,2.92
982,982,intrusion,376.81,377.68,0.87,0,377.72,-0.91
983,983,sealing,377.68,378.22,0.54,0,377.72,-0.04
984,984,corridors,378.22,378.8,0.58,0,377.72,0.5
985,985,shifting,379.05,379.5,0.45,0.25,379.2,-0.15
986,986,gravity,379.5,379.99,0.49,0,379.2,0.3
987,987,orient,379.99,380.41,0.42,0,379.2,0.79
988,988,ations,380.41,380.91,0.5,0,379.2,1.21
989,989,cycling,380.97,381.45,0.48,0.06,381.42,-0.45
990,990,through,381.45,382.06,0.61,0,381.42,0.03
991,991,defensive,382.06,382.66,0.6,0,381.42,0.64
992,992,responses,382.66,383.2,0.54,0,381.42,1.24
993,993,the,383.2,383.36,0.16,0,381.42,1.78
994,994,way,383.36,383.52,0.16,0,381.42,1.94
995,995,a,383.52,383.68,0.16,0,381.42,2.1
996,996,biological,383.68,384.38,0.7,0,381.42,2.26
997,997,organism,384.38,385.05,0.67,0,381.42,2.96
998,998,cycles,385.05,385.38,0.33,0,381.42,3.63
999,999,through,385.38,385.85,0.47,0,381.42,3.96
,,,,,,,,
,,,,,,,,
,,,,,,,,
"[Log] [inspector] smear — pause-following tokens: 1793, median=0.760s, p95=4.878s, negative=423 (23.6%) (App.tsx, line 2523)",,,,,,,,
"[Log] [inspector] malformed-token drop breakdown: – {non-finite: 0, negative-start: 0, inverted-or-zero-duration: 30, …} (App.tsx, line 2524)",,,,,,,,
"{non-finite: 0, negative-start: 0, inverted-or-zero-duration: 30, past-audio-end: 0, empty-text: 139}Object",,,,,,,,
"[Log] [inspector] CSV (copy below): (App.tsx, line 2525)",,,,,,,,
"[Log] index,text,startSec,endSec,durationSec,gapToPrevTokenSec,nearestPrecedingSilenceEndSec,smearSec (App.tsx, line 2526)",,,,,,,,
"0,Some,0.160,0.300,0.140,,,",,,,,,,,
"1,places,0.300,0.750,0.450,0.000,,",,,,,,,,
"2,in,0.750,0.900,0.150,0.000,,",,,,,,,,
"3,the,0.900,1.120,0.220,0.000,,",,,,,,,,
"4,41,1.120,1.570,0.450,0.000,,",,,,,,,,
"5,st,1.570,1.720,0.150,0.000,,",,,,,,,,
"6,millennium,1.720,2.630,0.910,0.000,,",,,,,,,,
"7,don,2.630,2.730,0.100,0.000,,",,,,,,,,
"8,'t,2.730,2.880,0.150,0.000,,",,,,,,,,
"9,just,2.880,3.230,0.350,0.000,,",,,,,,,,
"10,kill,3.230,3.430,0.200,0.000,,",,,,,,,,
"11,soldiers,3.430,4.240,0.810,0.000,4.360,-0.930",,,,,,,,
"12,they,4.240,4.500,0.260,0.000,4.360,-0.120",,,,,,,,
"13,take,4.500,4.780,0.280,0.000,4.360,0.140",,,,,,,,
"14,apart,4.780,5.090,0.310,0.000,4.360,0.420",,,,,,,,
"15,the,5.090,5.320,0.230,0.000,4.360,0.730",,,,,,,,
"16,conditions,5.320,5.950,0.630,0.000,4.360,0.960",,,,,,,,
"17,under,5.950,6.280,0.330,0.000,4.360,1.590",,,,,,,,
"18,which,6.280,6.610,0.330,0.000,4.360,1.920",,,,,,,,
"19,a,6.610,6.670,0.060,0.000,4.360,2.250",,,,,,,,
"20,soldier,6.670,7.130,0.460,0.000,4.360,2.310",,,,,,,,
"21,can,7.130,7.470,0.340,0.000,4.360,2.770",,,,,,,,
"22,function,7.470,7.930,0.460,0.000,4.360,3.110",,,,,,,,
"23,in,7.930,8.090,0.160,0.000,4.360,3.570",,,,,,,,
"24,the,8.090,8.600,0.510,0.000,4.360,3.730",,,,,,,,
"25,first,8.600,8.840,0.240,0.000,4.360,4.240",,,,,,,,
"26,place,8.840,9.200,0.360,0.000,9.360,-0.520",,,,,,,,
"27,Training,9.200,9.840,0.640,0.000,9.360,-0.160",,,,,,,,
"28,equipment,9.970,10.710,0.740,0.130,9.360,0.610",,,,,,,,
"29,formation,10.900,11.580,0.680,0.190,11.500,-0.600",,,,,,,,
"30,doctrine,11.830,12.430,0.600,0.250,12.540,-0.710",,,,,,,,
"31,gone,12.430,12.660,0.230,0.000,12.540,-0.110",,,,,,,,
"32,before,12.660,13.060,0.400,0.000,12.540,0.120",,,,,,,,
"33,the,13.060,13.560,0.500,0.000,12.540,0.520",,,,,,,,
"34,first,13.560,13.590,0.030,0.000,12.540,1.020",,,,,,,,
"35,contact,13.590,14.050,0.460,0.000,12.540,1.050",,,,,,,,
"36,report,14.050,14.480,0.430,0.000,14.660,-0.610",,,,,,,,
"37,These,14.480,14.800,0.320,0.000,14.660,-0.180",,,,,,,,
"38,aren,14.800,15.050,0.250,0.000,14.660,0.140",,,,,,,,
"39,'t,15.050,15.170,0.120,0.000,14.660,0.390",,,,,,,,
"40,the,15.170,15.360,0.190,0.000,14.660,0.510",,,,,,,,
"41,worst,15.360,15.680,0.320,0.000,14.660,0.700",,,,,,,,
"42,battlefield,15.680,16.410,0.730,0.000,16.640,-0.960",,,,,,,,
"43,s,16.410,16.450,0.040,0.000,16.640,-0.230",,,,,,,,
"44,because,16.450,16.900,0.450,0.000,16.640,-0.190",,,,,,,,
"45,of,16.900,17.110,0.210,0.000,16.640,0.260",,,,,,,,
"46,the,17.110,17.220,0.110,0.000,16.640,0.470",,,,,,,,
"47,numbers,17.220,17.710,0.490,0.000,18.080,-0.860",,,,,,,,
"48,They,17.920,18.170,0.250,0.210,18.080,-0.160",,,,,,,,
"49,'re,18.170,18.460,0.290,0.000,18.700,-0.530",,,,,,,,
"50,the,18.460,18.550,0.090,0.000,18.700,-0.240",,,,,,,,
"51,worst,18.550,18.870,0.320,0.000,18.700,-0.150",,,,,,,,
"52,because,18.870,19.320,0.450,0.000,18.700,0.170",,,,,,,,
"53,the,19.320,19.620,0.300,0.000,18.700,0.620",,,,,,,,
"54,environment,19.620,20.240,0.620,0.000,18.700,0.920",,,,,,,,
"55,was,20.240,20.560,0.320,0.000,18.700,1.540",,,,,,,,
"56,already,20.560,20.960,0.400,0.000,18.700,1.860",,,,,,,,
"57,doing,20.960,21.200,0.240,0.000,18.700,2.260",,,,,,,,
"58,the,21.200,21.360,0.160,0.000,18.700,2.500",,,,,,,,
"59,killing,21.360,21.750,0.390,0.000,18.700,2.660",,,,,,,,
"60,before,21.750,22.160,0.410,0.000,18.700,3.050",,,,,,,,
"61,the,22.160,22.300,0.140,0.000,18.700,3.460",,,,,,,,
"62,enemy,22.300,22.520,0.220,0.000,18.700,3.600",,,,,,,,
"63,showed,22.520,22.940,0.420,0.000,18.700,3.820",,,,,,,,
"64,up,22.940,23.060,0.120,0.000,23.380,-0.440",,,,,,,,
"65,Number,23.280,23.820,0.540,0.220,23.380,-0.100",,,,,,,,
"66,6,23.820,24.060,0.240,0.000,23.380,0.440",,,,,,,,
"67,C,24.240,24.360,0.120,0.180,23.380,0.860",,,,,,,,
"68,atech,24.360,24.760,0.400,0.000,25.140,-0.780",,,,,,,,
"69,an,24.760,24.980,0.220,0.000,25.140,-0.380",,,,,,,,
"70,Before,25.210,25.630,0.420,0.230,25.140,0.070",,,,,,,,
"71,C,25.630,25.700,0.070,0.000,25.140,0.490",,,,,,,,
"72,atech,25.700,26.070,0.370,0.000,25.140,0.560",,,,,,,,
"73,an,26.070,26.240,0.170,0.000,25.140,0.930",,,,,,,,
"74,produced,26.240,26.720,0.480,0.000,25.140,1.100",,,,,,,,
"75,the,26.720,26.900,0.180,0.000,25.140,1.580",,,,,,,,
"76,Imperium,26.900,27.520,0.620,0.000,25.140,1.760",,,,,,,,
"77,'s,27.520,27.650,0.130,0.000,25.140,2.380",,,,,,,,
"78,most,27.650,27.880,0.230,0.000,25.140,2.510",,,,,,,,
"79,capable,27.880,28.320,0.440,0.000,25.140,2.740",,,,,,,,
"80,baseline,28.320,28.800,0.480,0.000,25.140,3.180",,,,,,,,
"81,human,28.800,29.120,0.320,0.000,25.140,3.660",,,,,,,,
"82,soldiers,29.280,29.780,0.500,0.160,25.140,4.140",,,,,,,,
"83,the,29.940,30.200,0.260,0.160,30.340,-0.400",,,,,,,,
"84,planet,30.200,30.690,0.490,0.000,30.340,-0.140",,,,,,,,
"85,had,30.690,30.940,0.250,0.000,30.340,0.350",,,,,,,,
"86,a,30.940,31.050,0.110,0.000,30.340,0.600",,,,,,,,
"87,simpler,31.050,31.750,0.700,0.000,30.340,0.710",,,,,,,,
"88,reputation,31.750,32.430,0.680,0.000,32.880,-1.130",,,,,,,,
"89,It,32.720,32.890,0.170,0.290,32.880,-0.160",,,,,,,,
"90,killed,32.890,33.330,0.440,0.000,32.880,0.010",,,,,,,,
"91,everything,33.330,34.090,0.760,0.000,32.880,0.450",,,,,,,,
"92,on,34.090,34.240,0.150,0.000,32.880,1.210",,,,,,,,
"93,it,34.240,34.420,0.180,0.000,32.880,1.360",,,,,,,,
"94,The,34.650,34.860,0.210,0.230,34.820,-0.170",,,,,,,,
"95,jungle,34.860,35.350,0.490,0.000,35.620,-0.760",,,,,,,,
"96,didn,35.350,35.600,0.250,0.000,35.620,-0.270",,,,,,,,
"97,'t,35.600,35.730,0.130,0.000,35.620,-0.020",,,,,,,,
"98,evolve,35.730,36.170,0.440,0.000,35.620,0.110",,,,,,,,
"99,around,36.170,36.590,0.420,0.000,35.620,0.550",,,,,,,,
"100,human,36.590,37.110,0.520,0.000,35.620,0.970",,,,,,,,
"101,warfare,37.110,37.550,0.440,0.000,37.940,-0.830",,,,,,,,
"102,It,37.760,37.930,0.170,0.210,37.940,-0.180",,,,,,,,
"103,spent,37.930,38.360,0.430,0.000,37.940,-0.010",,,,,,,,
"104,millions,38.360,39.130,0.770,0.000,38.640,-0.280",,,,,,,,
"105,of,39.130,39.230,0.100,0.000,38.640,0.490",,,,,,,,
"106,years,39.230,39.690,0.460,0.000,38.640,0.590",,,,,,,,
"107,optimizing,39.690,40.530,0.840,0.000,40.080,-0.390",,,,,,,,
"108,toward,40.530,41.050,0.520,0.000,40.080,0.450",,,,,,,,
"109,a,41.050,41.130,0.080,0.000,40.080,0.970",,,,,,,,
"110,single,41.130,41.650,0.520,0.000,40.080,1.050",,,,,,,,
"111,outcome,41.650,42.320,0.670,0.000,42.480,-0.830",,,,,,,,
"112,and,42.320,42.500,0.180,0.000,42.480,-0.160",,,,,,,,
"113,anything,42.500,42.990,0.490,0.000,42.480,0.020",,,,,,,,
"114,with,42.990,43.230,0.240,0.000,42.480,0.510",,,,,,,,
"115,a,43.230,43.280,0.050,0.000,42.480,0.750",,,,,,,,
"116,nervous,43.280,43.720,0.440,0.000,42.480,0.800",,,,,,,,
"117,system,43.720,44.080,0.360,0.000,42.480,1.240",,,,,,,,
"118,is,44.080,44.250,0.170,0.000,42.480,1.600",,,,,,,,
"119,on,44.250,44.320,0.070,0.000,42.480,1.770",,,,,,,,
"120,the,44.320,44.500,0.180,0.000,42.480,1.840",,,,,,,,
"121,wrong,44.500,44.950,0.450,0.000,42.480,2.020",,,,,,,,
"122,side,44.950,45.040,0.090,0.000,42.480,2.470",,,,,,,,
"123,of,45.040,45.200,0.160,0.000,42.480,2.560",,,,,,,,
"124,that,45.200,45.550,0.350,0.000,42.480,2.720",,,,,,,,
"125,outcome,45.550,45.830,0.280,0.000,42.480,3.070",,,,,,,,
"126,Hum,46.080,46.320,0.240,0.250,46.280,-0.200",,,,,,,,
"127,idity,46.320,46.720,0.400,0.000,46.280,0.040",,,,,,,,
"128,wre,46.720,46.960,0.240,0.000,46.280,0.440",,,,,,,,
"129,cks,46.960,47.200,0.240,0.000,46.280,0.680",,,,,,,,
"130,unprotected,47.200,48.090,0.890,0.000,46.280,0.920",,,,,,,,
"131,electronics,48.090,48.980,0.890,0.000,46.280,1.810",,,,,,,,
"132,inside,48.980,49.470,0.490,0.000,46.280,2.700",,,,,,,,
"133,a,49.470,49.540,0.070,0.000,46.280,3.190",,,,,,,,
"134,few,49.540,49.760,0.220,0.000,46.280,3.260",,,,,,,,
"135,hours,49.760,50.440,0.680,0.000,50.620,-0.860",,,,,,,,
"136,Loss,50.480,50.760,0.280,0.040,50.620,-0.140",,,,,,,,
"137,charge,50.760,51.180,0.420,0.000,50.620,0.140",,,,,,,,
"138,packs,51.180,51.560,0.380,0.000,50.620,0.560",,,,,,,,
"139,corro,51.560,51.880,0.320,0.000,50.620,0.940",,,,,,,,
"140,de,51.880,52.020,0.140,0.000,52.380,-0.500",,,,,,,,
"141,Optical,52.240,52.720,0.480,0.220,52.380,-0.140",,,,,,,,
"142,sc,52.720,52.850,0.130,0.000,52.380,0.340",,,,,,,,
"143,opes,52.850,53.120,0.270,0.000,52.380,0.470",,,,,,,,
"144,fog,53.120,53.360,0.240,0.000,52.380,0.740",,,,,,,,
"145,permanently,53.360,54.080,0.720,0.000,52.380,0.980",,,,,,,,
"146,The,54.480,54.570,0.090,0.400,54.520,-0.040",,,,,,,,
"147,canopy,54.570,55.070,0.500,0.000,54.520,0.050",,,,,,,,
"148,generates,55.070,55.840,0.770,0.000,54.520,0.550",,,,,,,,
"149,a,55.840,56.020,0.180,0.000,54.520,1.320",,,,,,,,
"150,biological,56.020,56.950,0.930,0.000,54.520,1.500",,,,,,,,
"151,electrical,56.950,57.620,0.670,0.000,54.520,2.430",,,,,,,,
"152,field,57.620,58.040,0.420,0.000,54.520,3.100",,,,,,,,
"153,that,58.040,58.680,0.640,0.000,54.520,3.520",,,,,,,,
"154,jams,58.680,58.720,0.040,0.000,54.520,4.160",,,,,,,,
"155,Vox,58.720,58.970,0.250,0.000,54.520,4.200",,,,,,,,
"156,casters,58.970,59.600,0.630,0.000,54.520,4.450",,,,,,,,
"157,something,59.600,60.190,0.590,0.000,54.520,5.080",,,,,,,,
"158,the,60.190,60.370,0.180,0.000,54.520,5.670",,,,,,,,
"159,Mechan,60.370,60.770,0.400,0.000,54.520,5.850",,,,,,,,
"160,icus,60.770,61.030,0.260,0.000,54.520,6.250",,,,,,,,
"161,has,61.030,61.300,0.270,0.000,54.520,6.510",,,,,,,,
"162,catalog,61.300,61.680,0.380,0.000,54.520,6.780",,,,,,,,
"163,ued,61.680,61.870,0.190,0.000,62.180,-0.500",,,,,,,,
"164,and,61.870,62.230,0.360,0.000,62.180,-0.310",,,,,,,,
"165,never,62.230,62.390,0.160,0.000,62.180,0.050",,,,,,,,
"166,adequately,62.390,63.050,0.660,0.000,62.180,0.210",,,,,,,,
"167,explained,63.050,63.920,0.870,0.000,64.120,-1.070",,,,,,,,
"168,That,63.920,64.240,0.320,0.000,64.120,-0.200",,,,,,,,
"169,'s,64.240,64.460,0.220,0.000,64.120,0.120",,,,,,,,
"170,before,64.460,64.870,0.410,0.000,65.280,-0.820",,,,,,,,
"171,anything,64.870,65.620,0.750,0.000,65.280,-0.410",,,,,,,,
"172,in,65.620,65.690,0.070,0.000,65.280,0.340",,,,,,,,
"173,the,65.690,65.930,0.240,0.000,65.280,0.410",,,,,,,,
"174,jungle,65.930,66.550,0.620,0.000,65.280,0.650",,,,,,,,
"175,decides,66.550,67.140,0.590,0.000,65.280,1.270",,,,,,,,
"176,to,67.140,67.150,0.010,0.000,65.280,1.860",,,,,,,,
"177,engage,67.150,67.600,0.450,0.000,65.280,1.870",,,,,,,,
"178,C,67.920,68.080,0.160,0.320,68.080,-0.160",,,,,,,,
"179,atech,68.080,68.460,0.380,0.000,68.080,0.000",,,,,,,,
"180,an,68.460,68.540,0.080,0.000,68.080,0.380",,,,,,,,
"181,devil,68.540,68.940,0.400,0.000,69.300,-0.760",,,,,,,,
"182,ants,68.940,69.290,0.350,0.000,69.300,-0.360",,,,,,,,
"183,dissolve,69.290,69.890,0.600,0.000,69.300,-0.010",,,,,,,,
"184,flesh,69.890,70.290,0.400,0.000,69.300,0.590",,,,,,,,
"185,faster,70.290,70.800,0.510,0.000,69.300,0.990",,,,,,,,
"186,than,70.800,71.150,0.350,0.000,69.300,1.500",,,,,,,,
"187,combat,71.150,71.570,0.420,0.000,69.300,1.850",,,,,,,,
"188,grade,71.640,72.280,0.640,0.070,69.300,2.340",,,,,,,,
"189,acid,72.280,72.350,0.070,0.000,69.300,2.980",,,,,,,,
"190,The,72.640,72.900,0.260,0.290,72.880,-0.240",,,,,,,,
"191,C,72.900,72.990,0.090,0.000,72.880,0.020",,,,,,,,
"192,atech,72.990,73.410,0.420,0.000,72.880,0.110",,,,,,,,
"193,an,73.410,73.600,0.190,0.000,72.880,0.530",,,,,,,,
"194,devil,73.600,74.040,0.440,0.000,72.880,0.720",,,,,,,,
"195,itself,74.040,74.570,0.530,0.000,74.640,-0.600",,,,,,,,
"196,six,74.740,75.000,0.260,0.170,74.640,0.100",,,,,,,,
"197,limbs,75.000,75.440,0.440,0.000,74.640,0.360",,,,,,,,
"198,k,75.680,75.850,0.170,0.240,75.820,-0.140",,,,,,,,
"199,ite,75.850,75.870,0.020,0.000,75.820,0.030",,,,,,,,
"200,and,75.870,75.980,0.110,0.000,75.820,0.050",,,,,,,,
"201,thick,75.980,76.200,0.220,0.000,75.820,0.160",,,,,,,,
"202,enough,76.200,76.470,0.270,0.000,75.820,0.380",,,,,,,,
"203,to,76.470,76.560,0.090,0.000,75.820,0.650",,,,,,,,
"204,deflect,76.560,77.040,0.480,0.000,75.820,0.740",,,,,,,,
"205,small,77.040,77.520,0.480,0.000,75.820,1.220",,,,,,,,
"206,arms,77.520,77.960,0.440,0.000,75.820,1.700",,,,,,,,
"207,fire,77.960,78.560,0.600,0.000,75.820,2.140",,,,,,,,
"208,hunts,78.720,78.960,0.240,0.160,75.820,2.900",,,,,,,,
"209,by,78.960,79.120,0.160,0.000,75.820,3.140",,,,,,,,
"210,thermal,79.120,79.680,0.560,0.000,75.820,3.300",,,,,,,,
"211,signature,79.680,80.410,0.730,0.000,80.520,-0.840",,,,,,,,
"212,Str,80.650,80.890,0.240,0.240,80.520,0.130",,,,,,,,
"213,angler,80.890,81.440,0.550,0.000,80.520,0.370",,,,,,,,
"214,plants,81.440,81.850,0.410,0.000,80.520,0.920",,,,,,,,
"215,drop,81.850,82.170,0.320,0.000,80.520,1.330",,,,,,,,
"216,tend,82.170,82.490,0.320,0.000,80.520,1.650",,,,,,,,
"217,rils,82.490,82.930,0.440,0.000,82.880,-0.390",,,,,,,,
"218,that,82.930,83.160,0.230,0.000,82.880,0.050",,,,,,,,
"219,sever,83.160,83.540,0.380,0.000,82.880,0.280",,,,,,,,
"220,limbs,83.540,84.010,0.470,0.000,82.880,0.660",,,,,,,,
"221,before,84.010,84.240,0.230,0.000,82.880,1.130",,,,,,,,
"222,the,84.240,84.400,0.160,0.000,82.880,1.360",,,,,,,,
"223,soldier,84.400,84.970,0.570,0.000,82.880,1.520",,,,,,,,
"224,registers,84.970,85.770,0.800,0.000,82.880,2.090",,,,,,,,
"225,contact,85.770,86.330,0.560,0.000,86.440,-0.670",,,,,,,,
"226,My,86.520,86.680,0.160,0.190,86.440,0.080",,,,,,,,
"227,rol,86.680,87.030,0.350,0.000,86.440,0.240",,,,,,,,
"228,and,87.030,87.160,0.130,0.000,86.440,0.590",,,,,,,,
"229,sharks,87.160,87.650,0.490,0.000,86.440,0.720",,,,,,,,
"230,track,87.650,88.060,0.410,0.000,86.440,1.210",,,,,,,,
"231,ground,88.060,88.770,0.710,0.000,86.440,1.620",,,,,,,,
"232,vibration,88.770,89.380,0.610,0.000,89.680,-0.910",,,,,,,,
"233,Every,89.600,89.990,0.390,0.220,89.680,-0.080",,,,,,,,
"234,shadow,89.990,90.460,0.470,0.000,89.680,0.310",,,,,,,,
"235,has,90.460,90.700,0.240,0.000,89.680,0.780",,,,,,,,
"236,been,90.700,91.020,0.320,0.000,89.680,1.020",,,,,,,,
"237,occupying,91.020,91.730,0.710,0.000,89.680,1.340",,,,,,,,
"238,it,91.730,91.890,0.160,0.000,89.680,2.050",,,,,,,,
"239,longer,91.890,92.360,0.470,0.000,89.680,2.210",,,,,,,,
"240,than,92.360,92.830,0.470,0.000,92.820,-0.460",,,,,,,,
"241,any,92.830,92.920,0.090,0.000,92.820,0.010",,,,,,,,
"242,patrol,92.920,93.380,0.460,0.000,92.820,0.100",,,,,,,,
"243,has,93.380,93.950,0.570,0.000,92.820,0.560",,,,,,,,
"244,been,93.950,93.990,0.040,0.000,92.820,1.130",,,,,,,,
"245,searching,93.990,94.660,0.670,0.000,92.820,1.170",,,,,,,,
"246,it,94.660,94.920,0.260,0.000,95.220,-0.560",,,,,,,,
"247,Forces,95.120,95.660,0.540,0.200,95.220,-0.100",,,,,,,,
"248,without,95.660,96.190,0.530,0.000,95.220,0.440",,,,,,,,
"249,C,96.190,96.250,0.060,0.000,95.220,0.970",,,,,,,,
"250,atech,96.250,96.650,0.400,0.000,95.220,1.030",,,,,,,,
"251,an,96.650,96.820,0.170,0.000,95.220,1.430",,,,,,,,
"252,born,96.890,97.210,0.320,0.070,95.220,1.670",,,,,,,,
"253,soldiers,97.210,97.860,0.650,0.000,97.820,-0.610",,,,,,,,
"254,operate,97.860,98.430,0.570,0.000,97.820,0.040",,,,,,,,
"255,at,98.430,98.590,0.160,0.000,97.820,0.610",,,,,,,,
"256,a,98.590,98.670,0.080,0.000,97.820,0.770",,,,,,,,
"257,deficit,98.670,99.480,0.810,0.000,99.400,-0.730",,,,,,,,
"258,that,99.480,99.590,0.110,0.000,99.400,0.080",,,,,,,,
"259,no,99.590,99.760,0.170,0.000,99.400,0.190",,,,,,,,
"260,amount,99.760,100.150,0.390,0.000,99.400,0.360",,,,,,,,
"261,of,100.150,100.160,0.010,0.000,99.400,0.750",,,,,,,,
"262,preparation,100.160,100.800,0.640,0.000,99.400,0.760",,,,,,,,
"263,closes,100.800,101.380,0.580,0.000,99.400,1.400",,,,,,,,
"264,The,101.680,101.890,0.210,0.300,101.860,-0.180",,,,,,,,
"265,jungle,101.890,102.310,0.420,0.000,101.860,0.030",,,,,,,,
"266,doesn,102.310,102.640,0.330,0.000,101.860,0.450",,,,,,,,
"267,'t,102.640,102.800,0.160,0.000,101.860,0.780",,,,,,,,
"268,te,102.800,103.050,0.250,0.000,101.860,0.940",,,,,,,,
"269,legraph,103.050,103.440,0.390,0.000,101.860,1.190",,,,,,,,
"270,its,103.440,103.650,0.210,0.000,101.860,1.580",,,,,,,,
"271,threats,103.650,104.310,0.660,0.000,104.540,-0.890",,,,,,,,
"272,It,104.400,104.580,0.180,0.090,104.540,-0.140",,,,,,,,
"273,withhold,104.580,105.300,0.720,0.000,104.540,0.040",,,,,,,,
"274,s,105.300,105.380,0.080,0.000,104.540,0.760",,,,,,,,
"275,them,105.380,106.040,0.660,0.000,104.540,0.840",,,,,,,,
"276,until,106.040,106.080,0.040,0.000,104.540,1.500",,,,,,,,
"277,they,106.080,106.400,0.320,0.000,104.540,1.540",,,,,,,,
"278,'re,106.400,106.640,0.240,0.000,106.700,-0.300",,,,,,,,
"279,already,106.800,107.060,0.260,0.160,106.700,0.100",,,,,,,,
"280,past,107.060,107.300,0.240,0.000,106.700,0.360",,,,,,,,
"281,the,107.300,107.480,0.180,0.000,106.700,0.600",,,,,,,,
"282,point,107.480,107.780,0.300,0.000,106.700,0.780",,,,,,,,
"283,of,107.780,108.010,0.230,0.000,106.700,1.080",,,,,,,,
"284,response,108.010,108.380,0.370,0.000,106.700,1.310",,,,,,,,
"285,C,108.570,108.620,0.050,0.190,108.760,-0.190",,,,,,,,
"286,atech,108.620,108.920,0.300,0.000,108.760,-0.140",,,,,,,,
"287,an,108.920,109.040,0.120,0.000,108.760,0.160",,,,,,,,
"288,reg,109.040,109.270,0.230,0.000,108.760,0.280",,,,,,,,
"289,iments,109.270,109.580,0.310,0.000,108.760,0.510",,,,,,,,
"290,work,109.580,109.870,0.290,0.000,108.760,0.820",,,,,,,,
"291,in,109.870,109.940,0.070,0.000,108.760,1.110",,,,,,,,
"292,that,109.940,110.240,0.300,0.000,108.760,1.180",,,,,,,,
"293,environment,110.240,111.010,0.770,0.000,108.760,1.480",,,,,,,,
"294,because,111.010,111.040,0.030,0.000,108.760,2.250",,,,,,,,
"295,they,111.040,111.360,0.320,0.000,108.760,2.280",,,,,,,,
"296,grew,111.360,111.680,0.320,0.000,108.760,2.600",,,,,,,,
"297,up,111.680,111.840,0.160,0.000,108.760,2.920",,,,,,,,
"298,treating,111.840,112.490,0.650,0.000,108.760,3.080",,,,,,,,
"299,survival,112.490,113.140,0.650,0.000,108.760,3.730",,,,,,,,
"300,as,113.140,113.300,0.160,0.000,108.760,4.380",,,,,,,,
"301,a,113.300,113.380,0.080,0.000,108.760,4.540",,,,,,,,
"302,practical,113.380,114.220,0.840,0.000,114.260,-0.880",,,,,,,,
"303,discipline,114.220,115.410,1.190,0.000,115.200,-0.980",,,,,,,,
"304,rather,115.410,115.640,0.230,0.000,115.200,0.210",,,,,,,,
"305,than,115.640,115.910,0.270,0.000,115.200,0.440",,,,,,,,
"306,an,115.910,116.070,0.160,0.000,115.200,0.710",,,,,,,,
"307,expected,116.070,116.700,0.630,0.000,115.200,0.870",,,,,,,,
"308,outcome,116.700,117.280,0.580,0.000,117.460,-0.760",,,,,,,,
"309,For,117.280,117.520,0.240,0.000,117.460,-0.180",,,,,,,,
"310,everyone,117.520,118.170,0.650,0.000,117.460,0.060",,,,,,,,
"311,else,118.170,118.490,0.320,0.000,118.620,-0.450",,,,,,,,
"312,the,118.650,118.980,0.330,0.160,118.620,0.030",,,,,,,,
"313,mission,118.980,119.460,0.480,0.000,118.620,0.360",,,,,,,,
"314,doesn,119.460,119.910,0.450,0.000,118.620,0.840",,,,,,,,
"315,'t,119.910,120.020,0.110,0.000,118.620,1.290",,,,,,,,
"316,fail,120.020,120.500,0.480,0.000,120.420,-0.400",,,,,,,,
"317,on,120.500,120.510,0.010,0.000,120.420,0.080",,,,,,,,
"318,C,120.510,120.580,0.070,0.000,120.420,0.090",,,,,,,,
"319,atech,120.580,120.970,0.390,0.000,120.420,0.160",,,,,,,,
"320,an,120.970,121.140,0.170,0.000,120.420,0.550",,,,,,,,
"321,The,121.630,121.670,0.040,0.490,121.660,-0.030",,,,,,,,
"322,jungle,121.670,122.010,0.340,0.000,121.660,0.010",,,,,,,,
"323,absorbs,122.010,122.600,0.590,0.000,121.660,0.350",,,,,,,,
"324,it,122.600,122.640,0.040,0.000,121.660,0.940",,,,,,,,
"325,and,122.640,122.820,0.180,0.000,121.660,0.980",,,,,,,,
"326,moves,122.820,123.120,0.300,0.000,121.660,1.160",,,,,,,,
"327,on,123.120,123.400,0.280,0.000,121.660,1.460",,,,,,,,
"328,Number,123.760,124.300,0.540,0.360,123.900,-0.140",,,,,,,,
"329,five,124.300,124.640,0.340,0.000,123.900,0.400",,,,,,,,
"330,space,124.840,125.250,0.410,0.200,123.900,0.940",,,,,,,,
"331,h,125.250,125.340,0.090,0.000,123.900,1.350",,,,,,,,
"332,ul,125.340,125.510,0.170,0.000,123.900,1.440",,,,,,,,
"333,ks,125.510,125.690,0.180,0.000,123.900,1.610",,,,,,,,
"334,A,126.000,126.090,0.090,0.310,126.140,-0.140",,,,,,,,
"335,space,126.090,126.540,0.450,0.000,126.140,-0.050",,,,,,,,
"336,h,126.540,126.640,0.100,0.000,126.140,0.400",,,,,,,,
"337,ulk,126.640,126.990,0.350,0.000,127.140,-0.500",,,,,,,,
"338,is,126.990,127.080,0.090,0.000,127.140,-0.150",,,,,,,,
"339,centuries,127.080,128.080,1.000,0.000,127.140,-0.060",,,,,,,,
"340,of,128.080,128.150,0.070,0.000,127.140,0.940",,,,,,,,
"341,accumulated,128.150,129.080,0.930,0.000,127.140,1.010",,,,,,,,
"342,ships,129.080,129.440,0.360,0.000,127.140,1.940",,,,,,,,
"343,stations,129.440,130.140,0.700,0.000,127.140,2.300",,,,,,,,
"344,and,130.140,130.390,0.250,0.000,127.140,3.000",,,,,,,,
"345,debris,130.390,130.920,0.530,0.000,131.420,-1.030",,,,,,,,
"346,F,131.180,131.260,0.080,0.260,131.420,-0.240",,,,,,,,
"347,used,131.260,131.610,0.350,0.000,131.420,-0.160",,,,,,,,
"348,by,131.610,131.780,0.170,0.000,131.420,0.190",,,,,,,,
"349,warp,131.780,132.130,0.350,0.000,131.420,0.360",,,,,,,,
"350,transit,132.130,132.740,0.610,0.000,131.420,0.710",,,,,,,,
"351,into,132.740,133.080,0.340,0.000,131.420,1.320",,,,,,,,
"352,a,133.080,133.170,0.090,0.000,131.420,1.660",,,,,,,,
"353,structure,133.170,134.040,0.870,0.000,131.420,1.750",,,,,,,,
"354,too,134.040,134.160,0.120,0.000,131.420,2.620",,,,,,,,
"355,massive,134.160,134.760,0.600,0.000,131.420,2.740",,,,,,,,
"356,to,134.760,134.890,0.130,0.000,131.420,3.340",,,,,,,,
"357,ignore,134.890,135.760,0.870,0.000,135.860,-0.970",,,,,,,,
"358,and,135.920,135.960,0.040,0.160,135.860,0.060",,,,,,,,
"359,too,135.960,136.160,0.200,0.000,135.860,0.100",,,,,,,,
"360,unstable,136.160,136.690,0.530,0.000,135.860,0.300",,,,,,,,
"361,for,136.690,136.890,0.200,0.000,135.860,0.830",,,,,,,,
"362,any,136.890,137.130,0.240,0.000,135.860,1.030",,,,,,,,
"363,chart,137.130,137.460,0.330,0.000,135.860,1.270",,,,,,,,
"364,to,137.460,137.550,0.090,0.000,135.860,1.600",,,,,,,,
"365,stay,137.550,137.810,0.260,0.000,135.860,1.690",,,,,,,,
"366,current,137.810,138.390,0.580,0.000,138.740,-0.930",,,,,,,,
"367,on,138.390,138.400,0.010,0.000,138.740,-0.350",,,,,,,,
"368,Board,138.640,139.020,0.380,0.240,138.740,-0.100",,,,,,,,
"369,ing,139.020,139.240,0.220,0.000,138.740,0.280",,,,,,,,
"370,one,139.240,139.470,0.230,0.000,138.740,0.500",,,,,,,,
"371,isn,139.470,139.700,0.230,0.000,138.740,0.730",,,,,,,,
"372,'t,139.700,139.920,0.220,0.000,138.740,0.960",,,,,,,,
"373,a,139.920,140.130,0.210,0.000,138.740,1.180",,,,,,,,
"374,tactical,140.130,140.590,0.460,0.000,138.740,1.390",,,,,,,,
"375,challenge,140.590,141.220,0.630,0.000,141.600,-1.010",,,,,,,,
"376,It,141.440,141.600,0.160,0.220,141.600,-0.160",,,,,,,,
"377,'s,141.600,141.700,0.100,0.000,141.600,0.000",,,,,,,,
"378,a,141.700,141.760,0.060,0.000,141.600,0.100",,,,,,,,
"379,structural,141.760,142.410,0.650,0.000,141.600,0.160",,,,,,,,
"380,impossibility,142.410,143.280,0.870,0.000,141.600,0.810",,,,,,,,
"381,that,143.280,143.540,0.260,0.000,141.600,1.680",,,,,,,,
"382,command,143.540,144.070,0.530,0.000,141.600,1.940",,,,,,,,
"383,has,144.070,144.200,0.130,0.000,141.600,2.470",,,,,,,,
"384,decided,144.200,144.670,0.470,0.000,141.600,2.600",,,,,,,,
"385,cannot,144.670,145.060,0.390,0.000,141.600,3.070",,,,,,,,
"386,be,145.060,145.190,0.130,0.000,141.600,3.460",,,,,,,,
"387,avoided,145.190,145.810,0.620,0.000,146.120,-0.930",,,,,,,,
"388,The,145.920,146.110,0.190,0.110,146.120,-0.200",,,,,,,,
"389,corridors,146.110,146.690,0.580,0.000,146.120,-0.010",,,,,,,,
"390,weren,146.690,147.030,0.340,0.000,146.120,0.570",,,,,,,,
"391,'t,147.030,147.290,0.260,0.000,146.120,0.910",,,,,,,,
"392,built,147.290,147.490,0.200,0.000,147.840,-0.550",,,,,,,,
"393,They,147.680,147.940,0.260,0.190,147.840,-0.160",,,,,,,,
"394,'re,147.940,148.130,0.190,0.000,147.840,0.100",,,,,,,,
"395,the,148.130,148.320,0.190,0.000,147.840,0.290",,,,,,,,
"396,overlapping,148.320,149.150,0.830,0.000,147.840,0.480",,,,,,,,
"397,inter,149.150,149.370,0.220,0.000,147.840,1.310",,,,,,,,
"398,iors,149.370,149.680,0.310,0.000,147.840,1.530",,,,,,,,
"399,of,149.680,149.850,0.170,0.000,147.840,1.840",,,,,,,,
"400,vessels,149.850,150.480,0.630,0.000,147.840,2.010",,,,,,,,
"401,that,150.480,150.810,0.330,0.000,147.840,2.640",,,,,,,,
"402,were,150.810,151.140,0.330,0.000,147.840,2.970",,,,,,,,
"403,never,151.140,151.560,0.420,0.000,147.840,3.300",,,,,,,,
"404,designed,151.560,152.210,0.650,0.000,147.840,3.720",,,,,,,,
"405,to,152.210,152.410,0.200,0.000,152.780,-0.570",,,,,,,,
"406,share,152.410,152.780,0.370,0.000,152.780,-0.370",,,,,,,,
"407,a,152.780,152.860,0.080,0.000,152.780,0.000",,,,,,,,
"408,wall,152.860,153.190,0.330,0.000,152.780,0.080",,,,,,,,
"409,smashed,153.190,153.770,0.580,0.000,152.780,0.410",,,,,,,,
"410,into,153.770,154.100,0.330,0.000,152.780,0.990",,,,,,,,
"411,adj,154.100,154.350,0.250,0.000,152.780,1.320",,,,,,,,
"412,ac,154.350,154.840,0.490,0.000,152.780,1.570",,,,,,,,
"413,ency,154.840,154.860,0.020,0.000,152.780,2.060",,,,,,,,
"414,by,154.860,155.080,0.220,0.000,152.780,2.080",,,,,,,,
"415,warp,155.080,155.330,0.250,0.000,152.780,2.300",,,,,,,,
"416,physics,155.330,155.930,0.600,0.000,156.340,-1.010",,,,,,,,
"417,Flo,156.240,156.440,0.200,0.310,156.340,-0.100",,,,,,,,
"418,ors,156.440,156.640,0.200,0.000,156.340,0.100",,,,,,,,
"419,become,156.640,157.050,0.410,0.000,156.340,0.300",,,,,,,,
"420,ceilings,157.050,157.610,0.560,0.000,156.340,0.710",,,,,,,,
"421,two,157.610,157.800,0.190,0.000,156.340,1.270",,,,,,,,
"422,jun,157.800,158.000,0.200,0.000,156.340,1.460",,,,,,,,
"423,ctions,158.000,158.410,0.410,0.000,156.340,1.660",,,,,,,,
"424,in,158.410,158.550,0.140,0.000,156.340,2.070",,,,,,,,
"425,Gravity,158.870,159.230,0.360,0.320,159.180,-0.310",,,,,,,,
"426,plates,159.230,159.640,0.410,0.000,159.180,0.050",,,,,,,,
"427,from,159.640,159.900,0.260,0.000,159.180,0.460",,,,,,,,
"428,different,159.900,160.640,0.740,0.000,159.180,0.720",,,,,,,,
"429,ships,160.640,161.360,0.720,0.000,161.460,-0.820",,,,,,,,
"430,pull,161.520,161.660,0.140,0.160,161.460,0.060",,,,,,,,
"431,in,161.660,161.900,0.240,0.000,161.460,0.200",,,,,,,,
"432,competing,161.900,162.500,0.600,0.000,161.460,0.440",,,,,,,,
"433,directions,162.500,163.290,0.790,0.000,161.460,1.040",,,,,,,,
"434,in,163.290,163.420,0.130,0.000,161.460,1.830",,,,,,,,
"435,rooms,163.420,163.790,0.370,0.000,161.460,1.960",,,,,,,,
"436,separated,163.790,164.590,0.800,0.000,161.460,2.330",,,,,,,,
"437,by,164.590,164.640,0.050,0.000,161.460,3.130",,,,,,,,
"438,a,164.640,164.710,0.070,0.000,161.460,3.180",,,,,,,,
"439,single,164.710,165.160,0.450,0.000,161.460,3.250",,,,,,,,
"440,bulk,165.160,165.720,0.560,0.000,166.120,-0.960",,,,,,,,
"441,head,165.720,165.770,0.050,0.000,166.120,-0.400",,,,,,,,
"442,Sections,166.080,166.620,0.540,0.310,166.120,-0.040",,,,,,,,
"443,press,166.620,166.940,0.320,0.000,166.120,0.500",,,,,,,,
"444,ur,166.940,167.060,0.120,0.000,166.120,0.820",,,,,,,,
"445,ize,167.060,167.260,0.200,0.000,166.120,0.940",,,,,,,,
"446,and,167.260,167.460,0.200,0.000,166.120,1.140",,,,,,,,
"447,vent,167.460,167.780,0.320,0.000,166.120,1.340",,,,,,,,
"448,without,167.780,168.180,0.400,0.000,166.120,1.660",,,,,,,,
"449,warning,168.180,168.710,0.530,0.000,166.120,2.060",,,,,,,,
"450,when,168.710,168.960,0.250,0.000,166.120,2.590",,,,,,,,
"451,something,168.960,169.490,0.530,0.000,166.120,2.840",,,,,,,,
"452,fails,169.490,169.820,0.330,0.000,166.120,3.370",,,,,,,,
"453,The,170.080,170.350,0.270,0.260,170.200,-0.120",,,,,,,,
"454,atmosphere,170.350,171.270,0.920,0.000,170.200,0.150",,,,,,,,
"455,where,171.270,171.780,0.510,0.000,170.200,1.070",,,,,,,,
"456,it,171.780,171.910,0.130,0.000,170.200,1.580",,,,,,,,
"457,exists,171.910,172.460,0.550,0.000,170.200,1.710",,,,,,,,
"458,at,172.460,172.710,0.250,0.000,173.120,-0.660",,,,,,,,
"459,all,172.710,172.960,0.250,0.000,173.120,-0.410",,,,,,,,
"460,is,172.960,173.260,0.300,0.000,173.120,-0.160",,,,,,,,
"461,a,173.260,173.290,0.030,0.000,173.120,0.140",,,,,,,,
"462,chemical,173.290,174.450,1.160,0.000,173.120,0.170",,,,,,,,
"463,residue,174.450,174.800,0.350,0.000,174.960,-0.510",,,,,,,,
"464,of,174.800,175.060,0.260,0.000,174.960,-0.160",,,,,,,,
"465,whatever,175.060,175.440,0.380,0.000,174.960,0.100",,,,,,,,
"466,the,175.440,175.600,0.160,0.000,174.960,0.480",,,,,,,,
"467,last,175.600,175.920,0.320,0.000,174.960,0.640",,,,,,,,
"468,crew,175.920,176.290,0.370,0.000,174.960,0.960",,,,,,,,
"469,left,176.290,176.480,0.190,0.000,174.960,1.330",,,,,,,,
"470,behind,176.480,177.360,0.880,0.000,177.500,-1.020",,,,,,,,
"471,which,177.360,177.670,0.310,0.000,177.500,-0.140",,,,,,,,
"472,includes,177.670,178.170,0.500,0.000,177.500,0.170",,,,,,,,
"473,whatever,178.170,178.730,0.560,0.000,177.500,0.670",,,,,,,,
"474,finished,178.730,179.170,0.440,0.000,179.540,-0.810",,,,,,,,
"475,them,179.170,179.420,0.250,0.000,179.540,-0.370",,,,,,,,
"476,Gen,179.610,179.800,0.190,0.190,179.540,0.070",,,,,,,,
"477,est,179.800,179.990,0.190,0.000,179.540,0.260",,,,,,,,
"478,eal,179.990,180.180,0.190,0.000,179.540,0.450",,,,,,,,
"479,ers,180.180,180.370,0.190,0.000,179.540,0.640",,,,,,,,
"480,are,180.370,180.590,0.220,0.000,179.540,0.830",,,,,,,,
"481,adapted,180.590,181.050,0.460,0.000,179.540,1.050",,,,,,,,
"482,to,181.050,181.190,0.140,0.000,179.540,1.510",,,,,,,,
"483,this,181.190,181.740,0.550,0.000,179.540,1.650",,,,,,,,
"484,geometry,181.740,182.480,0.740,0.000,182.560,-0.820",,,,,,,,
"485,in,182.480,182.640,0.160,0.000,182.560,-0.080",,,,,,,,
"486,ways,182.640,182.900,0.260,0.000,182.560,0.080",,,,,,,,
"487,that,182.900,183.180,0.280,0.000,182.560,0.340",,,,,,,,
"488,standard,183.180,183.850,0.670,0.000,182.560,0.620",,,,,,,,
"489,assault,183.850,184.250,0.400,0.000,182.560,1.290",,,,,,,,
"490,doctrine,184.250,184.820,0.570,0.000,182.560,1.690",,,,,,,,
"491,isn,184.820,185.110,0.290,0.000,182.560,2.260",,,,,,,,
"492,'t,185.110,185.170,0.060,0.000,182.560,2.550",,,,,,,,
"493,They,185.440,185.710,0.270,0.270,185.600,-0.160",,,,,,,,
"494,don,185.710,185.840,0.130,0.000,185.600,0.110",,,,,,,,
"495,'t,185.840,185.940,0.100,0.000,185.600,0.240",,,,,,,,
"496,need,185.940,186.160,0.220,0.000,185.600,0.340",,,,,,,,
"497,consistent,186.160,186.860,0.700,0.000,185.600,0.560",,,,,,,,
"498,gravity,186.860,187.160,0.300,0.000,187.480,-0.620",,,,,,,,
"499,They,187.520,187.610,0.090,0.360,187.480,0.040",,,,,,,,
"500,move,187.610,187.900,0.290,0.000,187.480,0.130",,,,,,,,
"501,through,187.900,188.300,0.400,0.000,187.480,0.420",,,,,,,,
"502,ventilation,188.300,189.060,0.760,0.000,187.480,0.820",,,,,,,,
"503,shaft,189.060,189.300,0.240,0.000,187.480,1.580",,,,,,,,
"504,s,189.300,189.360,0.060,0.000,187.480,1.820",,,,,,,,
"505,with,189.360,189.610,0.250,0.000,187.480,1.880",,,,,,,,
"506,the,189.610,189.800,0.190,0.000,187.480,2.130",,,,,,,,
"507,velocity,189.800,190.300,0.500,0.000,187.480,2.320",,,,,,,,
"508,of,190.300,190.480,0.180,0.000,187.480,2.820",,,,,,,,
"509,a,190.480,190.590,0.110,0.000,187.480,3.000",,,,,,,,
"510,launched,190.590,190.980,0.390,0.000,187.480,3.110",,,,,,,,
"511,round,190.980,191.360,0.380,0.000,187.480,3.500",,,,,,,,
"512,and,191.360,191.540,0.180,0.000,187.480,3.880",,,,,,,,
"513,the,191.540,191.720,0.180,0.000,187.480,4.060",,,,,,,,
"514,ac,191.720,191.900,0.180,0.000,187.480,4.240",,,,,,,,
"515,oust,191.900,192.080,0.180,0.000,187.480,4.420",,,,,,,,
"516,ics,192.080,192.260,0.180,0.000,187.480,4.600",,,,,,,,
"517,signature,192.260,192.800,0.540,0.000,187.480,4.780",,,,,,,,
"518,of,192.800,192.920,0.120,0.000,187.480,5.320",,,,,,,,
"519,a,192.920,193.060,0.140,0.000,187.480,5.440",,,,,,,,
"520,maintenance,193.060,193.640,0.580,0.000,187.480,5.580",,,,,,,,
"521,fault,193.640,193.990,0.350,0.000,194.220,-0.580",,,,,,,,
"522,Squad,194.160,194.570,0.410,0.170,194.220,-0.060",,,,,,,,
"523,formations,194.570,195.520,0.950,0.000,194.220,0.350",,,,,,,,
"524,built,195.520,195.720,0.200,0.000,194.220,1.300",,,,,,,,
"525,around,195.720,195.840,0.120,0.000,194.220,1.500",,,,,,,,
"526,structured,195.840,196.320,0.480,0.000,194.220,1.620",,,,,,,,
"527,corridors,196.320,197.060,0.740,0.000,194.220,2.100",,,,,,,,
"528,collapse,197.060,197.710,0.650,0.000,194.220,2.840",,,,,,,,
"529,because,197.710,198.280,0.570,0.000,194.220,3.490",,,,,,,,
"530,line,198.280,198.600,0.320,0.000,194.220,4.060",,,,,,,,
"531,of,198.600,198.760,0.160,0.000,194.220,4.380",,,,,,,,
"532,sight,198.760,199.200,0.440,0.000,194.220,4.540",,,,,,,,
"533,inside,199.200,199.660,0.460,0.000,194.220,4.980",,,,,,,,
"534,a,199.660,199.740,0.080,0.000,194.220,5.440",,,,,,,,
"535,h,199.740,199.820,0.080,0.000,194.220,5.520",,,,,,,,
"536,ulk,199.820,200.060,0.240,0.000,194.220,5.600",,,,,,,,
"537,rarely,200.060,200.700,0.640,0.000,194.220,5.840",,,,,,,,
"538,extends,200.700,201.150,0.450,0.000,194.220,6.480",,,,,,,,
"539,six,201.150,201.360,0.210,0.000,194.220,6.930",,,,,,,,
"540,meters,201.360,201.920,0.560,0.000,194.220,7.140",,,,,,,,
"541,and,201.920,202.080,0.160,0.000,194.220,7.700",,,,,,,,
"542,fl,202.080,202.170,0.090,0.000,194.220,7.860",,,,,,,,
"543,anking,202.170,202.460,0.290,0.000,194.220,7.950",,,,,,,,
"544,acqu,202.460,202.660,0.200,0.000,194.220,8.240",,,,,,,,
"545,ires,202.660,202.850,0.190,0.000,194.220,8.440",,,,,,,,
"546,a,202.850,202.900,0.050,0.000,194.220,8.630",,,,,,,,
"547,third,202.900,203.290,0.390,0.000,194.220,8.680",,,,,,,,
"548,dimension,203.290,203.620,0.330,0.000,194.220,9.070",,,,,,,,
"549,when,203.620,203.850,0.230,0.000,194.220,9.400",,,,,,,,
"550,the,203.850,203.940,0.090,0.000,194.220,9.630",,,,,,,,
"551,threat,203.940,204.230,0.290,0.000,194.220,9.720",,,,,,,,
"552,can,204.230,204.550,0.320,0.000,194.220,10.010",,,,,,,,
"553,arrive,204.550,204.720,0.170,0.000,194.220,10.330",,,,,,,,
"554,from,204.720,205.150,0.430,0.000,194.220,10.500",,,,,,,,
"555,overhead,205.150,205.520,0.370,0.000,194.220,10.930",,,,,,,,
"556,or,205.520,205.680,0.160,0.000,194.220,11.300",,,,,,,,
"557,through,205.680,206.000,0.320,0.000,194.220,11.460",,,,,,,,
"558,wall,206.000,206.300,0.300,0.000,194.220,11.780",,,,,,,,
"559,itself,206.300,206.750,0.450,0.000,194.220,12.080",,,,,,,,
"560,Terminator,206.960,207.720,0.760,0.210,207.220,-0.260",,,,,,,,
"561,armor,207.720,208.090,0.370,0.000,207.220,0.500",,,,,,,,
"562,was,208.090,208.310,0.220,0.000,207.220,0.870",,,,,,,,
"563,developed,208.310,208.990,0.680,0.000,207.220,1.090",,,,,,,,
"564,for,208.990,209.230,0.240,0.000,207.220,1.770",,,,,,,,
"565,this,209.230,209.510,0.280,0.000,207.220,2.010",,,,,,,,
"566,specific,209.510,210.370,0.860,0.000,210.260,-0.750",,,,,,,,
"567,operational,210.370,210.980,0.610,0.000,210.260,0.110",,,,,,,,
"568,context,210.980,211.470,0.490,0.000,211.920,-0.940",,,,,,,,
"569,It,211.900,211.920,0.020,0.430,211.920,-0.020",,,,,,,,
"570,still,211.920,212.300,0.380,0.000,211.920,0.000",,,,,,,,
"571,doesn,212.300,212.600,0.300,0.000,211.920,0.380",,,,,,,,
"572,'t,212.600,212.730,0.130,0.000,211.920,0.680",,,,,,,,
"573,make,212.730,213.130,0.400,0.000,211.920,0.810",,,,,,,,
"574,the,213.130,213.220,0.090,0.000,211.920,1.210",,,,,,,,
"575,casualty,213.220,213.770,0.550,0.000,211.920,1.300",,,,,,,,
"576,rates,213.770,214.120,0.350,0.000,211.920,1.850",,,,,,,,
"577,acceptable,214.120,214.810,0.690,0.000,215.180,-1.060",,,,,,,,
"578,It,215.010,215.150,0.140,0.200,215.180,-0.170",,,,,,,,
"579,makes,215.150,215.500,0.350,0.000,215.180,-0.030",,,,,,,,
"580,them,215.500,216.120,0.620,0.000,215.180,0.320",,,,,,,,
"581,surviv,216.120,216.190,0.070,0.000,215.180,0.940",,,,,,,,
"582,able,216.190,216.460,0.270,0.000,215.180,1.010",,,,,,,,
"583,for,216.460,216.740,0.280,0.000,215.180,1.280",,,,,,,,
"584,fraction,216.740,217.360,0.620,0.000,215.180,1.560",,,,,,,,
"585,of,217.360,217.440,0.080,0.000,215.180,2.180",,,,,,,,
"586,the,217.440,217.640,0.200,0.000,215.180,2.260",,,,,,,,
"587,boarding,217.640,218.180,0.540,0.000,215.180,2.460",,,,,,,,
"588,party,218.180,218.510,0.330,0.000,218.680,-0.500",,,,,,,,
"589,That,218.810,218.990,0.180,0.300,218.680,0.130",,,,,,,,
"590,'s,218.990,219.140,0.150,0.000,218.680,0.310",,,,,,,,
"591,the,219.140,219.370,0.230,0.000,218.680,0.460",,,,,,,,
"592,best,219.370,219.590,0.220,0.000,218.680,0.690",,,,,,,,
"593,available,219.590,220.200,0.610,0.000,218.680,0.910",,,,,,,,
"594,outcome,220.200,220.720,0.520,0.000,220.840,-0.640",,,,,,,,
"595,and,220.720,220.900,0.180,0.000,220.840,-0.120",,,,,,,,
"596,everyone,220.900,221.380,0.480,0.000,220.840,0.060",,,,,,,,
"597,going,221.380,221.810,0.430,0.000,220.840,0.540",,,,,,,,
"598,and,221.810,221.860,0.050,0.000,220.840,0.970",,,,,,,,
"599,knows,221.860,222.160,0.300,0.000,220.840,1.020",,,,,,,,
"600,it,222.160,222.280,0.120,0.000,222.620,-0.460",,,,,,,,
"601,Number,222.480,223.020,0.540,0.200,222.620,-0.140",,,,,,,,
"602,four,223.020,223.300,0.280,0.000,222.620,0.400",,,,,,,,
"603,V,223.460,223.550,0.090,0.160,222.620,0.840",,,,,,,,
"604,rax,223.550,223.850,0.300,0.000,224.180,-0.630",,,,,,,,
"605,17,224.020,224.510,0.490,0.170,224.180,-0.160",,,,,,,,
"606,years,224.510,224.910,0.400,0.000,224.180,0.330",,,,,,,,
"607,that,224.910,225.250,0.340,0.000,225.560,-0.650",,,,,,,,
"608,number,225.250,225.740,0.490,0.000,225.560,-0.310",,,,,,,,
"609,starts,225.740,226.230,0.490,0.000,225.560,0.180",,,,,,,,
"610,making,226.230,226.870,0.640,0.000,225.560,0.670",,,,,,,,
"611,sense,226.870,227.310,0.440,0.000,225.560,1.310",,,,,,,,
"612,once,227.310,227.520,0.210,0.000,225.560,1.750",,,,,,,,
"613,you,227.520,227.800,0.280,0.000,225.560,1.960",,,,,,,,
"614,understand,227.800,228.240,0.440,0.000,225.560,2.240",,,,,,,,
"615,what,228.240,228.320,0.080,0.000,225.560,2.680",,,,,,,,
"616,the,228.320,228.480,0.160,0.000,225.560,2.760",,,,,,,,
"617,terrain,228.480,229.030,0.550,0.000,225.560,2.920",,,,,,,,
"618,did,229.030,229.260,0.230,0.000,225.560,3.470",,,,,,,,
"619,to,229.260,229.430,0.170,0.000,225.560,3.700",,,,,,,,
"620,every,229.430,229.850,0.420,0.000,225.560,3.870",,,,,,,,
"621,assault,229.850,230.410,0.560,0.000,225.560,4.290",,,,,,,,
"622,the,230.410,230.620,0.210,0.000,225.560,4.850",,,,,,,,
"623,Imperium,230.620,231.250,0.630,0.000,225.560,5.060",,,,,,,,
"624,attempted,231.250,232.000,0.750,0.000,232.120,-0.870",,,,,,,,
"625,V,232.210,232.280,0.070,0.210,232.120,0.090",,,,,,,,
"626,rax,232.280,232.710,0.430,0.000,232.120,0.160",,,,,,,,
"627,was,232.710,232.850,0.140,0.000,232.120,0.590",,,,,,,,
"628,an,232.850,232.880,0.030,0.000,232.120,0.730",,,,,,,,
"629,arm,232.880,233.160,0.280,0.000,232.120,0.760",,,,,,,,
"630,ory,233.160,233.500,0.340,0.000,232.120,1.040",,,,,,,,
"631,world,233.500,233.930,0.430,0.000,234.100,-0.600",,,,,,,,
"632,built,233.930,234.240,0.310,0.000,234.100,-0.170",,,,,,,,
"633,for,234.240,234.400,0.160,0.000,234.100,0.140",,,,,,,,
"634,storage,234.400,235.070,0.670,0.000,234.100,0.300",,,,,,,,
"635,and,235.070,235.200,0.130,0.000,234.100,0.970",,,,,,,,
"636,protection,235.370,235.940,0.570,0.170,234.100,1.270",,,,,,,,
"637,rather,235.940,236.390,0.450,0.000,236.320,-0.380",,,,,,,,
"638,than,236.390,236.690,0.300,0.000,236.320,0.070",,,,,,,,
"639,habit,236.690,237.060,0.370,0.000,236.320,0.370",,,,,,,,
"640,ation,237.060,237.430,0.370,0.000,236.320,0.740",,,,,,,,
"641,Thick,237.650,238.020,0.370,0.220,237.920,-0.270",,,,,,,,
"642,rock,238.020,238.430,0.410,0.000,237.920,0.100",,,,,,,,
"643,crete,238.430,238.680,0.250,0.000,237.920,0.510",,,,,,,,
"644,everywhere,238.680,239.570,0.890,0.000,239.960,-1.280",,,,,,,,
"645,Deep,239.650,239.950,0.300,0.080,239.960,-0.310",,,,,,,,
"646,v,239.950,240.030,0.080,0.000,239.960,-0.010",,,,,,,,
"647,aults,240.030,240.520,0.490,0.000,239.960,0.070",,,,,,,,
"648,below,240.520,240.760,0.240,0.000,239.960,0.560",,,,,,,,
"649,it,240.760,240.910,0.150,0.000,239.960,0.800",,,,,,,,
"650,Defensive,241.200,241.840,0.640,0.290,241.400,-0.200",,,,,,,,
"651,lines,241.840,242.320,0.480,0.000,241.400,0.440",,,,,,,,
"652,pred,242.320,242.600,0.280,0.000,241.400,0.920",,,,,,,,
"653,ating,242.600,242.950,0.350,0.000,241.400,1.200",,,,,,,,
"654,the,242.950,243.160,0.210,0.000,241.400,1.550",,,,,,,,
"655,siege,243.160,243.510,0.350,0.000,241.400,1.760",,,,,,,,
"656,by,243.510,243.690,0.180,0.000,241.400,2.110",,,,,,,,
"657,centuries,243.690,244.280,0.590,0.000,241.400,2.290",,,,,,,,
"658,constructed,244.280,245.050,0.770,0.000,241.400,2.880",,,,,,,,
"659,specifically,245.050,245.890,0.840,0.000,241.400,3.650",,,,,,,,
"660,to,245.890,246.020,0.130,0.000,241.400,4.490",,,,,,,,
"661,resist,246.020,246.660,0.640,0.000,241.400,4.620",,,,,,,,
"662,the,246.660,246.710,0.050,0.000,241.400,5.260",,,,,,,,
"663,type,246.710,246.940,0.230,0.000,241.400,5.310",,,,,,,,
"664,of,246.940,247.080,0.140,0.000,241.400,5.540",,,,,,,,
"665,assault,247.080,247.640,0.560,0.000,241.400,5.680",,,,,,,,
"666,being,247.640,247.840,0.200,0.000,241.400,6.240",,,,,,,,
"667,attempted,247.840,248.390,0.550,0.000,241.400,6.440",,,,,,,,
"668,against,248.390,248.800,0.410,0.000,241.400,6.990",,,,,,,,
"669,them,248.800,249.060,0.260,0.000,249.340,-0.540",,,,,,,,
"670,The,249.240,249.420,0.180,0.180,249.340,-0.100",,,,,,,,
"671,attacking,249.420,249.970,0.550,0.000,249.340,0.080",,,,,,,,
"672,forces,249.970,250.470,0.500,0.000,249.340,0.630",,,,,,,,
"673,had,250.470,250.510,0.040,0.000,249.340,1.130",,,,,,,,
"674,to,250.510,250.630,0.120,0.000,249.340,1.170",,,,,,,,
"675,advance,250.630,251.070,0.440,0.000,249.340,1.290",,,,,,,,
"676,into,251.070,251.300,0.230,0.000,249.340,1.730",,,,,,,,
"677,ground,251.300,251.660,0.360,0.000,249.340,1.960",,,,,,,,
"678,that,251.660,252.080,0.420,0.000,249.340,2.320",,,,,,,,
"679,had,252.080,252.210,0.130,0.000,249.340,2.740",,,,,,,,
"680,been,252.210,252.440,0.230,0.000,249.340,2.870",,,,,,,,
"681,engineered,252.440,253.360,0.920,0.000,253.480,-1.040",,,,,,,,
"682,decades,253.360,253.900,0.540,0.000,253.480,-0.120",,,,,,,,
"683,before,253.900,254.280,0.380,0.000,253.480,0.420",,,,,,,,
"684,they,254.280,254.560,0.280,0.000,253.480,0.800",,,,,,,,
"685,arrived,254.560,255.060,0.500,0.000,253.480,1.080",,,,,,,,
"686,to,255.060,255.200,0.140,0.000,253.480,1.580",,,,,,,,
"687,stop,255.200,255.480,0.280,0.000,253.480,1.720",,,,,,,,
"688,exactly,255.480,255.990,0.510,0.000,253.480,2.000",,,,,,,,
"689,them,255.990,256.260,0.270,0.000,256.540,-0.550",,,,,,,,
"690,T,256.540,256.590,0.050,0.280,256.540,0.000",,,,,,,,
"691,rench,256.590,256.890,0.300,0.000,256.540,0.050",,,,,,,,
"692,'s,256.890,257.020,0.130,0.000,256.540,0.350",,,,,,,,
"693,funnel,257.020,257.730,0.710,0.000,256.540,0.480",,,,,,,,
"694,movement,257.730,258.080,0.350,0.000,258.200,-0.470",,,,,,,,
"695,and,258.080,258.480,0.400,0.000,258.200,-0.120",,,,,,,,
"696,eliminate,258.480,259.120,0.640,0.000,258.200,0.280",,,,,,,,
"697,fl,259.120,259.260,0.140,0.000,258.200,0.920",,,,,,,,
"698,anking,259.260,259.680,0.420,0.000,258.200,1.060",,,,,,,,
"699,at,259.820,259.840,0.020,0.140,258.200,1.620",,,,,,,,
"700,the,259.840,260.030,0.190,0.000,258.200,1.640",,,,,,,,
"701,squad,260.030,260.370,0.340,0.000,258.200,1.830",,,,,,,,
"702,level,260.370,260.750,0.380,0.000,258.200,2.170",,,,,,,,
"703,The,261.050,261.150,0.100,0.300,261.320,-0.270",,,,,,,,
"704,chaos,261.150,261.500,0.350,0.000,261.320,-0.170",,,,,,,,
"705,aligned,261.500,261.990,0.490,0.000,261.320,0.180",,,,,,,,
"706,defenders,261.990,262.620,0.630,0.000,261.320,0.670",,,,,,,,
"707,added,262.620,262.970,0.350,0.000,261.320,1.300",,,,,,,,
"708,persistent,262.970,264.040,1.070,0.000,261.320,1.650",,,,,,,,
"709,acidic,264.040,264.090,0.050,0.000,261.320,2.720",,,,,,,,
"710,chemical,264.090,264.700,0.610,0.000,261.320,2.770",,,,,,,,
"711,compounds,264.700,265.360,0.660,0.000,261.320,3.380",,,,,,,,
"712,to,265.360,265.440,0.080,0.000,261.320,4.040",,,,,,,,
"713,that,265.440,265.760,0.320,0.000,261.320,4.120",,,,,,,,
"714,problem,265.760,266.330,0.570,0.000,266.740,-0.980",,,,,,,,
"715,Agents,266.570,267.140,0.570,0.240,266.740,-0.170",,,,,,,,
"716,that,267.140,267.380,0.240,0.000,266.740,0.400",,,,,,,,
"717,pooled,267.380,267.870,0.490,0.000,266.740,0.640",,,,,,,,
"718,in,267.870,268.070,0.200,0.000,266.740,1.130",,,,,,,,
"719,low,268.070,268.320,0.250,0.000,266.740,1.330",,,,,,,,
"720,ground,268.320,268.760,0.440,0.000,266.740,1.580",,,,,,,,
"721,degraded,268.760,269.400,0.640,0.000,269.500,-0.740",,,,,,,,
"722,respir,269.400,269.900,0.500,0.000,269.500,-0.100",,,,,,,,
"723,ator,269.900,270.270,0.370,0.000,269.500,0.400",,,,,,,,
"724,seals,270.270,270.760,0.490,0.000,269.500,0.770",,,,,,,,
"725,over,270.760,270.950,0.190,0.000,269.500,1.260",,,,,,,,
"726,extended,270.950,271.680,0.730,0.000,269.500,1.450",,,,,,,,
"727,exposure,271.680,272.400,0.720,0.000,269.500,2.180",,,,,,,,
"728,and,272.400,272.590,0.190,0.000,269.500,2.900",,,,,,,,
"729,corrupted,272.590,273.160,0.570,0.000,269.500,3.090",,,,,,,,
"730,the,273.160,273.350,0.190,0.000,269.500,3.660",,,,,,,,
"731,soil,273.350,273.610,0.260,0.000,269.500,3.850",,,,,,,,
"732,chemistry,273.610,274.190,0.580,0.000,269.500,4.110",,,,,,,,
"733,across,274.190,274.570,0.380,0.000,269.500,4.690",,,,,,,,
"734,entire,274.570,275.030,0.460,0.000,269.500,5.070",,,,,,,,
"735,operating,275.030,275.630,0.600,0.000,269.500,5.530",,,,,,,,
"736,sectors,275.630,275.980,0.350,0.000,269.500,6.130",,,,,,,,
"737,Ground,276.170,276.760,0.590,0.190,276.480,-0.310",,,,,,,,
"738,that,276.760,276.880,0.120,0.000,276.480,0.280",,,,,,,,
"739,should,276.880,277.120,0.240,0.000,276.480,0.400",,,,,,,,
"740,have,277.120,277.230,0.110,0.000,276.480,0.640",,,,,,,,
"741,been,277.230,277.360,0.130,0.000,276.480,0.750",,,,,,,,
"742,travers,277.360,277.920,0.560,0.000,276.480,0.880",,,,,,,,
"743,able,277.920,278.240,0.320,0.000,276.480,1.440",,,,,,,,
"744,became,278.240,278.730,0.490,0.000,276.480,1.760",,,,,,,,
"745,toxic,278.730,279.120,0.390,0.000,276.480,2.250",,,,,,,,
"746,inside,279.120,279.600,0.480,0.000,276.480,2.640",,,,,,,,
"747,two,279.600,279.990,0.390,0.000,280.180,-0.580",,,,,,,,
"748,weeks,279.990,280.240,0.250,0.000,280.180,-0.190",,,,,,,,
"749,of,280.240,280.400,0.160,0.000,280.180,0.060",,,,,,,,
"750,sustained,280.400,281.120,0.720,0.000,280.180,0.220",,,,,,,,
"751,fighting,281.120,281.760,0.640,0.000,280.180,0.940",,,,,,,,
"752,Soldiers,282.000,282.680,0.680,0.240,282.320,-0.320",,,,,,,,
"753,who,282.680,282.880,0.200,0.000,282.320,0.360",,,,,,,,
"754,crossed,282.880,283.570,0.690,0.000,282.320,0.560",,,,,,,,
"755,contaminated,283.570,284.240,0.670,0.000,282.320,1.250",,,,,,,,
"756,sections,284.400,284.900,0.500,0.160,282.320,2.080",,,,,,,,
"757,arrived,284.900,285.610,0.710,0.000,282.320,2.580",,,,,,,,
"758,at,285.610,285.640,0.030,0.000,282.320,3.290",,,,,,,,
"759,their,285.640,286.050,0.410,0.000,282.320,3.320",,,,,,,,
"760,objectives,286.050,286.880,0.830,0.000,287.140,-1.090",,,,,,,,
"761,already,286.880,287.470,0.590,0.000,287.140,-0.260",,,,,,,,
"762,in,287.470,287.620,0.150,0.000,287.140,0.330",,,,,,,,
"763,physiological,287.620,288.690,1.070,0.000,287.140,0.480",,,,,,,,
"764,decline,288.690,289.270,0.580,0.000,289.500,-0.810",,,,,,,,
"765,before,289.270,289.760,0.490,0.000,289.500,-0.230",,,,,,,,
"766,any,289.760,290.000,0.240,0.000,289.500,0.260",,,,,,,,
"767,contact,290.000,290.640,0.640,0.000,289.500,0.500",,,,,,,,
"768,occurred,290.640,291.240,0.600,0.000,291.580,-0.940",,,,,,,,
"769,After,291.460,291.830,0.370,0.220,291.580,-0.120",,,,,,,,
"770,17,291.830,292.340,0.510,0.000,291.580,0.250",,,,,,,,
"771,years,292.340,292.650,0.310,0.000,291.580,0.760",,,,,,,,
"772,of,292.650,292.800,0.150,0.000,291.580,1.070",,,,,,,,
"773,that,292.800,293.250,0.450,0.000,293.160,-0.360",,,,,,,,
"774,the,293.270,293.520,0.250,0.020,293.160,0.110",,,,,,,,
"775,battlefield,293.520,294.290,0.770,0.000,293.160,0.360",,,,,,,,
"776,substrate,294.290,295.030,0.740,0.000,293.160,1.130",,,,,,,,
"777,changed,295.030,295.480,0.450,0.000,295.760,-0.730",,,,,,,,
"778,The,295.700,295.960,0.260,0.220,295.760,-0.060",,,,,,,,
"779,soil,295.960,296.220,0.260,0.000,295.760,0.200",,,,,,,,
"780,churn,296.220,296.590,0.370,0.000,296.920,-0.700",,,,,,,,
"781,ed,296.590,296.850,0.260,0.000,296.920,-0.330",,,,,,,,
"782,contaminated,296.850,297.680,0.830,0.000,296.920,-0.070",,,,,,,,
"783,zones,297.680,298.040,0.360,0.000,296.920,0.760",,,,,,,,
"784,developed,298.040,298.760,0.720,0.000,296.920,1.120",,,,,,,,
"785,biological,298.760,299.430,0.670,0.000,296.920,1.840",,,,,,,,
"786,properties,299.430,300.310,0.880,0.000,296.920,2.510",,,,,,,,
"787,that,300.310,300.450,0.140,0.000,296.920,3.390",,,,,,,,
"788,had,300.450,300.670,0.220,0.000,296.920,3.530",,,,,,,,
"789,no,300.670,300.910,0.240,0.000,296.920,3.750",,,,,,,,
"790,business,300.910,301.390,0.480,0.000,296.920,3.990",,,,,,,,
"791,being,301.390,302.040,0.650,0.000,296.920,4.470",,,,,,,,
"792,there,302.040,302.110,0.070,0.000,296.920,5.120",,,,,,,,
"793,In,302.330,302.510,0.180,0.220,302.600,-0.270",,,,,,,,
"794,the,302.510,302.700,0.190,0.000,302.600,-0.090",,,,,,,,
"795,worst,302.700,303.130,0.430,0.000,302.600,0.100",,,,,,,,
"796,sectors,303.130,303.600,0.470,0.000,302.600,0.530",,,,,,,,
"797,the,303.600,303.790,0.190,0.000,302.600,1.000",,,,,,,,
"798,distinction,303.790,304.510,0.720,0.000,302.600,1.190",,,,,,,,
"799,between,304.510,304.970,0.460,0.000,302.600,1.910",,,,,,,,
"800,a,304.970,305.030,0.060,0.000,302.600,2.370",,,,,,,,
"801,mine,305.030,305.300,0.270,0.000,302.600,2.430",,,,,,,,
"802,field,305.300,305.610,0.310,0.000,302.600,2.700",,,,,,,,
"803,and,305.610,305.800,0.190,0.000,302.600,3.010",,,,,,,,
"804,clear,305.800,306.230,0.430,0.000,302.600,3.200",,,,,,,,
"805,ground,306.230,306.510,0.280,0.000,302.600,3.630",,,,,,,,
"806,stopped,306.510,306.970,0.460,0.000,302.600,3.910",,,,,,,,
"807,mat,306.970,307.160,0.190,0.000,302.600,4.370",,,,,,,,
"808,uring,307.160,307.470,0.310,0.000,302.600,4.560",,,,,,,,
"809,operation,307.470,308.070,0.600,0.000,302.600,4.870",,,,,,,,
"810,ally,308.070,308.430,0.360,0.000,308.580,-0.510",,,,,,,,
"811,because,308.430,308.720,0.290,0.000,308.580,-0.150",,,,,,,,
"812,the,308.720,308.880,0.160,0.000,308.580,0.140",,,,,,,,
"813,outcomes,309.050,309.470,0.420,0.170,308.580,0.470",,,,,,,,
"814,were,309.470,309.760,0.290,0.000,308.580,0.890",,,,,,,,
"815,roughly,309.760,310.270,0.510,0.000,308.580,1.180",,,,,,,,
"816,comparable,310.270,311.010,0.740,0.000,308.580,1.690",,,,,,,,
"817,either,311.010,311.510,0.500,0.000,311.500,-0.490",,,,,,,,
"818,way,311.510,311.670,0.160,0.000,311.500,0.010",,,,,,,,
"819,14,311.890,312.330,0.440,0.220,311.500,0.390",,,,,,,,
"820,million,312.330,312.840,0.510,0.000,311.500,0.830",,,,,,,,
"821,Cree,312.840,313.260,0.420,0.000,311.500,1.340",,,,,,,,
"822,guards,313.260,313.570,0.310,0.000,311.500,1.760",,,,,,,,
"823,men,313.570,313.860,0.290,0.000,311.500,2.070",,,,,,,,
"824,died,313.860,314.200,0.340,0.000,311.500,2.360",,,,,,,,
"825,at,314.200,314.220,0.020,0.000,311.500,2.700",,,,,,,,
"826,racks,314.220,314.590,0.370,0.000,311.500,2.720",,,,,,,,
"827,The,314.880,315.120,0.240,0.290,315.080,-0.200",,,,,,,,
"828,environment,315.120,315.680,0.560,0.000,315.080,0.040",,,,,,,,
"829,wasn,315.680,315.960,0.280,0.000,315.080,0.600",,,,,,,,
"830,'t,315.960,316.100,0.140,0.000,315.080,0.880",,,,,,,,
"831,incidental,316.100,316.810,0.710,0.000,315.080,1.020",,,,,,,,
"832,to,316.810,317.050,0.240,0.000,315.080,1.730",,,,,,,,
"833,that,317.050,317.230,0.180,0.000,315.080,1.970",,,,,,,,
"834,number,317.230,317.650,0.420,0.000,318.000,-0.770",,,,,,,,
"835,It,317.860,318.000,0.140,0.210,318.000,-0.140",,,,,,,,
"836,was,318.000,318.310,0.310,0.000,318.000,0.000",,,,,,,,
"837,built,318.310,318.560,0.250,0.000,318.000,0.310",,,,,,,,
"838,into,318.560,318.910,0.350,0.000,318.000,0.560",,,,,,,,
"839,the,318.910,319.050,0.140,0.000,318.000,0.910",,,,,,,,
"840,calculation,319.050,320.050,1.000,0.000,318.000,1.050",,,,,,,,
"841,from,320.050,320.110,0.060,0.000,318.000,2.050",,,,,,,,
"842,the,320.110,320.320,0.210,0.000,318.000,2.110",,,,,,,,
"843,start,320.320,320.700,0.380,0.000,321.060,-0.740",,,,,,,,
"844,Number,321.000,321.330,0.330,0.300,321.060,-0.060",,,,,,,,
"845,three,321.330,322.000,0.670,0.000,322.080,-0.750",,,,,,,,
"846,Nec,322.000,322.270,0.270,0.000,322.080,-0.080",,,,,,,,
"847,ron,322.270,322.540,0.270,0.000,322.080,0.190",,,,,,,,
"848,Tomb,322.540,322.910,0.370,0.000,322.080,0.460",,,,,,,,
"849,Complex,322.910,323.550,0.640,0.000,322.080,0.830",,,,,,,,
"850,es,323.550,323.730,0.180,0.000,322.080,1.470",,,,,,,,
"851,A,324.000,324.090,0.090,0.270,324.120,-0.120",,,,,,,,
"852,Nec,324.090,324.360,0.270,0.000,324.120,-0.030",,,,,,,,
"853,ron,324.360,324.630,0.270,0.000,324.120,0.240",,,,,,,,
"854,Tomb,324.630,325.010,0.380,0.000,324.120,0.510",,,,,,,,
"855,world,325.010,325.460,0.450,0.000,324.120,0.890",,,,,,,,
"856,has,325.460,325.730,0.270,0.000,324.120,1.340",,,,,,,,
"857,been,325.730,326.190,0.460,0.000,324.120,1.610",,,,,,,,
"858,a,326.190,326.380,0.190,0.000,326.760,-0.570",,,,,,,,
"859,trap,326.380,326.640,0.260,0.000,326.760,-0.380",,,,,,,,
"860,for,326.640,326.850,0.210,0.000,326.760,-0.120",,,,,,,,
"861,several,326.850,327.340,0.490,0.000,326.760,0.090",,,,,,,,
"862,million,327.340,327.830,0.490,0.000,326.760,0.580",,,,,,,,
"863,years,327.830,328.210,0.380,0.000,328.560,-0.730",,,,,,,,
"864,The,328.400,328.610,0.210,0.190,328.560,-0.160",,,,,,,,
"865,exterior,328.610,329.160,0.550,0.000,328.560,0.050",,,,,,,,
"866,looks,329.160,329.520,0.360,0.000,328.560,0.600",,,,,,,,
"867,like,329.520,329.800,0.280,0.000,328.560,0.960",,,,,,,,
"868,a,329.800,329.870,0.070,0.000,328.560,1.240",,,,,,,,
"869,planet,329.870,330.330,0.460,0.000,328.560,1.310",,,,,,,,
"870,That,330.500,330.780,0.280,0.170,330.800,-0.300",,,,,,,,
"871,'s,330.780,331.030,0.250,0.000,330.800,-0.020",,,,,,,,
"872,where,331.030,331.280,0.250,0.000,330.800,0.230",,,,,,,,
"873,the,331.280,331.630,0.350,0.000,330.800,0.480",,,,,,,,
"874,familiar,331.630,332.040,0.410,0.000,330.800,0.830",,,,,,,,
"875,part,332.040,332.300,0.260,0.000,330.800,1.240",,,,,,,,
"876,ends,332.300,332.770,0.470,0.000,332.980,-0.680",,,,,,,,
"877,Tomb,332.880,333.440,0.560,0.110,332.980,-0.100",,,,,,,,
"878,complexes,333.440,334.400,0.960,0.000,332.980,0.460",,,,,,,,
"879,extend,334.400,335.040,0.640,0.000,332.980,1.420",,,,,,,,
"880,kilometers,335.210,335.630,0.420,0.170,332.980,2.230",,,,,,,,
"881,below,335.630,335.920,0.290,0.000,332.980,2.650",,,,,,,,
"882,the,335.920,336.120,0.200,0.000,332.980,2.940",,,,,,,,
"883,surface,336.120,336.500,0.380,0.000,332.980,3.140",,,,,,,,
"884,through,336.500,336.970,0.470,0.000,332.980,3.520",,,,,,,,
"885,dimension,336.970,337.440,0.470,0.000,332.980,3.990",,,,,,,,
"886,ally,337.440,337.670,0.230,0.000,332.980,4.460",,,,,,,,
"887,compressed,337.670,338.270,0.600,0.000,332.980,4.690",,,,,,,,
"888,architecture,338.270,338.940,0.670,0.000,339.260,-0.990",,,,,,,,
"889,rooms,339.400,339.470,0.070,0.460,339.260,0.140",,,,,,,,
"890,that,339.470,339.750,0.280,0.000,339.260,0.210",,,,,,,,
"891,register,339.750,340.360,0.610,0.000,339.260,0.490",,,,,,,,
"892,on,340.360,340.560,0.200,0.000,339.260,1.100",,,,,,,,
"893,aspect,340.560,340.940,0.380,0.000,339.260,1.300",,,,,,,,
"894,scans,340.940,341.250,0.310,0.000,339.260,1.680",,,,,,,,
"895,as,341.250,341.370,0.120,0.000,339.260,1.990",,,,,,,,
"896,physically,341.370,342.000,0.630,0.000,339.260,2.110",,,,,,,,
"897,larger,342.000,342.380,0.380,0.000,339.260,2.740",,,,,,,,
"898,than,342.380,342.630,0.250,0.000,339.260,3.120",,,,,,,,
"899,the,342.630,342.820,0.190,0.000,339.260,3.370",,,,,,,,
"900,geological,342.820,343.450,0.630,0.000,339.260,3.560",,,,,,,,
"901,formation,343.450,344.020,0.570,0.000,339.260,4.190",,,,,,,,
"902,around,344.020,344.390,0.370,0.000,339.260,4.760",,,,,,,,
"903,them,344.390,344.920,0.530,0.000,339.260,5.130",,,,,,,,
"904,should,344.920,345.030,0.110,0.000,339.260,5.660",,,,,,,,
"905,permit,345.030,345.440,0.410,0.000,345.580,-0.550",,,,,,,,
"906,Whether,345.440,345.980,0.540,0.000,345.580,-0.140",,,,,,,,
"907,that,345.980,346.280,0.300,0.000,345.580,0.400",,,,,,,,
"908,'s,346.280,346.440,0.160,0.000,345.580,0.700",,,,,,,,
"909,a,346.440,346.520,0.080,0.000,345.580,0.860",,,,,,,,
"910,sensor,346.520,346.960,0.440,0.000,345.580,0.940",,,,,,,,
"911,artifact,346.960,347.570,0.610,0.000,345.580,1.380",,,,,,,,
"912,or,347.570,347.720,0.150,0.000,345.580,1.990",,,,,,,,
"913,accurate,347.720,348.330,0.610,0.000,345.580,2.140",,,,,,,,
"914,data,348.330,348.670,0.340,0.000,345.580,2.750",,,,,,,,
"915,is,348.670,348.780,0.110,0.000,345.580,3.090",,,,,,,,
"916,not,348.780,349.010,0.230,0.000,345.580,3.200",,,,,,,,
"917,a,349.010,349.080,0.070,0.000,345.580,3.430",,,,,,,,
"918,question,349.080,349.820,0.740,0.000,345.580,3.500",,,,,,,,
"919,anyone,349.820,350.270,0.450,0.000,345.580,4.240",,,,,,,,
"920,fighting,350.270,350.560,0.290,0.000,345.580,4.690",,,,,,,,
"921,inside,350.560,351.120,0.560,0.000,345.580,4.980",,,,,,,,
"922,has,351.120,351.340,0.220,0.000,345.580,5.540",,,,,,,,
"923,time,351.340,351.660,0.320,0.000,345.580,5.760",,,,,,,,
"924,to,351.660,351.790,0.130,0.000,345.580,6.080",,,,,,,,
"925,settle,351.790,352.240,0.450,0.000,345.580,6.210",,,,,,,,
"926,The,352.490,352.680,0.190,0.250,352.700,-0.210",,,,,,,,
"927,defenders,352.680,353.360,0.680,0.000,352.700,-0.020",,,,,,,,
"928,re,353.360,353.510,0.150,0.000,352.700,0.660",,,,,,,,
"929,as,353.510,353.750,0.240,0.000,352.700,0.810",,,,,,,,
"930,semble,353.750,354.110,0.360,0.000,352.700,1.050",,,,,,,,
"931,after,354.110,354.490,0.380,0.000,352.700,1.410",,,,,,,,
"932,being,354.490,354.870,0.380,0.000,352.700,1.790",,,,,,,,
"933,destroyed,354.870,355.550,0.680,0.000,355.960,-1.090",,,,,,,,
"934,That,355.840,356.140,0.300,0.290,355.960,-0.120",,,,,,,,
"935,single,356.140,356.570,0.430,0.000,355.960,0.180",,,,,,,,
"936,feature,356.570,357.040,0.470,0.000,355.960,0.610",,,,,,,,
"937,separates,357.040,357.760,0.720,0.000,355.960,1.080",,,,,,,,
"938,this,357.760,358.080,0.320,0.000,355.960,1.800",,,,,,,,
"939,from,358.080,358.400,0.320,0.000,355.960,2.120",,,,,,,,
"940,every,358.400,358.840,0.440,0.000,355.960,2.440",,,,,,,,
"941,other,358.840,359.200,0.360,0.000,355.960,2.880",,,,,,,,
"942,hostile,359.200,359.760,0.560,0.000,355.960,3.240",,,,,,,,
"943,environment,359.760,360.650,0.890,0.000,355.960,3.800",,,,,,,,
"944,on,360.650,360.810,0.160,0.000,355.960,4.690",,,,,,,,
"945,this,360.810,361.130,0.320,0.000,355.960,4.850",,,,,,,,
"946,list,361.130,361.450,0.320,0.000,361.580,-0.450",,,,,,,,
"947,A,361.690,362.090,0.400,0.240,361.580,0.110",,,,,,,,
"948,fire,362.090,362.150,0.060,0.000,361.580,0.510",,,,,,,,
"949,lane,362.150,362.410,0.260,0.000,361.580,0.570",,,,,,,,
"950,is,362.410,362.590,0.180,0.000,361.580,0.830",,,,,,,,
"951,cleared,362.590,363.210,0.620,0.000,363.540,-0.950",,,,,,,,
"952,Warriors,363.440,363.970,0.530,0.230,363.540,-0.100",,,,,,,,
"953,go,363.970,364.160,0.190,0.000,363.540,0.430",,,,,,,,
"954,down,364.160,364.880,0.720,0.000,364.960,-0.800",,,,,,,,
"955,20,365.040,365.420,0.380,0.160,364.960,0.080",,,,,,,,
"956,minutes,365.420,365.840,0.420,0.000,365.900,-0.480",,,,,,,,
"957,later,365.840,366.250,0.410,0.000,365.900,-0.060",,,,,,,,
"958,they,366.380,366.680,0.300,0.130,365.900,0.480",,,,,,,,
"959,'ve,366.680,366.900,0.220,0.000,365.900,0.780",,,,,,,,
"960,partially,366.900,367.580,0.680,0.000,365.900,1.000",,,,,,,,
"961,rebuilt,367.580,368.110,0.530,0.000,367.880,-0.300",,,,,,,,
"962,and,368.110,368.330,0.220,0.000,367.880,0.230",,,,,,,,
"963,resumed,368.330,368.860,0.530,0.000,367.880,0.450",,,,,,,,
"964,patrol,368.860,369.310,0.450,0.000,369.520,-0.660",,,,,,,,
"965,progress,369.310,369.910,0.600,0.000,369.520,-0.210",,,,,,,,
"966,measured,369.910,370.560,0.650,0.000,369.520,0.390",,,,,,,,
"967,in,370.560,370.720,0.160,0.000,369.520,1.040",,,,,,,,
"968,confirmed,370.720,371.360,0.640,0.000,369.520,1.200",,,,,,,,
"969,elimination,371.360,372.070,0.710,0.000,369.520,1.840",,,,,,,,
"970,stops,372.070,372.430,0.360,0.000,369.520,2.550",,,,,,,,
"971,being,372.430,372.730,0.300,0.000,369.520,2.910",,,,,,,,
"972,meaningful,372.730,373.360,0.630,0.000,373.760,-1.030",,,,,,,,
"973,The,373.550,373.740,0.190,0.190,373.760,-0.210",,,,,,,,
"974,structure,373.740,374.320,0.580,0.000,373.760,-0.020",,,,,,,,
"975,itself,374.320,374.710,0.390,0.000,373.760,0.560",,,,,,,,
"976,continuously,374.710,375.720,1.010,0.000,373.760,0.950",,,,,,,,
"977,recon,375.720,375.810,0.090,0.000,373.760,1.960",,,,,,,,
"978,fig,375.810,376.000,0.190,0.000,373.760,2.050",,,,,,,,
"979,ures,376.000,376.380,0.380,0.000,373.760,2.240",,,,,,,,
"980,around,376.380,376.680,0.300,0.000,373.760,2.620",,,,,,,,
"981,the,376.680,376.810,0.130,0.000,373.760,2.920",,,,,,,,
"982,intrusion,376.810,377.680,0.870,0.000,377.720,-0.910",,,,,,,,
"983,sealing,377.680,378.220,0.540,0.000,377.720,-0.040",,,,,,,,
"984,corridors,378.220,378.800,0.580,0.000,377.720,0.500",,,,,,,,
"985,shifting,379.050,379.500,0.450,0.250,379.200,-0.150",,,,,,,,
"986,gravity,379.500,379.990,0.490,0.000,379.200,0.300",,,,,,,,
"987,orient,379.990,380.410,0.420,0.000,379.200,0.790",,,,,,,,
"988,ations,380.410,380.910,0.500,0.000,379.200,1.210",,,,,,,,
"989,cycling,380.970,381.450,0.480,0.060,381.420,-0.450",,,,,,,,
"990,through,381.450,382.060,0.610,0.000,381.420,0.030",,,,,,,,
"991,defensive,382.060,382.660,0.600,0.000,381.420,0.640",,,,,,,,
"992,responses,382.660,383.200,0.540,0.000,381.420,1.240",,,,,,,,
"993,the,383.200,383.360,0.160,0.000,381.420,1.780",,,,,,,,
"994,way,383.360,383.520,0.160,0.000,381.420,1.940",,,,,,,,
"995,a,383.520,383.680,0.160,0.000,381.420,2.100",,,,,,,,
"996,biological,383.680,384.380,0.700,0.000,381.420,2.260",,,,,,,,
"997,organism,384.380,385.050,0.670,0.000,381.420,2.960",,,,,,,,
"998,cycles,385.050,385.380,0.330,0.000,381.420,3.630",,,,,,,,
"999,through,385.380,385.850,0.470,0.000,381.420,3.960",,,,,,,,
"1000,immune,385.850,386.310,0.460,0.000,381.420,4.430",,,,,,,,
"1001,responses,386.310,386.910,0.600,0.000,381.420,4.890",,,,,,,,
"1002,automatic,387.040,387.640,0.600,0.130,381.420,5.620",,,,,,,,
"1003,tire,387.640,388.050,0.410,0.000,381.420,6.220",,,,,,,,
"1004,less,388.050,388.280,0.230,0.000,381.420,6.630",,,,,,,,
"1005,and,388.280,388.430,0.150,0.000,381.420,6.860",,,,,,,,
"1006,scaling,388.430,389.000,0.570,0.000,381.420,7.010",,,,,,,,
"1007,up,389.000,389.440,0.440,0.000,389.580,-0.580",,,,,,,,
"1008,The,389.600,389.650,0.050,0.160,389.580,0.020",,,,,,,,
"1009,ast,389.650,389.860,0.210,0.000,389.580,0.070",,,,,,,,
"1010,ral,389.860,390.070,0.210,0.000,389.580,0.280",,,,,,,,
"1011,knights,390.070,390.560,0.490,0.000,390.820,-0.750",,,,,,,,
"1012,found,390.560,390.910,0.350,0.000,390.820,-0.260",,,,,,,,
"1013,this,390.910,391.190,0.280,0.000,390.820,0.090",,,,,,,,
"1014,out,391.190,391.400,0.210,0.000,390.820,0.370",,,,,,,,
"1015,aboard,391.400,391.820,0.420,0.000,390.820,0.580",,,,,,,,
"1016,the,391.820,392.070,0.250,0.000,390.820,1.000",,,,,,,,
"1017,world,392.070,392.380,0.310,0.000,390.820,1.250",,,,,,,,
"1018,engine,392.380,392.800,0.420,0.000,390.820,1.560",,,,,,,,
"1019,The,393.010,393.210,0.200,0.210,393.380,-0.370",,,,,,,,
"1020,only,393.210,393.800,0.590,0.000,393.380,-0.170",,,,,,,,
"1021,thing,393.800,393.850,0.050,0.000,393.380,0.420",,,,,,,,
"1022,that,393.850,394.130,0.280,0.000,393.380,0.470",,,,,,,,
"1023,worked,394.130,394.760,0.630,0.000,393.380,0.750",,,,,,,,
"1024,was,394.760,395.120,0.360,0.000,393.380,1.380",,,,,,,,
"1025,abandoning,395.120,395.830,0.710,0.000,393.380,1.740",,,,,,,,
"1026,the,395.830,396.040,0.210,0.000,393.380,2.450",,,,,,,,
"1027,model,396.040,396.490,0.450,0.000,393.380,2.660",,,,,,,,
"1028,of,396.490,396.530,0.040,0.000,393.380,3.110",,,,,,,,
"1029,fighting,396.530,397.100,0.570,0.000,393.380,3.150",,,,,,,,
"1030,through,397.100,397.740,0.640,0.000,393.380,3.720",,,,,,,,
"1031,an,397.740,397.750,0.010,0.000,393.380,4.360",,,,,,,,
"1032,enemy,397.750,398.090,0.340,0.000,393.380,4.370",,,,,,,,
"1033,position,398.090,398.660,0.570,0.000,393.380,4.710",,,,,,,,
"1034,entirely,398.660,399.450,0.790,0.000,393.380,5.280",,,,,,,,
"1035,and,399.450,399.510,0.060,0.000,393.380,6.070",,,,,,,,
"1036,treating,399.510,399.950,0.440,0.000,393.380,6.130",,,,,,,,
"1037,the,399.950,400.160,0.210,0.000,393.380,6.570",,,,,,,,
"1038,structure,400.160,400.960,0.800,0.000,401.060,-0.900",,,,,,,,
"1039,as,400.960,401.120,0.160,0.000,401.060,-0.100",,,,,,,,
"1040,a,401.120,401.170,0.050,0.000,401.060,0.060",,,,,,,,
"1041,demolition,401.170,401.870,0.700,0.000,401.060,0.110",,,,,,,,
"1042,target,401.870,402.330,0.460,0.000,401.060,0.810",,,,,,,,
"1043,instead,402.330,402.780,0.450,0.000,401.060,1.270",,,,,,,,
"1044,The,402.990,403.200,0.210,0.210,403.340,-0.350",,,,,,,,
"1045,environment,403.200,403.970,0.770,0.000,403.340,-0.140",,,,,,,,
"1046,didn,403.970,404.250,0.280,0.000,403.340,0.630",,,,,,,,
"1047,'t,404.250,404.390,0.140,0.000,403.340,0.910",,,,,,,,
"1048,stop,404.390,404.660,0.270,0.000,403.340,1.050",,,,,,,,
"1049,being,404.660,405.330,0.670,0.000,405.580,-0.920",,,,,,,,
"1050,hostile,405.330,405.560,0.230,0.000,405.580,-0.250",,,,,,,,
"1051,after,405.560,405.840,0.280,0.000,405.580,-0.020",,,,,,,,
"1052,that,405.840,406.280,0.440,0.000,405.580,0.260",,,,,,,,
"1053,decision,406.280,406.800,0.520,0.000,406.980,-0.700",,,,,,,,
"1054,It,406.800,406.960,0.160,0.000,406.980,-0.180",,,,,,,,
"1055,just,406.960,407.340,0.380,0.000,406.980,-0.020",,,,,,,,
"1056,became,407.340,407.670,0.330,0.000,406.980,0.360",,,,,,,,
"1057,a,407.670,407.740,0.070,0.000,406.980,0.690",,,,,,,,
"1058,problem,407.740,408.250,0.510,0.000,406.980,0.760",,,,,,,,
"1059,with,408.250,408.540,0.290,0.000,406.980,1.270",,,,,,,,
"1060,a,408.540,408.610,0.070,0.000,406.980,1.560",,,,,,,,
"1061,physical,408.610,409.200,0.590,0.000,406.980,1.630",,,,,,,,
"1062,solution,409.200,409.790,0.590,0.000,410.060,-0.860",,,,,,,,
"1063,rather,409.790,410.230,0.440,0.000,410.060,-0.270",,,,,,,,
"1064,than,410.230,410.520,0.290,0.000,410.060,0.170",,,,,,,,
"1065,a,410.520,410.580,0.060,0.000,410.060,0.460",,,,,,,,
"1066,tactical,410.580,411.190,0.610,0.000,410.060,0.520",,,,,,,,
"1067,one,411.190,411.400,0.210,0.000,411.780,-0.590",,,,,,,,
"1068,Number,411.680,412.220,0.540,0.280,411.780,-0.100",,,,,,,,
"1069,two,412.220,412.400,0.180,0.000,411.780,0.440",,,,,,,,
"1070,C,412.560,412.640,0.080,0.160,411.780,0.780",,,,,,,,
"1071,ady,412.640,412.880,0.240,0.000,411.780,0.860",,,,,,,,
"1072,in,412.880,413.050,0.170,0.000,411.780,1.100",,,,,,,,
"1073,Space,413.050,413.440,0.390,0.000,411.780,1.270",,,,,,,,
"1074,C,413.680,413.760,0.080,0.240,413.880,-0.200",,,,,,,,
"1075,ady,413.760,414.000,0.240,0.000,413.880,-0.120",,,,,,,,
"1076,sits,414.000,414.320,0.320,0.000,413.880,0.120",,,,,,,,
"1077,at,414.320,414.480,0.160,0.000,413.880,0.440",,,,,,,,
"1078,the,414.480,414.720,0.240,0.000,413.880,0.600",,,,,,,,
"1079,edge,414.720,415.040,0.320,0.000,413.880,0.840",,,,,,,,
"1080,of,415.040,415.200,0.160,0.000,413.880,1.160",,,,,,,,
"1081,a,415.200,415.280,0.080,0.000,413.880,1.320",,,,,,,,
"1082,permanent,415.280,416.060,0.780,0.000,413.880,1.400",,,,,,,,
"1083,spatial,416.060,416.560,0.500,0.000,413.880,2.180",,,,,,,,
"1084,rupture,416.560,417.200,0.640,0.000,417.300,-0.740",,,,,,,,
"1085,where,417.200,417.440,0.240,0.000,417.300,-0.100",,,,,,,,
"1086,the,417.440,417.600,0.160,0.000,417.300,0.140",,,,,,,,
"1087,laws,417.600,418.080,0.480,0.000,417.300,0.300",,,,,,,,
"1088,governing,418.250,418.730,0.480,0.170,417.300,0.950",,,,,,,,
"1089,material,418.730,419.300,0.570,0.000,417.300,1.430",,,,,,,,
"1090,reality,419.300,419.800,0.500,0.000,420.060,-0.760",,,,,,,,
"1091,are,419.800,420.010,0.210,0.000,420.060,-0.260",,,,,,,,
"1092,contested,420.010,420.710,0.700,0.000,420.060,-0.050",,,,,,,,
"1093,in,420.710,420.800,0.090,0.000,420.060,0.650",,,,,,,,
"1094,ways,420.800,421.090,0.290,0.000,420.060,0.740",,,,,,,,
"1095,standard,421.090,421.650,0.560,0.000,420.060,1.030",,,,,,,,
"1096,military,421.650,422.450,0.800,0.000,420.060,1.590",,,,,,,,
"1097,planning,422.450,422.790,0.340,0.000,420.060,2.390",,,,,,,,
"1098,doesn,422.790,423.150,0.360,0.000,420.060,2.730",,,,,,,,
"1099,'t,423.150,423.400,0.250,0.000,420.060,3.090",,,,,,,,
"1100,account,423.400,423.680,0.280,0.000,420.060,3.340",,,,,,,,
"1101,for,423.680,424.240,0.560,0.000,424.380,-0.700",,,,,,,,
"1102,Navigation,424.240,424.960,0.720,0.000,424.380,-0.140",,,,,,,,
"1103,through,424.960,425.460,0.500,0.000,424.380,0.580",,,,,,,,
"1104,the,425.460,425.670,0.210,0.000,424.380,1.080",,,,,,,,
"1105,outer,425.670,426.030,0.360,0.000,424.380,1.290",,,,,,,,
"1106,reaches,426.030,426.530,0.500,0.000,424.380,1.650",,,,,,,,
"1107,of,426.530,426.670,0.140,0.000,424.380,2.150",,,,,,,,
"1108,the,426.670,426.880,0.210,0.000,424.380,2.290",,,,,,,,
"1109,eye,426.880,427.120,0.240,0.000,424.380,2.500",,,,,,,,
"1110,of,427.120,427.230,0.110,0.000,424.380,2.740",,,,,,,,
"1111,terror,427.230,427.660,0.430,0.000,424.380,2.850",,,,,,,,
"1112,requires,427.660,428.610,0.950,0.000,424.380,3.280",,,,,,,,
"1113,specialized,428.610,429.070,0.460,0.000,424.380,4.230",,,,,,,,
"1114,instruments,429.070,429.520,0.450,0.000,424.380,4.690",,,,,,,,
"1115,that,429.520,429.830,0.310,0.000,424.380,5.140",,,,,,,,
"1116,themselves,429.830,430.600,0.770,0.000,424.380,5.450",,,,,,,,
"1117,degrade,430.600,431.220,0.620,0.000,424.380,6.220",,,,,,,,
"1118,the,431.220,431.450,0.230,0.000,424.380,6.840",,,,,,,,
"1119,deeper,431.450,431.860,0.410,0.000,424.380,7.070",,,,,,,,
"1120,in,431.860,432.150,0.290,0.000,424.380,7.480",,,,,,,,
"1121,you,432.150,432.240,0.090,0.000,424.380,7.770",,,,,,,,
"1122,go,432.240,432.400,0.160,0.000,432.660,-0.420",,,,,,,,
"1123,Hel,432.750,432.850,0.100,0.350,432.660,0.090",,,,,,,,
"1124,ms,432.850,433.000,0.150,0.000,432.660,0.190",,,,,,,,
"1125,men,433.000,433.230,0.230,0.000,432.660,0.340",,,,,,,,
"1126,on,433.230,433.380,0.150,0.000,433.520,-0.290",,,,,,,,
"1127,those,433.380,433.900,0.520,0.000,433.520,-0.140",,,,,,,,
"1128,routes,433.900,434.240,0.340,0.000,433.520,0.380",,,,,,,,
"1129,age,434.240,434.540,0.300,0.000,433.520,0.720",,,,,,,,
"1130,at,434.540,434.620,0.080,0.000,433.520,1.020",,,,,,,,
"1131,accelerated,434.620,435.730,1.110,0.000,433.520,1.100",,,,,,,,
"1132,rates,435.730,436.480,0.750,0.000,436.500,-0.770",,,,,,,,
"1133,Ships,436.480,436.850,0.370,0.000,436.500,-0.020",,,,,,,,
"1134,that,436.850,437.140,0.290,0.000,436.500,0.350",,,,,,,,
"1135,enter,437.140,437.550,0.410,0.000,436.500,0.640",,,,,,,,
"1136,the,437.550,437.850,0.300,0.000,436.500,1.050",,,,,,,,
"1137,inner,437.850,438.180,0.330,0.000,436.500,1.350",,,,,,,,
"1138,eye,438.180,438.320,0.140,0.000,436.500,1.680",,,,,,,,
"1139,on,438.320,438.470,0.150,0.000,436.500,1.820",,,,,,,,
"1140,standard,438.470,439.110,0.640,0.000,436.500,1.970",,,,,,,,
"1141,transit,439.110,439.690,0.580,0.000,436.500,2.610",,,,,,,,
"1142,projections,439.690,440.400,0.710,0.000,436.500,3.190",,,,,,,,
"1143,sometimes,440.400,441.120,0.720,0.000,436.500,3.900",,,,,,,,
"1144,emerge,441.120,441.630,0.510,0.000,436.500,4.620",,,,,,,,
"1145,centuries,441.630,442.400,0.770,0.000,436.500,5.130",,,,,,,,
"1146,off,442.400,442.720,0.320,0.000,436.500,5.900",,,,,,,,
"1147,course,442.720,443.680,0.960,0.000,443.780,-1.060",,,,,,,,
"1148,Some,443.840,443.970,0.130,0.160,443.780,0.060",,,,,,,,
"1149,don,443.970,444.220,0.250,0.000,443.780,0.190",,,,,,,,
"1150,'t,444.220,444.330,0.110,0.000,443.780,0.440",,,,,,,,
"1151,emerge,444.330,444.760,0.430,0.000,445.180,-0.850",,,,,,,,
"1152,Four,445.050,445.380,0.330,0.290,445.180,-0.130",,,,,,,,
"1153,ground,445.380,445.720,0.340,0.000,445.180,0.200",,,,,,,,
"1154,forces,445.720,446.310,0.590,0.000,445.180,0.540",,,,,,,,
"1155,during,446.310,446.600,0.290,0.000,445.180,1.130",,,,,,,,
"1156,active,446.600,447.040,0.440,0.000,445.180,1.420",,,,,,,,
"1157,inc,447.040,447.260,0.220,0.000,445.180,1.860",,,,,,,,
"1158,ursions,447.260,448.040,0.780,0.000,448.260,-1.000",,,,,,,,
"1159,The,448.080,448.280,0.200,0.040,448.260,-0.180",,,,,,,,
"1160,problem,448.280,448.720,0.440,0.000,448.260,0.020",,,,,,,,
"1161,is,448.720,449.000,0.280,0.000,448.260,0.460",,,,,,,,
"1162,reality,449.000,449.920,0.920,0.000,450.020,-1.020",,,,,,,,
"1163,as,449.920,450.080,0.160,0.000,450.020,-0.100",,,,,,,,
"1164,an,450.080,450.240,0.160,0.000,450.020,0.060",,,,,,,,
"1165,unreliable,450.240,451.060,0.820,0.000,450.020,0.220",,,,,,,,
"1166,physical,451.060,451.720,0.660,0.000,450.020,1.040",,,,,,,,
"1167,substrate,451.720,452.550,0.830,0.000,452.840,-1.120",,,,,,,,
"1168,during,452.550,452.950,0.400,0.000,452.840,-0.290",,,,,,,,
"1169,the,452.950,453.190,0.240,0.000,452.840,0.110",,,,,,,,
"1170,13,453.190,453.680,0.490,0.000,452.840,0.350",,,,,,,,
"1171,th,453.680,453.840,0.160,0.000,452.840,0.840",,,,,,,,
"1172,black,453.840,454.310,0.470,0.000,452.840,1.000",,,,,,,,
"1173,crusade,454.310,454.940,0.630,0.000,454.980,-0.670",,,,,,,,
"1174,Corruption,455.000,455.440,0.440,0.060,454.980,0.020",,,,,,,,
"1175,radi,455.440,455.680,0.240,0.000,454.980,0.460",,,,,,,,
"1176,ating,455.680,456.000,0.320,0.000,454.980,0.700",,,,,,,,
"1177,from,456.000,456.340,0.340,0.000,454.980,1.020",,,,,,,,
"1178,a,456.340,456.420,0.080,0.000,454.980,1.360",,,,,,,,
"1179,batt,456.420,456.750,0.330,0.000,454.980,1.440",,,,,,,,
"1180,ens,456.750,457.080,0.330,0.000,454.980,1.770",,,,,,,,
"1181,fleet,457.080,457.430,0.350,0.000,457.600,-0.520",,,,,,,,
"1182,destabil,457.430,458.110,0.680,0.000,457.600,-0.170",,,,,,,,
"1183,ized,458.110,458.630,0.520,0.000,457.600,0.510",,,,,,,,
"1184,atmospheric,458.630,459.380,0.750,0.000,457.600,1.030",,,,,,,,
"1185,conditions,459.380,460.380,1.000,0.000,457.600,1.780",,,,,,,,
"1186,across,460.380,460.740,0.360,0.000,457.600,2.780",,,,,,,,
"1187,entire,460.740,461.320,0.580,0.000,457.600,3.140",,,,,,,,
"1188,operating,461.320,462.010,0.690,0.000,457.600,3.720",,,,,,,,
"1189,zones,462.010,462.480,0.470,0.000,462.580,-0.570",,,,,,,,
"1190,Equipment,462.480,463.090,0.610,0.000,462.580,-0.100",,,,,,,,
"1191,failed,463.090,463.490,0.400,0.000,462.580,0.510",,,,,,,,
"1192,with,463.490,463.850,0.360,0.000,462.580,0.910",,,,,,,,
"1193,no,463.850,463.900,0.050,0.000,462.580,1.270",,,,,,,,
"1194,physical,463.900,464.440,0.540,0.000,462.580,1.320",,,,,,,,
"1195,damage,464.440,464.850,0.410,0.000,462.580,1.860",,,,,,,,
"1196,to,464.850,465.110,0.260,0.000,462.580,2.270",,,,,,,,
"1197,explain,465.110,465.450,0.340,0.000,462.580,2.530",,,,,,,,
"1198,it,465.450,465.710,0.260,0.000,465.900,-0.450",,,,,,,,
"1199,Soldiers,465.840,466.350,0.510,0.130,465.900,-0.060",,,,,,,,
"1200,who,466.350,466.840,0.490,0.000,465.900,0.450",,,,,,,,
"1201,spent,466.840,466.960,0.120,0.000,465.900,0.940",,,,,,,,
"1202,extended,466.960,467.600,0.640,0.000,465.900,1.060",,,,,,,,
"1203,time,467.600,468.080,0.480,0.000,465.900,1.700",,,,,,,,
"1204,in,468.080,468.240,0.160,0.000,465.900,2.180",,,,,,,,
"1205,contaminated,468.240,469.010,0.770,0.000,465.900,2.340",,,,,,,,
"1206,sectors,469.010,469.480,0.470,0.000,465.900,3.110",,,,,,,,
"1207,reported,469.480,470.010,0.530,0.000,465.900,3.580",,,,,,,,
"1208,geography,470.010,470.710,0.700,0.000,465.900,4.110",,,,,,,,
"1209,that,470.710,470.870,0.160,0.000,465.900,4.810",,,,,,,,
"1210,didn,470.870,471.130,0.260,0.000,465.900,4.970",,,,,,,,
"1211,'t,471.130,471.310,0.180,0.000,465.900,5.230",,,,,,,,
"1212,match,471.310,471.590,0.280,0.000,465.900,5.410",,,,,,,,
"1213,survey,471.590,471.980,0.390,0.000,465.900,5.690",,,,,,,,
"1214,maps,471.980,472.450,0.470,0.000,465.900,6.080",,,,,,,,
"1215,Vox,472.470,472.680,0.210,0.020,465.900,6.570",,,,,,,,
"1216,traffic,472.680,472.960,0.280,0.000,465.900,6.780",,,,,,,,
"1217,on,472.960,473.120,0.160,0.000,465.900,7.060",,,,,,,,
"1218,dead,473.120,473.360,0.240,0.000,465.900,7.220",,,,,,,,
"1219,frequencies,473.530,474.210,0.680,0.170,474.640,-1.110",,,,,,,,
"1220,and,474.210,474.430,0.220,0.000,474.640,-0.430",,,,,,,,
"1221,an,474.430,474.730,0.300,0.000,474.640,-0.210",,,,,,,,
"1222,inability,474.730,475.290,0.560,0.000,474.640,0.090",,,,,,,,
"1223,to,475.290,475.430,0.140,0.000,474.640,0.650",,,,,,,,
"1224,track,475.430,475.810,0.380,0.000,474.640,0.790",,,,,,,,
"1225,time,475.810,476.120,0.310,0.000,474.640,1.170",,,,,,,,
"1226,between,476.120,476.660,0.540,0.000,474.640,1.480",,,,,,,,
"1227,events,476.660,477.120,0.460,0.000,474.640,2.020",,,,,,,,
"1228,These,477.720,477.750,0.030,0.600,477.740,-0.020",,,,,,,,
"1229,were,477.750,478.040,0.290,0.000,477.740,0.010",,,,,,,,
"1230,documented,478.040,478.880,0.840,0.000,477.740,0.300",,,,,,,,
"1231,across,478.880,479.360,0.480,0.000,477.740,1.140",,,,,,,,
"1232,multiple,479.360,479.760,0.400,0.000,477.740,1.620",,,,,,,,
"1233,units,479.760,480.640,0.880,0.000,480.820,-1.060",,,,,,,,
"1234,They,480.640,480.910,0.270,0.000,480.820,-0.180",,,,,,,,
"1235,weren,480.910,481.240,0.330,0.000,480.820,0.090",,,,,,,,
"1236,'t,481.240,481.360,0.120,0.000,480.820,0.420",,,,,,,,
"1237,morale,481.360,481.770,0.410,0.000,480.820,0.540",,,,,,,,
"1238,failures,481.770,482.340,0.570,0.000,482.520,-0.750",,,,,,,,
"1239,They,482.570,482.780,0.210,0.230,482.520,0.050",,,,,,,,
"1240,were,482.780,483.050,0.270,0.000,482.520,0.260",,,,,,,,
"1241,the,483.050,483.270,0.220,0.000,482.520,0.530",,,,,,,,
"1242,operational,483.270,483.990,0.720,0.000,482.520,0.750",,,,,,,,
"1243,signature,483.990,484.760,0.770,0.000,484.800,-0.810",,,,,,,,
"1244,of,484.760,484.960,0.200,0.000,484.800,-0.040",,,,,,,,
"1245,the,484.960,485.030,0.070,0.000,484.800,0.160",,,,,,,,
"1246,eyes,485.030,485.280,0.250,0.000,484.800,0.230",,,,,,,,
"1247,effect,485.280,485.680,0.400,0.000,484.800,0.480",,,,,,,,
"1248,on,485.680,485.960,0.280,0.000,484.800,0.880",,,,,,,,
"1249,personnel,485.960,486.640,0.680,0.000,486.780,-0.820",,,,,,,,
"1250,without,486.640,487.180,0.540,0.000,486.780,-0.140",,,,,,,,
"1251,shielding,487.180,487.710,0.530,0.000,488.000,-0.820",,,,,,,,
"1252,C,487.860,488.010,0.150,0.150,488.000,-0.140",,,,,,,,
"1253,ady,488.010,488.110,0.100,0.000,488.000,0.010",,,,,,,,
"1254,in,488.110,488.340,0.230,0.000,488.000,0.110",,,,,,,,
"1255,shock,488.340,488.570,0.230,0.000,488.000,0.340",,,,,,,,
"1256,troops,488.570,488.950,0.380,0.000,488.000,0.570",,,,,,,,
"1257,were,488.950,489.270,0.320,0.000,488.000,0.950",,,,,,,,
"1258,trained,489.270,489.660,0.390,0.000,488.000,1.270",,,,,,,,
"1259,from,489.660,489.920,0.260,0.000,488.000,1.660",,,,,,,,
"1260,a,489.920,489.980,0.060,0.000,488.000,1.920",,,,,,,,
"1261,start,489.980,490.300,0.320,0.000,488.000,1.980",,,,,,,,
"1262,with,490.300,490.560,0.260,0.000,488.000,2.300",,,,,,,,
"1263,all,490.560,490.880,0.320,0.000,488.000,2.560",,,,,,,,
"1264,of,490.880,491.010,0.130,0.000,488.000,2.880",,,,,,,,
"1265,this,491.010,491.240,0.230,0.000,488.000,3.010",,,,,,,,
"1266,as,491.240,491.350,0.110,0.000,488.000,3.240",,,,,,,,
"1267,a,491.350,491.470,0.120,0.000,488.000,3.350",,,,,,,,
"1268,baseline,491.470,492.400,0.930,0.000,492.540,-1.070",,,,,,,,
"1269,They,492.400,492.680,0.280,0.000,492.540,-0.140",,,,,,,,
"1270,treated,492.680,493.170,0.490,0.000,492.540,0.140",,,,,,,,
"1271,it,493.170,493.320,0.150,0.000,492.540,0.630",,,,,,,,
"1272,as,493.320,493.480,0.160,0.000,492.540,0.780",,,,,,,,
"1273,standard,493.480,494.100,0.620,0.000,492.540,0.940",,,,,,,,
"1274,operating,494.100,494.670,0.570,0.000,492.540,1.560",,,,,,,,
"1275,parameters,494.670,495.390,0.720,0.000,492.540,2.130",,,,,,,,
"1276,rather,495.390,495.820,0.430,0.000,492.540,2.850",,,,,,,,
"1277,than,495.820,496.090,0.270,0.000,492.540,3.280",,,,,,,,
"1278,emergency,496.090,496.790,0.700,0.000,492.540,3.550",,,,,,,,
"1279,conditions,496.790,497.520,0.730,0.000,497.680,-0.890",,,,,,,,
"1280,That,497.520,497.800,0.280,0.000,497.680,-0.160",,,,,,,,
"1281,gap,497.800,498.060,0.260,0.000,497.680,0.120",,,,,,,,
"1282,between,498.060,498.480,0.420,0.000,497.680,0.380",,,,,,,,
"1283,a,498.480,498.600,0.120,0.000,497.680,0.800",,,,,,,,
"1284,force,498.600,498.920,0.320,0.000,497.680,0.920",,,,,,,,
"1285,that,498.920,499.220,0.300,0.000,497.680,1.240",,,,,,,,
"1286,had,499.220,499.450,0.230,0.000,497.680,1.540",,,,,,,,
"1287,normalized,499.450,500.150,0.700,0.000,497.680,1.770",,,,,,,,
"1288,the,500.150,500.400,0.250,0.000,497.680,2.470",,,,,,,,
"1289,impossible,500.400,501.040,0.640,0.000,501.180,-0.780",,,,,,,,
"1290,and,501.040,501.320,0.280,0.000,501.180,-0.140",,,,,,,,
"1291,a,501.320,501.420,0.100,0.000,501.180,0.140",,,,,,,,
"1292,force,501.420,501.920,0.500,0.000,501.180,0.240",,,,,,,,
"1293,meeting,501.920,502.160,0.240,0.000,501.180,0.740",,,,,,,,
"1294,it,502.160,502.240,0.080,0.000,501.180,0.980",,,,,,,,
"1295,for,502.240,502.400,0.160,0.000,501.180,1.060",,,,,,,,
"1296,the,502.400,502.540,0.140,0.000,501.180,1.220",,,,,,,,
"1297,first,502.540,502.800,0.260,0.000,501.180,1.360",,,,,,,,
"1298,time,502.960,503.090,0.130,0.160,501.180,1.780",,,,,,,,
"1299,determined,503.090,503.800,0.710,0.000,501.180,1.910",,,,,,,,
"1300,most,503.800,504.170,0.370,0.000,504.220,-0.420",,,,,,,,
"1301,of,504.170,504.240,0.070,0.000,504.220,-0.050",,,,,,,,
"1302,the,504.240,504.500,0.260,0.000,504.220,0.020",,,,,,,,
"1303,tactical,504.500,505.020,0.520,0.000,504.220,0.280",,,,,,,,
"1304,results,505.020,505.520,0.500,0.000,504.220,0.800",,,,,,,,
"1305,at,505.520,505.680,0.160,0.000,504.220,1.300",,,,,,,,
"1306,the,505.680,505.940,0.260,0.000,504.220,1.460",,,,,,,,
"1307,c,505.940,506.030,0.090,0.000,504.220,1.720",,,,,,,,
"1308,ation,506.030,506.300,0.270,0.000,504.220,1.810",,,,,,,,
"1309,gate,506.300,506.580,0.280,0.000,504.220,2.080",,,,,,,,
"1310,The,507.010,507.080,0.070,0.430,507.200,-0.190",,,,,,,,
"1311,c,507.080,507.180,0.100,0.000,507.200,-0.120",,,,,,,,
"1312,ations,507.180,507.510,0.330,0.000,507.200,-0.020",,,,,,,,
"1313,died,507.510,507.820,0.310,0.000,507.200,0.310",,,,,,,,
"1314,there,507.820,508.250,0.430,0.000,507.200,0.620",,,,,,,,
"1315,too,508.250,508.870,0.620,0.000,509.040,-0.790",,,,,,,,
"1316,They,508.880,509.180,0.300,0.010,509.040,-0.160",,,,,,,,
"1317,just,509.180,509.480,0.300,0.000,509.040,0.140",,,,,,,,
"1318,had,509.480,509.710,0.230,0.000,509.040,0.440",,,,,,,,
"1319,doctrine,509.710,510.320,0.610,0.000,509.040,0.670",,,,,,,,
"1320,that,510.320,510.620,0.300,0.000,510.960,-0.640",,,,,,,,
"1321,already,510.620,511.150,0.530,0.000,510.960,-0.340",,,,,,,,
"1322,had,511.150,511.450,0.300,0.000,510.960,0.190",,,,,,,,
"1323,a,511.450,511.510,0.060,0.000,510.960,0.490",,,,,,,,
"1324,line,511.510,511.760,0.250,0.000,510.960,0.550",,,,,,,,
"1325,item,511.760,512.110,0.350,0.000,510.960,0.800",,,,,,,,
"1326,for,512.110,512.280,0.170,0.000,510.960,1.150",,,,,,,,
"1327,it,512.280,512.430,0.150,0.000,512.800,-0.520",,,,,,,,
"1328,Number,512.720,513.480,0.760,0.290,512.800,-0.080",,,,,,,,
"1329,one,513.480,513.760,0.280,0.000,513.920,-0.440",,,,,,,,
"1330,the,513.760,514.060,0.300,0.000,513.920,-0.160",,,,,,,,
"1331,warp,514.060,514.530,0.470,0.000,513.920,0.140",,,,,,,,
"1332,uncontrolled,514.530,515.600,1.070,0.000,515.700,-1.170",,,,,,,,
"1333,Every,515.600,515.960,0.360,0.000,515.700,-0.100",,,,,,,,
"1334,interstellar,515.960,516.820,0.860,0.000,515.700,0.260",,,,,,,,
"1335,vessel,516.820,517.300,0.480,0.000,515.700,1.120",,,,,,,,
"1336,passes,517.300,517.680,0.380,0.000,515.700,1.600",,,,,,,,
"1337,through,517.680,518.230,0.550,0.000,515.700,1.980",,,,,,,,
"1338,the,518.230,518.390,0.160,0.000,515.700,2.530",,,,,,,,
"1339,warp,518.390,518.810,0.420,0.000,518.820,-0.430",,,,,,,,
"1340,to,518.810,518.830,0.020,0.000,518.820,-0.010",,,,,,,,
"1341,reach,518.830,519.170,0.340,0.000,518.820,0.010",,,,,,,,
"1342,the,519.170,519.370,0.200,0.000,518.820,0.350",,,,,,,,
"1343,next,519.370,519.940,0.570,0.000,518.820,0.550",,,,,,,,
"1344,star,519.940,519.990,0.050,0.000,518.820,1.120",,,,,,,,
"1345,system,519.990,520.430,0.440,0.000,520.780,-0.790",,,,,,,,
"1346,Nobody,520.640,521.050,0.410,0.210,520.780,-0.140",,,,,,,,
"1347,has,521.050,521.280,0.230,0.000,520.780,0.270",,,,,,,,
"1348,survived,521.280,521.930,0.650,0.000,520.780,0.500",,,,,,,,
"1349,losing,521.930,522.420,0.490,0.000,522.400,-0.470",,,,,,,,
"1350,control,522.420,522.990,0.570,0.000,522.400,0.020",,,,,,,,
"1351,of,522.990,523.210,0.220,0.000,522.400,0.590",,,,,,,,
"1352,that,523.210,523.470,0.260,0.000,522.400,0.810",,,,,,,,
"1353,crossing,523.470,524.160,0.690,0.000,524.540,-1.070",,,,,,,,
"1354,The,524.510,524.600,0.090,0.350,524.540,-0.030",,,,,,,,
"1355,warp,524.600,524.920,0.320,0.000,524.540,0.060",,,,,,,,
"1356,enables,524.920,525.650,0.730,0.000,524.540,0.380",,,,,,,,
"1357,faster,525.650,525.980,0.330,0.000,524.540,1.110",,,,,,,,
"1358,than,525.980,526.300,0.320,0.000,524.540,1.440",,,,,,,,
"1359,light,526.300,526.730,0.430,0.000,524.540,1.760",,,,,,,,
"1360,travel,526.730,527.280,0.550,0.000,527.400,-0.670",,,,,,,,
"1361,It,527.430,527.440,0.010,0.150,527.400,0.030",,,,,,,,
"1362,also,527.440,527.820,0.380,0.000,527.860,-0.420",,,,,,,,
"1363,operates,527.820,528.390,0.570,0.000,527.860,-0.040",,,,,,,,
"1364,under,528.390,528.790,0.400,0.000,527.860,0.530",,,,,,,,
"1365,conditions,528.790,529.580,0.790,0.000,527.860,0.930",,,,,,,,
"1366,where,529.580,529.980,0.400,0.000,527.860,1.720",,,,,,,,
"1367,stable,529.980,530.510,0.530,0.000,527.860,2.120",,,,,,,,
"1368,matter,530.510,530.920,0.410,0.000,527.860,2.650",,,,,,,,
"1369,has,530.920,531.150,0.230,0.000,527.860,3.060",,,,,,,,
"1370,no,531.150,531.650,0.500,0.000,527.860,3.290",,,,,,,,
"1371,particular,531.650,532.110,0.460,0.000,527.860,3.790",,,,,,,,
"1372,standing,532.110,532.800,0.690,0.000,532.960,-0.850",,,,,,,,
"1373,A,532.970,533.030,0.060,0.170,532.960,0.010",,,,,,,,
"1374,ship,533.030,533.280,0.250,0.000,532.960,0.070",,,,,,,,
"1375,that,533.280,533.440,0.160,0.000,532.960,0.320",,,,,,,,
"1376,loses,533.440,533.810,0.370,0.000,532.960,0.480",,,,,,,,
"1377,its,533.810,534.030,0.220,0.000,532.960,0.850",,,,,,,,
"1378,g,534.030,534.100,0.070,0.000,532.960,1.070",,,,,,,,
"1379,eller,534.100,534.520,0.420,0.000,532.960,1.140",,,,,,,,
"1380,field,534.520,534.840,0.320,0.000,532.960,1.560",,,,,,,,
"1381,the,534.840,535.140,0.300,0.000,535.260,-0.420",,,,,,,,
"1382,containment,535.140,535.870,0.730,0.000,535.260,-0.120",,,,,,,,
"1383,system,535.870,536.320,0.450,0.000,535.260,0.610",,,,,,,,
"1384,maintaining,536.320,537.130,0.810,0.000,535.260,1.060",,,,,,,,
"1385,a,537.130,537.190,0.060,0.000,535.260,1.870",,,,,,,,
"1386,bubble,537.190,537.770,0.580,0.000,535.260,1.930",,,,,,,,
"1387,of,537.770,537.820,0.050,0.000,535.260,2.510",,,,,,,,
"1388,material,537.820,538.420,0.600,0.000,535.260,2.560",,,,,,,,
"1389,reality,538.420,538.960,0.540,0.000,535.260,3.160",,,,,,,,
"1390,co,538.960,539.120,0.160,0.000,535.260,3.700",,,,,,,,
"1391,herence,539.120,539.680,0.560,0.000,535.260,3.860",,,,,,,,
"1392,around,539.680,540.070,0.390,0.000,535.260,4.420",,,,,,,,
"1393,the,540.070,540.260,0.190,0.000,535.260,4.810",,,,,,,,
"1394,hull,540.260,540.520,0.260,0.000,540.720,-0.460",,,,,,,,
"1395,isn,540.520,540.750,0.230,0.000,540.720,-0.200",,,,,,,,
"1396,'t,540.750,540.840,0.090,0.000,540.720,0.030",,,,,,,,
"1397,a,540.840,540.900,0.060,0.000,540.720,0.120",,,,,,,,
"1398,vessel,540.900,541.380,0.480,0.000,540.720,0.180",,,,,,,,
"1399,in,541.380,541.420,0.040,0.000,540.720,0.660",,,,,,,,
"1400,a,541.420,541.480,0.060,0.000,540.720,0.700",,,,,,,,
"1401,dangerous,541.480,542.070,0.590,0.000,540.720,0.760",,,,,,,,
"1402,environment,542.070,542.910,0.840,0.000,540.720,1.350",,,,,,,,
"1403,anymore,542.910,543.250,0.340,0.000,540.720,2.190",,,,,,,,
"1404,It,543.510,543.640,0.130,0.260,543.680,-0.170",,,,,,,,
"1405,'s,543.640,544.040,0.400,0.000,543.680,-0.040",,,,,,,,
"1406,matter,544.040,544.100,0.060,0.000,543.680,0.360",,,,,,,,
"1407,trying,544.100,544.510,0.410,0.000,543.680,0.420",,,,,,,,
"1408,to,544.510,544.560,0.050,0.000,543.680,0.830",,,,,,,,
"1409,hold,544.560,544.880,0.320,0.000,543.680,0.880",,,,,,,,
"1410,its,544.880,545.060,0.180,0.000,543.680,1.200",,,,,,,,
"1411,shape,545.060,545.420,0.360,0.000,543.680,1.380",,,,,,,,
"1412,somewhere,545.420,545.950,0.530,0.000,543.680,1.740",,,,,,,,
"1413,that,545.950,546.250,0.300,0.000,543.680,2.270",,,,,,,,
"1414,actively,546.250,546.680,0.430,0.000,543.680,2.570",,,,,,,,
"1415,works,546.680,546.990,0.310,0.000,543.680,3.000",,,,,,,,
"1416,against,546.990,547.510,0.520,0.000,543.680,3.310",,,,,,,,
"1417,the,547.510,547.610,0.100,0.000,543.680,3.830",,,,,,,,
"1418,concept,547.610,548.110,0.500,0.000,543.680,3.930",,,,,,,,
"1419,of,548.110,548.170,0.060,0.000,543.680,4.430",,,,,,,,
"1420,shape,548.170,548.480,0.310,0.000,548.900,-0.730",,,,,,,,
"1421,The,548.710,549.250,0.540,0.230,548.900,-0.190",,,,,,,,
"1422,crew,549.250,549.600,0.350,0.000,548.900,0.350",,,,,,,,
"1423,doesn,549.600,549.920,0.320,0.000,548.900,0.700",,,,,,,,
"1424,'t,549.920,550.040,0.120,0.000,548.900,1.020",,,,,,,,
"1425,die,550.040,550.240,0.200,0.000,548.900,1.140",,,,,,,,
"1426,the,550.240,550.330,0.090,0.000,548.900,1.340",,,,,,,,
"1427,way,550.330,550.640,0.310,0.000,548.900,1.430",,,,,,,,
"1428,crews,550.800,551.050,0.250,0.160,548.900,1.900",,,,,,,,
"1429,die,551.050,551.300,0.250,0.000,548.900,2.150",,,,,,,,
"1430,when,551.300,551.620,0.320,0.000,551.880,-0.580",,,,,,,,
"1431,life,551.620,552.010,0.390,0.000,551.880,-0.260",,,,,,,,
"1432,support,552.010,552.570,0.560,0.000,551.880,0.130",,,,,,,,
"1433,fails,552.570,552.950,0.380,0.000,551.880,0.690",,,,,,,,
"1434,The,553.270,553.460,0.190,0.320,553.620,-0.350",,,,,,,,
"1435,deterioration,553.460,554.510,1.050,0.000,553.620,-0.160",,,,,,,,
"1436,comes,554.510,555.030,0.520,0.000,553.620,0.890",,,,,,,,
"1437,from,555.030,555.280,0.250,0.000,553.620,1.410",,,,,,,,
"1438,outside,555.280,555.960,0.680,0.000,553.620,1.660",,,,,,,,
"1439,in,555.960,556.090,0.130,0.000,553.620,2.340",,,,,,,,
"1440,and,556.090,556.290,0.200,0.000,556.440,-0.350",,,,,,,,
"1441,doesn,556.290,556.680,0.390,0.000,556.440,-0.150",,,,,,,,
"1442,'t,556.680,556.850,0.170,0.000,556.440,0.240",,,,,,,,
"1443,follow,556.850,557.440,0.590,0.000,556.440,0.410",,,,,,,,
"1444,a,557.440,557.600,0.160,0.000,556.440,1.000",,,,,,,,
"1445,sequence,557.600,558.160,0.560,0.000,556.440,1.160",,,,,,,,
"1446,anyone,558.160,558.560,0.400,0.000,556.440,1.720",,,,,,,,
"1447,has,558.560,558.790,0.230,0.000,556.440,2.120",,,,,,,,
"1448,successfully,558.790,559.630,0.840,0.000,556.440,2.350",,,,,,,,
"1449,predicted,559.630,560.260,0.630,0.000,560.540,-0.910",,,,,,,,
"1450,What,560.480,560.830,0.350,0.220,561.020,-0.540",,,,,,,,
"1451,makes,560.830,561.100,0.270,0.000,561.020,-0.190",,,,,,,,
"1452,this,561.100,561.370,0.270,0.000,561.020,0.080",,,,,,,,
"1453,the,561.370,561.940,0.570,0.000,561.020,0.350",,,,,,,,
"1454,worst,561.940,561.990,0.050,0.000,561.020,0.920",,,,,,,,
"1455,environment,561.990,562.710,0.720,0.000,561.020,0.970",,,,,,,,
"1456,in,562.710,562.910,0.200,0.000,561.020,1.690",,,,,,,,
"1457,the,562.910,562.960,0.050,0.000,561.020,1.890",,,,,,,,
"1458,setting,562.960,563.500,0.540,0.000,561.020,1.940",,,,,,,,
"1459,is,563.500,563.600,0.100,0.000,561.020,2.480",,,,,,,,
"1460,what,563.600,563.880,0.280,0.000,561.020,2.580",,,,,,,,
"1461,gets,563.880,564.160,0.280,0.000,561.020,2.860",,,,,,,,
"1462,stripped,564.160,564.730,0.570,0.000,561.020,3.140",,,,,,,,
"1463,away,564.730,565.010,0.280,0.000,561.020,3.710",,,,,,,,
"1464,the,565.010,565.220,0.210,0.000,561.020,3.990",,,,,,,,
"1465,moment,565.220,565.640,0.420,0.000,561.020,4.200",,,,,,,,
"1466,control,565.640,566.190,0.550,0.000,561.020,4.620",,,,,,,,
"1467,fails,566.190,566.490,0.300,0.000,566.620,-0.430",,,,,,,,
"1468,Navigation,566.700,567.410,0.710,0.210,566.620,0.080",,,,,,,,
"1469,stops,567.410,567.790,0.380,0.000,566.620,0.790",,,,,,,,
"1470,working,567.790,568.410,0.620,0.000,568.440,-0.650",,,,,,,,
"1471,because,568.410,568.640,0.230,0.000,568.440,-0.030",,,,,,,,
"1472,warp,568.640,568.950,0.310,0.000,568.440,0.200",,,,,,,,
"1473,currents,568.950,569.580,0.630,0.000,568.440,0.510",,,,,,,,
"1474,have,569.580,570.010,0.430,0.000,568.440,1.140",,,,,,,,
"1475,no,570.010,570.040,0.030,0.000,568.440,1.570",,,,,,,,
"1476,fixed,570.040,570.430,0.390,0.000,568.440,1.600",,,,,,,,
"1477,relationship,570.430,571.370,0.940,0.000,568.440,1.990",,,,,,,,
"1478,to,571.370,571.520,0.150,0.000,568.440,2.930",,,,,,,,
"1479,physical,571.520,572.150,0.630,0.000,568.440,3.080",,,,,,,,
"1480,distances,572.150,573.010,0.860,0.000,573.040,-0.890",,,,,,,,
"1481,Time,573.090,573.400,0.310,0.080,573.040,0.050",,,,,,,,
"1482,becomes,573.400,573.960,0.560,0.000,574.240,-0.840",,,,,,,,
"1483,operation,573.960,574.660,0.700,0.000,574.240,-0.280",,,,,,,,
"1484,ally,574.660,575.040,0.380,0.000,574.240,0.420",,,,,,,,
"1485,non,575.200,575.260,0.060,0.160,574.240,0.960",,,,,,,,
"1486,linear,575.260,575.700,0.440,0.000,574.240,1.020",,,,,,,,
"1487,Vessel,575.920,576.410,0.490,0.220,576.540,-0.620",,,,,,,,
"1488,s,576.410,576.430,0.020,0.000,576.540,-0.130",,,,,,,,
"1489,have,576.430,576.740,0.310,0.000,576.540,-0.110",,,,,,,,
"1490,exited,576.740,577.160,0.420,0.000,576.540,0.200",,,,,,,,
"1491,transit,577.160,577.680,0.520,0.000,576.540,0.620",,,,,,,,
"1492,weeks,577.680,578.050,0.370,0.000,576.540,1.140",,,,,,,,
"1493,before,578.050,578.490,0.440,0.000,576.540,1.510",,,,,,,,
"1494,they,578.490,578.780,0.290,0.000,576.540,1.950",,,,,,,,
"1495,entered,578.780,579.410,0.630,0.000,576.540,2.240",,,,,,,,
"1496,as,579.410,579.450,0.040,0.000,576.540,2.870",,,,,,,,
"1497,measured,579.450,580.060,0.610,0.000,579.880,-0.430",,,,,,,,
"1498,by,580.060,580.190,0.130,0.000,579.880,0.180",,,,,,,,
"1499,external,580.190,580.880,0.690,0.000,579.880,0.310",,,,,,,,
"1500,observers,580.880,581.840,0.960,0.000,582.040,-1.160",,,,,,,,
"1501,and,581.840,582.060,0.220,0.000,582.040,-0.200",,,,,,,,
"1502,some,582.060,582.380,0.320,0.000,582.040,0.020",,,,,,,,
"1503,have,582.380,582.660,0.280,0.000,582.040,0.340",,,,,,,,
"1504,never,582.660,583.030,0.370,0.000,582.040,0.620",,,,,,,,
"1505,exited,583.030,583.540,0.510,0.000,582.040,0.990",,,,,,,,
"1506,despite,583.540,584.010,0.470,0.000,582.040,1.500",,,,,,,,
"1507,correct,584.010,584.540,0.530,0.000,582.040,1.970",,,,,,,,
"1508,departure,584.540,585.220,0.680,0.000,582.040,2.500",,,,,,,,
"1509,coordinates,585.220,586.210,0.990,0.000,586.480,-1.260",,,,,,,,
"1510,Crew,586.320,586.670,0.350,0.110,586.480,-0.160",,,,,,,,
"1511,psychological,586.670,587.600,0.930,0.000,586.480,0.190",,,,,,,,
"1512,integrity,587.600,588.480,0.880,0.000,588.660,-1.060",,,,,,,,
"1513,declines,588.480,589.280,0.800,0.000,588.660,-0.180",,,,,,,,
"1514,in,589.280,589.450,0.170,0.000,588.660,0.620",,,,,,,,
"1515,proportion,589.450,590.200,0.750,0.000,588.660,0.790",,,,,,,,
"1516,to,590.200,590.360,0.160,0.000,588.660,1.540",,,,,,,,
"1517,transit,590.360,590.980,0.620,0.000,588.660,1.700",,,,,,,,
"1518,duration,590.980,591.510,0.530,0.000,588.660,2.320",,,,,,,,
"1519,and,591.510,591.910,0.400,0.000,588.660,2.850",,,,,,,,
"1520,proximity,591.910,592.510,0.600,0.000,592.480,-0.570",,,,,,,,
"1521,to,592.510,592.590,0.080,0.000,592.480,0.030",,,,,,,,
"1522,warp,592.590,592.900,0.310,0.000,592.480,0.110",,,,,,,,
"1523,anomalies,592.900,593.660,0.760,0.000,592.480,0.420",,,,,,,,
"1524,Communication,593.880,594.840,0.960,0.220,594.080,-0.200",,,,,,,,
"1525,with,594.840,595.200,0.360,0.000,595.300,-0.460",,,,,,,,
"1526,anything,595.200,595.600,0.400,0.000,595.300,-0.100",,,,,,,,
"1527,outside,595.600,596.140,0.540,0.000,595.300,0.300",,,,,,,,
"1528,the,596.140,596.350,0.210,0.000,595.300,0.840",,,,,,,,
"1529,hull,596.350,596.670,0.320,0.000,595.300,1.050",,,,,,,,
"1530,is,596.670,596.810,0.140,0.000,595.300,1.370",,,,,,,,
"1531,severed,596.810,597.340,0.530,0.000,595.300,1.510",,,,,,,,
"1532,Supply,597.570,598.030,0.460,0.230,598.040,-0.470",,,,,,,,
"1533,lines,598.030,598.420,0.390,0.000,598.040,-0.010",,,,,,,,
"1534,reinforcements,598.560,599.780,1.220,0.140,598.040,0.520",,,,,,,,
"1535,intelligence,599.990,600.700,0.710,0.210,598.040,1.950",,,,,,,,
"1536,extraction,600.920,601.680,0.760,0.220,598.040,2.880",,,,,,,,
"1537,everything,601.840,602.350,0.510,0.160,598.040,3.800",,,,,,,,
"1538,a,602.350,602.400,0.050,0.000,598.040,4.310",,,,,,,,
"1539,military,602.400,603.050,0.650,0.000,598.040,4.360",,,,,,,,
"1540,force,603.050,603.380,0.330,0.000,598.040,5.010",,,,,,,,
"1541,depends,603.380,603.740,0.360,0.000,598.040,5.340",,,,,,,,
"1542,on,603.740,603.870,0.130,0.000,598.040,5.700",,,,,,,,
"1543,for,603.870,604.070,0.200,0.000,598.040,5.830",,,,,,,,
"1544,sustained,604.070,604.670,0.600,0.000,598.040,6.030",,,,,,,,
"1545,operation,604.670,605.270,0.600,0.000,605.300,-0.630",,,,,,,,
"1546,ceases,605.270,605.640,0.370,0.000,605.300,-0.030",,,,,,,,
"1547,to,605.640,606.050,0.410,0.000,605.300,0.340",,,,,,,,
"1548,function,606.050,606.400,0.350,0.000,605.300,0.750",,,,,,,,
"1549,the,606.400,606.560,0.160,0.000,605.300,1.100",,,,,,,,
"1550,moment,606.560,607.200,0.640,0.000,605.300,1.260",,,,,,,,
"1551,the,607.200,607.440,0.240,0.000,605.300,1.900",,,,,,,,
"1552,g,607.440,607.520,0.080,0.000,605.300,2.140",,,,,,,,
"1553,eller,607.520,607.900,0.380,0.000,605.300,2.220",,,,,,,,
"1554,field,607.900,608.310,0.410,0.000,605.300,2.600",,,,,,,,
"1555,goes,608.310,608.630,0.320,0.000,605.300,3.010",,,,,,,,
"1556,The,608.900,609.130,0.230,0.270,609.440,-0.540",,,,,,,,
"1557,final,609.130,609.500,0.370,0.000,609.440,-0.310",,,,,,,,
"1558,boarding,609.500,610.130,0.630,0.000,609.440,0.060",,,,,,,,
"1559,of,610.130,610.430,0.300,0.000,609.440,0.690",,,,,,,,
"1560,the,610.430,610.530,0.100,0.000,609.440,0.990",,,,,,,,
"1561,v,610.530,610.610,0.080,0.000,609.440,1.090",,,,,,,,
"1562,enge,610.610,610.920,0.310,0.000,609.440,1.170",,,,,,,,
"1563,ful,610.920,611.150,0.230,0.000,609.440,1.480",,,,,,,,
"1564,spirit,611.150,611.620,0.470,0.000,609.440,1.710",,,,,,,,
"1565,illustrated,611.620,612.650,1.030,0.000,612.700,-1.080",,,,,,,,
"1566,what,612.650,612.880,0.230,0.000,612.700,-0.050",,,,,,,,
"1567,even,612.880,613.320,0.440,0.000,612.700,0.180",,,,,,,,
"1568,partial,613.320,613.800,0.480,0.000,612.700,0.620",,,,,,,,
"1569,warp,613.800,614.320,0.520,0.000,612.700,1.100",,,,,,,,
"1570,exposure,614.320,615.000,0.680,0.000,612.700,1.620",,,,,,,,
"1571,does,615.000,615.330,0.330,0.000,615.520,-0.520",,,,,,,,
"1572,at,615.330,615.510,0.180,0.000,615.520,-0.190",,,,,,,,
"1573,close,615.510,616.020,0.510,0.000,615.520,-0.010",,,,,,,,
"1574,range,616.020,616.370,0.350,0.000,615.520,0.500",,,,,,,,
"1575,A,616.620,616.700,0.080,0.250,615.520,1.100",,,,,,,,
"1576,targeted,616.700,617.550,0.850,0.000,617.120,-0.420",,,,,,,,
"1577,teleport,617.550,618.060,0.510,0.000,617.120,0.430",,,,,,,,
"1578,assault,618.060,618.700,0.640,0.000,617.120,0.940",,,,,,,,
"1579,the,618.920,619.070,0.150,0.220,619.100,-0.180",,,,,,,,
"1580,most,619.070,619.340,0.270,0.000,619.100,-0.030",,,,,,,,
"1581,controlled,619.340,620.000,0.660,0.000,619.100,0.240",,,,,,,,
"1582,form,620.000,620.320,0.320,0.000,619.100,0.900",,,,,,,,
"1583,of,620.320,620.530,0.210,0.000,619.100,1.220",,,,,,,,
"1584,warp,620.530,620.690,0.160,0.000,619.100,1.430",,,,,,,,
"1585,adjacent,620.690,621.120,0.430,0.000,619.100,1.590",,,,,,,,
"1586,transit,621.120,621.670,0.550,0.000,619.100,2.020",,,,,,,,
"1587,available,621.670,622.490,0.820,0.000,622.480,-0.810",,,,,,,,
"1588,was,622.490,622.600,0.110,0.000,622.480,0.010",,,,,,,,
"1589,used,622.600,622.910,0.310,0.000,622.480,0.120",,,,,,,,
"1590,as,622.910,623.060,0.150,0.000,622.480,0.430",,,,,,,,
"1591,a,623.060,623.130,0.070,0.000,622.480,0.580",,,,,,,,
"1592,disp,623.130,623.440,0.310,0.000,622.480,0.650",,,,,,,,
"1593,ersion,623.440,623.910,0.470,0.000,622.480,0.960",,,,,,,,
"1594,mechanism,623.910,624.610,0.700,0.000,624.880,-0.970",,,,,,,,
"1595,The,624.840,625.070,0.230,0.230,624.880,-0.040",,,,,,,,
"1596,loyal,625.070,625.510,0.440,0.000,624.880,0.190",,,,,,,,
"1597,ist,625.510,625.720,0.210,0.000,624.880,0.630",,,,,,,,
"1598,strike,625.720,626.160,0.440,0.000,624.880,0.840",,,,,,,,
"1599,force,626.160,626.640,0.480,0.000,624.880,1.280",,,,,,,,
"1600,scattered,626.640,627.200,0.560,0.000,624.880,1.760",,,,,,,,
"1601,across,627.360,627.740,0.380,0.160,624.880,2.480",,,,,,,,
"1602,a,627.740,627.770,0.030,0.000,624.880,2.860",,,,,,,,
"1603,corrupted,627.770,628.570,0.800,0.000,624.880,2.890",,,,,,,,
"1604,interior,628.570,629.170,0.600,0.000,629.440,-0.870",,,,,,,,
"1605,pocket,629.170,629.830,0.660,0.000,629.440,-0.270",,,,,,,,
"1606,inst,629.830,629.990,0.160,0.000,629.440,0.390",,,,,,,,
"1607,abilities,629.990,630.730,0.740,0.000,629.440,0.550",,,,,,,,
"1608,isolated,630.730,631.590,0.860,0.000,631.100,-0.370",,,,,,,,
"1609,individuals,631.590,632.300,0.710,0.000,631.100,0.490",,,,,,,,
"1610,from,632.300,632.650,0.350,0.000,631.100,1.200",,,,,,,,
"1611,their,632.650,633.040,0.390,0.000,631.100,1.550",,,,,,,,
"1612,units,633.040,633.450,0.410,0.000,631.100,1.940",,,,,,,,
"1613,mid,633.450,633.790,0.340,0.000,631.100,2.350",,,,,,,,
"1614,transit,633.790,634.560,0.770,0.000,634.680,-0.890",,,,,,,,
"1615,D,634.560,634.720,0.160,0.000,634.680,-0.120",,,,,,,,
"1616,orne,634.720,634.960,0.240,0.000,634.680,0.040",,,,,,,,
"1617,was,634.960,635.200,0.240,0.000,634.680,0.280",,,,,,,,
"1618,displaced,635.200,635.930,0.730,0.000,634.680,0.520",,,,,,,,
"1619,into,635.930,636.260,0.330,0.000,634.680,1.250",,,,,,,,
"1620,a,636.260,636.320,0.060,0.000,634.680,1.580",,,,,,,,
"1621,pocket,636.320,636.800,0.480,0.000,634.680,1.640",,,,,,,,
"1622,dimension,636.800,637.520,0.720,0.000,634.680,2.120",,,,,,,,
"1623,entirely,637.520,638.160,0.640,0.000,638.480,-0.960",,,,,,,,
"1624,corridors,638.160,638.940,0.780,0.000,638.480,-0.320",,,,,,,,
"1625,changed,638.940,639.440,0.500,0.000,638.480,0.460",,,,,,,,
"1626,geometry,639.440,640.080,0.640,0.000,638.480,0.960",,,,,,,,
"1627,around,640.080,640.680,0.600,0.000,638.480,1.600",,,,,,,,
"1628,active,640.680,641.040,0.360,0.000,638.480,2.200",,,,,,,,
"1629,engagements,641.040,641.950,0.910,0.000,642.160,-1.120",,,,,,,,
"1630,that,641.950,642.410,0.460,0.000,642.160,-0.210",,,,,,,,
"1631,was,642.410,642.530,0.120,0.000,642.160,0.250",,,,,,,,
"1632,one,642.530,642.780,0.250,0.000,642.160,0.370",,,,,,,,
"1633,ship,642.780,643.110,0.330,0.000,643.500,-0.720",,,,,,,,
"1634,partially,643.110,643.920,0.810,0.000,643.500,-0.390",,,,,,,,
"1635,destabil,643.920,644.520,0.600,0.000,643.500,0.420",,,,,,,,
"1636,ized,644.520,644.840,0.320,0.000,643.500,1.020",,,,,,,,
"1637,by,644.840,645.410,0.570,0.000,643.500,1.340",,,,,,,,
"1638,prolonged,645.410,645.760,0.350,0.000,643.500,1.910",,,,,,,,
"1639,warp,645.760,646.090,0.330,0.000,643.500,2.260",,,,,,,,
"1640,exposure,646.090,646.800,0.710,0.000,646.920,-0.830",,,,,,,,
"1641,The,646.910,647.040,0.130,0.110,646.920,-0.010",,,,,,,,
"1642,open,647.040,647.480,0.440,0.000,646.920,0.120",,,,,,,,
"1643,warp,647.480,647.920,0.440,0.000,646.920,0.560",,,,,,,,
"1644,produces,647.920,648.480,0.560,0.000,646.920,1.000",,,,,,,,
"1645,those,648.480,648.870,0.390,0.000,646.920,1.560",,,,,,,,
"1646,conditions,648.870,649.650,0.780,0.000,646.920,1.950",,,,,,,,
"1647,as,649.650,649.850,0.200,0.000,646.920,2.730",,,,,,,,
"1648,its,649.850,650.030,0.180,0.000,646.920,2.930",,,,,,,,
"1649,starting,650.030,650.660,0.630,0.000,650.780,-0.750",,,,,,,,
"1650,point,650.660,651.110,0.450,0.000,650.780,-0.120",,,,,,,,
"1651,not,651.110,651.280,0.170,0.000,650.780,0.330",,,,,,,,
"1652,its,651.280,651.510,0.230,0.000,650.780,0.500",,,,,,,,
"1653,worst,651.510,651.900,0.390,0.000,650.780,0.730",,,,,,,,
"1654,case,651.900,652.210,0.310,0.000,652.320,-0.420",,,,,,,,
"1655,No,652.440,652.850,0.410,0.230,652.320,0.120",,,,,,,,
"1656,military,652.850,653.220,0.370,0.000,652.320,0.530",,,,,,,,
"1657,force,653.220,653.610,0.390,0.000,652.320,0.900",,,,,,,,
"1658,has,653.610,653.930,0.320,0.000,652.320,1.290",,,,,,,,
"1659,operated,653.930,654.690,0.760,0.000,652.320,1.610",,,,,,,,
"1660,effectively,654.690,655.280,0.590,0.000,652.320,2.370",,,,,,,,
"1661,inside,655.440,655.820,0.380,0.160,652.320,3.120",,,,,,,,
"1662,the,655.820,655.990,0.170,0.000,652.320,3.500",,,,,,,,
"1663,open,655.990,656.350,0.360,0.000,652.320,3.670",,,,,,,,
"1664,warp,656.350,656.650,0.300,0.000,652.320,4.030",,,,,,,,
"1665,without,656.650,657.210,0.560,0.000,652.320,4.330",,,,,,,,
"1666,navigation,657.210,657.970,0.760,0.000,657.960,-0.750",,,,,,,,
"1667,The,658.200,658.510,0.310,0.230,657.960,0.240",,,,,,,,
"1668,ones,658.510,658.760,0.250,0.000,657.960,0.550",,,,,,,,
"1669,that,658.760,659.070,0.310,0.000,657.960,0.800",,,,,,,,
"1670,lost,659.070,659.650,0.580,0.000,659.980,-0.910",,,,,,,,
"1671,control,659.650,659.950,0.300,0.000,659.980,-0.330",,,,,,,,
"1672,going,659.950,660.350,0.400,0.000,659.980,-0.030",,,,,,,,
"1673,in,660.350,660.600,0.250,0.000,659.980,0.370",,,,,,,,
"1674,didn,660.600,660.830,0.230,0.000,659.980,0.620",,,,,,,,
"1675,'t,660.830,660.980,0.150,0.000,659.980,0.850",,,,,,,,
"1676,return,660.980,661.520,0.540,0.000,659.980,1.000",,,,,,,,
"1677,to,661.520,661.760,0.240,0.000,659.980,1.540",,,,,,,,
"1678,write,661.760,662.110,0.350,0.000,659.980,1.780",,,,,,,,
"1679,up,662.110,662.300,0.190,0.000,659.980,2.130",,,,,,,,
"1680,what,662.300,662.520,0.220,0.000,659.980,2.320",,,,,,,,
"1681,happened,662.520,663.130,0.610,0.000,663.160,-0.640",,,,,,,,
"1682,The,663.300,663.510,0.210,0.170,663.160,0.140",,,,,,,,
"1683,environment,663.510,664.390,0.880,0.000,663.160,0.350",,,,,,,,
"1684,holds,664.390,664.640,0.250,0.000,663.160,1.230",,,,,,,,
"1685,that,664.640,664.990,0.350,0.000,663.160,1.480",,,,,,,,
"1686,record,664.990,665.330,0.340,0.000,663.160,1.830",,,,,,,,
"1687,not,665.330,665.530,0.200,0.000,665.600,-0.270",,,,,,,,
"1688,because,665.530,666.130,0.600,0.000,665.600,-0.070",,,,,,,,
"1689,it,666.130,666.170,0.040,0.000,665.600,0.530",,,,,,,,
"1690,kills,666.170,666.520,0.350,0.000,665.600,0.570",,,,,,,,
"1691,efficiently,666.520,667.360,0.840,0.000,667.440,-0.920",,,,,,,,
"1692,but,667.360,667.580,0.220,0.000,667.440,-0.080",,,,,,,,
"1693,because,667.580,668.090,0.510,0.000,667.440,0.140",,,,,,,,
"1694,it,668.090,668.230,0.140,0.000,667.440,0.650",,,,,,,,
"1695,removes,668.230,668.740,0.510,0.000,667.440,0.790",,,,,,,,
"1696,the,668.740,669.060,0.320,0.000,667.440,1.300",,,,,,,,
"1697,prec,669.060,669.290,0.230,0.000,667.440,1.620",,,,,,,,
"1698,ond,669.290,669.460,0.170,0.000,667.440,1.850",,,,,,,,
"1699,itions,669.460,669.990,0.530,0.000,667.440,2.020",,,,,,,,
"1700,for,669.990,670.110,0.120,0.000,667.440,2.550",,,,,,,,
"1701,any,670.110,670.330,0.220,0.000,667.440,2.670",,,,,,,,
"1702,organized,670.330,670.990,0.660,0.000,667.440,2.890",,,,,,,,
"1703,response,670.990,671.730,0.740,0.000,671.940,-0.950",,,,,,,,
"1704,You,671.840,672.040,0.200,0.110,671.940,-0.100",,,,,,,,
"1705,cannot,672.040,672.440,0.400,0.000,671.940,0.100",,,,,,,,
"1706,establish,672.440,673.040,0.600,0.000,671.940,0.500",,,,,,,,
"1707,a,673.040,673.210,0.170,0.000,671.940,1.100",,,,,,,,
"1708,perimeter,673.210,673.780,0.570,0.000,674.200,-0.990",,,,,,,,
"1709,You,673.990,674.220,0.230,0.210,674.200,-0.210",,,,,,,,
"1710,cannot,674.220,674.740,0.520,0.000,674.200,0.020",,,,,,,,
"1711,hold,674.740,674.970,0.230,0.000,674.200,0.540",,,,,,,,
"1712,ground,674.970,675.390,0.420,0.000,675.820,-0.850",,,,,,,,
"1713,You,675.670,675.830,0.160,0.280,675.820,-0.150",,,,,,,,
"1714,cannot,675.830,676.270,0.440,0.000,675.820,0.010",,,,,,,,
"1715,advance,676.270,676.790,0.520,0.000,675.820,0.450",,,,,,,,
"1716,on,676.790,676.930,0.140,0.000,675.820,0.970",,,,,,,,
"1717,an,676.930,677.410,0.480,0.000,675.820,1.110",,,,,,,,
"1718,objective,677.410,677.740,0.330,0.000,678.100,-0.690",,,,,,,,
"1719,St,678.060,678.100,0.040,0.320,678.100,-0.040",,,,,,,,
"1720,aying,678.100,678.560,0.460,0.000,678.100,0.000",,,,,,,,
"1721,coherent,678.560,679.250,0.690,0.000,678.100,0.460",,,,,,,,
"1722,long,679.250,679.360,0.110,0.000,678.100,1.150",,,,,,,,
"1723,enough,679.360,679.740,0.380,0.000,678.100,1.260",,,,,,,,
"1724,to,679.740,679.900,0.160,0.000,678.100,1.640",,,,,,,,
"1725,matter,679.900,680.240,0.340,0.000,678.100,1.800",,,,,,,,
"1726,is,680.240,680.360,0.120,0.000,678.100,2.140",,,,,,,,
"1727,about,680.360,680.730,0.370,0.000,678.100,2.260",,,,,,,,
"1728,the,680.730,680.870,0.140,0.000,678.100,2.630",,,,,,,,
"1729,best,680.870,681.120,0.250,0.000,678.100,2.770",,,,,,,,
"1730,available,681.120,681.690,0.570,0.000,678.100,3.020",,,,,,,,
"1731,outcome,681.690,682.130,0.440,0.000,678.100,3.590",,,,,,,,
"1732,and,682.130,682.320,0.190,0.000,678.100,4.030",,,,,,,,
"1733,that,682.320,682.590,0.270,0.000,678.100,4.220",,,,,,,,
"1734,'s,682.590,682.690,0.100,0.000,678.100,4.490",,,,,,,,
"1735,not,682.690,682.880,0.190,0.000,678.100,4.590",,,,,,,,
"1736,a,682.880,682.940,0.060,0.000,678.100,4.780",,,,,,,,
"1737,given,682.940,683.230,0.290,0.000,678.100,4.840",,,,,,,,
"1738,Some,683.700,683.750,0.050,0.470,683.760,-0.060",,,,,,,,
"1739,environments,683.750,684.560,0.810,0.000,683.760,-0.010",,,,,,,,
"1740,kill,684.720,684.890,0.170,0.160,683.760,0.960",,,,,,,,
"1741,soldiers,684.890,685.550,0.660,0.000,685.900,-1.010",,,,,,,,
"1742,These,685.930,686.260,0.330,0.380,685.900,0.030",,,,,,,,
"1743,kill,686.260,686.560,0.300,0.000,685.900,0.360",,,,,,,,
"1744,the,686.560,686.810,0.250,0.000,687.080,-0.520",,,,,,,,
"1745,structure,686.810,687.550,0.740,0.000,687.080,-0.270",,,,,,,,
"1746,of,687.550,687.790,0.240,0.000,687.080,0.470",,,,,,,,
"1747,a,687.790,687.800,0.010,0.000,687.080,0.710",,,,,,,,
"1748,mission,687.800,688.380,0.580,0.000,687.080,0.720",,,,,,,,
"1749,before,688.380,688.950,0.570,0.000,687.080,1.300",,,,,,,,
"1750,the,688.950,689.160,0.210,0.000,687.080,1.870",,,,,,,,
"1751,first,689.160,689.580,0.420,0.000,687.080,2.080",,,,,,,,
"1752,order,689.580,690.010,0.430,0.000,687.080,2.500",,,,,,,,
"1753,reaches,690.010,690.770,0.760,0.000,690.720,-0.710",,,,,,,,
"1754,Anyone,690.930,691.520,0.590,0.160,691.580,-0.650",,,,,,,,
"1755,The,691.520,691.720,0.200,0.000,691.580,-0.060",,,,,,,,
"1756,officers,691.720,692.270,0.550,0.000,691.580,0.140",,,,,,,,
"1757,who,692.270,692.470,0.200,0.000,691.580,0.690",,,,,,,,
"1758,sent,692.470,692.740,0.270,0.000,691.580,0.890",,,,,,,,
"1759,men,692.740,692.940,0.200,0.000,691.580,1.160",,,,,,,,
"1760,into,692.940,693.220,0.280,0.000,691.580,1.360",,,,,,,,
"1761,these,693.220,693.550,0.330,0.000,691.580,1.640",,,,,,,,
"1762,places,693.550,693.960,0.410,0.000,691.580,1.970",,,,,,,,
"1763,had,693.960,694.160,0.200,0.000,691.580,2.380",,,,,,,,
"1764,the,694.160,694.400,0.240,0.000,691.580,2.580",,,,,,,,
"1765,parameters,694.400,695.040,0.640,0.000,691.580,2.820",,,,,,,,
"1766,in,695.040,695.170,0.130,0.000,691.580,3.460",,,,,,,,
"1767,front,695.170,695.480,0.310,0.000,691.580,3.590",,,,,,,,
"1768,of,695.480,695.880,0.400,0.000,691.580,3.900",,,,,,,,
"1769,them,695.880,696.000,0.120,0.000,691.580,4.300",,,,,,,,
"1770,and,696.000,696.200,0.200,0.000,691.580,4.420",,,,,,,,
"1771,sent,696.200,696.540,0.340,0.000,691.580,4.620",,,,,,,,
"1772,them,696.540,696.800,0.260,0.000,691.580,4.960",,,,,,,,
"1773,anyway,696.800,697.340,0.540,0.000,691.580,5.220",,,,,,,,
"1774,The,697.440,697.650,0.210,0.100,697.740,-0.300",,,,,,,,
"1775,calculation,697.650,698.500,0.850,0.000,697.740,-0.090",,,,,,,,
"1776,kept,698.500,698.730,0.230,0.000,697.740,0.760",,,,,,,,
"1777,producing,698.730,699.430,0.700,0.000,697.740,0.990",,,,,,,,
"1778,the,699.430,699.580,0.150,0.000,697.740,1.690",,,,,,,,
"1779,same,699.580,700.030,0.450,0.000,697.740,1.840",,,,,,,,
"1780,answer,700.030,700.290,0.260,0.000,700.740,-0.710",,,,,,,,
"1781,The,700.560,701.170,0.610,0.270,700.740,-0.180",,,,,,,,
"1782,alternative,701.170,701.670,0.500,0.000,700.740,0.430",,,,,,,,
"1783,costs,701.670,702.120,0.450,0.000,702.460,-0.790",,,,,,,,
"1784,more,702.120,702.400,0.280,0.000,702.460,-0.340",,,,,,,,
"1785,Usually,702.510,702.800,0.290,0.110,702.460,0.050",,,,,,,,
"1786,it,702.800,703.010,0.210,0.000,702.460,0.340",,,,,,,,
"1787,did,703.010,703.520,0.510,0.000,703.680,-0.670",,,,,,,,
"1788,The,703.520,703.710,0.190,0.000,703.680,-0.160",,,,,,,,
"1789,hard,703.710,704.060,0.350,0.000,703.680,0.030",,,,,,,,
"1790,places,704.060,704.360,0.300,0.000,703.680,0.380",,,,,,,,
"1791,stay,704.360,704.620,0.260,0.000,703.680,0.680",,,,,,,,
"1792,hard,704.620,704.890,0.270,0.000,703.680,0.940",,,,,,,,
"1793,The,705.070,705.260,0.190,0.180,705.440,-0.370",,,,,,,,
"1794,wars,705.260,705.520,0.260,0.000,705.440,-0.180",,,,,,,,
"1795,don,705.520,705.710,0.190,0.000,705.440,0.080",,,,,,,,
"1796,'t,705.710,705.840,0.130,0.000,705.440,0.270",,,,,,,,
"1797,stop,705.840,706.150,0.310,0.000,705.440,0.400",,,,,,,,
"1798,Somebody,706.290,706.810,0.520,0.140,706.780,-0.490",,,,,,,,
"1799,else,706.810,707.070,0.260,0.000,706.780,0.030",,,,,,,,
"1800,gets,707.070,707.320,0.250,0.000,706.780,0.290",,,,,,,,
"1801,the,707.320,707.880,0.560,0.000,706.780,0.540",,,,,,,,
"1802,briefing,707.880,708.120,0.240,0.000,706.780,1.100",,,,,,,,
"1803,next,708.120,708.350,0.230,0.000,706.780,1.340",,,,,,,,